edge_id,vertex_start_id,vertex_end_id
0,0,2
1,2,1
2,3,4
3,5,7
4,7,8
5,8,6
6,9,10
7,11,12
8,13,14
9,15,17
10,17,16
11,18,20
12,20,19
13,21,23
14,23,22
15,24,26
16,26,25
17,27,28
18,29,31
19,31,32
20,32,33
21,33,34
22,34,35
23,35,36
24,36,37
25,37,38
26,38,39
27,39,40
28,40,41
29,41,42
30,42,43
31,43,44
32,44,45
33,45,30
34,46,47
35,48,50
36,50,51
37,51,52
38,52,49
39,53,54
40,55,57
41,57,58
42,58,59
43,59,60
44,60,61
45,61,62
46,62,63
47,63,64
48,64,56
49,65,67
50,67,68
51,68,69
52,69,70
53,70,71
54,71,72
55,72,73
56,73,74
57,74,75
58,75,76
59,76,66
60,77,78
61,79,80
62,81,82
63,83,85
64,85,86
65,86,87
66,87,88
67,88,89
68,89,90
69,90,91
70,91,92
71,92,93
72,93,84
73,94,95
74,99,100
75,101,103
76,103,102
77,104,106
78,106,107
79,107,108
80,108,105
81,109,110
82,111,112
83,113,115
84,115,114
85,116,117
86,6,118
87,119,121
88,121,122
89,122,123
90,123,124
91,124,125
92,125,126
93,126,127
94,127,128
95,128,129
96,129,130
97,130,120
98,131,133
99,133,134
100,134,135
101,135,136
102,136,132
103,137,138
104,139,140
105,141,143
106,143,144
107,144,142
108,147,149
109,149,150
110,150,151
111,151,152
112,152,153
113,153,154
114,154,155
115,155,156
116,156,157
117,157,148
118,158,160
119,160,161
120,161,162
121,162,159
122,163,164
123,164,165
124,165,166
125,166,163
126,169,171
127,171,172
128,172,170
129,173,175
130,175,176
131,176,174
132,177,178
133,179,180
134,181,182
135,185,186
136,187,188
137,189,191
138,191,190
139,194,196
140,196,195
141,197,199
142,199,200
143,200,198
144,201,203
145,203,204
146,204,205
147,205,206
148,206,202
149,207,208
150,209,210
151,211,213
152,213,212
153,214,215
154,216,217
155,218,219
156,220,222
157,222,221
158,225,226
159,227,228
160,229,230
161,231,232
162,233,235
163,235,234
164,236,238
165,238,237
166,241,243
167,243,242
168,244,246
169,246,247
170,247,248
171,248,249
172,249,250
173,250,245
174,253,254
175,255,257
176,257,258
177,258,259
178,259,260
179,260,261
180,261,262
181,262,263
182,263,264
183,264,265
184,265,256
185,266,267
186,271,272
187,273,274
188,274,275
189,275,273
190,276,63
191,63,277
192,278,280
193,280,279
194,281,282
195,283,285
196,285,286
197,286,287
198,287,288
199,288,284
200,289,291
201,291,292
202,292,293
203,293,294
204,294,295
205,295,296
206,296,297
207,297,298
208,298,299
209,299,300
210,300,301
211,301,302
212,302,303
213,303,290
214,304,305
215,306,308
216,308,307
217,309,311
218,311,310
219,312,314
220,314,315
221,315,316
222,316,317
223,317,318
224,318,319
225,319,320
226,320,321
227,321,322
228,322,323
229,323,324
230,324,325
231,325,326
232,326,313
233,327,329
234,329,328
235,330,331
236,332,334
237,334,333
238,338,340
239,340,339
240,341,342
241,343,344
242,347,348
243,349,351
244,351,350
245,352,87
246,353,355
247,355,356
248,356,357
249,357,358
250,358,359
251,359,360
252,360,354
253,361,362
254,363,365
255,365,366
256,366,367
257,367,368
258,368,364
259,377,379
260,379,378
261,380,381
262,382,384
263,384,385
264,385,383
265,386,387
266,388,390
267,390,391
268,391,392
269,392,389
270,393,395
271,395,394
272,396,398
273,398,399
274,399,397
275,400,402
276,402,401
277,403,405
278,405,404
279,406,408
280,408,409
281,409,410
282,410,407
283,411,412
284,412,413
285,413,414
286,414,415
287,415,411
288,416,417
289,418,419
290,420,421
291,422,424
292,424,425
293,425,423
294,426,428
295,428,427
296,429,430
297,431,432
298,433,435
299,435,436
300,436,437
301,437,434
302,438,439
303,288,441
304,441,442
305,442,443
306,443,444
307,444,445
308,445,446
309,446,440
310,447,449
311,449,450
312,450,451
313,451,452
314,452,448
315,453,455
316,455,456
317,456,457
318,457,458
319,458,459
320,459,460
321,460,454
322,461,462
323,463,464
324,465,467
325,467,468
326,468,469
327,469,470
328,470,471
329,471,472
330,472,473
331,473,466
332,474,475
333,475,476
334,476,477
335,477,478
336,478,479
337,479,480
338,480,481
339,481,474
340,482,483
341,484,485
342,486,488
343,488,489
344,489,490
345,490,487
346,491,492
347,493,495
348,495,494
349,496,498
350,498,497
351,499,500
352,503,505
353,505,506
354,506,507
355,507,504
356,508,509
357,509,509
358,510,512
359,512,513
360,513,514
361,514,511
362,515,516
363,517,519
364,519,520
365,520,518
366,521,522
367,523,525
368,525,524
369,526,528
370,528,529
371,529,530
372,530,531
373,531,532
374,532,533
375,533,534
376,534,535
377,535,536
378,536,537
379,537,538
380,538,539
381,539,540
382,540,541
383,541,542
384,542,543
385,543,527
386,544,545
387,546,547
388,548,549
389,550,551
390,552,554
391,554,553
392,555,557
393,557,556
394,558,560
395,560,561
396,561,562
397,562,563
398,563,564
399,564,565
400,565,566
401,566,567
402,567,568
403,568,569
404,569,570
405,570,571
406,571,572
407,572,573
408,573,574
409,574,575
410,575,576
411,576,577
412,577,559
413,578,579
414,538,581
415,581,582
416,582,583
417,583,584
418,584,585
419,585,586
420,586,587
421,587,588
422,588,589
423,589,590
424,590,591
425,591,580
426,592,593
427,594,596
428,596,595
429,597,599
430,599,598
431,604,605
432,606,608
433,608,609
434,609,610
435,610,611
436,611,607
437,612,613
438,91,618
439,618,619
440,619,620
441,620,617
442,623,624
443,625,626
444,627,629
445,629,630
446,630,631
447,631,195
448,195,632
449,632,633
450,633,634
451,634,635
452,635,628
453,636,638
454,638,637
455,639,640
456,641,643
457,643,644
458,644,645
459,645,646
460,646,647
461,647,648
462,648,642
463,649,651
464,651,650
465,652,653
466,654,655
467,656,657
468,658,660
469,660,659
470,661,663
471,663,664
472,664,665
473,665,662
474,666,667
475,668,670
476,670,671
477,671,672
478,672,673
479,673,674
480,674,675
481,675,669
482,676,678
483,678,677
484,679,680
485,681,683
486,683,682
487,684,686
488,686,687
489,687,688
490,688,689
491,689,685
492,690,117
493,117,692
494,692,691
495,693,570
496,570,695
497,695,696
498,696,694
499,697,699
500,699,700
501,700,701
502,701,698
503,702,703
504,703,704
505,704,561
506,705,706
507,707,709
508,709,708
509,710,711
510,712,714
511,714,713
512,715,716
513,97,717
514,718,719
515,720,721
516,722,724
517,724,725
518,725,723
519,726,728
520,728,727
521,729,731
522,731,730
523,732,733
524,734,2
525,735,736
526,739,741
527,741,740
528,742,744
529,744,745
530,745,746
531,746,743
532,747,749
533,749,750
534,750,751
535,751,752
536,752,753
537,753,748
538,754,756
539,756,757
540,757,755
541,758,759
542,760,761
543,762,764
544,764,765
545,765,766
546,766,763
547,767,769
548,769,768
549,770,772
550,772,773
551,773,774
552,774,771
553,775,776
554,777,778
555,779,780
556,780,781
557,781,782
558,782,783
559,783,784
560,784,785
561,785,786
562,786,787
563,787,788
564,788,789
565,789,790
566,790,791
567,791,792
568,792,793
569,793,779
570,794,796
571,796,797
572,797,795
573,798,799
574,800,801
575,802,804
576,804,805
577,805,803
578,806,808
579,808,809
580,809,810
581,810,807
582,811,813
583,813,814
584,814,812
585,815,816
586,817,819
587,819,820
588,820,818
589,821,823
590,823,822
591,824,825
592,826,827
593,828,830
594,830,829
595,831,833
596,833,832
597,834,836
598,836,835
599,837,838
600,839,841
601,841,840
602,845,846
603,847,848
604,849,851
605,851,852
606,852,853
607,853,854
608,854,855
609,855,856
610,856,857
611,857,858
612,858,850
613,859,861
614,861,862
615,862,863
616,863,860
617,864,866
618,866,865
619,867,869
620,869,868
621,870,872
622,872,873
623,873,874
624,874,875
625,875,876
626,876,877
627,877,878
628,878,879
629,879,880
630,880,881
631,881,882
632,882,883
633,883,884
634,884,885
635,885,886
636,886,871
637,887,888
638,889,890
639,891,892
640,893,895
641,895,896
642,896,894
643,897,899
644,899,900
645,900,901
646,901,902
647,902,903
648,903,904
649,904,905
650,905,906
651,906,907
652,907,908
653,908,909
654,909,898
655,912,914
656,914,915
657,915,913
658,916,880
659,880,917
660,918,919
661,920,922
662,922,923
663,923,921
664,924,925
665,925,15
666,926,928
667,928,927
668,929,931
669,931,930
670,932,933
671,934,935
672,936,938
673,938,939
674,939,940
675,940,937
676,941,943
677,943,944
678,944,945
679,945,942
680,946,948
681,948,949
682,949,950
683,950,951
684,951,952
685,952,947
686,953,955
687,955,956
688,956,954
689,957,959
690,959,960
691,960,958
692,961,832
693,832,963
694,963,962
695,966,968
696,968,967
697,969,970
698,971,972
699,973,974
700,975,977
701,977,978
702,978,979
703,979,980
704,980,981
705,981,982
706,982,983
707,983,976
708,984,0
709,0,985
710,986,988
711,988,987
712,989,990
713,991,993
714,993,992
715,994,996
716,996,995
717,997,998
718,1002,1003
719,1004,983
720,1005,1007
721,1007,1008
722,1008,1009
723,1009,1010
724,1010,1011
725,1011,1012
726,1012,1013
727,1013,1014
728,1014,1015
729,1015,1016
730,1016,1017
731,1017,1018
732,1018,1019
733,1019,1020
734,1020,1006
735,1021,1022
736,1022,1023
737,1023,452
738,452,1024
739,1024,1025
740,1025,1026
741,1026,1027
742,1027,530
743,1028,1030
744,1030,1031
745,1031,1029
746,1032,1034
747,1034,1035
748,1035,1033
749,1036,1037
750,1038,1039
751,1040,1041
752,1044,1045
753,1046,1048
754,1048,1047
755,1049,1051
756,1051,1050
757,1052,1054
758,1054,1053
759,1055,1056
760,1057,1059
761,1059,1058
762,1060,1061
763,1062,1063
764,1064,1062
765,1062,1065
766,1066,1067
767,1068,1070
768,1070,1069
769,1071,1073
770,1073,1072
771,1074,1076
772,1076,1075
773,1077,1079
774,1079,1078
775,1080,1082
776,1082,1083
777,1083,1084
778,1084,1081
779,1088,1090
780,1090,1091
781,1091,1089
782,1092,1093
783,1094,1096
784,1096,1095
785,1097,1099
786,1099,1098
787,1100,1102
788,1102,1103
789,1103,1101
790,1104,1105
791,1106,1107
792,1108,1109
793,1112,1114
794,1114,1115
795,1115,1113
796,1116,1117
797,1125,25
798,25,1126
799,1127,1128
800,1131,1132
801,1133,1134
802,1135,1137
803,1137,1138
804,1138,1139
805,1139,1136
806,1140,1141
807,1142,1106
808,1143,1144
809,1145,1146
810,1147,1149
811,1149,1148
812,1150,1152
813,1152,1151
814,1153,1155
815,1155,1156
816,1156,1157
817,1157,1154
818,1158,1159
819,1160,1161
820,1164,1166
821,1166,1167
822,1167,1165
823,1168,1169
824,1170,1171
825,44,1172
826,1173,1174
827,1175,1177
828,1177,1178
829,1178,1179
830,1179,1176
831,1180,1182
832,1182,1181
833,1183,1185
834,1185,1186
835,1186,1184
836,1187,1188
837,1189,1190
838,82,1192
839,1192,1191
840,1193,1195
841,1195,1196
842,1196,1194
843,1197,1198
844,1199,1200
845,1201,1203
846,1203,1202
847,1204,1206
848,1206,1207
849,1207,1205
850,1208,1209
851,1210,1212
852,1212,1213
853,1213,1214
854,1214,1215
855,1215,1211
856,803,1217
857,1217,1216
858,1218,1220
859,1220,1221
860,1221,1219
861,1222,1223
862,1224,1225
863,1226,1227
864,1228,1229
865,1230,1232
866,1232,1231
867,1233,1234
868,1235,1237
869,1237,1236
870,1238,1240
871,1240,1239
872,1241,1243
873,1243,1244
874,1244,1245
875,1245,1246
876,1246,1247
877,1247,1242
878,1248,1249
879,1250,1252
880,1252,1251
881,317,1253
882,1253,1254
883,1254,35
884,1255,1256
885,1257,1259
886,1259,1260
887,1260,1068
888,1068,1261
889,1261,1262
890,1262,1258
891,1263,1265
892,1265,1266
893,1266,1267
894,1267,1268
895,1268,1269
896,1269,1270
897,1270,1271
898,1271,1272
899,1272,1273
900,1273,1264
901,365,1274
902,1275,1276
903,1277,1279
904,1279,1280
905,1280,1281
906,1281,1282
907,1282,1278
908,1283,917
909,917,1285
910,1285,1286
911,1286,1287
912,1287,1288
913,1288,1289
914,1289,1290
915,1290,1284
916,1291,1292
917,1293,1295
918,1295,1294
919,1296,1297
920,1298,1300
921,1300,1299
922,1304,1306
923,1306,1307
924,1307,1308
925,1308,1305
926,1309,1311
927,1311,1310
928,1312,1313
929,1314,1315
930,1316,1317
931,1318,1319
932,1320,1321
933,1322,1222
934,1323,1324
935,1324,1325
936,1325,1326
937,1326,1327
938,1327,1328
939,1328,1329
940,1329,1323
941,1330,1332
942,1332,1331
943,1333,1334
944,1335,1336
945,1337,1339
946,1339,1340
947,1340,1338
948,1341,1342
949,1345,1346
950,1347,1348
951,1349,1350
952,1351,1352
953,1353,1354
954,549,1355
955,1358,811
956,1359,1361
957,1361,1362
958,1362,1363
959,1363,1364
960,1364,1365
961,1365,1366
962,1366,73
963,73,1360
964,1367,1369
965,1369,1370
966,1370,1368
967,1371,1373
968,1373,1372
969,1374,1376
970,1376,1375
971,1377,1378
972,1379,1381
973,1381,1382
974,1382,1383
975,1383,1384
976,1384,1385
977,1385,1386
978,1386,1380
979,1387,1389
980,1389,1390
981,1390,1391
982,1391,1388
983,1392,1394
984,1394,1393
985,1397,1398
986,1399,1401
987,1401,1402
988,1402,1400
989,1406,1407
990,1408,1409
991,1410,1412
992,1412,1411
993,1413,1414
994,1415,1417
995,1417,1418
996,1418,1416
997,1419,1420
998,1421,1422
999,1425,1427
1000,1427,1426
1001,1430,1432
1002,1432,1433
1003,1433,1431
1004,1434,1436
1005,1436,1437
1006,1437,1438
1007,1438,1435
1008,1439,1440
1009,1441,1442
1010,1443,1444
1011,1444,125
1012,1445,1446
1013,1447,1449
1014,1449,1450
1015,1450,1451
1016,1451,1452
1017,1452,1448
1018,1453,1454
1019,1455,1457
1020,1457,1458
1021,1458,1456
1022,1459,1461
1023,1461,1460
1024,1462,1463
1025,1464,1318
1026,1318,1466
1027,1466,1467
1028,1467,1441
1029,1441,1468
1030,1468,1469
1031,1469,1470
1032,1470,1465
1033,1471,1472
1034,1473,1475
1035,1475,1476
1036,1476,1477
1037,1477,1478
1038,1478,1479
1039,1479,1480
1040,1480,1474
1041,1481,1483
1042,1483,1484
1043,1484,1482
1044,1485,1487
1045,1487,1488
1046,1488,1486
1047,1489,1491
1048,1491,1492
1049,1492,1493
1050,1493,1494
1051,1494,1495
1052,1495,1490
1053,1498,1499
1054,1500,1502
1055,1502,1503
1056,1503,1504
1057,1504,1501
1058,1505,1394
1059,1506,1508
1060,1508,1509
1061,1509,1510
1062,1510,1511
1063,1511,1507
1064,1512,1513
1065,1513,1514
1066,1514,1515
1067,1515,1516
1068,1516,1517
1069,1517,1518
1070,1518,1519
1071,1519,1520
1072,1520,1512
1073,1521,1523
1074,1523,1524
1075,1524,1525
1076,1525,1526
1077,1526,1527
1078,1527,1528
1079,1528,1529
1080,1529,1530
1081,1530,1522
1082,1531,843
1083,1535,1536
1084,1542,1544
1085,1544,1545
1086,1545,1546
1087,1546,1547
1088,1547,1543
1089,1548,1550
1090,1550,1551
1091,1551,1549
1092,1552,1554
1093,1554,1553
1094,1557,1558
1095,1559,1560
1096,1561,1562
1097,1562,158
1098,1563,1564
1099,1565,1567
1100,1567,1568
1101,1568,1569
1102,1569,1570
1103,1570,1571
1104,1571,1572
1105,1572,1566
1106,1573,1574
1107,1577,1579
1108,1579,1578
1109,1580,1582
1110,1582,1581
1111,1581,1583
1112,1583,1584
1113,1584,1585
1114,1585,1586
1115,1586,1587
1116,1587,1588
1117,1588,1581
1118,1589,1591
1119,1591,1592
1120,1592,1593
1121,1593,1590
1122,1594,1595
1123,1596,1597
1124,1598,1600
1125,1600,1601
1126,1601,1599
1127,1602,1604
1128,1604,1605
1129,1605,1606
1130,1606,1607
1131,1607,1608
1132,1608,1609
1133,1609,1610
1134,1610,1611
1135,1611,1612
1136,1612,1613
1137,1613,1603
1138,1614,1616
1139,1616,1617
1140,1617,1402
1141,1402,1618
1142,1618,1615
1143,1619,716
1144,1620,1622
1145,1622,1623
1146,1623,1621
1147,1626,1628
1148,1628,1629
1149,1629,1630
1150,1630,1627
1151,1631,1632
1152,1633,426
1153,426,294
1154,1634,1635
1155,1636,1638
1156,1638,1639
1157,1639,1640
1158,1640,1641
1159,1641,1421
1160,1421,1642
1161,1642,1643
1162,1643,1644
1163,1644,1645
1164,1645,1637
1165,1646,1647
1166,1648,1649
1167,1650,1652
1168,1652,1653
1169,1653,1654
1170,1654,1651
1171,1655,1656
1172,1657,1658
1173,1661,1663
1174,1663,1664
1175,1664,1662
1176,1667,1669
1177,1669,1670
1178,1670,1671
1179,1671,1672
1180,1672,1668
1181,1673,1674
1182,1674,1675
1183,1675,1387
1184,1387,1676
1185,1676,1677
1186,1677,1678
1187,1678,1679
1188,1679,1680
1189,1680,1681
1190,1681,1682
1191,1682,1683
1192,1683,1684
1193,1684,1685
1194,1685,1686
1195,1686,1687
1196,1687,1688
1197,1688,1689
1198,1689,996
1199,1690,1692
1200,1692,1693
1201,1693,1694
1202,1694,1695
1203,1695,1696
1204,1696,1697
1205,1697,1698
1206,1698,1699
1207,1699,1691
1208,1691,1700
1209,1700,1701
1210,1701,1702
1211,1702,1703
1212,1703,1697
1213,1697,1704
1214,1704,1705
1215,1705,1691
1216,1706,1708
1217,1708,1707
1218,1709,1711
1219,1711,1712
1220,1712,1713
1221,1713,1714
1222,1714,1715
1223,1715,676
1224,676,1710
1225,1718,1720
1226,1720,1719
1227,1721,1722
1228,1723,1725
1229,1725,1724
1230,1726,1727
1231,1730,1731
1232,1732,1733
1233,1734,1735
1234,1736,1738
1235,1738,1737
1236,1739,1740
1237,1741,1742
1238,1743,1745
1239,1745,1744
1240,1746,1747
1241,1748,1749
1242,1750,1752
1243,1752,1751
1244,1755,1757
1245,1757,1758
1246,1758,1759
1247,1759,1760
1248,1760,1761
1249,1761,1756
1250,1762,1763
1251,161,1766
1252,1767,1769
1253,1769,1770
1254,1770,1771
1255,1771,1772
1256,1772,1773
1257,1773,1774
1258,1774,1775
1259,1775,1776
1260,1776,1777
1261,1777,1778
1262,1778,1779
1263,1779,1780
1264,1780,1781
1265,1781,1782
1266,1782,1768
1267,1783,1785
1268,1785,1784
1269,1786,1788
1270,1788,1789
1271,1789,1790
1272,1790,1791
1273,1791,1792
1274,1792,1787
1275,1795,1796
1276,1797,1799
1277,1799,1800
1278,1800,1798
1279,1801,1802
1280,1803,1805
1281,1805,1806
1282,1806,1807
1283,1807,1808
1284,1808,1809
1285,1809,1810
1286,1810,1811
1287,1811,775
1288,775,1804
1289,1812,1814
1290,1814,1815
1291,1815,1816
1292,1816,1817
1293,1817,1818
1294,1818,1819
1295,1819,1813
1296,1820,1821
1297,1023,1823
1298,1823,1824
1299,1824,1825
1300,1825,1826
1301,1826,1822
1302,1827,1829
1303,1829,1830
1304,1830,1831
1305,1831,1832
1306,1832,1833
1307,1833,1834
1308,1834,1835
1309,1835,1836
1310,1836,1837
1311,1837,1838
1312,1838,1839
1313,1839,1840
1314,1840,1841
1315,1841,1842
1316,1842,1843
1317,1843,1844
1318,1844,1845
1319,1845,1846
1320,1846,1828
1321,1847,1848
1322,1849,1851
1323,1851,1852
1324,1852,1853
1325,1853,1854
1326,1854,1855
1327,1855,1850
1328,1856,1858
1329,1858,1859
1330,1859,1860
1331,1860,1861
1332,1861,1862
1333,1862,1863
1334,1863,1857
1335,1356,1864
1336,1864,1865
1337,1865,1866
1338,1866,1847
1339,1867,78
1340,78,1868
1341,1869,1626
1342,182,1870
1343,1871,1873
1344,1873,1874
1345,1874,1875
1346,1875,1872
1347,1876,1877
1348,1877,1878
1349,1878,1879
1350,1879,1880
1351,1880,1881
1352,1881,1882
1353,1882,1883
1354,1883,1884
1355,1884,1885
1356,1885,1517
1357,1888,1889
1358,1890,1892
1359,1892,1891
1360,1893,1894
1361,1895,1896
1362,1897,1898
1363,1899,1259
1364,1259,604
1365,1900,1902
1366,1902,1901
1367,1903,1905
1368,1905,1906
1369,1906,1907
1370,1907,1908
1371,1908,1909
1372,1909,1910
1373,1910,1904
1374,1911,1912
1375,1913,1915
1376,1915,1914
1377,1916,1917
1378,801,1918
1379,1919,1920
1380,1923,1924
1381,1925,1927
1382,1927,1928
1383,1928,1926
1384,1929,1931
1385,1931,1930
1386,1932,1934
1387,1934,1935
1388,1935,1933
1389,1936,1937
1390,1938,115
1391,115,1939
1392,1940,1942
1393,1942,1943
1394,1943,1941
1395,1944,1946
1396,1946,1945
1397,1949,1951
1398,1951,1952
1399,1952,1953
1400,1953,1950
1401,1954,1956
1402,1956,1955
1403,1957,1958
1404,1958,1959
1405,1959,1960
1406,1960,1961
1407,1961,1548
1408,1962,1963
1409,1964,1966
1410,1966,1965
1411,1967,1968
1412,1969,1971
1413,1971,1970
1414,1972,1974
1415,1974,1975
1416,1975,1976
1417,1976,1973
1418,1977,1979
1419,1979,1978
1420,1980,1981
1421,1159,1983
1422,1983,1984
1423,1984,1985
1424,1985,1986
1425,1986,1987
1426,1987,1988
1427,1988,1989
1428,1989,1990
1429,1990,1991
1430,1991,1992
1431,1992,1993
1432,1993,1982
1433,1994,1995
1434,1997,54
1435,54,1998
1436,1999,2000
1437,2000,2001
1438,2001,1490
1439,1440,2002
1440,2003,2005
1441,2005,2006
1442,2006,2007
1443,2007,2008
1444,2008,2009
1445,2009,2010
1446,2010,2004
1447,217,2011
1448,2012,2013
1449,2014,2016
1450,2016,2017
1451,2017,2018
1452,2018,2015
1453,2019,2020
1454,2021,2022
1455,2023,2025
1456,2025,2024
1457,2028,2029
1458,2029,2030
1459,2030,2031
1460,2031,666
1461,2032,2034
1462,2034,2035
1463,2035,2036
1464,2036,2033
1465,2037,2038
1466,2039,1226
1467,2040,2042
1468,2042,2043
1469,2043,2044
1470,2044,2045
1471,2045,2046
1472,2046,2041
1473,2047,2049
1474,2049,2048
1475,2050,2052
1476,2052,2051
1477,2053,2054
1478,2054,2055
1479,2055,2053
1480,2056,2058
1481,2058,2057
1482,2059,1065
1483,1065,2060
1484,2063,2065
1485,2065,2064
1486,2066,420
1487,2067,2069
1488,2069,2070
1489,2070,2071
1490,2071,2072
1491,2072,2073
1492,2073,2074
1493,2074,2068
1494,2075,2077
1495,2077,2076
1496,2080,2081
1497,2082,2083
1498,2084,2086
1499,2086,2087
1500,2087,2088
1501,2088,2089
1502,2089,2085
1503,2090,2091
1504,2092,2094
1505,2094,2093
1506,2095,1676
1507,2096,2098
1508,2098,2099
1509,2099,2100
1510,2100,2101
1511,2101,2102
1512,2102,2103
1513,2103,2104
1514,2104,2097
1515,2105,2106
1516,2106,2107
1517,2107,2108
1518,2108,1224
1519,2109,2111
1520,2111,2110
1521,1692,2112
1522,1866,2116
1523,2116,2117
1524,2117,2115
1525,2120,2122
1526,2122,2121
1527,2123,2125
1528,2125,2124
1529,2126,2128
1530,2128,2129
1531,2129,2130
1532,2130,2127
1533,1768,1548
1534,2131,2132
1535,2133,2135
1536,2135,2136
1537,2136,2137
1538,2137,2138
1539,2138,2139
1540,2139,2140
1541,2140,2141
1542,2141,2142
1543,2142,2143
1544,2143,2144
1545,2144,2134
1546,2145,2147
1547,2147,2148
1548,2148,2149
1549,2149,147
1550,147,2150
1551,2150,2151
1552,2151,2152
1553,2152,2153
1554,2153,2154
1555,2154,2155
1556,2155,2146
1557,2156,2157
1558,2158,2160
1559,2160,2161
1560,2161,2162
1561,2162,2159
1562,2163,2164
1563,2165,2166
1564,2167,2169
1565,2169,2170
1566,2170,2171
1567,2171,2172
1568,2172,2173
1569,2173,2174
1570,2174,2168
1571,2175,2176
1572,2177,2178
1573,2179,2180
1574,2181,2182
1575,2183,673
1576,2184,2186
1577,2186,2185
1578,2187,2188
1579,2189,2191
1580,2191,2192
1581,2192,2190
1582,2193,2195
1583,2195,2194
1584,2196,2197
1585,2198,2200
1586,2200,2201
1587,2201,1302
1588,1302,2202
1589,2202,2203
1590,2203,2199
1591,791,782
1592,2204,2205
1593,2205,2206
1594,2206,2207
1595,2207,2208
1596,2208,2209
1597,2209,2210
1598,2210,2211
1599,2211,2212
1600,2212,1796
1601,2213,2215
1602,2215,2214
1603,2216,2217
1604,2218,2220
1605,2220,2221
1606,2221,2219
1607,1598,2222
1608,2223,2224
1609,2225,2226
1610,2227,2228
1611,2229,2231
1612,2231,2230
1613,2232,1369
1614,2233,2234
1615,2236,2237
1616,2238,2213
1617,2213,2239
1618,2239,2240
1619,2240,2241
1620,2241,2242
1621,2242,681
1622,2243,2244
1623,2245,2247
1624,2247,2248
1625,2248,2246
1626,2249,2250
1627,2251,2252
1628,2253,1298
1629,1298,2255
1630,2255,2254
1631,2256,2257
1632,2258,2260
1633,2260,2261
1634,2261,2262
1635,2262,564
1636,564,2259
1637,2263,2265
1638,2265,2266
1639,2266,2267
1640,2267,2268
1641,2268,2264
1642,2269,2270
1643,2271,2273
1644,2273,2274
1645,2274,2275
1646,2275,2276
1647,2276,2277
1648,2277,2278
1649,2278,2279
1650,2279,2280
1651,2280,2281
1652,2281,2282
1653,2282,2283
1654,2283,2272
1655,2284,2285
1656,2286,2287
1657,2288,2290
1658,2290,2291
1659,2291,2289
1660,2292,2294
1661,2294,2295
1662,2295,2293
1663,2296,2298
1664,2298,2299
1665,2299,2297
1666,2300,2302
1667,2302,2301
1668,2307,2308
1669,2309,2310
1670,2311,2313
1671,2313,2312
1672,2314,2316
1673,2316,2317
1674,2317,2315
1675,2318,2319
1676,2320,2321
1677,2322,2324
1678,2324,2323
1679,655,2325
1680,2326,2327
1681,2328,402
1682,2329,2330
1683,2331,2333
1684,2333,2334
1685,2334,2335
1686,2335,2336
1687,2336,2337
1688,2337,2332
1689,2338,2340
1690,2340,2341
1691,2341,2342
1692,2342,2343
1693,2343,2339
1694,2344,2345
1695,2346,2348
1696,2348,2347
1697,2349,2350
1698,2351,2353
1699,2353,407
1700,407,2354
1701,2354,2355
1702,2355,2356
1703,2356,2357
1704,2357,2358
1705,2358,2359
1706,2359,2352
1707,2360,2361
1708,2362,1005
1709,1005,2363
1710,2364,2366
1711,2366,2367
1712,2367,2368
1713,2368,2369
1714,2369,2365
1715,2370,2372
1716,2372,2373
1717,2373,2374
1718,2374,2375
1719,2375,2376
1720,2376,961
1721,961,2377
1722,2377,2378
1723,2378,2379
1724,2379,2380
1725,2380,2381
1726,2381,2382
1727,2382,2371
1728,2383,2384
1729,2385,2387
1730,2387,2388
1731,2388,2389
1732,2389,2386
1733,2390,2391
1734,2392,2393
1735,2394,2395
1736,2396,2397
1737,2398,2399
1738,659,2400
1739,2401,2402
1740,1281,2403
1741,2404,2405
1742,2411,2412
1743,2412,392
1744,2413,2414
1745,2415,2417
1746,2417,2416
1747,2418,2420
1748,2420,2421
1749,2421,2422
1750,2422,2419
1751,2423,2425
1752,2425,2424
1753,2426,2428
1754,2428,2427
1755,2429,2430
1756,2431,2432
1757,2433,2434
1758,2434,2435
1759,2435,2436
1760,2436,2437
1761,2437,2438
1762,2438,2439
1763,2439,2440
1764,2440,1049
1765,2441,2442
1766,2443,2445
1767,2445,2446
1768,2446,2447
1769,2447,2448
1770,2448,2444
1771,2449,2450
1772,2451,2452
1773,2453,2454
1774,2455,2456
1775,2457,1865
1776,2458,2459
1777,2459,2460
1778,2460,2461
1779,2461,2462
1780,2462,2463
1781,2463,2464
1782,2464,2465
1783,2465,2466
1784,2466,2467
1785,2467,2468
1786,2468,881
1787,881,1283
1788,1283,2469
1789,2469,2470
1790,2470,2471
1791,2471,1838
1792,1838,1108
1793,2472,2474
1794,2474,2473
1795,2475,1397
1796,559,1745
1797,1745,2477
1798,2477,2476
1799,2478,1939
1800,1939,2479
1801,2480,2482
1802,2482,2483
1803,2483,2484
1804,2484,2485
1805,2485,2486
1806,2486,2487
1807,2487,2488
1808,2488,2489
1809,2489,2481
1810,2490,2491
1811,2491,2492
1812,2492,2493
1813,2493,2494
1814,2494,2495
1815,2495,746
1816,746,1563
1817,2496,1640
1818,2497,2499
1819,2499,2498
1820,2500,2502
1821,2502,2501
1822,1409,2503
1823,1870,2505
1824,2505,2506
1825,2506,2504
1826,2509,948
1827,2510,2511
1828,2512,907
1829,2513,2515
1830,2515,2514
1831,2516,2518
1832,2518,2519
1833,2519,2517
1834,2520,2522
1835,2522,2521
1836,2523,2525
1837,2525,2524
1838,689,2529
1839,2529,2528
1840,2530,2532
1841,2532,2533
1842,2533,2531
1843,2534,2536
1844,2536,2537
1845,2537,2535
1846,2538,2540
1847,2540,2493
1848,2493,2541
1849,2541,2542
1850,2542,2539
1851,2543,2545
1852,2545,2546
1853,2546,2544
1854,2547,2548
1855,2548,2549
1856,2549,2550
1857,2550,875
1858,2551,2552
1859,2553,2554
1860,2557,2558
1861,2559,2560
1862,2561,2563
1863,2563,2562
1864,2564,2566
1865,2566,2565
1866,2567,2568
1867,2569,2570
1868,2571,2572
1869,2573,440
1870,440,2574
1871,2575,2576
1872,2576,2577
1873,2577,1880
1874,2578,2580
1875,2580,2581
1876,2581,2582
1877,2582,2579
1878,2583,2584
1879,2585,2586
1880,2587,2589
1881,2589,2590
1882,2590,2591
1883,2591,2588
1884,2594,2596
1885,2596,2597
1886,2597,2598
1887,2598,2599
1888,2599,2600
1889,2600,2595
1890,2601,914
1891,914,2603
1892,2603,2604
1893,2604,2605
1894,2605,2602
1895,2606,2607
1896,2608,2610
1897,2610,2609
1898,2611,2613
1899,2613,2614
1900,2614,2612
1901,2615,2616
1902,2617,2618
1903,2619,2620
1904,2621,2622
1905,2623,2625
1906,2625,2626
1907,2626,1276
1908,1276,2627
1909,2627,2628
1910,2628,2257
1911,2257,2629
1912,2629,2630
1913,2630,2624
1914,2635,2637
1915,2637,2636
1916,2638,2640
1917,2640,2641
1918,2641,2639
1919,2642,2643
1920,2643,116
1921,116,2644
1922,2644,690
1923,690,1405
1924,2645,2647
1925,2647,2648
1926,2648,2649
1927,2649,2650
1928,2650,2651
1929,2651,2652
1930,2652,174
1931,174,2653
1932,2653,2646
1933,2654,2656
1934,2656,2657
1935,2657,2655
1936,2658,2660
1937,2660,2661
1938,2661,2662
1939,2662,2659
1940,2663,2664
1941,2665,2666
1942,2667,2669
1943,2669,2670
1944,2670,2671
1945,2671,2672
1946,2672,2668
1947,1464,2674
1948,2674,2675
1949,2675,1442
1950,1442,2676
1951,2676,2677
1952,2677,2678
1953,2678,2679
1954,2679,1465
1955,1465,2673
1956,2680,2571
1957,2571,2681
1958,2682,2684
1959,2684,2685
1960,2685,2686
1961,2686,2687
1962,2687,2688
1963,2688,2689
1964,2689,2690
1965,2690,2691
1966,2691,2683
1967,2692,2693
1968,2694,2696
1969,2696,2697
1970,2697,2698
1971,2698,2695
1972,2699,2700
1973,1151,2703
1974,2704,2706
1975,2706,2707
1976,2707,1913
1977,1913,2708
1978,2708,2705
1979,2709,2313
1980,2710,1024
1981,1024,2712
1982,2712,2585
1983,2585,2711
1984,2713,2715
1985,2715,2714
1986,2716,1075
1987,1075,2717
1988,2718,2720
1989,2720,2721
1990,2721,2722
1991,2722,2719
1992,2723,2725
1993,2725,2726
1994,2726,2727
1995,2727,2724
1996,2728,920
1997,920,2729
1998,2730,2732
1999,2732,2731
2000,2733,2734
2001,2735,2736
2002,2736,1183
2003,2737,2739
2004,2739,2738
2005,2740,2741
2006,2741,2742
2007,2742,2743
2008,2743,2740
2009,2744,2746
2010,2746,2747
2011,2747,2745
2012,2748,2750
2013,2750,2749
2014,2751,2753
2015,2753,2752
2016,2754,550
2017,550,2756
2018,2756,2755
2019,2757,2759
2020,2759,2758
2021,2760,2761
2022,2762,2764
2023,2764,2765
2024,2765,2766
2025,2766,2767
2026,2767,2768
2027,2768,2769
2028,2769,2770
2029,2770,2771
2030,2771,2772
2031,2772,2773
2032,2773,2763
2033,2774,2776
2034,2776,2775
2035,2777,2778
2036,783,790
2037,790,2779
2038,2780,2781
2039,2782,2783
2040,2784,2786
2041,2786,2785
2042,2787,2789
2043,2789,2790
2044,2790,2788
2045,289,290
2046,290,2792
2047,2792,2793
2048,2793,2794
2049,2794,2795
2050,2795,2796
2051,2796,2797
2052,2797,2798
2053,2798,2799
2054,2799,2800
2055,2800,2801
2056,2801,2791
2057,2802,2803
2058,2805,2806
2059,2807,2809
2060,2809,2810
2061,2810,2808
2062,2811,2812
2063,2813,2815
2064,2815,2816
2065,2816,2817
2066,2817,2814
2067,1857,2819
2068,2819,2820
2069,2820,2821
2070,2821,2822
2071,2822,2823
2072,2823,2818
2073,2824,1673
2074,2827,2828
2075,2828,2829
2076,2829,2830
2077,2830,2831
2078,2831,1359
2079,1359,2832
2080,2832,2833
2081,2833,2834
2082,2834,2835
2083,2835,2836
2084,2836,2837
2085,2837,2838
2086,2838,2839
2087,2839,2543
2088,908,2841
2089,2841,2842
2090,2842,2840
2091,2843,2844
2092,2845,2846
2093,2847,2849
2094,2849,2848
2095,2850,2349
2096,2851,2852
2097,2852,1701
2098,2855,2856
2099,2857,2858
2100,2859,2860
2101,2861,2862
2102,2863,2864
2103,2865,2866
2104,2869,2870
2105,2871,2840
2106,2840,2873
2107,2873,2874
2108,2874,2875
2109,2875,2876
2110,2876,2877
2111,2877,2878
2112,2878,2879
2113,2879,2872
2114,2880,2882
2115,2882,2881
2116,2883,2885
2117,2885,2886
2118,2886,2887
2119,2887,2888
2120,2888,2889
2121,2889,2890
2122,2890,2891
2123,2891,2892
2124,2892,2893
2125,2893,2894
2126,2894,2895
2127,2895,2896
2128,2896,621
2129,621,2897
2130,2897,2898
2131,2898,2899
2132,2899,2900
2133,2900,2901
2134,2901,2902
2135,2902,2903
2136,2903,2904
2137,2904,2905
2138,2905,2884
2139,2906,2907
2140,2908,72
2141,72,2909
2142,2909,2910
2143,2910,2911
2144,2911,2912
2145,2912,2913
2146,2913,2914
2147,2914,2832
2148,2915,2916
2149,2917,2919
2150,2919,2920
2151,2920,2921
2152,2921,2918
2153,2922,2923
2154,2923,2924
2155,2924,2925
2156,2925,1601
2157,2926,2927
2158,2928,2929
2159,2930,2931
2160,2932,2934
2161,2934,2935
2162,2935,2936
2163,2936,2937
2164,2937,2933
2165,2940,2941
2166,2942,2943
2167,2944,2946
2168,2946,2947
2169,2947,2945
2170,2951,2953
2171,2953,2954
2172,2954,2955
2173,2955,2956
2174,2956,2957
2175,2957,2952
2176,2958,2959
2177,2960,2961
2178,2962,2964
2179,2964,2963
2180,2965,2966
2181,2967,2968
2182,2969,2971
2183,2971,2972
2184,2972,2973
2185,2973,2974
2186,2974,2975
2187,2975,2976
2188,2976,2970
2189,2978,2980
2190,2980,2979
2191,2981,2983
2192,2983,821
2193,821,2982
2194,2984,2986
2195,2986,2987
2196,2987,2985
2197,2988,2990
2198,2990,2991
2199,2991,2992
2200,2992,2989
2201,2993,2995
2202,2995,2996
2203,2996,2272
2204,2272,2994
2205,2997,2999
2206,2999,3000
2207,3000,3001
2208,3001,2998
2209,3002,3004
2210,3004,3003
2211,3005,3007
2212,3007,3006
2213,3008,428
2214,428,3010
2215,3010,3009
2216,3011,3012
2217,3013,3015
2218,3015,3016
2219,3016,3017
2220,3017,3014
2221,3020,160
2222,160,3021
2223,3022,3023
2224,3024,3026
2225,3026,3025
2226,3027,3029
2227,3029,3030
2228,3030,3028
2229,3031,3033
2230,3033,3034
2231,3034,3032
2232,3035,3036
2233,3041,3043
2234,3043,3042
2235,3044,3046
2236,3046,3047
2237,3047,3045
2238,3048,3050
2239,3050,3049
2240,3051,3053
2241,3053,3054
2242,3054,3055
2243,3055,3056
2244,3056,3057
2245,3057,3058
2246,3058,3059
2247,3059,3060
2248,3060,3061
2249,3061,3052
2250,2635,3063
2251,3063,3064
2252,3064,3062
2253,3065,3067
2254,3067,3068
2255,3068,3069
2256,3069,3066
2257,3070,3072
2258,3072,3071
2259,3073,3075
2260,3075,3076
2261,3076,3074
2262,3077,3079
2263,3079,3080
2264,3080,3081
2265,3081,3078
2266,3082,3083
2267,3084,3085
2268,3087,3088
2269,892,3092
2270,3092,3091
2271,3093,3094
2272,3095,3097
2273,3097,3096
2274,3100,3102
2275,3102,3101
2276,2706,3106
2277,3106,3107
2278,3107,3108
2279,3108,3109
2280,3109,3105
2281,3110,2575
2282,2575,3112
2283,3112,3111
2284,3113,3115
2285,3115,3116
2286,3116,3117
2287,3117,3118
2288,3118,3119
2289,3119,2071
2290,2071,167
2291,167,3120
2292,3120,3121
2293,3121,3122
2294,3122,3123
2295,3123,3114
2296,3124,2311
2297,2311,3125
2298,3126,3128
2299,3128,3129
2300,3129,3127
2301,3130,582
2302,582,3131
2303,3132,3134
2304,3134,3135
2305,3135,2189
2306,2189,3136
2307,3136,3133
2308,3139,3141
2309,3141,3140
2310,3142,3143
2311,3144,3146
2312,3146,3147
2313,3147,3148
2314,3148,3149
2315,3149,3145
2316,1992,3151
2317,3151,3152
2318,3152,3150
2319,3153,3155
2320,3155,3156
2321,3156,3157
2322,3157,3158
2323,3158,3159
2324,3159,3160
2325,3160,3154
2326,843,3098
2327,3098,3162
2328,3162,3163
2329,3163,3164
2330,3164,3161
2331,3166,3168
2332,3168,3167
2333,3169,3170
2334,3171,3172
2335,3172,695
2336,3173,3174
2337,3175,3177
2338,3177,3176
2339,3178,3180
2340,3180,3181
2341,3181,3179
2342,3182,3183
2343,3183,2614
2344,3184,3186
2345,3186,3187
2346,3187,3188
2347,3188,3189
2348,3189,3190
2349,3190,3185
2350,3193,3194
2351,3195,3197
2352,3197,2790
2353,2790,3198
2354,3198,3196
2355,3199,3200
2356,3201,3203
2357,3203,3202
2358,3204,3205
2359,3205,3206
2360,3206,3207
2361,3207,3208
2362,3208,3209
2363,3209,3210
2364,3210,3211
2365,3211,3212
2366,3212,3213
2367,3213,3214
2368,3214,3215
2369,3215,3216
2370,3216,3217
2371,3217,3218
2372,3218,3219
2373,3219,3220
2374,3220,3221
2375,3221,3222
2376,3222,3223
2377,3223,3224
2378,3224,3225
2379,3225,3157
2380,1744,3227
2381,3227,3228
2382,3228,3229
2383,3229,3230
2384,3230,1784
2385,1784,3226
2386,3234,3236
2387,3236,3237
2388,3237,3235
2389,3238,3240
2390,3240,3241
2391,3241,3239
2392,3242,3243
2393,3244,3245
2394,3246,3248
2395,3248,3249
2396,3249,1874
2397,1874,51
2398,51,3250
2399,3250,3247
2400,3252,3253
2401,3253,457
2402,457,2974
2403,3254,1900
2404,1900,1463
2405,1463,3256
2406,3256,3255
2407,3259,3261
2408,3261,3262
2409,3262,3260
2410,3263,3265
2411,3265,554
2412,554,3266
2413,3266,3267
2414,3267,3264
2415,3268,3269
2416,3270,3272
2417,3272,3273
2418,3273,3274
2419,3274,22
2420,22,3271
2421,3275,756
2422,756,3277
2423,3277,3278
2424,3278,3279
2425,3279,3280
2426,3280,3281
2427,3281,3282
2428,3282,3283
2429,3283,3284
2430,3284,3276
2431,3285,3286
2432,3287,3289
2433,3289,3288
2434,3290,3291
2435,3292,3293
2436,3296,3297
2437,3297,11
2438,3298,3299
2439,1518,3302
2440,3302,3110
2441,3303,2371
2442,2371,3304
2443,3304,1020
2444,1020,3305
2445,3305,1726
2446,3308,3309
2447,3310,3311
2448,3312,3314
2449,3314,3313
2450,3315,848
2451,848,3316
2452,3317,3318
2453,3319,3321
2454,3321,3320
2455,3322,3324
2456,3324,3325
2457,3325,3323
2458,3326,3328
2459,3328,3329
2460,3329,3330
2461,3330,3327
2462,3331,3332
2463,3333,3334
2464,3339,2673
2465,2673,3341
2466,3341,3342
2467,3342,1416
2468,1416,3343
2469,3343,3344
2470,3344,3345
2471,3345,3340
2472,3346,3348
2473,3348,3349
2474,3349,3347
2475,3350,3351
2476,685,3353
2477,3353,3354
2478,3354,3352
2479,3355,3356
2480,3361,2143
2481,3367,3369
2482,3369,3368
2483,3370,3371
2484,3372,3374
2485,3374,3373
2486,3375,3377
2487,3377,3376
2488,3378,3380
2489,3380,3381
2490,3381,3379
2491,3391,3393
2492,3393,3394
2493,3394,3035
2494,3035,3392
2495,3395,3397
2496,3397,3398
2497,3398,3396
2498,3399,3401
2499,3401,3402
2500,3402,3400
2501,118,3404
2502,3404,1040
2503,1040,3405
2504,3405,3406
2505,3406,3407
2506,3407,3403
2507,904,3409
2508,3409,3410
2509,3410,3408
2510,3411,3412
2511,3413,3414
2512,3415,3417
2513,3417,3418
2514,3418,3416
2515,3419,3420
2516,3421,3422
2517,3157,3423
2518,3423,134
2519,134,2044
2520,2044,1103
2521,1103,3424
2522,3424,3425
2523,3425,481
2524,3426,400
2525,400,2728
2526,2728,401
2527,401,3428
2528,3428,3427
2529,3429,976
2530,3430,3432
2531,3432,3433
2532,3433,3313
2533,3313,3434
2534,3434,3435
2535,3435,3436
2536,3436,3437
2537,3437,1368
2538,1368,3431
2539,3438,3439
2540,2718,3442
2541,3443,3445
2542,3445,3446
2543,3446,3447
2544,3447,814
2545,814,3444
2546,3451,3452
2547,2321,3453
2548,3454,3456
2549,3456,3457
2550,3457,3455
2551,3458,3460
2552,3460,3461
2553,3461,3459
2554,3462,3464
2555,3464,3465
2556,3465,3463
2557,2641,3466
2558,3046,3467
2559,3468,3469
2560,3470,3471
2561,3472,3473
2562,3476,2825
2563,2825,1160
2564,3477,3478
2565,3479,3480
2566,3481,2951
2567,2951,3482
2568,3482,1972
2569,3483,3485
2570,3485,3486
2571,3486,3484
2572,3487,3489
2573,3489,3490
2574,3490,3488
2575,3491,3492
2576,3493,3494
2577,1847,3495
2578,3498,3499
2579,3500,3261
2580,3261,3490
2581,3490,3502
2582,3502,3503
2583,3503,3501
2584,1383,1384
2585,3505,3506
2586,3507,344
2587,344,3509
2588,3509,3510
2589,3510,3511
2590,3511,3508
2591,3512,3514
2592,3514,3515
2593,3515,3516
2594,3516,3513
2595,3517,3519
2596,3519,3518
2597,3522,3524
2598,3524,3525
2599,3525,3526
2600,3526,3527
2601,3527,3528
2602,3528,1337
2603,1337,3523
2604,3529,3531
2605,3531,3530
2606,3532,3533
2607,3536,3537
2608,3538,3540
2609,3540,3539
2610,3541,3542
2611,3543,3544
2612,3545,3547
2613,3547,3548
2614,3548,3549
2615,3549,3550
2616,3550,3546
2617,3551,95
2618,95,3553
2619,3553,3552
2620,3554,3556
2621,3556,3557
2622,3557,3558
2623,3558,349
2624,349,3559
2625,3559,3555
2626,3560,3561
2627,3562,3564
2628,3564,3565
2629,3565,3563
2630,3566,3567
2631,3568,3570
2632,3570,3569
2633,3571,3573
2634,3573,3574
2635,3574,3575
2636,3575,3572
2637,3576,3578
2638,3578,3577
2639,3579,3581
2640,3581,3582
2641,3582,3580
2642,3583,3585
2643,3585,3584
2644,3588,3589
2645,436,3590
2646,3591,1148
2647,1148,3593
2648,3593,3594
2649,3594,3595
2650,3595,3596
2651,3596,3592
2652,3597,394
2653,3598,3600
2654,3600,3601
2655,3601,3602
2656,3602,3599
2657,3603,3605
2658,3605,3606
2659,3606,3604
2660,3607,3609
2661,3609,3608
2662,3610,3611
2663,3612,3613
2664,3613,1538
2665,1538,3614
2666,3614,3615
2667,3615,2827
2668,3616,3618
2669,3618,3617
2670,3621,3622
2671,3622,3623
2672,3623,3624
2673,3624,3625
2674,3625,3626
2675,3626,3627
2676,3627,3628
2677,3628,287
2678,816,3629
2679,3630,3631
2680,3631,3632
2681,3632,2012
2682,3633,3634
2683,3635,3637
2684,3637,3638
2685,3638,3639
2686,3639,3640
2687,3640,3641
2688,3641,3636
2689,3642,3643
2690,3644,2720
2691,2720,3646
2692,3646,3647
2693,3647,3645
2694,3648,3650
2695,3650,3649
2696,3651,662
2697,3652,3653
2698,3653,3654
2699,3654,2930
2700,3655,3657
2701,3657,3658
2702,3658,3656
2703,3659,3660
2704,3661,3662
2705,3663,3665
2706,3665,3664
2707,3666,3667
2708,3668,3669
2709,3670,3671
2710,3672,3673
2711,3574,3674
2712,3674,707
2713,707,3675
2714,3675,3676
2715,3676,3677
2716,3677,3678
2717,3678,2509
2718,3679,3680
2719,3680,3274
2720,3681,3682
2721,3683,3684
2722,3684,3685
2723,3685,3686
2724,3686,1046
2725,1046,3687
2726,3687,3684
2727,1643,3689
2728,3689,3688
2729,3690,3692
2730,3692,3693
2731,3693,3694
2732,3694,3691
2733,3695,3696
2734,3696,2625
2735,3697,3698
2736,3699,3700
2737,3701,3703
2738,3703,3702
2739,143,3705
2740,3705,3704
2741,3706,3707
2742,3708,3710
2743,3710,3709
2744,3713,3714
2745,3715,3716
2746,3717,3718
2747,1171,1162
2748,1162,3720
2749,3720,3719
2750,3723,3725
2751,3725,3724
2752,3726,3727
2753,3728,3730
2754,3730,3729
2755,3731,3732
2756,3732,3733
2757,3733,3734
2758,3734,3735
2759,3735,3736
2760,3736,3737
2761,3737,3738
2762,3738,3739
2763,3739,2937
2764,2937,3092
2765,3740,3742
2766,3742,3743
2767,3743,3741
2768,3744,3041
2769,3745,3746
2770,1591,3748
2771,3748,3207
2772,3207,3749
2773,3749,3747
2774,3750,3751
2775,3751,1070
2776,3753,3755
2777,3755,3756
2778,3756,3757
2779,3757,3754
2780,3758,3760
2781,3760,3759
2782,3761,3762
2783,3763,3764
2784,3765,2587
2785,3766,3768
2786,3768,3767
2787,3769,3770
2788,3771,3772
2789,3772,3773
2790,3773,3774
2791,3774,3775
2792,3775,3776
2793,3776,412
2794,3777,3545
2795,3778,3779
2796,3780,3781
2797,3782,3783
2798,3784,3785
2799,3785,3786
2800,3786,2108
2801,3787,1614
2802,3791,3793
2803,3793,3794
2804,3794,3795
2805,3795,3796
2806,3796,3797
2807,3797,3798
2808,3798,3799
2809,3799,3792
2810,3352,3801
2811,3801,3802
2812,3802,3803
2813,3803,3804
2814,3804,3805
2815,3805,3806
2816,3806,3800
2817,3807,3809
2818,3809,3810
2819,3810,3808
2820,3811,3813
2821,3813,3812
2822,3036,3815
2823,3815,3814
2824,3816,3817
2825,642,3819
2826,3819,3820
2827,3820,3821
2828,3821,3822
2829,3822,3818
2830,2998,3824
2831,3824,3825
2832,3825,3517
2833,3517,3823
2834,3826,3827
2835,3828,3829
2836,3830,3831
2837,3832,3833
2838,3834,3836
2839,3836,3837
2840,3837,3835
2841,3838,3839
2842,3840,3842
2843,3842,3843
2844,3843,3844
2845,3844,3841
2846,3845,3847
2847,3847,3848
2848,3848,3849
2849,3849,3850
2850,3850,3851
2851,3851,3846
2852,3852,2946
2853,3853,3854
2854,39,857
2855,857,404
2856,404,3856
2857,3856,3857
2858,3857,3858
2859,3858,408
2860,408,1876
2861,1876,3859
2862,3859,3860
2863,3860,3861
2864,3861,3862
2865,3862,3863
2866,3863,3864
2867,3864,3865
2868,3865,3855
2869,3866,3868
2870,3868,3867
2871,3869,3438
2872,3872,3874
2873,3874,3875
2874,3875,3876
2875,3876,3873
2876,3877,3878
2877,3879,3880
2878,3881,3882
2879,3883,3884
2880,3885,3887
2881,3887,3886
2882,3888,3560
2883,3560,3890
2884,3890,3889
2885,3891,3892
2886,3893,2730
2887,2730,3895
2888,3895,3896
2889,3896,3897
2890,3897,3898
2891,3898,3737
2892,3737,3899
2893,3899,2689
2894,2689,3900
2895,3900,3901
2896,3901,3902
2897,3902,3903
2898,3903,3904
2899,3904,3905
2900,3905,3906
2901,3906,3907
2902,3907,3894
2903,3908,3909
2904,3910,3912
2905,3912,3913
2906,3913,3911
2907,3914,3915
2908,3915,3916
2909,3916,3914
2910,3917,3918
2911,3919,3921
2912,3921,3922
2913,3922,2327
2914,2327,3923
2915,3923,3920
2916,3927,3929
2917,3929,3930
2918,3930,3928
2919,3931,3933
2920,3933,3934
2921,3934,3932
2922,3938,3940
2923,3940,3941
2924,3941,3939
2925,2845,3942
2926,3943,3945
2927,3945,3944
2928,3946,3948
2929,3948,3947
2930,3949,3950
2931,3951,3952
2932,2016,3953
2933,3954,3956
2934,3956,3957
2935,3957,3955
2936,3958,3959
2937,3959,3960
2938,3960,2898
2939,2898,3961
2940,3961,3962
2941,3962,3963
2942,3963,3964
2943,3964,3780
2944,3965,3966
2945,3967,3968
2946,3646,3969
2947,1984,3970
2948,3970,3970
2949,3973,728
2950,3975,3977
2951,3977,3978
2952,3978,3976
2953,3353,3980
2954,3980,3981
2955,3981,3982
2956,3982,3983
2957,3983,3979
2958,3984,3985
2959,3986,3988
2960,3988,3987
2961,3989,3990
2962,3996,1241
2963,3997,3999
2964,3999,1799
2965,1799,4000
2966,4000,3249
2967,3249,4001
2968,4001,4002
2969,4002,4003
2970,4003,3998
2971,4004,4005
2972,4006,4007
2973,4008,4010
2974,4010,4011
2975,4011,4012
2976,4012,4013
2977,4013,4014
2978,4014,2470
2979,2470,4009
2980,4016,4017
2981,4018,4019
2982,4020,4021
2983,4022,4023
2984,4024,4026
2985,4026,4027
2986,4027,4025
2987,2111,4028
2988,4029,4031
2989,4031,4030
2990,3213,4035
2991,4035,4036
2992,4036,4037
2993,4037,4034
2994,4038,2007
2995,2007,4039
2996,4041,4042
2997,4042,4043
2998,4043,4044
2999,4044,4041
3000,4047,4049
3001,4049,4050
3002,4050,3715
3003,3715,4048
3004,4051,4053
3005,4053,4054
3006,4054,3973
3007,3973,4052
3008,4055,4057
3009,4057,4058
3010,4058,2265
3011,2265,4059
3012,4059,587
3013,587,4060
3014,4060,4061
3015,4061,4062
3016,4062,1449
3017,1449,4056
3018,4063,4065
3019,4065,4066
3020,4066,4064
3021,4067,4068
3022,4069,4070
3023,4070,4071
3024,4071,4072
3025,4072,4073
3026,4073,4069
3027,4074,4075
3028,3821,4076
3029,4077,4079
3030,4079,4080
3031,4080,4078
3032,4081,4083
3033,4083,4084
3034,4084,4082
3035,4085,4087
3036,4087,4086
3037,4088,4090
3038,4090,4091
3039,4091,4089
3040,4092,4094
3041,4094,4095
3042,4095,4093
3043,159,4100
3044,4101,4103
3045,4103,4104
3046,4104,4102
3047,4105,4107
3048,4107,4108
3049,4108,4109
3050,4109,4110
3051,4110,4111
3052,4111,4112
3053,4112,3121
3054,3121,4113
3055,4113,4114
3056,4114,4115
3057,4115,4116
3058,4116,4117
3059,4117,4118
3060,4118,4119
3061,4119,4120
3062,4120,4121
3063,4121,4122
3064,4122,4123
3065,4123,4124
3066,4124,4106
3067,4125,4127
3068,4127,3706
3069,3706,4128
3070,4128,4129
3071,4129,4126
3072,4130,4132
3073,4132,4133
3074,4133,4134
3075,4134,4135
3076,4135,4136
3077,4136,4137
3078,4137,4138
3079,4138,4139
3080,4139,4140
3081,4140,4141
3082,4141,4131
3083,4142,4144
3084,4144,4143
3085,2809,3460
3086,4145,4146
3087,787,786
3088,2058,4151
3089,4152,2529
3090,4153,4155
3091,4155,4156
3092,4156,4157
3093,4157,4158
3094,4158,4154
3095,4159,4160
3096,4161,4162
3097,4163,4164
3098,4017,4166
3099,4166,4165
3100,4167,4168
3101,4169,4171
3102,4171,4170
3103,4172,4174
3104,4174,4175
3105,4175,4173
3106,4176,4178
3107,4178,4179
3108,4179,4180
3109,4180,4181
3110,4181,4177
3111,4182,4184
3112,4184,4183
3113,4185,4186
3114,4186,4187
3115,4187,595
3116,4188,4189
3117,4190,4191
3118,4192,4193
3119,4194,4195
3120,4196,434
3121,434,4197
3122,4198,4199
3123,4199,2732
3124,2732,3893
3125,3893,4200
3126,4200,4201
3127,4201,4202
3128,4202,4203
3129,4203,2744
3130,2744,4204
3131,4204,3704
3132,4205,4206
3133,2201,4211
3134,4211,4212
3135,4212,4210
3136,4215,4217
3137,4217,4216
3138,2077,1586
3139,4218,4219
3140,4220,3010
3141,3010,1633
3142,1633,4221
3143,4222,4223
3144,4224,4225
3145,4225,4226
3146,4226,3870
3147,4227,2238
3148,4228,1240
3149,1240,4229
3150,1332,4230
3151,4231,4232
3152,4234,4235
3153,4236,104
3154,4237,4239
3155,4239,712
3156,712,4238
3157,4240,4241
3158,4242,4244
3159,4244,4243
3160,4245,4235
3161,4235,4247
3162,4247,4246
3163,4248,4249
3164,3958,4230
3165,4230,4250
3166,4251,4253
3167,4253,4254
3168,4254,4255
3169,4255,4256
3170,4256,4252
3171,4257,4258
3172,4259,4261
3173,4261,2593
3174,2593,4262
3175,4262,4263
3176,4263,4264
3177,4264,4260
3178,4265,4267
3179,4267,4266
3180,516,4268
3181,4269,4270
3182,4276,4278
3183,4278,4277
3184,3671,4279
3185,4280,4281
3186,4282,4283
3187,4283,4284
3188,4284,2989
3189,2989,4285
3190,4285,1109
3191,25,4286
3192,4287,2040
3193,4288,4289
3194,2274,4290
3195,4290,4291
3196,4291,4292
3197,4292,1661
3198,4293,4295
3199,4295,4294
3200,4296,4297
3201,4298,4300
3202,4300,4301
3203,4301,2098
3204,2098,4302
3205,4302,4299
3206,180,4304
3207,4304,3446
3208,3446,4305
3209,4305,4306
3210,4306,4307
3211,4307,4308
3212,4308,4309
3213,4309,4310
3214,4310,4311
3215,4311,4303
3216,4312,4314
3217,4314,4313
3218,4315,4316
3219,4316,4317
3220,4317,4318
3221,4318,4319
3222,4319,4320
3223,4320,4321
3224,4321,4322
3225,4322,4323
3226,4323,4324
3227,4324,3414
3228,3414,4325
3229,4325,4326
3230,4326,4327
3231,4327,4328
3232,4328,3551
3233,3551,4315
3234,4329,4331
3235,4331,4330
3236,4332,4334
3237,4334,4335
3238,4335,4336
3239,4336,4333
3240,4337,4338
3241,4339,4340
3242,4340,4341
3243,4341,4342
3244,4342,762
3245,4350,4352
3246,4352,4353
3247,4353,4354
3248,4354,4355
3249,4355,4351
3250,4358,4219
3251,4219,4360
3252,4360,4359
3253,4361,4363
3254,4363,4362
3255,4364,4365
3256,4366,4368
3257,4368,1034
3258,1034,4369
3259,4369,4370
3260,4370,4367
3261,4371,4372
3262,2753,4373
3263,4374,4375
3264,4376,4378
3265,4378,1750
3266,1750,4377
3267,4078,4379
3268,4380,4381
3269,2536,2537
3270,4382,4383
3271,4383,505
3272,4384,4386
3273,4386,4385
3274,4387,4389
3275,4389,4390
3276,4390,3911
3277,3911,4391
3278,4391,4392
3279,4392,4393
3280,4393,4394
3281,4394,4395
3282,4395,4388
3283,4396,4398
3284,4398,4397
3285,4399,4400
3286,4401,93
3287,93,4402
3288,4403,3901
3289,3901,4405
3290,4405,4406
3291,4406,4407
3292,4407,4408
3293,4408,4404
3294,1769,4410
3295,4410,4411
3296,4411,4412
3297,4412,4413
3298,4413,4409
3299,4414,4415
3300,4415,4416
3301,4416,4417
3302,4417,4418
3303,4418,4419
3304,4419,4420
3305,4420,4421
3306,4421,2750
3307,2750,1051
3308,4424,4425
3309,4425,4426
3310,4426,4427
3311,4427,4428
3312,4428,4429
3313,4429,4424
3314,4430,1558
3315,4431,4432
3316,4433,4435
3317,4435,4436
3318,4436,2844
3319,2844,4437
3320,4437,2217
3321,2217,4438
3322,4438,4439
3323,4439,4440
3324,4440,1954
3325,1954,4434
3326,4441,4442
3327,4443,4444
3328,4445,4447
3329,4447,4446
3330,4448,2955
3331,4449,2169
3332,4450,4451
3333,4452,4453
3334,4453,4452
3335,1174,4454
3336,4455,1621
3337,1621,3335
3338,3335,4456
3339,4457,4458
3340,4459,4461
3341,4461,2948
3342,2948,4462
3343,4462,4460
3344,4463,4464
3345,4464,2924
3346,4465,2538
3347,4466,4467
3348,4467,4468
3349,4468,4466
3350,4469,4470
3351,4471,4472
3352,4473,4474
3353,2808,4475
3354,4476,4478
3355,4478,4479
3356,4479,4480
3357,4480,4481
3358,4481,4482
3359,4482,4477
3360,4485,4487
3361,4487,4488
3362,4488,4489
3363,4489,4490
3364,4490,4491
3365,4491,4492
3366,4492,4493
3367,4493,4494
3368,4494,4495
3369,4495,4486
3370,3103,4496
3371,4497,4498
3372,4499,4500
3373,4501,3966
3374,4502,4503
3375,4503,4502
3376,4504,4505
3377,4505,4504
3378,1221,1220
3379,4506,4508
3380,4508,4507
3381,4509,4511
3382,4511,4510
3383,4512,4513
3384,4514,4516
3385,4516,4517
3386,4517,4518
3387,4518,4515
3388,3884,4519
3389,4520,4522
3390,4522,4521
3391,4524,4525
3392,547,4527
3393,4527,4528
3394,4528,4526
3395,4529,4530
3396,4530,2267
3397,2267,4531
3398,4531,590
3399,590,4532
3400,4532,4533
3401,4533,1451
3402,4534,4536
3403,4536,4537
3404,4537,4538
3405,4538,4539
3406,4539,4540
3407,4540,4541
3408,4541,4542
3409,4542,4543
3410,4543,754
3411,754,4535
3412,4544,4546
3413,4546,4547
3414,4547,1207
3415,1207,4548
3416,4548,4549
3417,4549,4550
3418,4550,4551
3419,4551,4552
3420,4552,4545
3421,4553,4554
3422,4555,4556
3423,4557,665
3424,665,4559
3425,4559,1953
3426,1953,4558
3427,4560,4561
3428,3743,4562
3429,4563,4564
3430,4565,4566
3431,4566,4567
3432,4567,1650
3433,4568,4570
3434,4570,4569
3435,4571,4573
3436,4573,4572
3437,4574,4575
3438,4575,4576
3439,4576,3777
3440,2884,4577
3441,4578,4580
3442,4580,4581
3443,4581,3100
3444,3100,4579
3445,4582,4583
3446,4584,4585
3447,4586,4587
3448,4587,2643
3449,439,4588
3450,4588,216
3451,1282,4589
3452,4590,4591
3453,4591,43
3454,4592,4594
3455,4594,4595
3456,4595,4596
3457,4596,2912
3458,2912,1363
3459,1363,1235
3460,1235,4597
3461,4597,4598
3462,4598,4599
3463,4599,4600
3464,4600,4601
3465,4601,4602
3466,4602,4603
3467,4603,4604
3468,4604,4605
3469,4605,2100
3470,2100,4606
3471,4606,4593
3472,4607,4609
3473,4609,4610
3474,4610,4608
3475,4611,4612
3476,4612,4611
3477,2081,4613
3478,4614,3106
3479,3106,4616
3480,4616,1915
3481,1915,4615
3482,4617,4618
3483,4619,26
3484,4620,4621
3485,4621,3330
3486,4622,4623
3487,4624,4625
3488,2602,4627
3489,4627,4628
3490,4628,4629
3491,4629,4630
3492,4630,4631
3493,4631,4632
3494,4632,4633
3495,4633,4634
3496,4634,4635
3497,4635,4636
3498,4636,4637
3499,4637,4638
3500,4638,4639
3501,4639,4640
3502,4640,4641
3503,4641,4642
3504,4642,4643
3505,4643,4644
3506,4644,4626
3507,4645,4647
3508,4647,4648
3509,4648,4649
3510,4649,4646
3511,4650,4651
3512,4652,4654
3513,4654,4655
3514,4655,4656
3515,4656,4657
3516,4657,4658
3517,4658,4659
3518,4659,4660
3519,4660,4661
3520,4661,4662
3521,4662,4653
3522,4663,4665
3523,4665,4666
3524,4666,3544
3525,3544,4667
3526,4667,4668
3527,4668,2404
3528,2404,4664
3529,4669,4670
3530,4670,3899
3531,3899,4671
3532,4671,4672
3533,4672,2933
3534,4673,4675
3535,4675,4676
3536,4676,4677
3537,4677,4674
3538,4678,3175
3539,3175,4679
3540,4679,4680
3541,4680,4681
3542,4681,4682
3543,4682,4678
3544,4683,2885
3545,4684,3820
3546,4686,2117
3547,3770,1795
3548,4687,4688
3549,4689,2330
3550,2330,4690
3551,2515,4691
3552,4692,4693
3553,4693,750
3554,4694,4695
3555,4696,4697
3556,4698,4242
3557,4699,4700
3558,4701,4702
3559,4703,2006
3560,2006,4704
3561,4705,3585
3562,4706,4707
3563,4707,4708
3564,4708,4709
3565,4709,3474
3566,3474,4710
3567,4710,4077
3568,4711,4713
3569,4713,4712
3570,910,4714
3571,4715,4717
3572,4717,4718
3573,4718,4719
3574,4719,3628
3575,3628,4716
3576,4721,3852
3577,4722,4723
3578,4727,4728
3579,4729,4730
3580,4731,4732
3581,4733,4412
3582,4412,4735
3583,4735,4736
3584,4736,4737
3585,4737,4738
3586,4738,4739
3587,4739,4740
3588,4740,4734
3589,4360,4742
3590,4742,4743
3591,4743,4744
3592,4744,4741
3593,1251,4746
3594,4746,4747
3595,4747,4748
3596,4748,4749
3597,4749,4745
3598,4752,4754
3599,4754,4755
3600,4755,4756
3601,4756,4753
3602,4757,4758
3603,4758,4759
3604,4759,456
3605,456,2975
3606,2975,3848
3607,4760,4762
3608,4762,4763
3609,4763,4761
3610,4764,4766
3611,4766,4765
3612,4767,4769
3613,4769,4770
3614,4770,4771
3615,4771,4772
3616,4772,4773
3617,4773,4774
3618,4774,916
3619,916,2468
3620,2468,4775
3621,4775,4776
3622,4776,4777
3623,4777,4778
3624,4778,4779
3625,4779,4780
3626,4780,4781
3627,4781,4782
3628,4782,4783
3629,4783,4784
3630,4784,4785
3631,4785,4786
3632,4786,4787
3633,4787,4788
3634,4788,4789
3635,4789,1379
3636,1379,4790
3637,4790,4791
3638,4791,4792
3639,4792,4793
3640,4793,4794
3641,4794,4795
3642,4795,4796
3643,4796,4768
3644,4797,4798
3645,4198,4800
3646,4800,4801
3647,4801,4802
3648,4802,3738
3649,3738,4671
3650,4671,2690
3651,2690,4799
3652,4803,4805
3653,4805,4804
3654,4806,4808
3655,4808,4807
3656,4809,4811
3657,4811,4812
3658,4812,4813
3659,4813,4810
3660,4816,4818
3661,4818,4819
3662,4819,4820
3663,4820,4817
3664,4821,4822
3665,4823,4824
3666,4825,4826
3667,3243,4830
3668,4830,4831
3669,4831,4829
3670,4832,4833
3671,4834,4836
3672,4836,4837
3673,4837,4835
3674,4838,4840
3675,4840,4839
3676,4841,3753
3677,3753,4842
3678,1330,4843
3679,4846,2369
3680,3599,4847
3681,4848,4191
3682,4191,4849
3683,4849,4850
3684,4850,4848
3685,4851,4852
3686,4853,4854
3687,4855,2185
3688,2185,4857
3689,4857,807
3690,807,305
3691,305,4856
3692,4858,4860
3693,4860,4859
3694,4861,4862
3695,4863,1923
3696,4864,4866
3697,4866,4867
3698,4867,4868
3699,4868,4869
3700,4869,4870
3701,4870,3240
3702,3240,4871
3703,4871,4872
3704,4872,2104
3705,2104,4873
3706,4873,4865
3707,4875,4877
3708,4877,4878
3709,4878,4879
3710,4879,4880
3711,4880,4876
3712,4882,4884
3713,4884,4885
3714,4885,4886
3715,4886,1780
3716,1780,4887
3717,4887,4888
3718,4888,4883
3719,4889,4891
3720,4891,4892
3721,4892,4890
3722,4893,4894
3723,4895,4896
3724,1739,4898
3725,4898,4899
3726,4899,4900
3727,4900,4901
3728,4901,4897
3729,4902,4903
3730,4904,4906
3731,4906,4907
3732,4907,4905
3733,2707,4616
3734,4616,1914
3735,1914,4908
3736,1802,4909
3737,4910,4911
3738,4912,4914
3739,4914,4915
3740,4915,4916
3741,4916,4917
3742,4917,4913
3743,8,4919
3744,4919,4920
3745,4920,4918
3746,4921,4922
3747,4923,4924
3748,1649,4925
3749,4925,712
3750,4926,4928
3751,4928,4929
3752,4929,3179
3753,3179,4930
3754,4930,4931
3755,4931,1857
3756,1857,4932
3757,4932,4927
3758,4933,4935
3759,4935,3105
3760,3105,4934
3761,4936,4937
3762,4938,4940
3763,4940,4941
3764,4941,4942
3765,4942,4939
3766,4943,3887
3767,4944,2908
3768,3597,4948
3769,4948,4947
3770,4949,4951
3771,4951,4950
3772,599,4953
3773,4953,4954
3774,4954,4952
3775,4955,4956
3776,4957,4958
3777,4961,4962
3778,1890,4964
3779,4964,191
3780,191,4963
3781,3425,4966
3782,4966,4967
3783,4967,4968
3784,4968,4965
3785,1931,4969
3786,2350,4972
3787,4972,4971
3788,4244,4480
3789,4973,3683
3790,3683,4975
3791,4975,4974
3792,4978,4980
3793,4980,4979
3794,4981,4892
3795,4892,4983
3796,4983,4984
3797,4984,4982
3798,4985,3426
3799,4986,4988
3800,4988,4987
3801,4370,4989
3802,4990,4992
3803,4992,4993
3804,4993,4994
3805,4994,4995
3806,4995,4991
3807,4996,4997
3808,4998,4999
3809,5000,5001
3810,5003,5004
3811,5004,5005
3812,5005,5006
3813,5006,3509
3814,5007,5008
3815,5009,238
3816,238,4576
3817,5010,5011
3818,5011,5012
3819,5012,5013
3820,5013,3495
3821,5014,5015
3822,5015,3834
3823,2166,5016
3824,5017,5019
3825,5019,5018
3826,5020,5021
3827,5022,5023
3828,5023,5024
3829,5024,2879
3830,5025,929
3831,5026,2764
3832,2764,2155
3833,2155,5027
3834,5027,5028
3835,5028,5029
3836,5029,5030
3837,5030,5031
3838,5031,5032
3839,5032,5033
3840,5033,5034
3841,5034,5035
3842,5035,5036
3843,5036,5037
3844,5037,5038
3845,5038,233
3846,233,2004
3847,2004,5039
3848,5039,5040
3849,5040,1932
3850,3503,5041
3851,5042,800
3852,312,41
3853,5043,1195
3854,5044,5046
3855,5046,5047
3856,5047,5048
3857,5048,5045
3858,5049,5050
3859,5051,5052
3860,5053,5054
3861,5055,5056
3862,5057,5058
3863,5059,5060
3864,5061,1538
3865,1538,4602
3866,4602,5063
3867,5063,5062
3868,5064,5066
3869,5066,5065
3870,5067,5068
3871,5069,5070
3872,5070,585
3873,585,5071
3874,5071,5072
3875,5072,2757
3876,5073,398
3877,1095,3303
3878,5074,5075
3879,3049,5077
3880,5077,5076
3881,5078,5079
3882,5079,3456
3883,3456,5080
3884,5080,583
3885,583,3908
3886,5081,5083
3887,5083,5084
3888,5084,5085
3889,5085,5086
3890,5086,5087
3891,5087,5088
3892,5088,1891
3893,1891,5089
3894,5089,1542
3895,1542,5090
3896,5090,4399
3897,4399,5091
3898,5091,5092
3899,5092,5093
3900,5093,5082
3901,5094,5095
3902,3550,5098
3903,5098,5099
3904,5099,5100
3905,5100,5101
3906,5101,1830
3907,5102,5104
3908,5104,5103
3909,5041,5107
3910,5107,5106
3911,5108,5110
3912,5110,5109
3913,2872,5111
3914,4372,5112
3915,5113,5114
3916,5118,5119
3917,5120,5122
3918,5122,5121
3919,5123,5125
3920,5125,5124
3921,5126,3890
3922,1726,5128
3923,5128,2780
3924,2780,5129
3925,5129,5127
3926,5130,5131
3927,5134,5136
3928,5136,5135
3929,5137,5139
3930,5139,5138
3931,5140,5141
3932,1243,5143
3933,5143,5144
3934,5144,5142
3935,5145,5146
3936,5147,4374
3937,4374,5148
3938,5149,5151
3939,5151,5150
3940,4139,5152
3941,5153,5155
3942,5155,5156
3943,5156,5157
3944,5157,5154
3945,5158,5159
3946,2590,5164
3947,5164,5165
3948,5165,5166
3949,5166,5167
3950,5167,5168
3951,5168,1608
3952,1608,5153
3953,5153,5169
3954,5169,5163
3955,5170,5171
3956,2132,3411
3957,3411,5173
3958,5173,5174
3959,5174,4293
3960,4293,2120
3961,2120,2984
3962,2984,5172
3963,5175,5176
3964,5177,5178
3965,5178,4104
3966,1453,5179
3967,5180,5182
3968,5182,5183
3969,5183,5181
3970,5184,5185
3971,5186,5187
3972,5188,5190
3973,5190,5191
3974,5191,234
3975,234,5189
3976,5192,5193
3977,4308,5197
3978,5197,5198
3979,5198,5199
3980,5199,5196
3981,5200,5201
3982,5205,5206
3983,5207,5208
3984,5213,5215
3985,5215,5216
3986,5216,5214
3987,5217,5219
3988,5219,5220
3989,5220,5221
3990,5221,5222
3991,5222,5218
3992,3327,5223
3993,5224,5226
3994,5226,5225
3995,1827,5227
3996,2041,5229
3997,5229,3466
3998,3466,5230
3999,5230,5231
4000,5231,5232
4001,5232,5233
4002,5233,5228
4003,5234,5236
4004,5236,5237
4005,5237,5238
4006,5238,5239
4007,5239,5240
4008,5240,5241
4009,5241,5242
4010,5242,5243
4011,5243,5235
4012,5244,5147
4013,5147,5148
4014,5148,3536
4015,5245,5247
4016,5247,5248
4017,5248,5249
4018,5249,5250
4019,5250,5251
4020,5251,3817
4021,3817,5246
4022,5252,5253
4023,5254,5256
4024,5256,3900
4025,3900,4799
4026,4799,5255
4027,5257,5258
4028,5261,3888
4029,3888,5262
4030,571,5263
4031,1979,3875
4032,5264,5265
4033,5266,5268
4034,5268,5269
4035,5269,5270
4036,5270,5267
4037,5271,5272
4038,5273,5274
4039,5275,5276
4040,5277,5278
4041,1375,5279
4042,5279,5280
4043,5280,5281
4044,5281,5282
4045,5282,119
4046,5283,2930
4047,2930,5285
4048,5285,5286
4049,5286,5287
4050,5287,5288
4051,5288,5289
4052,5289,5290
4053,5290,5291
4054,5291,5284
4055,5292,5294
4056,5294,5293
4057,5295,5297
4058,5297,5296
4059,5298,5299
4060,255,5301
4061,5301,5302
4062,5302,5303
4063,5303,5304
4064,5304,5305
4065,5305,5300
4066,2791,5307
4067,5307,4761
4068,4761,913
4069,913,5308
4070,5308,5309
4071,5309,5310
4072,5310,5311
4073,5311,5306
4074,5312,5313
4075,5313,5314
4076,5314,3464
4077,1291,1292
4078,5315,5316
4079,5317,5319
4080,5319,5320
4081,5320,5321
4082,5321,5322
4083,5322,5323
4084,5323,5324
4085,5324,5318
4086,620,5325
4087,1712,5326
4088,5327,5329
4089,5329,5328
4090,4992,5331
4091,5331,5332
4092,5332,5333
4093,5333,2663
4094,2663,4135
4095,4135,5330
4096,5334,5336
4097,5336,5335
4098,5337,267
4099,5338,5340
4100,5340,5339
4101,5341,5342
4102,2796,5344
4103,5344,5345
4104,5345,5346
4105,5346,5347
4106,5347,5343
4107,5348,5349
4108,5351,5353
4109,5353,1293
4110,1293,5352
4111,5355,5356
4112,5357,5359
4113,5359,5360
4114,5360,5361
4115,5361,5358
4116,5362,5364
4117,5364,5365
4118,5365,5363
4119,5366,5367
4120,5367,5367
4121,3183,2611
4122,2611,5368
4123,5368,5369
4124,5369,5370
4125,5370,5371
4126,5371,4390
4127,4390,5372
4128,5372,5373
4129,5373,5374
4130,5374,3717
4131,3717,5375
4132,5375,5376
4133,5376,5377
4134,5377,4388
4135,4388,5378
4136,5378,5379
4137,5379,5380
4138,5380,5381
4139,5381,5382
4140,5382,3183
4141,108,5383
4142,5384,5386
4143,5386,5385
4144,1615,5388
4145,5388,5387
4146,5389,5391
4147,5391,5392
4148,5392,5393
4149,5393,5394
4150,5394,5395
4151,5395,5390
4152,5396,5397
4153,5398,1706
4154,1706,5400
4155,5400,5401
4156,5401,5402
4157,5402,5403
4158,5403,5404
4159,5404,5405
4160,5405,5406
4161,5406,5399
4162,5409,5410
4163,5410,5411
4164,5411,4558
4165,5412,5413
4166,5413,3331
4167,3331,5414
4168,5414,3728
4169,3728,5415
4170,5415,5416
4171,5416,4648
4172,5419,5421
4173,5421,2598
4174,2598,5422
4175,5422,4239
4176,4239,5423
4177,5423,5424
4178,5424,5425
4179,5425,5426
4180,5426,5427
4181,5427,5428
4182,5428,3247
4183,3247,5429
4184,5429,5430
4185,5430,5431
4186,5431,5432
4187,5432,5420
4188,5347,5434
4189,5434,2553
4190,2553,2554
4191,2554,5433
4192,5435,5436
4193,5437,5438
4194,5439,5440
4195,5440,4533
4196,4533,5441
4197,5441,4062
4198,4062,5442
4199,5442,5072
4200,5443,5444
4201,5445,5447
4202,5447,5448
4203,5448,5446
4204,5449,4829
4205,5450,5451
4206,5452,5453
4207,5454,5456
4208,5456,5455
4209,5457,5458
4210,5459,5460
4211,5461,5462
4212,5463,5465
4213,5465,5464
4214,5467,5468
4215,5469,5471
4216,5471,5472
4217,5472,5470
4218,5473,5475
4219,5475,5474
4220,1321,5476
4221,5477,5478
4222,5481,5483
4223,5483,5482
4224,5486,5487
4225,5488,5489
4226,5490,5492
4227,5492,5491
4228,5493,5494
4229,642,1977
4230,1977,1978
4231,1978,3876
4232,5495,5497
4233,5497,5498
4234,5498,5499
4235,5499,5500
4236,5500,5496
4237,4559,5502
4238,5502,5501
4239,5504,5506
4240,5506,5505
4241,5507,5508
4242,5509,5511
4243,5511,5512
4244,5512,5510
4245,5513,5515
4246,5515,5514
4247,4049,5517
4248,5517,5516
4249,5518,4499
4250,5519,5520
4251,2845,4556
4252,5521,5522
4253,5522,5523
4254,5523,5524
4255,5524,1613
4256,5525,5526
4257,5526,176
4258,5527,5529
4259,5529,5528
4260,5530,5531
4261,5532,5534
4262,5534,5533
4263,5535,5536
4264,5537,5539
4265,5539,5538
4266,5540,5542
4267,5542,5541
4268,5543,5544
4269,5545,5546
4270,5546,5547
4271,5547,5545
4272,5548,5550
4273,5550,5549
4274,5551,5552
4275,5553,5554
4276,5557,5559
4277,5559,5560
4278,5560,5561
4279,5561,5562
4280,5562,1149
4281,1149,5558
4282,5563,5564
4283,5565,5566
4284,274,5567
4285,5568,2667
4286,2667,482
4287,482,255
4288,5570,5572
4289,5572,5571
4290,348,5573
4291,5574,62
4292,62,5575
4293,5576,5578
4294,5578,5579
4295,5579,2494
4296,2494,5580
4297,5580,5577
4298,5583,5584
4299,5585,5586
4300,5590,5591
4301,5592,1938
4302,1938,4816
4303,4816,5594
4304,5594,5595
4305,5595,5596
4306,5596,5597
4307,5597,5593
4308,5601,5602
4309,5603,5604
4310,5605,5607
4311,5607,5606
4312,5608,5609
4313,5609,5610
4314,5610,5611
4315,5611,5612
4316,5612,5613
4317,5613,5614
4318,5614,986
4319,5615,5617
4320,5617,5616
4321,3292,2999
4322,5618,5620
4323,5620,5619
4324,5621,5623
4325,5623,5624
4326,5624,954
4327,954,5625
4328,5625,5622
4329,4334,5626
4330,5627,5629
4331,5629,5630
4332,5630,5631
4333,5631,5628
4334,5632,5633
4335,5634,5636
4336,5636,4890
4337,4890,5635
4338,5637,5638
4339,5639,5641
4340,5641,5640
4341,5642,5644
4342,5644,5643
4343,5643,5645
4344,5645,5643
4345,5646,5647
4346,5648,5650
4347,5650,5649
4348,5651,4680
4349,5652,5654
4350,5654,2139
4351,2139,5653
4352,5655,5656
4353,3882,5657
4354,5658,5660
4355,5660,5661
4356,5661,5659
4357,5662,5664
4358,5664,5665
4359,5665,5663
4360,5666,5667
4361,5668,5669
4362,5670,5671
4363,5672,5673
4364,5674,5675
4365,5675,5676
4366,5676,3522
4367,5677,5679
4368,5679,5680
4369,5680,5681
4370,5681,5682
4371,5682,4545
4372,4545,5683
4373,5683,1922
4374,1922,5684
4375,5684,5685
4376,5685,5686
4377,5686,5687
4378,5687,1027
4379,1027,5688
4380,5688,5689
4381,5689,5678
4382,5690,5610
4383,5610,5691
4384,5692,5693
4385,5694,5696
4386,5696,5697
4387,5697,5698
4388,5698,5695
4389,5699,5700
4390,5701,5702
4391,5703,5705
4392,5705,5706
4393,5706,5707
4394,5707,973
4395,973,5704
4396,4281,5708
4397,5709,5710
4398,5711,5712
4399,5713,5714
4400,5715,1668
4401,1668,5717
4402,5717,5716
4403,5721,5722
4404,5723,5725
4405,5725,5726
4406,5726,5727
4407,5727,5728
4408,5728,5729
4409,5729,5730
4410,5730,5731
4411,5731,5571
4412,5571,5732
4413,5732,5733
4414,5733,5734
4415,5734,5735
4416,5735,5736
4417,5736,5737
4418,5737,5738
4419,5738,5724
4420,5289,5739
4421,5739,2273
4422,5740,2415
4423,5741,5742
4424,1461,5745
4425,5745,5746
4426,5746,5744
4427,5747,5748
4428,5749,5750
4429,5751,5753
4430,5753,5752
4431,2020,5755
4432,5755,2434
4433,2434,5756
4434,5756,5757
4435,5757,5758
4436,5758,950
4437,950,5759
4438,5759,4415
4439,4415,5760
4440,5760,5754
4441,5761,5763
4442,5763,5762
4443,1329,5765
4444,5765,5766
4445,5766,5767
4446,5767,5768
4447,5768,5769
4448,5769,5770
4449,5770,5771
4450,5771,5772
4451,5772,5773
4452,5773,2048
4453,2048,5774
4454,5774,5764
4455,5775,5777
4456,5777,5776
4457,5778,5779
4458,5779,5780
4459,5780,5616
4460,5270,5783
4461,5783,5784
4462,5784,5785
4463,5785,5786
4464,5786,1618
4465,1618,5787
4466,5787,3954
4467,3954,3068
4468,5788,5789
4469,5789,3430
4470,3430,5790
4471,5790,5791
4472,5791,5792
4473,5792,5793
4474,5793,5794
4475,5794,5795
4476,5795,1637
4477,4003,5796
4478,5797,5798
4479,662,5799
4480,5799,5800
4481,5800,5801
4482,5801,5802
4483,5802,5803
4484,5803,3195
4485,5806,5808
4486,5808,5807
4487,5809,5810
4488,5811,5813
4489,5813,5812
4490,5814,5816
4491,5816,5817
4492,5817,5815
4493,5818,4162
4494,4162,5820
4495,5820,5819
4496,2521,5822
4497,5822,5821
4498,5823,5825
4499,5825,5824
4500,5826,5828
4501,5828,5827
4502,5829,5831
4503,5831,3515
4504,3515,5832
4505,5832,5830
4506,5833,2318
4507,5835,5836
4508,5837,5838
4509,5839,5841
4510,5841,5842
4511,5842,5843
4512,5843,5840
4513,995,5845
4514,5845,5844
4515,5846,5848
4516,5848,5849
4517,5849,5850
4518,5850,5851
4519,5851,3062
4520,3062,5852
4521,5852,5853
4522,5853,5854
4523,5854,5855
4524,5855,5856
4525,5856,5847
4526,3814,5860
4527,5860,5861
4528,5861,5862
4529,5862,5863
4530,5863,5864
4531,5864,5859
4532,5865,5866
4533,5869,4571
4534,4571,5870
4535,5870,5871
4536,5871,5872
4537,5872,5873
4538,5873,5874
4539,5874,5875
4540,5875,5876
4541,5876,5877
4542,5877,5878
4543,5878,5879
4544,5879,2228
4545,2994,3652
4546,3652,5881
4547,5881,5601
4548,5601,5880
4549,5882,5883
4550,5883,5884
4551,5884,5885
4552,5885,2301
4553,52,1873
4554,1873,4001
4555,4001,5887
4556,5887,5888
4557,5888,5886
4558,5889,5891
4559,5891,3567
4560,3567,4311
4561,4311,5890
4562,1142,5893
4563,5893,5894
4564,5894,5895
4565,5895,5896
4566,5896,5897
4567,5897,5898
4568,5898,5899
4569,5899,5900
4570,5900,5892
4571,5901,5903
4572,5903,5904
4573,5904,5902
4574,5905,5906
4575,3021,1766
4576,1766,5908
4577,5908,5907
4578,5909,5910
4579,5913,5915
4580,5915,5914
4581,5918,5920
4582,5920,5921
4583,5921,5922
4584,5922,5923
4585,5923,4958
4586,4958,5924
4587,5924,5925
4588,5925,1348
4589,1348,5926
4590,5926,5927
4591,5927,5928
4592,5928,5929
4593,5929,2795
4594,2795,5930
4595,5930,1176
4596,1176,4635
4597,4635,1560
4598,1560,5931
4599,5931,2655
4600,2655,327
4601,327,5919
4602,5932,5934
4603,5934,5313
4604,5313,5933
4605,5935,5660
4606,5936,5937
4607,5938,5939
4608,5940,5941
4609,5942,5943
4610,5944,5945
4611,855,403
4612,403,2352
4613,5946,5948
4614,5948,5947
4615,5949,5951
4616,5951,5952
4617,5952,5950
4618,5953,1339
4619,1339,5954
4620,699,2713
4621,2713,5955
4622,5955,2714
4623,2714,701
4624,3745,5956
4625,3066,1401
4626,1401,5958
4627,5958,5130
4628,5130,1246
4629,1246,5957
4630,5959,5961
4631,5961,5962
4632,5962,5960
4633,5966,5968
4634,5968,5969
4635,5969,5970
4636,5970,5967
4637,5972,5973
4638,5973,5974
4639,5974,5975
4640,5975,5976
4641,5976,3219
4642,3219,5977
4643,5977,5978
4644,5978,5979
4645,5979,4944
4646,5980,5981
4647,5982,5983
4648,5984,5985
4649,5986,5988
4650,5988,5987
4651,5989,5990
4652,5991,3333
4653,3333,5993
4654,5993,5994
4655,5994,5995
4656,5995,5992
4657,5996,5997
4658,5997,5998
4659,5998,5746
4660,5999,6000
4661,6000,1485
4662,1485,4764
4663,4764,6001
4664,6001,1328
4665,1700,6002
4666,6003,6005
4667,6005,6006
4668,6006,6007
4669,6007,4737
4670,4737,6008
4671,6008,6009
4672,6009,1772
4673,1772,6010
4674,6010,6011
4675,6011,6012
4676,6012,6013
4677,6013,6014
4678,6014,6015
4679,6015,6016
4680,6016,1975
4681,1975,6004
4682,6017,6019
4683,6019,6020
4684,6020,6018
4685,5475,1594
4686,3022,6021
4687,2879,6023
4688,6023,6024
4689,6024,6022
4690,6025,6027
4691,6027,6028
4692,6028,6029
4693,6029,6030
4694,6030,6026
4695,6035,6037
4696,6037,6036
4697,6038,6039
4698,6040,6042
4699,6042,6043
4700,6043,4123
4701,4123,6044
4702,6044,6045
4703,6045,6046
4704,6046,6047
4705,6047,6048
4706,6048,6049
4707,6049,6050
4708,6050,6051
4709,6051,6041
4710,6052,6053
4711,485,6054
4712,6054,6055
4713,6055,5640
4714,5640,3758
4715,3758,6056
4716,6056,6057
4717,6057,6058
4718,6058,2374
4719,2374,6059
4720,6059,6060
4721,6060,1012
4722,1012,6061
4723,6061,6062
4724,6062,5316
4725,4646,6064
4726,6064,6065
4727,6065,6063
4728,6066,6067
4729,6068,6069
4730,6069,6070
4731,6070,6071
4732,6071,6072
4733,6072,4284
4734,6073,6075
4735,6075,6074
4736,6076,6078
4737,6078,6079
4738,6079,6080
4739,6080,6081
4740,6081,1959
4741,1959,6082
4742,6082,6083
4743,6083,6084
4744,6084,6085
4745,6085,6086
4746,6086,4886
4747,4886,6087
4748,6087,6088
4749,6088,6089
4750,6089,6090
4751,6090,6091
4752,6091,6092
4753,6092,6093
4754,6093,6094
4755,6094,6095
4756,6095,6096
4757,6096,6097
4758,6097,6009
4759,6009,6098
4760,6098,6099
4761,6099,4410
4762,4410,6100
4763,6100,6101
4764,6101,6102
4765,6102,6103
4766,6103,6104
4767,6104,6077
4768,1983,4478
4769,5301,6106
4770,6106,5412
4771,6107,6108
4772,6109,6110
4773,6111,6113
4774,6113,6112
4775,6115,6116
4776,2449,6117
4777,6118,2122
4778,2122,4295
4779,6119,6120
4780,2678,6121
4781,6122,6123
4782,6124,6125
4783,6126,6128
4784,6128,6129
4785,6129,5653
4786,5653,6130
4787,6130,6131
4788,6131,6132
4789,6132,6127
4790,6133,6134
4791,3629,6136
4792,6136,6137
4793,6137,6135
4794,6138,6140
4795,6140,6141
4796,6141,6142
4797,6142,6143
4798,6143,6144
4799,6144,6145
4800,6145,6146
4801,6146,6139
4802,6147,357
4803,2315,6148
4804,6149,6150
4805,6151,6152
4806,1304,6154
4807,6154,2985
4808,2985,6155
4809,6155,6153
4810,6157,6159
4811,6159,6160
4812,6160,5338
4813,5338,6161
4814,6161,6162
4815,6162,6158
4816,6163,5762
4817,5762,6164
4818,6164,3826
4819,1588,6165
4820,6165,1584
4821,6166,1355
4822,1355,6167
4823,3496,6169
4824,6169,6170
4825,6170,3258
4826,3258,6168
4827,6171,6173
4828,6173,6174
4829,6174,6172
4830,474,6176
4831,6176,6177
4832,6177,6178
4833,6178,6175
4834,6179,6056
4835,6056,6180
4836,6180,6181
4837,6181,3166
4838,3166,6182
4839,6182,1645
4840,6183,6184
4841,6184,4679
4842,6185,6186
4843,6187,6189
4844,6189,6190
4845,6190,6188
4846,6191,6193
4847,6193,6192
4848,6194,6195
4849,2312,6197
4850,6197,6196
4851,6198,6200
4852,6200,6201
4853,6201,6202
4854,6202,6203
4855,6203,6204
4856,6204,6199
4857,574,6206
4858,6206,6207
4859,6207,6208
4860,6208,6205
4861,6209,6210
4862,6210,1882
4863,6211,6212
4864,6215,6217
4865,6217,6218
4866,6218,6219
4867,6219,6216
4868,6220,6221
4869,10,6223
4870,6223,6224
4871,6224,1026
4872,1026,6225
4873,6225,6226
4874,6226,6222
4875,5859,6228
4876,6228,4163
4877,4163,6227
4878,472,6229
4879,6230,6231
4880,6232,158
4881,158,6233
4882,6234,6235
4883,6235,6236
4884,6236,6237
4885,6237,6238
4886,6238,6239
4887,6239,3512
4888,5842,6240
4889,6241,3459
4890,3459,6242
4891,6243,6244
4892,6244,2218
4893,6245,4475
4894,6246,6248
4895,6248,6249
4896,6249,6250
4897,6250,6251
4898,6251,6247
4899,2535,6252
4900,6253,6255
4901,6255,6254
4902,6256,6257
4903,6258,6259
4904,6260,4931
4905,5181,6261
4906,6262,742
4907,6263,1450
4908,1450,5441
4909,5441,6264
4910,6264,588
4911,588,6265
4912,6265,2266
4913,2266,6266
4914,6266,6267
4915,6267,997
4916,1202,6269
4917,6269,5543
4918,5543,6270
4919,6270,6271
4920,6271,6272
4921,6272,6273
4922,6273,3367
4923,3367,4520
4924,4520,6274
4925,6274,6268
4926,6277,1063
4927,1063,6278
4928,6278,6279
4929,6279,1064
4930,1064,6277
4931,6280,6282
4932,6282,6283
4933,6283,6284
4934,6284,6281
4935,3472,6285
4936,6286,6287
4937,6289,6290
4938,6292,6294
4939,6294,6295
4940,6295,3376
4941,3376,6296
4942,6296,6297
4943,6297,3705
4944,3705,6298
4945,6298,3618
4946,3618,6293
4947,4968,6299
4948,3064,6300
4949,3617,1105
4950,1105,6302
4951,6302,6301
4952,6303,6305
4953,6305,6304
4954,6308,6310
4955,6310,6311
4956,6311,6312
4957,6312,6313
4958,6313,6309
4959,6317,6319
4960,6319,6318
4961,6320,6321
4962,6322,6323
4963,6323,6324
4964,6324,6325
4965,6325,6326
4966,6326,6327
4967,6327,1107
4968,6330,6331
4969,6332,5245
4970,5245,6333
4971,6334,6336
4972,6336,6335
4973,6339,6340
4974,6342,4029
4975,6343,6344
4976,6345,6347
4977,6347,2054
4978,2054,6348
4979,6348,2453
4980,2453,6349
4981,6349,6350
4982,6350,6351
4983,6351,4440
4984,4440,1056
4985,1056,6346
4986,6352,3289
4987,3289,6354
4988,6354,6355
4989,6355,6356
4990,6356,4225
4991,4225,6357
4992,6357,6353
4993,6358,1017
4994,1017,6359
4995,6359,2380
4996,2380,6360
4997,6360,6361
4998,6361,6190
4999,3329,6363
5000,6363,6362
5001,6364,3259
5002,6365,6367
5003,6367,6368
5004,6368,6369
5005,6369,6370
5006,6370,6371
5007,6371,6366
5008,6372,6374
5009,6374,6375
5010,6375,1893
5011,1893,6376
5012,6376,6373
5013,6373,6377
5014,6377,6378
5015,6378,6379
5016,6379,6380
5017,6380,6381
5018,6381,5809
5019,5809,6382
5020,6382,4252
5021,4252,6383
5022,6383,6384
5023,6384,6385
5024,6385,6386
5025,6386,4509
5026,4509,4253
5027,4253,6373
5028,6387,6388
5029,607,6392
5030,6393,6395
5031,6395,5744
5032,5744,6396
5033,6396,6397
5034,6397,6398
5035,6398,4915
5036,4915,6399
5037,6399,6400
5038,6400,6401
5039,6401,6402
5040,6402,2516
5041,2516,6403
5042,6403,6404
5043,6404,6405
5044,6405,6394
5045,6406,6407
5046,2627,6408
5047,3836,6410
5048,6410,6409
5049,6411,6412
5050,6413,58
5051,58,5095
5052,5095,6415
5053,6415,6416
5054,6416,6417
5055,6417,6418
5056,6418,6419
5057,6419,6414
5058,6420,1255
5059,4882,6293
5060,6421,491
5061,6422,1098
5062,1098,2551
5063,2551,6424
5064,6424,1097
5065,1097,6425
5066,6425,6423
5067,4713,6426
5068,6427,6429
5069,6429,6430
5070,6430,2865
5071,2865,6428
5072,1637,6432
5073,6432,6433
5074,6433,6434
5075,6434,3758
5076,3758,6431
5077,6435,1897
5078,1897,6436
5079,1156,6438
5080,6438,6437
5081,6439,6440
5082,6441,2949
5083,2949,4460
5084,4460,6442
5085,6442,5718
5086,5718,4259
5087,6443,1764
5088,1764,5023
5089,5023,6445
5090,6445,6444
5091,6448,6449
5092,1859,3309
5093,3309,6451
5094,6451,6450
5095,6450,6452
5096,6452,6450
5097,6453,6454
5098,6454,5839
5099,6455,577
5100,577,6457
5101,6457,6458
5102,6458,6459
5103,6459,6460
5104,6460,6461
5105,6461,2507
5106,2507,6462
5107,6462,6463
5108,6463,6456
5109,6464,4386
5110,4386,6465
5111,6466,6467
5112,6467,6468
5113,6468,5145
5114,6469,6471
5115,6471,5521
5116,5521,3830
5117,3830,6472
5118,6472,6470
5119,6473,6475
5120,6475,6474
5121,6478,1917
5122,1917,6479
5123,6479,6480
5124,6480,5965
5125,6481,6482
5126,3762,6484
5127,6485,3418
5128,3418,6486
5129,6487,6489
5130,6489,4353
5131,4353,6490
5132,6490,6491
5133,6491,6492
5134,6492,6488
5135,6493,6495
5136,6495,3119
5137,3119,6494
5138,6498,6500
5139,6500,6501
5140,6501,6502
5141,6502,6499
5142,6503,6505
5143,6505,6506
5144,6506,6507
5145,6507,6508
5146,6508,6504
5147,6509,6511
5148,6511,6510
5149,6510,2322
5150,2322,6512
5151,6512,2324
5152,2324,6510
5153,3322,1158
5154,2222,6514
5155,6514,2925
5156,2925,6513
5157,6515,6517
5158,6517,6516
5159,1258,6518
5160,6518,6213
5161,6213,6519
5162,6519,6520
5163,6520,6521
5164,6521,6522
5165,6522,6523
5166,6523,4141
5167,4141,6524
5168,6524,3144
5169,3144,6525
5170,6525,6526
5171,6526,558
5172,6527,6529
5173,6529,6530
5174,6530,6531
5175,6531,6528
5176,3889,6532
5177,6533,6534
5178,6535,6537
5179,6537,6538
5180,6538,2325
5181,2325,6536
5182,6540,6541
5183,5667,6542
5184,6543,6545
5185,6545,6546
5186,6546,6544
5187,6547,6549
5188,6549,6548
5189,6550,5422
5190,6551,6095
5191,1352,778
5192,778,6553
5193,6553,6554
5194,6554,6555
5195,6555,6556
5196,6556,5028
5197,5028,6557
5198,6557,6552
5199,1637,1045
5200,1045,6558
5201,6559,6561
5202,6561,6562
5203,6562,6563
5204,6563,6560
5205,6564,6565
5206,6566,6568
5207,6568,6569
5208,6569,6570
5209,6570,6571
5210,6571,6572
5211,6572,6573
5212,6573,6574
5213,6574,6575
5214,6575,6567
5215,6576,6577
5216,6578,6579
5217,6580,6582
5218,6582,3355
5219,3355,6581
5220,3727,5980
5221,6583,6585
5222,6585,6586
5223,6586,6584
5224,3539,6587
5225,6588,6590
5226,6590,6589
5227,6591,6592
5228,6593,2186
5229,6596,5099
5230,5099,6597
5231,6598,6551
5232,6551,6096
5233,6599,6600
5234,6602,6603
5235,6603,6604
5236,6604,6605
5237,6605,1351
5238,6608,6610
5239,6610,6611
5240,6611,2328
5241,2328,6612
5242,6612,6613
5243,6613,6614
5244,6614,430
5245,430,6609
5246,6615,6616
5247,6616,1114
5248,6618,6619
5249,6620,6622
5250,6622,6623
5251,6623,6621
5252,6624,6625
5253,2015,6626
5254,6627,6629
5255,6629,6628
5256,2652,6630
5257,6630,6631
5258,6631,6632
5259,6632,6633
5260,6633,6634
5261,6634,4784
5262,6635,6636
5263,6637,6638
5264,1632,6640
5265,6640,6639
5266,6641,2848
5267,2848,5379
5268,4404,6642
5269,6643,5841
5270,5841,6240
5271,6240,6644
5272,3594,5561
5273,5561,6645
5274,6646,6647
5275,6647,5677
5276,6648,6649
5277,6649,4789
5278,6652,6654
5279,6654,6655
5280,6655,6653
5281,6656,6657
5282,6658,2786
5283,6659,6660
5284,2402,6662
5285,6662,1924
5286,5757,6663
5287,6664,6665
5288,4106,6666
5289,6667,6668
5290,6668,6669
5291,6669,2199
5292,6670,6672
5293,6672,6673
5294,6673,6671
5295,6674,6523
5296,6523,6675
5297,6676,6678
5298,6678,6679
5299,6679,6677
5300,3997,6681
5301,6681,6682
5302,6682,713
5303,713,1649
5304,1649,5425
5305,5425,6683
5306,6683,6139
5307,6139,6680
5308,6684,4130
5309,4130,3595
5310,6685,6686
5311,6687,6689
5312,6689,2333
5313,2333,6690
5314,6690,4536
5315,4536,3284
5316,3284,6688
5317,6691,6692
5318,6692,6693
5319,6693,6694
5320,6694,177
5321,6697,6698
5322,6699,6700
5323,6700,6701
5324,6701,899
5325,6702,6703
5326,6704,6706
5327,6706,6707
5328,6707,6705
5329,651,6708
5330,6709,6710
5331,6710,6711
5332,6711,6558
5333,6712,6713
5334,2346,6714
5335,6715,3429
5336,6716,6717
5337,6717,2023
5338,1923,6718
5339,6719,6721
5340,6721,6722
5341,6722,6723
5342,6723,6724
5343,6724,6725
5344,6725,4652
5345,4652,6726
5346,6726,6720
5347,6727,6729
5348,6729,6730
5349,6730,6731
5350,6731,6728
5351,6732,6733
5352,6734,6736
5353,6736,6735
5354,3248,6737
5355,6737,1800
5356,6738,466
5357,1459,5275
5358,6739,6740
5359,6740,6741
5360,6741,1932
5361,6742,6743
5362,4365,6745
5363,6745,6746
5364,6746,6747
5365,6747,6744
5366,6748,6749
5367,6749,6750
5368,6750,6751
5369,6751,6211
5370,6752,6753
5371,14,6754
5372,6755,6757
5373,6757,6758
5374,6758,6756
5375,6759,6760
5376,6761,6762
5377,6762,1619
5378,6766,6768
5379,6768,6769
5380,6769,6770
5381,6770,6771
5382,6771,5472
5383,5472,6772
5384,6772,6773
5385,6773,6767
5386,6774,6775
5387,6775,6776
5388,6776,6777
5389,6777,6251
5390,6778,6779
5391,6781,1227
5392,1227,6783
5393,6783,6782
5394,6784,6785
5395,6786,6787
5396,1934,6789
5397,6789,6790
5398,6790,2010
5399,2010,4038
5400,4038,4704
5401,4704,6791
5402,6791,6792
5403,6792,6793
5404,6793,6794
5405,6794,6795
5406,6795,6796
5407,6796,6797
5408,6797,6557
5409,6557,6798
5410,6798,2146
5411,2146,2762
5412,2762,6788
5413,6799,6800
5414,6800,6801
5415,6801,196
5416,196,2743
5417,6802,6803
5418,6803,819
5419,819,6804
5420,6804,2637
5421,6805,6807
5422,6807,6808
5423,6808,3193
5424,3193,6806
5425,6741,6810
5426,6810,6811
5427,6811,6809
5428,6812,6813
5429,6814,320
5430,6815,6816
5431,6816,6817
5432,6817,6818
5433,6818,6819
5434,6819,6820
5435,6820,5234
5436,4897,6555
5437,6555,6822
5438,6822,6821
5439,1249,6823
5440,3032,6824
5441,6824,6825
5442,6825,6826
5443,6826,3059
5444,3760,5641
5445,5641,6055
5446,6375,4251
5447,4251,4510
5448,4510,6828
5449,6828,6829
5450,6829,6827
5451,6832,6833
5452,6834,6835
5453,556,6837
5454,6837,6559
5455,6559,1566
5456,1566,6838
5457,6838,6839
5458,6839,6836
5459,2843,4436
5460,6840,1837
5461,1837,6842
5462,6842,6841
5463,6843,6845
5464,6845,6846
5465,6846,6847
5466,6847,6848
5467,6848,3986
5468,3986,6844
5469,5135,6855
5470,6855,6854
5471,435,6857
5472,6857,6856
5473,1157,6808
5474,6858,1140
5475,6859,6861
5476,6861,6862
5477,6862,6860
5478,5172,1305
5479,6863,6865
5480,6865,6866
5481,6866,6867
5482,6867,1868
5483,1868,6864
5484,6868,6869
5485,6870,1260
5486,1260,6872
5487,6872,6871
5488,2349,4971
5489,5447,5271
5490,5271,6874
5491,6874,6875
5492,6875,6873
5493,6876,6877
5494,6877,6878
5495,6878,6879
5496,6879,1152
5497,1152,6880
5498,6880,4506
5499,6881,6882
5500,6883,6884
5501,6885,6886
5502,6886,6887
5503,6887,203
5504,6888,6889
5505,1727,6890
5506,6890,1019
5507,1019,6891
5508,6891,2382
5509,2382,6892
5510,6892,6893
5511,6893,6187
5512,6894,6895
5513,6895,5277
5514,5277,6517
5515,6896,6898
5516,6898,6899
5517,6899,6897
5518,6900,1130
5519,1130,6902
5520,6902,6903
5521,6903,6904
5522,6904,6901
5523,1073,6906
5524,6906,3642
5525,3642,6905
5526,6907,6908
5527,6877,6910
5528,6910,6911
5529,6911,3147
5530,3147,6912
5531,6912,6909
5532,6913,6915
5533,6915,6914
5534,6916,6917
5535,6917,140
5536,140,6918
5537,6918,1609
5538,1609,6919
5539,6919,6920
5540,6920,6921
5541,6921,4732
5542,4732,6922
5543,6922,6923
5544,6923,2591
5545,4656,6924
5546,6925,6927
5547,6927,6928
5548,6928,6926
5549,6929,6930
5550,6933,4953
5551,4953,6935
5552,6935,6934
5553,6936,6938
5554,6938,6937
5555,6941,6943
5556,6943,6944
5557,6944,3413
5558,3413,6945
5559,6945,6946
5560,6946,6942
5561,6947,6948
5562,6949,265
5563,2741,6950
5564,6951,796
5565,6952,6953
5566,6954,6955
5567,6956,6958
5568,6958,6957
5569,6959,6961
5570,6961,6960
5571,6962,6963
5572,6964,6965
5573,6966,2582
5574,2582,6967
5575,6968,6969
5576,6969,6970
5577,6970,6971
5578,6971,6667
5579,6972,6974
5580,6974,6973
5581,6975,4026
5582,6976,6978
5583,6978,2902
5584,2902,6979
5585,6979,6980
5586,6980,6981
5587,6981,6982
5588,6982,6983
5589,6983,6984
5590,6984,6977
5591,6985,6987
5592,6987,6986
5593,6988,6989
5594,6990,218
5595,218,6991
5596,6992,6993
5597,6994,6996
5598,6996,6997
5599,6997,6995
5600,6998,6999
5601,7000,7001
5602,7002,7004
5603,7004,6603
5604,6603,7003
5605,7005,7006
5606,7007,7008
5607,7008,6967
5608,6967,6947
5609,6947,7009
5610,7009,7010
5611,7010,1121
5612,1121,4578
5613,7011,7012
5614,6947,1791
5615,2705,7014
5616,7014,7013
5617,2070,7015
5618,7016,7018
5619,7018,7017
5620,7019,6586
5621,6586,7020
5622,2594,7021
5623,2878,7023
5624,7023,7024
5625,7024,7022
5626,7025,7027
5627,7027,7028
5628,7028,7029
5629,7029,887
5630,887,7026
5631,7030,1815
5632,1815,1527
5633,1527,7031
5634,7032,7033
5635,7034,5767
5636,5767,7035
5637,7036,7037
5638,7040,6661
5639,6661,3358
5640,3358,7042
5641,7042,7043
5642,7043,7044
5643,7044,7045
5644,7045,4384
5645,4384,7046
5646,7046,7047
5647,7047,7048
5648,7048,7041
5649,7049,7050
5650,7051,7053
5651,7053,510
5652,510,4809
5653,4809,7054
5654,7054,7055
5655,7055,7052
5656,7059,7060
5657,7061,7062
5658,7063,7064
5659,7065,7067
5660,7067,7068
5661,7068,7069
5662,7069,7066
5663,7070,7071
5664,7072,7073
5665,7073,2600
5666,7074,7075
5667,3000,7076
5668,7076,7077
5669,7077,7078
5670,7078,7079
5671,7079,79
5672,1549,7081
5673,7081,7082
5674,7082,7083
5675,7083,6314
5676,6314,7084
5677,7084,6081
5678,6081,7085
5679,7085,7080
5680,7086,7087
5681,7088,7089
5682,7089,6646
5683,6646,527
5684,527,3372
5685,3372,7090
5686,7090,5999
5687,5999,7091
5688,7091,7088
5689,7092,7094
5690,7094,7093
5691,7095,4553
5692,4553,7096
5693,7099,7100
5694,7101,7102
5695,7103,4438
5696,7104,7106
5697,7106,4893
5698,4893,7107
5699,7107,7108
5700,7108,7109
5701,7109,7105
5702,7110,2241
5703,2241,7112
5704,7112,682
5705,682,7113
5706,7113,7114
5707,7114,4663
5708,4663,6742
5709,6742,7115
5710,7115,7116
5711,7116,7117
5712,7117,7118
5713,7118,7119
5714,7119,1942
5715,1942,7120
5716,7120,1480
5717,1480,7121
5718,7121,7111
5719,7122,5595
5720,7123,2863
5721,3704,6290
5722,6290,2746
5723,2746,7124
5724,7124,7125
5725,7125,7126
5726,7126,7127
5727,7127,7128
5728,7128,3735
5729,3735,4669
5730,4669,2687
5731,2687,5254
5732,5254,4406
5733,7129,3268
5734,5368,7132
5735,7132,7133
5736,7133,7134
5737,7134,2847
5738,2847,5380
5739,4742,7135
5740,2550,2548
5741,7136,7138
5742,7138,7137
5743,2387,7139
5744,7139,7140
5745,7140,7141
5746,7141,2389
5747,7142,7144
5748,7144,2153
5749,2153,2766
5750,2766,7145
5751,7145,7146
5752,7146,7147
5753,7147,7143
5754,7150,7152
5755,7152,7153
5756,7153,7151
5757,1952,7155
5758,7155,7156
5759,7156,7157
5760,7157,7154
5761,7158,813
5762,813,7160
5763,7160,4304
5764,4304,7161
5765,7161,7159
5766,2049,7163
5767,7163,7164
5768,7164,7165
5769,7165,7162
5770,7166,7167
5771,7168,7169
5772,7170,7172
5773,7172,7173
5774,7173,7174
5775,7174,7171
5776,7171,626
5777,626,7175
5778,7175,7171
5779,7176,7177
5780,7181,7182
5781,7183,7184
5782,7185,4267
5783,4999,2709
5784,7188,6966
5785,6966,7189
5786,7190,7191
5787,7192,7193
5788,7194,7195
5789,7196,7198
5790,7198,7197
5791,7199,7201
5792,7201,7202
5793,7202,7200
5794,3004,7203
5795,7203,2874
5796,7204,7206
5797,7206,4552
5798,4552,7205
5799,7207,1660
5800,1660,7208
5801,7208,889
5802,7209,7210
5803,7211,7212
5804,7213,5550
5805,7214,7216
5806,7216,7217
5807,7217,7218
5808,7218,7219
5809,7219,7215
5810,7220,7221
5811,7221,7222
5812,7222,7223
5813,7223,7224
5814,7224,7225
5815,7225,7226
5816,7226,1590
5817,1590,7227
5818,7227,3204
5819,3204,7228
5820,7228,1377
5821,7229,4459
5822,7230,7232
5823,7232,7233
5824,7233,7234
5825,7234,7235
5826,7235,3602
5827,3602,7231
5828,1193,7237
5829,7237,7236
5830,7238,7240
5831,7240,7241
5832,7241,7242
5833,7242,7243
5834,7243,7244
5835,7244,5792
5836,5792,7245
5837,7245,7239
5838,6909,7246
5839,7247,7249
5840,7249,7248
5841,7250,7252
5842,7252,7253
5843,7253,7254
5844,7254,7255
5845,7255,7256
5846,7256,5297
5847,5297,7257
5848,7257,7258
5849,7258,7259
5850,7259,7251
5851,6760,7261
5852,7261,7262
5853,7262,7260
5854,7263,3011
5855,7264,7265
5856,631,7266
5857,7267,7268
5858,7268,6058
5859,7269,6236
5860,7270,7272
5861,7272,7271
5862,5221,7273
5863,7274,7275
5864,7275,7276
5865,7276,7277
5866,7277,6714
5867,6714,6886
5868,6377,7278
5869,7279,7281
5870,7281,7282
5871,7282,7280
5872,2400,7284
5873,7285,7287
5874,7287,6983
5875,6983,7288
5876,7288,7289
5877,7289,3964
5878,3964,7290
5879,7290,7286
5880,6812,7291
5881,3540,7293
5882,7293,7294
5883,7294,7295
5884,7295,7292
5885,1182,7297
5886,7297,7296
5887,5185,7299
5888,7299,7298
5889,7300,1929
5890,1929,7301
5891,7302,7303
5892,7304,7306
5893,7306,7305
5894,3596,7307
5895,7308,7309
5896,2164,7310
5897,7311,5692
5898,5692,7313
5899,7313,7314
5900,7314,7315
5901,7315,7005
5902,7005,5693
5903,5693,7312
5904,7316,5045
5905,5045,1944
5906,1944,7318
5907,7318,7319
5908,7319,5463
5909,5463,7320
5910,7320,7321
5911,7321,2244
5912,2244,7322
5913,7322,7317
5914,7323,7324
5915,7325,4590
5916,7326,197
5917,7327,7328
5918,7328,3476
5919,7329,5060
5920,5060,7099
5921,7099,5059
5922,5059,7330
5923,7331,6172
5924,6172,7333
5925,7333,7332
5926,7334,3023
5927,3023,7335
5928,315,7336
5929,7336,37
5930,3327,7337
5931,7338,7339
5932,7340,7341
5933,7342,7343
5934,1872,7344
5935,7345,7347
5936,7347,7346
5937,1872,1797
5938,7348,7349
5939,3405,77
5940,77,3661
5941,3661,1867
5942,1867,7350
5943,3773,7351
5944,7351,6200
5945,7352,7354
5946,7354,7353
5947,7355,6227
5948,6227,1561
5949,7072,2181
5950,2181,7356
5951,2093,1095
5952,3922,7357
5953,6063,7359
5954,7359,3729
5955,3729,7358
5956,1993,7360
5957,7360,7360
5958,7361,7363
5959,7363,7364
5960,7364,325
5961,325,7362
5962,7366,7368
5963,7368,7369
5964,7369,7367
5965,7372,7374
5966,7374,7373
5967,7375,2397
5968,7376,7378
5969,7378,7379
5970,7379,7377
5971,7380,1304
5972,1304,4446
5973,4446,7381
5974,7382,1412
5975,7383,7384
5976,7385,4427
5977,7386,7388
5978,7388,6066
5979,6066,7387
5980,7392,2396
5981,2396,7393
5982,7394,7396
5983,7396,3475
5984,3475,7397
5985,7397,7395
5986,7400,1345
5987,7403,7404
5988,444,7405
5989,7406,7408
5990,7408,7407
5991,7410,7411
5992,7411,7412
5993,7412,7412
5994,7412,7411
5995,7413,7415
5996,7415,7414
5997,5878,7417
5998,7417,7416
5999,7418,6243
6000,6243,7420
6001,7420,7421
6002,7421,7422
6003,7422,7419
6004,7423,7424
6005,7425,7427
6006,7427,7428
6007,7428,7429
6008,7429,7426
6009,7430,7432
6010,7432,7433
6011,7433,7431
6012,275,7434
6013,7435,7436
6014,7437,4180
6015,4180,7438
6016,7438,7439
6017,7439,7440
6018,7440,7441
6019,7441,6584
6020,7442,7444
6021,7444,7443
6022,7445,7446
6023,7449,7450
6024,7450,7450
6025,7451,7452
6026,2310,7453
6027,565,7456
6028,7457,7458
6029,7459,6455
6030,7460,7462
6031,7462,7461
6032,7463,7464
6033,2011,7465
6034,7465,7466
6035,7466,7467
6036,7467,7468
6037,7468,6934
6038,6934,7157
6039,7157,5411
6040,5411,6592
6041,7469,7470
6042,7471,7472
6043,7473,1501
6044,7474,7475
6045,7476,7477
6046,1994,7479
6047,7480,7482
6048,7482,7483
6049,7483,4888
6050,4888,7481
6051,7484,7486
6052,7486,7485
6053,7487,7489
6054,7489,7488
6055,7490,3246
6056,7491,338
6057,338,7492
6058,7492,7493
6059,7493,573
6060,7494,7496
6061,7496,7497
6062,7497,7498
6063,7498,7499
6064,7499,7500
6065,7500,7501
6066,7501,7502
6067,7502,7495
6068,7503,7504
6069,7505,7507
6070,7507,7506
6071,7508,4246
6072,4246,7509
6073,7510,7511
6074,7511,2198
6075,7512,7513
6076,7515,7517
6077,7517,7518
6078,7518,7519
6079,7519,7520
6080,7520,7521
6081,7521,3482
6082,3482,7516
6083,6271,7523
6084,7523,7522
6085,7524,7525
6086,7525,7526
6087,7526,6403
6088,7527,7528
6089,7529,7530
6090,7531,7533
6091,7533,7532
6092,1437,7534
6093,4270,7535
6094,7536,6489
6095,6489,7537
6096,4818,7539
6097,7539,7540
6098,7540,7538
6099,6759,7542
6100,7542,7541
6101,7543,1320
6102,7550,6506
6103,6506,7551
6104,5821,7552
6105,4966,7553
6106,7554,5140
6107,6853,7555
6108,3085,75
6109,75,7556
6110,7556,7557
6111,7557,7558
6112,7558,7559
6113,7559,7560
6114,7560,4598
6115,4598,7561
6116,7561,7562
6117,7562,2830
6118,5907,7563
6119,7564,4188
6120,5167,7566
6121,7566,7565
6122,7567,5600
6123,5600,7568
6124,2198,7569
6125,7569,7570
6126,7570,4288
6127,4288,1144
6128,1144,7571
6129,7571,524
6130,524,1230
6131,1230,2480
6132,7572,7574
6133,7574,7573
6134,7575,7576
6135,7576,7577
6136,7577,7578
6137,7578,6353
6138,6353,7579
6139,7579,7580
6140,7580,98
6141,7581,7583
6142,7583,7584
6143,7584,7585
6144,7585,7586
6145,7586,7587
6146,7587,7588
6147,7588,7589
6148,7589,2645
6149,2645,7590
6150,7590,7591
6151,7591,7592
6152,7592,4787
6153,4787,7593
6154,7593,4051
6155,4051,727
6156,727,7594
6157,7594,4640
6158,4640,7595
6159,7595,2793
6160,2793,7596
6161,7596,7597
6162,7597,7598
6163,7598,7599
6164,7599,7600
6165,7600,7601
6166,7601,7582
6167,7602,7603
6168,7604,7605
6169,7605,7606
6170,7606,7607
6171,7607,7608
6172,7608,382
6173,910,7544
6174,7544,7609
6175,7610,7611
6176,7612,7614
6177,7614,7615
6178,7615,3623
6179,3623,7616
6180,7616,7613
6181,7618,7619
6182,7620,2980
6183,2980,557
6184,557,2699
6185,7621,5605
6186,4216,7622
6187,7622,7623
6188,7623,7624
6189,7624,7625
6190,7625,7626
6191,7626,7627
6192,7627,7628
6193,7628,7629
6194,7629,2780
6195,7630,5711
6196,7631,7633
6197,7633,6616
6198,6616,7632
6199,6791,2005
6200,2005,7635
6201,7635,7634
6202,7636,7637
6203,7637,3905
6204,3905,4342
6205,7638,7640
6206,7640,820
6207,820,7639
6208,7641,5003
6209,5003,7642
6210,7643,2378
6211,2378,7645
6212,7645,1015
6213,1015,7646
6214,7646,7644
6215,7647,7649
6216,7649,7650
6217,7650,7651
6218,7651,7652
6219,7652,7648
6220,7466,7653
6221,7654,7656
6222,7656,5293
6223,5293,7657
6224,7657,7655
6225,1354,7659
6226,7659,5417
6227,5417,7658
6228,7660,639
6229,7661,5401
6230,5401,7662
6231,7662,7663
6232,7663,7664
6233,7664,7665
6234,7665,7666
6235,7666,6750
6236,7667,7668
6237,4078,7669
6238,2504,7670
6239,7671,7672
6240,7673,7674
6241,2647,7675
6242,7676,7677
6243,1254,7679
6244,7679,7680
6245,7680,7681
6246,7681,7682
6247,7682,7683
6248,7683,7363
6249,7363,7678
6250,7684,7685
6251,7685,1531
6252,7686,7688
6253,7688,1686
6254,1686,7689
6255,7689,7690
6256,7690,7691
6257,7691,7687
6258,4479,7692
6259,7693,7695
6260,7695,7694
6261,7696,7698
6262,7698,7699
6263,7699,7697
6264,7701,3198
6265,3198,7702
6266,7703,7704
6267,7705,7706
6268,7352,7707
6269,3156,6391
6270,6391,7708
6271,7708,7709
6272,7709,7710
6273,7710,7431
6274,7431,7711
6275,7711,5976
6276,5976,7712
6277,7712,7713
6278,7713,864
6279,864,7714
6280,7714,7715
6281,7715,7716
6282,7716,7717
6283,7717,7718
6284,7718,7719
6285,7719,3748
6286,3748,7720
6287,7720,7721
6288,7721,7227
6289,7722,5925
6290,5925,7724
6291,7724,1126
6292,1126,7725
6293,7725,7723
6294,7726,7727
6295,7728,5282
6296,5282,7730
6297,7730,7729
6298,5127,7731
6299,6657,7732
6300,7734,7735
6301,7736,7737
6302,2460,7739
6303,7739,6482
6304,6482,6481
6305,6481,7738
6306,7740,7741
6307,7741,7742
6308,7742,7743
6309,7743,7744
6310,7744,7740
6311,1186,7746
6312,7746,7747
6313,7747,7748
6314,7748,7745
6315,7749,4501
6316,4501,7750
6317,7752,7753
6318,7756,7758
6319,7758,7759
6320,7759,6705
6321,6705,7757
6322,7760,7761
6323,7762,3668
6324,7763,6793
6325,6793,5034
6326,5034,7764
6327,7764,7765
6328,7765,1739
6329,7766,7768
6330,7768,6324
6331,6324,5896
6332,5896,7767
6333,3019,7769
6334,7770,636
6335,636,7772
6336,7772,7771
6337,7773,7135
6338,7135,7774
6339,7775,6233
6340,6233,7776
6341,7776,3021
6342,307,7777
6343,7777,144
6344,144,6297
6345,6297,7778
6346,7778,7779
6347,7779,7780
6348,7780,5603
6349,7781,7782
6350,7783,7784
6351,7785,7787
6352,7787,7786
6353,3135,4045
6354,4045,7788
6355,3442,7789
6356,7790,7791
6357,7133,7792
6358,7792,7793
6359,7793,4393
6360,7794,7795
6361,7796,1741
6362,7797,7798
6363,7799,7800
6364,7324,6338
6365,7801,7802
6366,7803,7804
6367,7805,7806
6368,7806,7807
6369,7807,7808
6370,7808,7809
6371,7809,7810
6372,7810,4650
6373,176,2651
6374,7811,3273
6375,48,7812
6376,7813,7815
6377,7815,7814
6378,7816,7818
6379,7818,7819
6380,7819,7820
6381,7820,3600
6382,3600,7817
6383,7821,7822
6384,7825,7826
6385,7829,3915
6386,3517,7831
6387,7831,7830
6388,7832,7833
6389,7834,6753
6390,6753,7835
6391,7835,5563
6392,5946,5947
6393,5947,7837
6394,7837,7838
6395,7838,7839
6396,7839,7840
6397,7840,4105
6398,4105,7841
6399,7841,7842
6400,7842,7836
6401,5129,7843
6402,7844,7846
6403,7846,7847
6404,7847,7848
6405,7848,1679
6406,1679,7849
6407,7849,7850
6408,7850,7851
6409,7851,7852
6410,7852,7845
6411,6821,7142
6412,2476,7853
6413,7853,7123
6414,7854,7855
6415,7856,7858
6416,7858,7859
6417,7859,7857
6418,7860,7403
6419,7861,6775
6420,7862,7863
6421,2842,7865
6422,7865,7866
6423,7866,7864
6424,4822,7869
6425,7870,7871
6426,5152,7873
6427,7873,7874
6428,7874,7875
6429,7875,7550
6430,7550,7876
6431,7876,7877
6432,7877,7872
6433,7854,7878
6434,7879,7543
6435,7143,253
6436,7880,7881
6437,7882,7884
6438,7884,7885
6439,7885,7883
6440,7886,1850
6441,1850,7887
6442,7888,7889
6443,7889,4707
6444,4707,1455
6445,4825,7891
6446,7891,7892
6447,7892,7890
6448,7893,7895
6449,7895,7896
6450,7896,7897
6451,7897,7898
6452,7898,5852
6453,5852,7899
6454,7899,7900
6455,7900,7901
6456,7901,7894
6457,7902,6372
6458,6372,188
6459,188,7903
6460,1490,3588
6461,3588,1734
6462,1734,6687
6463,7904,2485
6464,2485,7906
6465,7906,5960
6466,5960,7905
6467,7907,7908
6468,7909,7911
6469,7911,7910
6470,7912,7913
6471,7914,7916
6472,7916,7917
6473,7917,7915
6474,7918,7920
6475,7920,4340
6476,4340,3907
6477,3907,7921
6478,7921,7919
6479,7922,7924
6480,7924,6360
6481,6360,7925
6482,7925,6892
6483,6892,7923
6484,7926,7928
6485,7928,7929
6486,7929,4900
6487,4900,7833
6488,7833,5031
6489,5031,6795
6490,6795,7824
6491,7824,7927
6492,6524,7930
6493,7930,7931
6494,7931,7932
6495,7932,7933
6496,7933,4240
6497,7934,7935
6498,7935,7642
6499,7936,5699
6500,7937,7939
6501,7939,7940
6502,7940,7938
6503,7941,7942
6504,7943,3030
6505,6937,5487
6506,7944,7945
6507,7945,7946
6508,7946,7947
6509,7947,5150
6510,4030,891
6511,7948,7950
6512,7950,7951
6513,7951,7952
6514,7952,7949
6515,7953,7954
6516,7955,2342
6517,7958,6812
6518,7959,7960
6519,7961,7962
6520,7963,7964
6521,7967,5962
6522,5962,7968
6523,7969,7970
6524,7971,5233
6525,7972,7973
6526,7974,7236
6527,7236,7976
6528,7976,7977
6529,7977,5989
6530,5989,7978
6531,7978,7975
6532,7979,7980
6533,2442,4195
6534,4195,7982
6535,7982,7983
6536,7983,7981
6537,5829,7987
6538,7987,7988
6539,7988,7989
6540,7989,310
6541,310,7986
6542,7990,7991
6543,7992,7993
6544,7993,7994
6545,7994,7995
6546,7995,7996
6547,7996,7997
6548,7997,7116
6549,7116,81
6550,7998,8000
6551,8000,1657
6552,1657,8001
6553,8001,4990
6554,4990,8002
6555,8002,7999
6556,8003,2807
6557,335,8004
6558,8007,598
6559,598,8009
6560,8009,7468
6561,7468,8008
6562,1430,8010
6563,8010,1433
6564,6558,5470
6565,5470,8012
6566,8012,8013
6567,8013,8011
6568,8014,8015
6569,8015,2904
6570,2904,4895
6571,8016,8017
6572,7584,8019
6573,8019,8020
6574,8020,8018
6575,5683,7206
6576,7206,8022
6577,8022,8023
6578,8023,8021
6579,8024,8025
6580,4938,8028
6581,8028,5214
6582,5214,5020
6583,8030,8032
6584,8032,8031
6585,8033,8035
6586,8035,8036
6587,8036,8037
6588,8037,8038
6589,8038,8039
6590,8039,8040
6591,8040,569
6592,569,8034
6593,8041,8043
6594,8043,8044
6595,8044,8042
6596,8045,8047
6597,8047,8048
6598,8048,8049
6599,8049,8046
6600,1828,8051
6601,8051,7391
6602,7391,291
6603,291,303
6604,303,8052
6605,8052,7596
6606,7596,8053
6607,8053,5929
6608,5929,5344
6609,5344,8054
6610,8054,8055
6611,8055,8056
6612,8056,8057
6613,8057,8058
6614,8058,8059
6615,8059,4763
6616,4763,8060
6617,8060,8050
6618,8061,8062
6619,8063,8063
6620,8064,5944
6621,8065,8067
6622,8067,8066
6623,8068,8070
6624,8070,8071
6625,8071,244
6626,244,4380
6627,4380,8072
6628,8072,8073
6629,8073,8074
6630,8074,8075
6631,8075,8069
6632,5992,8076
6633,8076,6873
6634,8077,8079
6635,8079,8080
6636,8080,8078
6637,3849,2973
6638,2973,458
6639,458,8081
6640,5899,8083
6641,8083,8084
6642,8084,8085
6643,8085,8082
6644,2203,8087
6645,8087,8086
6646,8088,7257
6647,7257,5296
6648,5296,8089
6649,8090,8092
6650,8092,5668
6651,5668,7870
6652,7870,7159
6653,7159,3443
6654,3443,8093
6655,8093,8094
6656,8094,8095
6657,8095,8096
6658,8096,8097
6659,8097,8098
6660,8098,8099
6661,8099,8100
6662,8100,8101
6663,8101,8102
6664,8102,8091
6665,8106,8108
6666,8108,8109
6667,8109,8110
6668,8110,8111
6669,8111,8107
6670,3229,8112
6671,8112,2091
6672,8113,8115
6673,8115,8116
6674,8116,8117
6675,8117,8114
6676,8118,563
6677,563,8119
6678,8120,8121
6679,8121,8122
6680,8122,8123
6681,8123,6468
6682,2513,8124
6683,8124,8125
6684,8125,3522
6685,8126,1021
6686,8127,8128
6687,1561,8129
6688,8129,8130
6689,8130,5864
6690,8131,2866
6691,2866,5536
6692,5536,8133
6693,8133,8134
6694,8134,7276
6695,7276,8132
6696,8136,8137
6697,8137,4280
6698,8138,6706
6699,6706,7758
6700,8139,8141
6701,8141,8142
6702,8142,8140
6703,8143,7488
6704,7488,8144
6705,8145,3838
6706,3838,8146
6707,8147,8148
6708,8149,8151
6709,8151,5083
6710,5083,8152
6711,8152,8153
6712,8153,8154
6713,8154,8150
6714,8155,8157
6715,8157,4375
6716,4375,8156
6717,4844,8158
6718,8159,8160
6719,8160,4257
6720,4257,4840
6721,8162,8164
6722,8164,2696
6723,2696,7125
6724,7125,8165
6725,8165,8163
6726,8168,8169
6727,8169,3824
6728,4072,1495
6729,8170,5332
6730,5332,8171
6731,8172,8173
6732,8173,8174
6733,8174,5789
6734,5789,8175
6735,8175,8176
6736,8176,8177
6737,8177,8178
6738,8178,8179
6739,8179,1849
6740,1849,8180
6741,8180,8181
6742,8181,8182
6743,8182,8183
6744,8183,2610
6745,2610,8184
6746,8184,8185
6747,8185,8186
6748,8186,2814
6749,2814,8187
6750,8187,7121
6751,7121,4125
6752,4125,8188
6753,8188,8189
6754,8189,849
6755,8190,4864
6756,8191,6747
6757,8192,8194
6758,8194,8195
6759,8195,8193
6760,8196,8198
6761,8198,8199
6762,8199,7404
6763,7404,8200
6764,8200,8197
6765,8201,1476
6766,8202,8203
6767,8203,8204
6768,8204,213
6769,213,8205
6770,8205,8206
6771,8206,7304
6772,7304,8207
6773,8207,839
6774,839,2461
6775,8208,8209
6776,8210,8211
6777,6424,8212
6778,8213,8215
6779,8215,8216
6780,8216,8217
6781,8217,8218
6782,8218,8219
6783,8219,8214
6784,8220,8222
6785,8222,8221
6786,8223,8224
6787,1139,8225
6788,8228,8230
6789,8230,6171
6790,6171,7332
6791,7332,2693
6792,2693,942
6793,942,8229
6794,3825,8168
6795,3015,8232
6796,8232,8233
6797,8233,8231
6798,8234,8235
6799,8235,8236
6800,8236,6283
6801,6283,7458
6802,7458,6281
6803,8237,8238
6804,6318,8239
6805,8239,8240
6806,8240,8241
6807,8241,8242
6808,8242,6193
6809,8245,8246
6810,6104,6102
6811,8247,19
6812,19,6996
6813,8248,8249
6814,8249,4866
6815,4866,2344
6816,8250,5249
6817,8251,8252
6818,8252,8253
6819,8253,8254
6820,8254,8255
6821,8255,8256
6822,8256,5025
6823,8257,2443
6824,8258,685
6825,8259,8260
6826,8260,6473
6827,6473,6474
6828,6474,8261
6829,8261,8260
6830,8264,7733
6831,7733,8265
6832,8265,8266
6833,8266,386
6834,8267,8269
6835,8269,8268
6836,8270,3181
6837,8271,7234
6838,8272,8274
6839,8274,8275
6840,8275,4601
6841,4601,3614
6842,3614,1541
6843,1541,8273
6844,8276,8277
6845,8278,8279
6846,8279,4514
6847,6229,8077
6848,8077,8280
6849,8281,8283
6850,8283,8284
6851,8284,8285
6852,8285,8282
6853,8286,1312
6854,8287,7522
6855,1547,8289
6856,8289,8288
6857,8290,7435
6858,8291,4691
6859,4691,8293
6860,8293,8292
6861,8294,4913
6862,4913,7676
6863,7676,8295
6864,8296,8297
6865,8297,4454
6866,4454,4500
6867,3125,6166
6868,3230,8298
6869,8299,8300
6870,8301,8302
6871,8304,8306
6872,8306,8307
6873,8307,8305
6874,8308,7119
6875,7119,8310
6876,8310,8309
6877,8313,8314
6878,8314,8315
6879,8315,6292
6880,6292,2219
6881,2219,8316
6882,8316,7986
6883,8317,8318
6884,8318,1204
6885,1204,8319
6886,8319,1826
6887,1826,447
6888,447,2711
6889,2711,8320
6890,8320,8321
6891,8321,8322
6892,8322,6226
6893,6226,5685
6894,8323,8324
6895,8324,2644
6896,8325,8327
6897,8327,8326
6898,2320,8329
6899,8329,1777
6900,1777,6089
6901,6089,8330
6902,8330,4734
6903,4734,8328
6904,8331,8333
6905,8333,8332
6906,7472,8335
6907,8335,8334
6908,8336,994
6909,994,8338
6910,8338,8337
6911,8339,8341
6912,8341,8340
6913,8342,939
6914,939,8344
6915,8344,8345
6916,8345,8346
6917,8346,5606
6918,5606,8347
6919,8347,8348
6920,8348,8349
6921,8349,8343
6922,8350,8351
6923,8352,8354
6924,8354,8353
6925,8355,8356
6926,8304,8357
6927,8357,8358
6928,8358,1292
6929,1292,8359
6930,8359,3638
6931,8360,8362
6932,8362,8361
6933,5667,8363
6934,8364,8365
6935,8366,2561
6936,8367,8368
6937,8369,8370
6938,8370,7524
6939,7524,8371
6940,8371,4512
6941,29,8374
6942,8374,8375
6943,8375,8376
6944,8376,8373
6945,8377,8378
6946,8378,8379
6947,8379,8380
6948,8380,8378
6949,3651,4557
6950,4557,8381
6951,8381,8382
6952,8382,770
6953,8385,8386
6954,8386,8387
6955,8387,8388
6956,8388,8389
6957,8389,1313
6958,1313,7813
6959,7813,8286
6960,8286,8385
6961,8390,8391
6962,3352,4174
6963,4174,1078
6964,8392,8394
6965,8394,8395
6966,8395,8393
6967,6920,8396
6968,8131,8398
6969,8398,5801
6970,5801,2787
6971,2787,8399
6972,8399,8397
6973,7321,8401
6974,6722,8403
6975,8403,6035
6976,6035,8402
6977,2358,3945
6978,8404,8405
6979,8406,8407
6980,8407,8276
6981,8408,3505
6982,8409,4565
6983,8410,8411
6984,8412,8414
6985,8414,8413
6986,6335,4617
6987,4617,8415
6988,8416,8417
6989,8417,7935
6990,7935,5004
6991,5004,8418
6992,8418,6959
6993,6959,8419
6994,8419,1372
6995,1372,8420
6996,8420,6030
6997,6030,3067
6998,8421,4657
6999,4657,8422
7000,8423,8424
7001,8424,7722
7002,7722,4904
7003,4904,4905
7004,4905,8053
7005,8053,2794
7006,2794,8425
7007,8425,1175
7008,1175,4639
7009,4639,8426
7010,8426,8427
7011,8427,8428
7012,8428,4788
7013,4788,8429
7014,8429,8430
7015,8430,8431
7016,8431,8432
7017,8432,8433
7018,8433,309
7019,309,8434
7020,8434,8435
7021,8435,5882
7022,8436,6369
7023,5681,8437
7024,8438,8439
7025,8440,7750
7026,7750,8441
7027,4917,8444
7028,8444,8445
7029,8445,3953
7030,3953,6396
7031,4413,8446
7032,8447,5483
7033,5483,8448
7034,8449,8451
7035,8451,8450
7036,8452,7322
7037,8454,8455
7038,8455,8456
7039,8456,8457
7040,8457,8458
7041,8458,8459
7042,8459,8460
7043,8460,8461
7044,8461,544
7045,1051,8462
7046,8462,8463
7047,8463,8464
7048,8464,8465
7049,8465,8466
7050,8466,8467
7051,8467,1739
7052,2703,8472
7053,8472,8471
7054,2626,8473
7055,8476,8478
7056,8478,227
7057,227,8479
7058,8479,8480
7059,8480,8481
7060,8481,8477
7061,2004,6809
7062,6809,8483
7063,8483,8482
7064,8484,8485
7065,8236,8486
7066,8486,6284
7067,8487,8488
7068,6610,6614
7069,8489,8490
7070,2514,8291
7071,8493,8495
7072,8495,8496
7073,8496,8497
7074,8497,8498
7075,8498,8494
7076,8494,8495
7077,8495,8499
7078,8499,8500
7079,8500,8496
7080,8496,8494
7081,8501,2366
7082,8502,8503
7083,8503,8504
7084,8504,8505
7085,8505,7100
7086,4498,6764
7087,6764,7879
7088,8506,8507
7089,8508,8509
7090,4245,4817
7091,4817,8510
7092,8510,8511
7093,8511,8512
7094,8512,8513
7095,8513,3540
7096,8514,526
7097,526,8515
7098,8516,1238
7099,1238,8517
7100,8517,8518
7101,8518,7247
7102,7247,5066
7103,5066,1490
7104,3757,8519
7105,2487,8521
7106,8521,8520
7107,8522,8523
7108,1740,8525
7109,8525,8524
7110,8526,5945
7111,5945,8528
7112,8528,8527
7113,8530,8532
7114,8532,8531
7115,8533,8535
7116,8535,8536
7117,8536,8534
7118,8537,8538
7119,6274,8539
7120,8539,8540
7121,8540,2417
7122,8541,8542
7123,8544,4884
7124,4884,232
7125,232,8546
7126,8546,6086
7127,6086,1781
7128,1781,8547
7129,8547,8545
7130,8548,4825
7131,4825,1926
7132,1926,3439
7133,3439,8550
7134,8550,8551
7135,8551,8552
7136,8552,8549
7137,8553,8555
7138,8555,8556
7139,8556,3653
7140,3653,8554
7141,7042,1690
7142,1690,8557
7143,8558,8559
7144,8560,8561
7145,8562,8564
7146,8564,8565
7147,8565,8563
7148,8566,8568
7149,8568,502
7150,502,8569
7151,8569,8567
7152,8570,8571
7153,8571,6402
7154,8572,8454
7155,3368,5836
7156,5836,8574
7157,8574,8573
7158,3172,8576
7159,8576,8575
7160,7724,8577
7161,8578,8579
7162,6193,1216
7163,1216,8581
7164,8581,7907
7165,7907,8580
7166,8582,8583
7167,2603,3170
7168,3170,2604
7169,8584,8585
7170,8586,8587
7171,8587,924
7172,8588,8589
7173,7927,6334
7174,5017,8593
7175,8593,5590
7176,5590,8242
7177,8242,8592
7178,8594,8595
7179,3067,3956
7180,3956,8596
7181,8596,1615
7182,1615,7506
7183,7506,8597
7184,8597,8598
7185,8598,8599
7186,8599,5269
7187,4488,4490
7188,7205,8601
7189,8601,8602
7190,8602,8603
7191,8603,8604
7192,8604,1205
7193,8605,8607
7194,8607,8608
7195,8608,28
7196,28,8606
7197,8609,8610
7198,8611,5476
7199,8612,8614
7200,8614,8615
7201,8615,5043
7202,5043,7237
7203,7237,8613
7204,7169,8616
7205,8617,8618
7206,8619,3485
7207,8620,7688
7208,7688,8621
7209,8621,8622
7210,8622,8623
7211,8623,8624
7212,8624,8625
7213,8625,7847
7214,7847,8626
7215,8626,7880
7216,8627,6759
7217,3143,8628
7218,7607,8629
7219,4940,206
7220,206,8131
7221,8630,8632
7222,8632,8633
7223,8633,8634
7224,8634,8631
7225,8635,8637
7226,8637,8638
7227,8638,7507
7228,7507,5388
7229,5388,8639
7230,8639,8311
7231,8311,3955
7232,3955,8636
7233,8640,8641
7234,5777,8643
7235,8643,8642
7236,8644,5008
7237,8522,7335
7238,7335,8645
7239,8645,8646
7240,8646,4006
7241,4006,4760
7242,4760,910
7243,8647,3347
7244,3347,6515
7245,2982,8649
7246,8649,8213
7247,8213,8214
7248,8214,8650
7249,8650,8651
7250,8651,8652
7251,8652,8648
7252,8653,7860
7253,7860,3740
7254,3740,8654
7255,681,8656
7256,8656,8657
7257,8657,8655
7258,8660,7043
7259,922,923
7260,8661,8662
7261,1349,8664
7262,8664,8665
7263,8665,8663
7264,8534,8667
7265,8667,8666
7266,8668,8669
7267,8670,8671
7268,5309,8672
7269,8672,7462
7270,8673,7737
7271,7737,8675
7272,8675,8674
7273,8676,3282
7274,1796,8677
7275,8678,8680
7276,8680,8681
7277,8681,3625
7278,3625,8679
7279,89,8682
7280,8683,8685
7281,8685,8251
7282,8251,8686
7283,8686,1650
7284,1650,8687
7285,8687,8688
7286,8688,8684
7287,8174,3433
7288,7226,8690
7289,8690,8691
7290,8691,8692
7291,8692,8693
7292,8693,8694
7293,8694,8695
7294,8695,5973
7295,5973,8696
7296,8696,7430
7297,7430,2339
7298,2339,8697
7299,8697,3153
7300,3153,8698
7301,8698,136
7302,136,2046
7303,2046,4389
7304,4389,8699
7305,8699,8700
7306,8700,8701
7307,8701,8702
7308,8702,8703
7309,8703,8689
7310,8704,8705
7311,8707,8708
7312,8709,8710
7313,7353,2236
7314,8711,1169
7315,1169,8713
7316,8713,8714
7317,8714,8712
7318,8715,8717
7319,8717,8718
7320,8718,8719
7321,8719,8716
7322,8720,8722
7323,8722,8721
7324,8723,8724
7325,7357,8725
7326,8726,7585
7327,8727,5926
7328,7481,8729
7329,8729,2320
7330,2320,8730
7331,8730,8731
7332,8731,8732
7333,8732,8733
7334,8733,8734
7335,8734,6011
7336,6011,8728
7337,8735,8737
7338,8737,8738
7339,8738,8736
7340,7066,8740
7341,8740,8741
7342,8741,8742
7343,8742,8743
7344,8743,8744
7345,8744,5464
7346,5464,8739
7347,8745,5180
7348,8746,8748
7349,8748,8749
7350,8749,8750
7351,8750,262
7352,262,8747
7353,5434,8751
7354,8581,8753
7355,8753,8752
7356,8754,8756
7357,8756,8757
7358,8757,8755
7359,4682,710
7360,710,8758
7361,8454,8759
7362,8760,1106
7363,8761,8762
7364,8451,2052
7365,2052,8764
7366,8764,8763
7367,8765,4546
7368,4546,8767
7369,8767,8766
7370,8121,8768
7371,8769,8471
7372,8471,8770
7373,8771,8772
7374,8773,6624
7375,8774,8775
7376,8776,8778
7377,8778,8777
7378,8779,7330
7379,7330,7329
7380,7329,8781
7381,8781,8782
7382,8782,8780
7383,8783,8785
7384,8785,189
7385,189,8786
7386,8786,8787
7387,8787,8784
7388,2562,8788
7389,8789,8791
7390,8791,8792
7391,8792,4199
7392,4199,8790
7393,8793,8794
7394,8795,7253
7395,7253,8796
7396,8797,7241
7397,7241,8798
7398,8798,7573
7399,7573,7000
7400,7000,8799
7401,8799,5790
7402,5790,8800
7403,8800,8801
7404,8801,3314
7405,8802,8803
7406,8805,8806
7407,3516,8808
7408,8808,5830
7409,5830,8807
7410,4270,8810
7411,8810,8809
7412,3998,8811
7413,8812,3012
7414,3012,8813
7415,4621,3328
7416,3328,6363
7417,8814,5389
7418,8817,8818
7419,4577,8821
7420,8821,6223
7421,6223,5689
7422,5689,528
7423,8822,5007
7424,5007,4223
7425,4223,5008
7426,5008,8823
7427,8824,8826
7428,8826,6004
7429,6004,8827
7430,8827,8825
7431,8828,8829
7432,8829,1782
7433,1782,6085
7434,6085,8830
7435,8830,4
7436,4,231
7437,8831,8833
7438,8833,8834
7439,8834,8835
7440,8835,1805
7441,1805,8836
7442,8836,8837
7443,8837,3294
7444,3294,8832
7445,5603,2731
7446,2731,8792
7447,8792,2300
7448,2300,2932
7449,8838,8839
7450,333,7704
7451,7704,8840
7452,8841,8843
7453,8843,8842
7454,8847,8848
7455,8849,8851
7456,8851,8850
7457,8852,8853
7458,8853,8854
7459,8854,671
7460,3841,8852
7461,8852,3844
7462,3844,3317
7463,3317,3841
7464,4937,7734
7465,8855,8856
7466,8857,8859
7467,8859,8860
7468,8860,8858
7469,7106,8862
7470,8862,8863
7471,8863,8861
7472,8866,8868
7473,8868,8869
7474,8869,8870
7475,8870,8867
7476,8873,8875
7477,8875,8876
7478,8876,4357
7479,4357,8877
7480,8877,8878
7481,8878,2406
7482,2406,8879
7483,8879,8880
7484,8880,8881
7485,8881,2114
7486,2114,8874
7487,8882,2269
7488,8883,8884
7489,8884,8885
7490,8885,5302
7491,1436,1438
7492,5317,1904
7493,8886,8888
7494,8888,8887
7495,8889,8891
7496,8891,5468
7497,5468,8890
7498,8892,8894
7499,8894,8895
7500,8895,8893
7501,8896,3925
7502,3925,8897
7503,8898,8900
7504,8900,8901
7505,8901,8902
7506,8902,8903
7507,8903,8899
7508,8904,8325
7509,646,8906
7510,8906,8907
7511,8907,8908
7512,8908,8909
7513,8909,8905
7514,8910,8160
7515,7894,7639
7516,7639,6804
7517,6804,8911
7518,8912,3431
7519,3431,7245
7520,7245,8913
7521,8914,8915
7522,8915,8916
7523,8916,8917
7524,8917,8915
7525,8918,6294
7526,8919,8921
7527,8921,8922
7528,8922,8923
7529,8923,3218
7530,3218,7712
7531,7712,8924
7532,8924,8925
7533,8925,8695
7534,8695,8926
7535,8926,8927
7536,8927,8928
7537,8928,8929
7538,8929,8920
7539,8930,8562
7540,3089,8931
7541,8931,8932
7542,8932,8933
7543,8933,3301
7544,8934,6313
7545,537,5317
7546,8935,8937
7547,8937,8936
7548,8938,546
7549,8939,141
7550,141,6298
7551,6298,8940
7552,7047,8941
7553,4487,4494
7554,8942,8943
7555,8944,8945
7556,8946,3319
7557,8947,8949
7558,8949,8948
7559,8950,8952
7560,8952,8953
7561,8953,8954
7562,8954,8955
7563,8955,8956
7564,8956,1997
7565,1997,8957
7566,8957,8958
7567,8958,1998
7568,1998,53
7569,53,8951
7570,8959,8960
7571,8961,8962
7572,287,463
7573,8963,8965
7574,8965,8966
7575,8966,7004
7576,7004,8964
7577,8967,3784
7578,3784,8969
7579,8969,8970
7580,8970,8968
7581,8971,8972
7582,8973,4871
7583,4871,8975
7584,8975,8976
7585,8976,8977
7586,8977,4604
7587,4604,8978
7588,8978,4300
7589,4300,8974
7590,8979,8980
7591,1705,8981
7592,8981,8982
7593,8982,8983
7594,8983,8984
7595,8984,8985
7596,8985,1704
7597,1704,1699
7598,8986,8669
7599,6756,7352
7600,7352,8988
7601,8988,8989
7602,8989,7885
7603,7885,171
7604,171,8987
7605,8990,8991
7606,8991,4157
7607,7186,1344
7608,1344,8993
7609,8993,8992
7610,8994,7919
7611,8995,8997
7612,8997,8998
7613,8998,8996
7614,8999,7861
7615,7861,6776
7616,9000,9001
7617,9002,9004
7618,9004,9005
7619,9005,9003
7620,3687,1048
7621,6005,1420
7622,1420,1419
7623,1419,6006
7624,9006,6285
7625,9007,9008
7626,9008,8520
7627,9009,4447
7628,4447,1306
7629,9010,9012
7630,9012,9013
7631,9013,9014
7632,9014,9015
7633,9015,9011
7634,9016,9018
7635,9018,9019
7636,9019,9020
7637,9020,9021
7638,9021,9022
7639,9022,9017
7640,3719,9024
7641,9024,9025
7642,9025,1537
7643,1537,8248
7644,8248,9026
7645,9026,9023
7646,9027,9028
7647,9029,9031
7648,9031,1744
7649,1744,9030
7650,9032,1274
7651,1274,9034
7652,9034,9035
7653,9035,9036
7654,9036,364
7655,364,9033
7656,9037,2609
7657,9038,9039
7658,9039,9040
7659,9040,9041
7660,9041,5331
7661,5331,8002
7662,3580,9043
7663,9043,9044
7664,9044,8467
7665,8467,9045
7666,9045,9046
7667,9046,5035
7668,5035,6792
7669,6792,2003
7670,2003,9047
7671,9047,9048
7672,9048,8814
7673,1132,9049
7674,9049,2594
7675,5166,9051
7676,9051,9050
7677,9052,9053
7678,9053,2103
7679,2103,9054
7680,9054,8975
7681,8975,3241
7682,3241,9055
7683,9055,9056
7684,9056,9057
7685,9057,9058
7686,9058,8249
7687,8249,8190
7688,9059,9060
7689,9060,9061
7690,9061,9062
7691,9062,9063
7692,9063,8487
7693,9064,9065
7694,359,9066
7695,9066,9067
7696,9067,9068
7697,9068,360
7698,9069,9071
7699,9071,9070
7700,4492,9072
7701,9073,9074
7702,5219,9075
7703,494,9076
7704,9077,9078
7705,9079,9080
7706,9081,9082
7707,9083,3822
7708,3822,9084
7709,9084,9085
7710,9085,9086
7711,9086,3742
7712,8825,1972
7713,1972,7521
7714,7521,2954
7715,7822,9087
7716,9088,4151
7717,4151,9090
7718,9090,9091
7719,9091,9089
7720,1933,9092
7721,9093,9094
7722,9095,9097
7723,9097,9096
7724,9098,9099
7725,9092,9100
7726,9101,9102
7727,9103,2513
7728,9104,5465
7729,5465,9106
7730,9106,2243
7731,2243,8452
7732,8452,9105
7733,20,9107
7734,9108,9109
7735,9110,9111
7736,9112,5077
7737,5077,3050
7738,3050,5492
7739,5492,9114
7740,9114,9113
7741,9115,9117
7742,9117,9116
7743,9118,7232
7744,7232,9119
7745,9119,7818
7746,7818,9120
7747,9120,1905
7748,1905,5324
7749,5324,529
7750,137,1561
7751,9123,9124
7752,9125,9126
7753,1741,4441
7754,9127,5103
7755,5103,278
7756,278,9128
7757,9129,1844
7758,1844,1210
7759,1210,9131
7760,9131,1211
7761,1211,9130
7762,6971,2224
7763,2224,9133
7764,9133,8055
7765,8055,2798
7766,2798,9134
7767,9134,4631
7768,4631,9135
7769,9135,9136
7770,9136,4793
7771,4793,9137
7772,9137,9138
7773,9138,9132
7774,7506,5786
7775,5786,1400
7776,1400,9140
7777,9140,9139
7778,9141,9143
7779,9143,9142
7780,9144,9145
7781,3435,2232
7782,2232,8912
7783,8912,9146
7784,9149,1528
7785,1528,1814
7786,1814,9150
7787,9151,9152
7788,9152,1194
7789,1194,8614
7790,8614,7978
7791,9153,9155
7792,9155,9156
7793,9156,9154
7794,9157,1694
7795,1694,9159
7796,9159,9160
7797,9160,1703
7798,1703,9158
7799,9161,9163
7800,9163,9164
7801,9164,9162
7802,9165,9166
7803,9166,1127
7804,9168,9170
7805,9170,739
7806,739,9169
7807,9171,9173
7808,9173,9172
7809,9174,5058
7810,5058,9175
7811,9175,6905
7812,6905,3125
7813,9176,6878
7814,4378,9178
7815,9178,9177
7816,9179,9181
7817,9181,2360
7818,2360,9180
7819,9182,7869
7820,7869,9184
7821,9184,9183
7822,4277,8344
7823,9185,9186
7824,8951,8950
7825,9187,2819
7826,2819,2323
7827,2323,9189
7828,9189,9190
7829,9190,9191
7830,9191,9192
7831,9192,9188
7832,9193,4849
7833,9194,9195
7834,8074,9197
7835,9197,9198
7836,9198,8043
7837,8043,9196
7838,4005,1602
7839,9199,9200
7840,9201,5047
7841,5047,918
7842,918,9203
7843,9203,9204
7844,9204,9205
7845,9205,9206
7846,9206,9207
7847,9207,9208
7848,9208,9209
7849,9209,9210
7850,9210,9211
7851,9211,9212
7852,9212,9213
7853,9213,1634
7854,1634,9202
7855,9214,9215
7856,3069,6029
7857,6029,9216
7858,9216,1373
7859,1373,9217
7860,9217,6961
7861,6961,343
7862,9218,9219
7863,9220,2993
7864,9221,9223
7865,9223,9224
7866,9224,9225
7867,9225,2291
7868,2291,9222
7869,8505,8504
7870,9226,9227
7871,9227,9228
7872,9228,6103
7873,1492,9229
7874,8020,9230
7875,1658,9232
7876,9232,9233
7877,9233,9231
7878,9234,9235
7879,9235,4084
7880,5552,7138
7881,7138,7959
7882,9236,9238
7883,9238,9239
7884,9239,9240
7885,9240,9241
7886,9241,9237
7887,9242,9244
7888,9244,9243
7889,9245,9247
7890,9247,9248
7891,9248,9249
7892,9249,9250
7893,9250,8244
7894,8244,5002
7895,5002,3117
7896,3117,9251
7897,9251,5485
7898,5485,6328
7899,6328,9252
7900,9252,9253
7901,9253,9254
7902,9254,9255
7903,9255,8659
7904,8659,5407
7905,5407,9256
7906,9256,6049
7907,6049,9246
7908,9257,9258
7909,979,9259
7910,9259,6312
7911,6312,2261
7912,9260,9262
7913,9262,9263
7914,9263,9261
7915,1645,3688
7916,3688,9265
7917,9265,9266
7918,9266,9267
7919,9267,7244
7920,7244,9268
7921,9268,9269
7922,9269,8799
7923,8799,9270
7924,9270,8175
7925,8175,9264
7926,9271,9272
7927,9272,2491
7928,2491,1115
7929,9273,9274
7930,9275,4247
7931,4247,9276
7932,2292,9278
7933,9278,9279
7934,9279,9277
7935,9280,9282
7936,9282,3006
7937,3006,9281
7938,9283,4810
7939,9284,9285
7940,9285,965
7941,965,9286
7942,9286,9287
7943,9287,9288
7944,9288,9289
7945,9289,9290
7946,9290,9291
7947,9291,8096
7948,8096,9292
7949,9292,9293
7950,9293,4308
7951,6048,9294
7952,8634,9295
7953,8704,9296
7954,9297,4812
7955,4812,513
7956,513,9298
7957,9298,9299
7958,9299,562
7959,148,8961
7960,9301,9302
7961,9303,9304
7962,9305,9306
7963,9307,9308
7964,6969,2223
7965,9309,9311
7966,9311,337
7967,337,9310
7968,9314,9315
7969,9316,3467
7970,3467,9318
7971,9318,9317
7972,5013,6549
7973,6549,6305
7974,6305,9320
7975,9320,9321
7976,9321,9319
7977,6401,8570
7978,8570,9322
7979,9323,9324
7980,9325,9327
7981,9327,9326
7982,9328,6052
7983,9329,9331
7984,9331,2729
7985,2729,921
7986,921,9332
7987,9332,9333
7988,9333,6014
7989,6014,9334
7990,9334,9330
7991,9335,677
7992,677,9336
7993,9337,640
7994,640,9338
7995,9339,9341
7996,9341,9342
7997,9342,9343
7998,9343,9340
7999,9344,2286
8000,2286,9346
8001,9346,9347
8002,9347,9348
8003,9348,9345
8004,9349,1418
8005,1418,9350
8006,3400,7851
8007,7851,9352
8008,9352,9353
8009,9353,9354
8010,9354,9355
8011,9355,9356
8012,9356,7690
8013,7690,9357
8014,9357,9358
8015,9358,9351
8016,9359,9360
8017,9361,652
8018,652,9362
8019,9365,6673
8020,6673,9366
8021,9367,5772
8022,9368,4870
8023,4870,9055
8024,9055,5061
8025,5128,8296
8026,8296,2781
8027,9262,9369
8028,9061,9370
8029,9372,9374
8030,9374,9375
8031,9375,9376
8032,9376,9373
8033,9377,7960
8034,7960,7136
8035,445,9378
8036,9381,4515
8037,3226,9383
8038,9383,9382
8039,9384,9386
8040,9386,9385
8041,9387,9389
8042,9389,9390
8043,9390,9388
8044,9391,9392
8045,6197,9393
8046,9393,944
8047,944,7991
8048,7991,9394
8049,9394,3347
8050,9395,2960
8051,1241,9397
8052,9397,9398
8053,9398,9396
8054,480,9399
8055,9399,1101
8056,1101,9400
8057,9400,9401
8058,9401,2045
8059,2045,135
8060,135,9402
8061,9402,3156
8062,9403,9404
8063,9405,9406
8064,9407,9408
8065,385,9410
8066,9410,9411
8067,9411,9412
8068,9412,5799
8069,5799,9413
8070,9413,9409
8071,6438,9415
8072,9415,9414
8073,9417,8305
8074,8305,9418
8075,9418,9419
8076,9419,9420
8077,9420,8674
8078,8674,8673
8079,8673,8715
8080,6246,7252
8081,7252,2130
8082,2130,5903
8083,5903,3527
8084,3527,9422
8085,9422,9421
8086,9425,3655
8087,5138,7602
8088,7602,9427
8089,9427,9428
8090,9428,9429
8091,9429,9426
8092,9430,2684
8093,9431,5696
8094,5696,9432
8095,9432,9433
8096,9433,3665
8097,3665,9434
8098,9434,9435
8099,9435,9436
8100,9436,9437
8101,9437,8091
8102,8091,9438
8103,9438,7808
8104,7808,9439
8105,9439,9440
8106,9440,9441
8107,9441,9442
8108,9442,9443
8109,9443,9444
8110,9444,9445
8111,9445,8652
8112,9446,9447
8113,9447,8118
8114,1378,9448
8115,9448,9449
8116,9449,9450
8117,9450,65
8118,9451,8027
8119,8027,9453
8120,9453,9452
8121,3685,9454
8122,9455,9456
8123,4373,9458
8124,9458,8314
8125,8314,9459
8126,9459,7422
8127,7422,9460
8128,9460,4796
8129,4796,9461
8130,9461,4627
8131,4627,9457
8132,9462,9463
8133,2957,9465
8134,9465,9464
8135,9466,9467
8136,9467,9468
8137,9468,7577
8138,9469,9471
8139,9471,9470
8140,5508,9473
8141,9473,9472
8142,9474,9475
8143,9476,4983
8144,4983,5636
8145,5335,9477
8146,9478,7622
8147,7622,5315
8148,9204,7618
8149,7618,9479
8150,4435,2843
8151,2843,9480
8152,6847,6845
8153,6845,9482
8154,9482,9481
8155,9483,3958
8156,9484,3868
8157,3868,3866
8158,3866,9486
8159,9486,9484
8160,9484,9485
8161,7972,9487
8162,9488,9490
8163,9490,9491
8164,9491,6490
8165,6490,9492
8166,9492,9489
8167,3595,5560
8168,5560,9494
8169,9495,9496
8170,9497,9498
8171,9498,7155
8172,9499,1819
8173,1819,1523
8174,1523,9500
8175,9501,9503
8176,9503,9502
8177,3031,2906
8178,2906,8527
8179,8527,2573
8180,2573,9378
8181,9378,3823
8182,3823,463
8183,8166,9504
8184,9505,9507
8185,9507,9508
8186,9508,9506
8187,9509,7533
8188,7533,9511
8189,9511,9512
8190,9512,9510
8191,823,9513
8192,9514,9516
8193,9516,2662
8194,2662,1579
8195,1579,9515
8196,9517,5727
8197,5727,3236
8198,3236,6442
8199,9518,9520
8200,9520,9519
8201,9521,9522
8202,9522,9523
8203,9523,8476
8204,2752,306
8205,2933,9524
8206,9525,8577
8207,8577,9527
8208,9527,9526
8209,9528,9530
8210,9530,9531
8211,9531,9529
8212,8427,6648
8213,6648,4485
8214,4485,1380
8215,1380,4486
8216,4486,3649
8217,3649,9519
8218,9519,328
8219,328,5919
8220,5919,2654
8221,2654,9533
8222,9533,9532
8223,4240,3149
8224,4541,3279
8225,3279,755
8226,755,9534
8227,9535,9536
8228,9537,9538
8229,9538,9539
8230,9539,6418
8231,8297,9540
8232,6321,9541
8233,9541,9542
8234,9542,9543
8235,9543,9544
8236,9544,9545
8237,9545,3357
8238,3357,1327
8239,210,7207
8240,2024,9546
8241,2302,5885
8242,5885,9548
8243,9548,9549
8244,9549,9550
8245,9550,9551
8246,9551,3109
8247,3109,9547
8248,9552,9554
8249,9554,9555
8250,9555,2083
8251,2083,9553
8252,9556,9557
8253,9557,3420
8254,9560,9562
8255,9562,6601
8256,6601,4118
8257,4118,9563
8258,9563,9564
8259,9564,9565
8260,9565,9566
8261,9566,5209
8262,5209,8658
8263,8658,9255
8264,9255,9567
8265,9567,9568
8266,9568,9561
8267,9569,9570
8268,9571,8994
8269,8994,9572
8270,9573,4806
8271,4806,9575
8272,9575,9574
8273,9576,7570
8274,9577,8304
8275,8199,9578
8276,9579,3471
8277,3471,9580
8278,9580,5016
8279,5016,2084
8280,2084,5119
8281,5119,9579
8282,8189,9581
8283,9582,9583
8284,9583,3095
8285,6880,9585
8286,9585,9584
8287,1300,9586
8288,9587,8066
8289,9588,9589
8290,9592,9593
8291,6585,9594
8292,9595,9596
8293,5203,2303
8294,2303,9597
8295,9597,382
8296,382,5409
8297,5409,9598
8298,9598,6933
8299,6933,597
8300,597,2775
8301,2775,9599
8302,9599,9600
8303,9600,5355
8304,789,784
8305,9603,8908
8306,1761,9604
8307,3676,9605
8308,9606,9607
8309,9608,2214
8310,2214,3534
8311,3534,9609
8312,8897,9611
8313,9611,9610
8314,9612,9614
8315,9614,9613
8316,9615,9616
8317,9617,9618
8318,9618,3929
8319,3929,9619
8320,9619,9618
8321,8716,8144
8322,9620,9622
8323,9622,3611
8324,3611,9623
8325,9623,9621
8326,9624,7235
8327,9625,9626
8328,6475,9628
8329,9628,9627
8330,9629,9630
8331,7453,6730
8332,6730,9631
8333,607,7668
8334,7668,611
8335,2858,9633
8336,9633,9632
8337,3111,3862
8338,3862,4746
8339,4746,9635
8340,9635,9636
8341,9636,9637
8342,9637,9638
8343,9638,9639
8344,9639,9640
8345,9640,9641
8346,9641,9642
8347,9642,7113
8348,7113,9634
8349,3553,4328
8350,9643,9644
8351,9645,3787
8352,5812,9646
8353,9647,8307
8354,7837,7838
8355,9650,9651
8356,9145,9652
8357,9653,326
8358,326,9655
8359,9655,7678
8360,7678,9654
8361,9363,9656
8362,9656,7922
8363,7922,7643
8364,9657,9658
8365,9659,335
8366,9660,9662
8367,9662,9661
8368,9663,9665
8369,9665,9664
8370,7883,5576
8371,1584,9666
8372,7552,9667
8373,4579,6447
8374,6447,9669
8375,9669,9670
8376,9670,8234
8377,8234,7454
8378,7454,9668
8379,8900,8902
8380,9671,9673
8381,9673,9605
8382,9605,8736
8383,8736,8735
8384,8735,9672
8385,9674,9675
8386,9676,9677
8387,9681,4369
8388,4369,9683
8389,9683,9684
8390,9684,9682
8391,9688,6235
8392,9691,7728
8393,7728,9693
8394,9693,9694
8395,9694,7063
8396,7063,9695
8397,9695,9692
8398,9696,2510
8399,2510,9698
8400,9698,9699
8401,9699,9697
8402,9700,2354
8403,9701,9702
8404,9702,9703
8405,9703,9701
8406,9704,1514
8407,9705,9706
8408,9706,9707
8409,9707,3963
8410,3963,9708
8411,9708,9709
8412,9709,6982
8413,6982,9710
8414,9710,8126
8415,9597,9711
8416,1549,4515
8417,4515,9712
8418,9712,9713
8419,9713,9714
8420,9714,9715
8421,9715,9716
8422,9716,1809
8423,2618,3656
8424,7189,9717
8425,6825,9718
8426,9140,1617
8427,1617,5958
8428,5958,9719
8429,6164,5763
8430,5763,9721
8431,9721,9720
8432,4714,888
8433,888,3879
8434,3879,9722
8435,9722,9723
8436,9723,3636
8437,3636,9724
8438,9724,1820
8439,9725,9726
8440,9727,9729
8441,9729,9730
8442,9730,9731
8443,9731,9728
8444,1829,8299
8445,8299,9732
8446,9732,9733
8447,9733,4950
8448,4950,9734
8449,9734,6596
8450,6596,3546
8451,9195,798
8452,9735,9737
8453,9737,9738
8454,9738,1901
8455,1901,9739
8456,9739,9736
8457,9740,9741
8458,9742,9743
8459,2544,1163
8460,1163,9744
8461,9745,9746
8462,9747,9748
8463,9748,9749
8464,9749,9747
8465,6231,8450
8466,8450,2191
8467,2191,9751
8468,9751,5537
8469,5537,9750
8470,9752,9753
8471,9754,3754
8472,3754,2455
8473,2455,9756
8474,9756,9755
8475,9757,9758
8476,9758,6622
8477,9759,6371
8478,6371,9761
8479,9761,9760
8480,9762,9764
8481,9764,9763
8482,7472,9114
8483,9765,9766
8484,9767,4214
8485,4214,7399
8486,7399,2857
8487,9768,9770
8488,9770,9098
8489,9098,9769
8490,3521,1143
8491,9773,9774
8492,9774,9775
8493,9775,1662
8494,1662,9776
8495,9776,9777
8496,9777,9778
8497,9778,9779
8498,9779,9780
8499,9780,3051
8500,3051,2995
8501,9781,9782
8502,4946,2472
8503,9783,9785
8504,9785,4692
8505,4692,9786
8506,9786,9787
8507,9787,9788
8508,9788,9789
8509,9789,8694
8510,8694,9790
8511,9790,9791
8512,9791,7713
8513,7713,3217
8514,3217,9792
8515,9792,9793
8516,9793,9794
8517,9794,9784
8518,9795,9796
8519,9796,4776
8520,9797,9798
8521,9799,9800
8522,9801,9802
8523,9803,5775
8524,5775,9804
8525,9804,9805
8526,9805,9806
8527,9806,9807
8528,9807,9808
8529,9808,9804
8530,120,8312
8531,8312,5387
8532,5387,7505
8533,7505,9809
8534,9809,9810
8535,9810,1066
8536,7041,8671
8537,6874,9812
8538,316,9813
8539,9813,36
8540,9814,4303
8541,4303,9816
8542,9816,9817
8543,9817,5540
8544,5540,9818
8545,9818,9815
8546,2783,269
8547,269,1969
8548,1969,9819
8549,9819,2021
8550,9820,9821
8551,9821,6901
8552,6901,8964
8553,9212,9019
8554,9019,9823
8555,9823,9822
8556,3210,9824
8557,9825,9827
8558,9827,9828
8559,9828,9829
8560,9829,7351
8561,7351,9826
8562,2829,9830
8563,9830,9831
8564,9831,4599
8565,4599,9832
8566,9832,9833
8567,9833,9834
8568,9834,76
8569,76,8127
8570,9046,9835
8571,9835,9836
8572,9836,9837
8573,9837,235
8574,9838,9839
8575,9842,9844
8576,9844,9843
8577,9845,9846
8578,9846,9847
8579,9847,5504
8580,5504,9848
8581,9848,6817
8582,9849,9850
8583,9853,9855
8584,9855,9854
8585,9856,9858
8586,9858,9857
8587,9859,9860
8588,5315,9862
8589,9862,9863
8590,9863,1011
8591,1011,9864
8592,9864,2373
8593,2373,9865
8594,9865,9866
8595,9866,6180
8596,6180,6434
8597,6434,9867
8598,9867,9861
8599,8615,1196
8600,1196,4048
8601,5202,9868
8602,9869,243
8603,243,9870
8604,9870,9469
8605,9469,623
8606,623,624
8607,624,9871
8608,9871,6748
8609,9875,9876
8610,9877,9607
8611,9607,4947
8612,4947,393
8613,393,9879
8614,9879,9878
8615,9880,7565
8616,7565,5342
8617,5342,9881
8618,9881,1607
8619,9289,9883
8620,9883,9884
8621,9884,9882
8622,9885,5948
8623,9886,9887
8624,9888,9889
8625,9889,9890
8626,9890,9259
8627,9259,8934
8628,8657,9891
8629,1377,9893
8630,9893,9894
8631,9894,9895
8632,9895,9896
8633,9896,9892
8634,1960,5585
8635,5585,7084
8636,2293,9900
8637,9901,9902
8638,3428,9903
8639,5870,9905
8640,9905,9906
8641,9906,9907
8642,9907,9908
8643,9908,3563
8644,3563,5510
8645,5510,9909
8646,9909,9910
8647,9910,9911
8648,9911,9904
8649,9912,9914
8650,9914,9915
8651,9915,957
8652,957,9913
8653,5300,6188
8654,9917,9918
8655,9919,9921
8656,9921,9922
8657,9922,9920
8658,9923,9924
8659,9926,9927
8660,1109,6842
8661,6842,9928
8662,9929,9931
8663,9931,9932
8664,9932,9930
8665,9933,956
8666,956,9935
8667,9935,9936
8668,9936,9937
8669,9937,9938
8670,9938,9934
8671,9940,8572
8672,9941,9942
8673,9943,9945
8674,9945,9944
8675,9946,2149
8676,2149,2771
8677,2771,9947
8678,9947,9948
8679,9948,9949
8680,9949,9388
8681,9388,4859
8682,4859,8627
8683,8627,9153
8684,9950,9952
8685,9952,9953
8686,9953,8529
8687,8529,9951
8688,9954,9955
8689,9956,9957
8690,5381,9958
8691,9959,9960
8692,6417,9961
8693,9964,9966
8694,9966,9967
8695,9967,9965
8696,9106,8743
8697,9968,9969
8698,5378,9971
8699,9971,9972
8700,9972,7793
8701,7793,3913
8702,3913,5371
8703,5371,8699
8704,8699,9970
8705,2110,7118
8706,7118,9974
8707,9974,9973
8708,1687,8620
8709,1491,9975
8710,9975,5064
8711,5064,1494
8712,9807,7386
8713,7386,9976
8714,9976,9808
8715,9977,4098
8716,4098,9978
8717,9978,6325
8718,6325,5895
8719,5895,9979
8720,9979,6769
8721,6769,4823
8722,4823,9980
8723,9980,8153
8724,9981,9982
8725,9983,9985
8726,9985,9986
8727,9986,8033
8728,8033,9984
8729,9494,7381
8730,7381,9987
8731,9988,8833
8732,8833,9369
8733,9369,9989
8734,9990,2407
8735,2407,9991
8736,9991,6031
8737,6031,9992
8738,9992,6620
8739,9993,9994
8740,9994,7900
8741,4155,9995
8742,9996,9998
8743,9998,9999
8744,9999,8632
8745,8632,9997
8746,293,10000
8747,10000,10001
8748,10001,10002
8749,10002,10003
8750,10003,10004
8751,10004,10005
8752,10005,10006
8753,10006,10007
8754,10007,10008
8755,10008,301
8756,1789,7211
8757,7211,10009
8758,10009,9110
8759,9110,10010
8760,10010,10011
8761,10011,9111
8762,9111,10012
8763,10012,10009
8764,10013,10015
8765,10015,10016
8766,10016,6339
8767,6339,10014
8768,2042,1102
8769,1102,10020
8770,10020,6178
8771,6178,10021
8772,10021,10019
8773,9169,10022
8774,10023,10025
8775,10025,10024
8776,7026,1821
8777,1821,7673
8778,10026,10027
8779,3934,3933
8780,3025,2619
8781,10028,10029
8782,10029,723
8783,723,10030
8784,10030,7463
8785,7463,9533
8786,10031,10032
8787,4656,10033
8788,10033,6945
8789,10034,8818
8790,8818,10036
8791,10036,10035
8792,10037,4448
8793,10038,10039
8794,10040,10041
8795,10042,10043
8796,9570,10045
8797,10045,10044
8798,2726,10047
8799,10048,10049
8800,10049,9278
8801,10050,10051
8802,10052,10053
8803,1571,10055
8804,10055,4396
8805,4396,10054
8806,7806,10056
8807,10056,2527
8808,2527,8102
8809,8102,10057
8810,10057,10058
8811,10058,9815
8812,9815,10059
8813,10059,1264
8814,10060,10061
8815,7310,10065
8816,9263,8834
8817,8834,10066
8818,10067,3692
8819,3692,5395
8820,5395,10068
8821,10069,890
8822,890,10071
8823,10071,3939
8824,3939,3975
8825,3975,10072
8826,10072,10070
8827,7023,10074
8828,10074,6023
8829,6023,10073
8830,3320,10075
8831,10076,10078
8832,10078,10077
8833,10079,10080
8834,10080,4929
8835,10081,10082
8836,10082,5259
8837,5259,10083
8838,10083,10084
8839,10084,10085
8840,10085,8409
8841,8001,10086
8842,10086,6505
8843,48,5518
8844,10088,10089
8845,10090,10091
8846,10091,5335
8847,5335,578
8848,578,5049
8849,5049,10092
8850,10092,10093
8851,10093,5566
8852,5566,10094
8853,10094,10095
8854,10095,10096
8855,10096,10097
8856,10097,10098
8857,10098,9477
8858,9477,867
8859,867,9301
8860,9301,10090
8861,2761,10099
8862,10100,10102
8863,10102,10101
8864,8289,10104
8865,9749,6718
8866,10105,4630
8867,4630,10107
8868,10107,10106
8869,10109,10111
8870,10111,10112
8871,10112,10113
8872,10113,10114
8873,10114,10110
8874,10115,9538
8875,10116,6784
8876,6784,10118
8877,10118,10117
8878,10119,10120
8879,10120,10121
8880,10121,1272
8881,10122,688
8882,688,3981
8883,3981,10123
8884,2514,10124
8885,10125,10127
8886,10127,10126
8887,10128,439
8888,439,10129
8889,10130,10132
8890,10132,6554
8891,6554,10131
8892,10133,4443
8893,4443,10134
8894,10135,494
8895,494,10136
8896,10137,10138
8897,10139,10140
8898,10140,10139
8899,9059,10142
8900,6167,4382
8901,4382,10144
8902,10144,10145
8903,10145,10146
8904,10146,8230
8905,8230,10147
8906,10147,7331
8907,7331,10148
8908,10148,10143
8909,6665,10149
8910,216,10151
8911,10151,10152
8912,10152,10153
8913,10153,5804
8914,5804,10150
8915,10154,10156
8916,10156,10155
8917,10157,10158
8918,9908,3565
8919,3565,5512
8920,1256,10161
8921,10161,7377
8922,7377,9169
8923,9169,10160
8924,10162,8463
8925,8463,10163
8926,5139,9427
8927,2563,5280
8928,10164,10165
8929,10165,10166
8930,10166,10167
8931,10167,7052
8932,10168,10169
8933,3188,3189
8934,667,9670
8935,9670,902
8936,902,10170
8937,10170,4289
8938,4289,6849
8939,6849,10171
8940,10171,7229
8941,10172,9467
8942,9467,10174
8943,10174,10175
8944,10175,10176
8945,10176,10173
8946,10177,9834
8947,9834,7556
8948,7556,10179
8949,10179,1366
8950,1366,2909
8951,2909,10180
8952,10180,10181
8953,10181,10182
8954,10182,10183
8955,10183,10184
8956,10184,10185
8957,10185,10186
8958,10186,10178
8959,10190,10191
8960,10191,6507
8961,6507,7875
8962,10192,6345
8963,6345,10193
8964,10193,2055
8965,5685,533
8966,533,5321
8967,5321,1908
8968,1908,3598
8969,9920,2708
8970,2708,4615
8971,4615,4908
8972,4908,9549
8973,9549,10195
8974,10195,10194
8975,10196,10198
8976,10198,10199
8977,10199,10197
8978,3088,9442
8979,9442,10200
8980,6385,4255
8981,4255,6380
8982,10201,10202
8983,10202,10203
8984,10203,10204
8985,10204,113
8986,7727,602
8987,602,10205
8988,7233,8271
8989,10206,10207
8990,6890,10209
8991,10209,6358
8992,6358,7646
8993,7646,10210
8994,10210,10211
8995,10211,6062
8996,6062,9862
8997,9862,10212
8998,10212,10213
8999,10213,10214
9000,10214,10215
9001,10215,10216
9002,10216,10217
9003,10217,7238
9004,7238,10208
9005,7645,10218
9006,10218,6359
9007,6359,10219
9008,10219,6891
9009,10220,2564
9010,2564,10222
9011,10222,10223
9012,10223,10224
9013,10224,10221
9014,6667,5923
9015,5923,8424
9016,8424,7601
9017,7601,10225
9018,10225,10226
9019,10226,10227
9020,10227,2632
9021,2632,3039
9022,3039,10228
9023,10228,6441
9024,10229,10231
9025,10231,10230
9026,10232,9414
9027,9414,10233
9028,10234,10235
9029,10236,10238
9030,10238,7283
9031,7283,10237
9032,7707,10240
9033,10240,10241
9034,10241,10239
9035,10242,10244
9036,10244,10243
9037,18,10245
9038,10245,9069
9039,9069,645
9040,10248,10249
9041,10249,10249
9042,10250,10251
9043,10251,5698
9044,1131,4457
9045,10252,10253
9046,2279,5201
9047,5201,10254
9048,10254,10255
9049,10255,10256
9050,10256,9777
9051,10257,10258
9052,6720,1962
9053,10259,7686
9054,10071,10260
9055,10260,10261
9056,10261,3938
9057,9690,10262
9058,10263,6024
9059,10264,10265
9060,10266,10267
9061,2838,10268
9062,10268,10184
9063,10184,69
9064,69,7862
9065,3001,10269
9066,10270,8587
9067,2282,10271
9068,10271,9780
9069,8430,6238
9070,10272,1358
9071,10274,3291
9072,3291,2917
9073,2917,2919
9074,2919,10275
9075,10276,10278
9076,10278,10279
9077,10279,10280
9078,10280,8706
9079,8706,10281
9080,10281,10282
9081,10282,10277
9082,10283,8703
9083,8703,10285
9084,10285,10286
9085,10286,10284
9086,10287,10288
9087,1248,10289
9088,2539,169
9089,10290,3531
9090,3531,10291
9091,2023,10297
9092,8524,3580
9093,3580,2441
9094,2441,10298
9095,10298,10299
9096,10299,8148
9097,8148,10300
9098,10300,10301
9099,10301,10302
9100,10302,2438
9101,5602,10303
9102,10304,2207
9103,2207,4232
9104,1205,10305
9105,3880,10306
9106,10308,10309
9107,10310,10312
9108,10312,10313
9109,10313,10104
9110,10104,1543
9111,1543,10314
9112,10314,10315
9113,10315,10311
9114,996,10317
9115,10317,10316
9116,10322,7122
9117,7122,10323
9118,10323,4819
9119,10324,3828
9120,10325,10326
9121,10326,4218
9122,4218,2752
9123,6558,6767
9124,10327,9040
9125,9040,4994
9126,4994,10328
9127,10328,9232
9128,9232,10329
9129,10329,10330
9130,10330,10331
9131,10331,555
9132,7655,3500
9133,10332,9320
9134,9320,1629
9135,10333,86
9136,86,10334
9137,4184,10336
9138,10336,10335
9139,10337,2880
9140,2880,5729
9141,5729,10338
9142,10339,10340
9143,1334,10342
9144,10342,3840
9145,3840,10343
9146,10343,10344
9147,10344,10345
9148,10345,4781
9149,4781,10341
9150,5216,5892
9151,5892,5020
9152,4843,10346
9153,10346,10347
9154,10347,9254
9155,9254,10348
9156,10348,5210
9157,5210,6493
9158,6493,2068
9159,2068,10349
9160,10349,10350
9161,10350,10351
9162,10351,4117
9163,4117,10352
9164,10352,10353
9165,10353,6149
9166,1742,10355
9167,10355,10354
9168,10356,10357
9169,7903,10358
9170,10358,10359
9171,10359,7323
9172,9692,10361
9173,10361,10360
9174,10362,10363
9175,10364,10365
9176,10365,10366
9177,10366,10367
9178,10367,268
9179,10368,10369
9180,10370,10371
9181,10372,10373
9182,10374,9244
9183,10375,1245
9184,1245,10376
9185,10376,9719
9186,9719,1399
9187,1399,5701
9188,5701,6025
9189,10377,10379
9190,10379,10380
9191,10380,7904
9192,7904,10381
9193,10381,10378
9194,10382,7213
9195,7213,10383
9196,10383,10384
9197,10384,8771
9198,10385,469
9199,3675,9673
9200,10386,264
9201,264,10387
9202,6573,1057
9203,1057,1058
9204,1058,10388
9205,6191,8592
9206,8592,10390
9207,10390,9657
9208,9657,10389
9209,1003,3127
9210,3127,10391
9211,10391,1131
9212,6788,7844
9213,10392,4919
9214,6948,10394
9215,10394,10395
9216,10395,10396
9217,10396,6540
9218,6540,10393
9219,10397,1902
9220,10398,10399
9221,10400,10401
9222,10402,6074
9223,6074,8640
9224,8640,10404
9225,10404,10403
9226,10405,5778
9227,10406,10408
9228,10408,10409
9229,10409,5835
9230,5835,3369
9231,3369,4522
9232,4522,8539
9233,8539,10407
9234,10410,10255
9235,7949,10411
9236,10412,9620
9237,10413,3409
9238,3409,3410
9239,3410,10414
9240,6272,10408
9241,10408,8574
9242,3709,9665
9243,9665,9614
9244,9614,10415
9245,1307,10416
9246,2966,10417
9247,10418,10420
9248,10420,10421
9249,10421,10422
9250,10422,10423
9251,10423,10424
9252,10424,7261
9253,7261,9155
9254,9155,10419
9255,10425,8287
9256,8287,10426
9257,10426,10427
9258,10427,3834
9259,5124,10428
9260,10429,9407
9261,9407,4797
9262,4797,4798
9263,4798,9408
9264,9408,10430
9265,10431,10432
9266,995,10434
9267,10434,10435
9268,10435,7689
9269,7689,10436
9270,10436,10437
9271,10437,10438
9272,10438,10439
9273,10439,10440
9274,10440,10441
9275,10441,7849
9276,7849,10442
9277,10442,10443
9278,10443,10444
9279,10444,10445
9280,10445,10433
9281,10446,6258
9282,6258,6802
9283,6802,7638
9284,7638,10448
9285,10448,10447
9286,9211,9018
9287,9018,10450
9288,10450,10449
9289,10451,4524
9290,4832,10452
9291,1599,6513
9292,10453,10454
9293,3288,10455
9294,7055,7802
9295,7802,10457
9296,10457,10456
9297,10458,10459
9298,10460,10461
9299,9949,10463
9300,10463,10462
9301,4673,4574
9302,4574,236
9303,236,10464
9304,10465,2368
9305,2368,10466
9306,10467,10469
9307,10469,10470
9308,10470,9296
9309,9296,10471
9310,10471,10472
9311,10472,8542
9312,8542,10473
9313,10473,10474
9314,10474,10468
9315,467,4019
9316,4019,6107
9317,8655,10476
9318,10476,8617
9319,8617,9478
9320,9478,10475
9321,10477,10479
9322,10479,8770
9323,8770,10478
9324,10480,3867
9325,3867,9420
9326,9420,2530
9327,2530,10280
9328,10280,10482
9329,10482,10222
9330,10222,10483
9331,10483,10484
9332,10484,10485
9333,10485,10481
9334,10486,10487
9335,10488,10490
9336,10490,10489
9337,10491,10492
9338,10493,9740
9339,9740,10495
9340,10495,10494
9341,4481,10496
9342,10496,7692
9343,7692,2723
9344,2723,1986
9345,1986,10497
9346,10497,10498
9347,10498,6400
9348,6400,10499
9349,10499,4916
9350,4916,8444
9351,7477,10501
9352,10501,10500
9353,7337,10503
9354,10503,10504
9355,10504,10502
9356,10505,10506
9357,1113,10507
9358,7670,10508
9359,10509,10511
9360,10511,10512
9361,10512,10510
9362,10515,10517
9363,10517,10518
9364,10518,10034
9365,10034,3391
9366,3391,10516
9367,10519,10521
9368,10521,10520
9369,7320,10522
9370,272,10523
9371,10523,3502
9372,10524,5373
9373,10525,9460
9374,9460,10527
9375,10527,10528
9376,10528,9137
9377,9137,10529
9378,10529,8429
9379,8429,7592
9380,7592,10530
9381,10530,6634
9382,6634,10531
9383,10531,10532
9384,10532,10345
9385,10345,10533
9386,10533,10534
9387,10534,10535
9388,10535,10536
9389,10536,2467
9390,2467,10537
9391,10537,10538
9392,10538,10539
9393,10539,10540
9394,10540,10541
9395,10541,10526
9396,4034,10542
9397,10257,10543
9398,6611,10544
9399,10545,10546
9400,10547,10548
9401,10548,10549
9402,10549,10550
9403,10550,9863
9404,7149,8651
9405,8651,10551
9406,10551,10552
9407,10552,4022
9408,10553,9064
9409,9064,10555
9410,10555,10556
9411,10556,10514
9412,10514,3306
9413,3306,10554
9414,10557,10558
9415,10559,10560
9416,3048,5491
9417,5491,7472
9418,10561,10563
9419,10563,10564
9420,10564,10562
9421,9984,10565
9422,4626,10568
9423,10568,7548
9424,7548,10569
9425,10569,10570
9426,10570,10571
9427,10571,2469
9428,2469,10572
9429,10572,10573
9430,10573,10574
9431,10574,10575
9432,10575,10576
9433,10576,10577
9434,10577,10578
9435,10578,10579
9436,10579,10580
9437,10580,7251
9438,7251,10581
9439,10581,10582
9440,10582,2513
9441,5702,9621
9442,2240,10583
9443,10583,10584
9444,10584,10585
9445,10585,10586
9446,10586,10386
9447,10386,265
9448,10587,4740
9449,4740,10588
9450,10588,6090
9451,6090,381
9452,381,1776
9453,1776,10589
9454,10589,8731
9455,8731,10590
9456,10590,9370
9457,10593,1314
9458,2882,10594
9459,9082,10595
9460,10596,10597
9461,2719,10598
9462,10598,8264
9463,10599,10600
9464,5843,6644
9465,9976,10602
9466,10602,6067
9467,6067,7387
9468,7387,9806
9469,10603,4997
9470,10604,8572
9471,10605,1006
9472,1006,10606
9473,10606,10607
9474,10607,10608
9475,10608,2094
9476,2094,3477
9477,10609,7265
9478,7265,6992
9479,6992,10610
9480,1346,1486
9481,1486,4765
9482,4765,10611
9483,10612,10613
9484,778,10614
9485,10615,5583
9486,5563,10616
9487,10617,10618
9488,10618,9980
9489,9980,5911
9490,5911,10619
9491,10619,5081
9492,5081,10620
9493,10620,1716
9494,1716,10621
9495,10621,8398
9496,10622,10623
9497,10624,9498
9498,9498,1951
9499,1951,5502
9500,5502,664
9501,664,8381
9502,531,5687
9503,5687,6564
9504,6564,6565
9505,6565,6225
9506,6225,10626
9507,10626,10627
9508,10627,2712
9509,2712,451
9510,451,1823
9511,1823,10628
9512,10628,10625
9513,8619,8776
9514,10629,4710
9515,6824,3061
9516,7658,10630
9517,10630,8474
9518,8474,6936
9519,10631,10074
9520,10074,10263
9521,7341,10431
9522,10431,8290
9523,10632,10633
9524,4532,10635
9525,10635,10634
9526,10636,10638
9527,10638,10639
9528,10639,10637
9529,1940,8308
9530,8308,2110
9531,2110,7706
9532,7706,10640
9533,10640,2230
9534,2230,81
9535,81,7800
9536,9861,3990
9537,3990,10641
9538,10641,10642
9539,10642,10643
9540,10643,10644
9541,10644,8783
9542,8783,10645
9543,10645,10646
9544,10646,10647
9545,10647,5087
9546,5087,10648
9547,10648,3196
9548,3196,10649
9549,10649,8399
9550,8399,9411
9551,9411,6591
9552,6749,10651
9553,10651,10652
9554,10652,10653
9555,10653,5400
9556,5400,10650
9557,10654,10336
9558,10655,10656
9559,10656,10655
9560,10657,10658
9561,6552,10659
9562,10660,3700
9563,3700,10661
9564,10661,10662
9565,10662,7730
9566,10663,10664
9567,2931,10667
9568,10668,5961
9569,6426,10603
9570,6213,9115
9571,9115,10669
9572,2345,4867
9573,4867,9058
9574,9058,9026
9575,10670,10671
9576,10671,8098
9577,8098,5889
9578,5386,10672
9579,3079,3421
9580,3421,3422
9581,1128,6449
9582,6449,9165
9583,10673,10674
9584,5913,10675
9585,10676,10677
9586,10679,2037
9587,2037,2038
9588,2038,10680
9589,9520,10681
9590,10682,9125
9591,9125,5113
9592,5113,7941
9593,7941,592
9594,592,7942
9595,7942,5114
9596,5114,9126
9597,9126,10683
9598,10684,6771
9599,6771,8013
9600,8013,5893
9601,5893,6327
9602,6327,10685
9603,2624,836
9604,836,10687
9605,10687,10686
9606,10688,10689
9607,10689,8438
9608,8438,10397
9609,10397,10690
9610,10690,10691
9611,10691,10688
9612,10693,1257
9613,2808,10695
9614,10695,10694
9615,10281,10696
9616,10696,2395
9617,2395,10697
9618,10697,10698
9619,10698,10699
9620,10699,10700
9621,10700,10282
9622,10341,10568
9623,10568,4010
9624,4010,10701
9625,10701,1846
9626,1846,9517
9627,10702,10523
9628,10523,3489
9629,3489,3262
9630,3262,10703
9631,6221,4213
9632,4213,1887
9633,1887,3470
9634,3856,10705
9635,10705,10706
9636,10706,10707
9637,10707,10708
9638,10708,10709
9639,10709,9215
9640,9215,7697
9641,7697,10710
9642,10710,7822
9643,7822,10711
9644,10711,2500
9645,2500,10712
9646,10712,9326
9647,9326,1029
9648,1029,4312
9649,4312,8373
9650,8373,10713
9651,10713,10447
9652,10447,10714
9653,10714,818
9654,818,7894
9655,7894,2635
9656,2635,10715
9657,10715,10704
9658,992,5226
9659,5226,10717
9660,10717,10716
9661,10718,10719
9662,10720,10721
9663,10726,7671
9664,7671,10727
9665,9992,10728
9666,10729,10730
9667,10731,10732
9668,10732,6594
9669,6594,10733
9670,10733,10734
9671,10734,10735
9672,10735,8240
9673,10736,9989
9674,9989,4016
9675,7663,10737
9676,10737,7946
9677,7946,10738
9678,10738,8335
9679,10739,7416
9680,7416,10740
9681,10741,10742
9682,10743,7612
9683,6598,10744
9684,10744,6092
9685,818,7475
9686,7475,10746
9687,10746,10747
9688,10747,9994
9689,9994,10748
9690,10748,5853
9691,5853,10749
9692,10749,10750
9693,10750,10751
9694,10751,10752
9695,10752,10745
9696,5604,7564
9697,1638,10753
9698,10754,10755
9699,10648,7702
9700,7702,2788
9701,2788,5085
9702,9731,861
9703,861,10756
9704,10756,10757
9705,10757,3979
9706,3979,684
9707,10762,2710
9708,10763,6241
9709,6241,10764
9710,10764,8003
9711,10765,2938
9712,2938,2079
9713,2079,9231
9714,9231,10766
9715,10766,4991
9716,4991,9038
9717,9038,6684
9718,10767,10769
9719,10769,10768
9720,812,10771
9721,10771,10772
9722,10772,10773
9723,10773,10774
9724,10774,10775
9725,10775,10770
9726,6817,9651
9727,10434,1689
9728,1689,8338
9729,10776,5227
9730,5227,10778
9731,10778,10779
9732,10779,10780
9733,10780,10781
9734,10781,10782
9735,10782,10777
9736,10783,2518
9737,2518,10498
9738,10498,10785
9739,10785,4914
9740,4914,10786
9741,10786,10787
9742,10787,10788
9743,10788,10784
9744,10791,7366
9745,7366,2187
9746,2187,10792
9747,10792,6561
9748,6561,10793
9749,10793,10794
9750,10794,10795
9751,10795,2978
9752,10796,10797
9753,10797,9029
9754,9996,3491
9755,4896,10799
9756,10799,9256
9757,9256,5408
9758,5408,10800
9759,10800,10801
9760,10801,239
9761,239,10802
9762,10802,4122
9763,4122,10803
9764,10803,10804
9765,10804,10798
9766,10805,3769
9767,10806,10807
9768,10807,10808
9769,10808,4856
9770,10163,10810
9771,10810,10301
9772,10301,10811
9773,10811,10809
9774,6876,10812
9775,10812,3146
9776,3146,7246
9777,7246,10813
9778,10813,7930
9779,107,9931
9780,9931,10814
9781,10815,10743
9782,10816,6604
9783,6604,8966
9784,8966,10817
9785,10818,8358
9786,4676,6341
9787,6341,4932
9788,8677,10821
9789,10822,10575
9790,10575,1289
9791,1289,874
9792,874,2547
9793,2547,10823
9794,10823,4772
9795,3537,8667
9796,3641,10824
9797,10824,10825
9798,10825,10826
9799,10826,10827
9800,10827,10828
9801,10828,10829
9802,10829,10830
9803,10830,5751
9804,5751,10221
9805,6247,10832
9806,10832,10833
9807,10833,6734
9808,6734,10834
9809,10834,8886
9810,8886,7272
9811,7272,10831
9812,8662,5569
9813,10835,10836
9814,10836,9197
9815,9197,10837
9816,10837,10838
9817,10838,2477
9818,2574,10840
9819,10840,10839
9820,10841,10843
9821,10843,10844
9822,10844,5176
9823,5176,10264
9824,10264,10845
9825,10845,10842
9826,10846,10848
9827,10848,7846
9828,7846,10849
9829,10849,10850
9830,10850,10851
9831,10851,10852
9832,10852,10853
9833,10853,10854
9834,10854,7686
9835,7686,10847
9836,10855,10448
9837,10856,10858
9838,10858,5806
9839,5806,10044
9840,10044,10857
9841,7976,10860
9842,10860,8281
9843,8281,10861
9844,10861,10859
9845,10862,10863
9846,10864,10865
9847,2503,10866
9848,4367,10867
9849,10868,10869
9850,10870,10871
9851,10872,10873
9852,10873,10874
9853,10874,10875
9854,10875,10876
9855,10876,2964
9856,8482,10877
9857,10877,6811
9858,6811,5039
9859,3206,10878
9860,10878,10879
9861,10879,9895
9862,10880,627
9863,627,4248
9864,4248,10882
9865,10882,10883
9866,10883,10884
9867,10884,10881
9868,10885,10083
9869,10886,10198
9870,10198,10887
9871,10888,10890
9872,10890,10891
9873,10891,10892
9874,10892,10893
9875,10893,10894
9876,10894,2862
9877,2862,2703
9878,2703,6868
9879,6868,558
9880,558,10889
9881,10895,10896
9882,10897,490
9883,10187,7965
9884,6205,10898
9885,3610,9800
9886,9800,10899
9887,4441,5123
9888,10900,8357
9889,9700,10901
9890,10901,10902
9891,10902,10903
9892,10903,10904
9893,10904,854
9894,7590,10906
9895,10906,10907
9896,10907,10905
9897,10908,10909
9898,10686,7966
9899,225,10024
9900,10024,10910
9901,10910,6609
9902,6609,2926
9903,2926,2927
9904,2927,10911
9905,10911,10544
9906,10544,6608
9907,4520,10913
9908,10913,10914
9909,10914,10915
9910,10915,10912
9911,10916,1515
9912,56,10918
9913,10918,5437
9914,5437,10919
9915,10919,10920
9916,10920,2458
9917,2458,10921
9918,10921,6414
9919,6414,10922
9920,10922,10923
9921,10923,10924
9922,10924,10917
9923,6182,10925
9924,10925,10926
9925,10926,2370
9926,2370,10927
9927,10927,2362
9928,10928,8561
9929,8561,8560
9930,8560,10929
9931,5724,5100
9932,5100,9734
9933,10930,10931
9934,10932,330
9935,10933,8157
9936,8157,10935
9937,10935,10934
9938,6597,10936
9939,10936,5009
9940,5009,10937
9941,10937,10464
9942,10464,10938
9943,10938,10939
9944,10939,7407
9945,7407,1731
9946,1731,6126
9947,6126,2133
9948,2133,10940
9949,10940,10941
9950,10941,10942
9951,10942,10338
9952,10338,2032
9953,2032,10943
9954,10943,3234
9955,4025,4027
9956,9523,228
9957,228,10945
9958,10945,10946
9959,10946,10947
9960,10947,10944
9961,5928,7383
9962,7383,5345
9963,10948,10950
9964,10950,9243
9965,9243,8212
9966,8212,10951
9967,10951,10949
9968,10952,59
9969,59,10953
9970,856,405
9971,405,10954
9972,10954,10955
9973,10955,3943
9974,3943,409
9975,10956,10957
9976,7315,10958
9977,10959,4570
9978,10960,10961
9979,10962,8116
9980,8116,10964
9981,10964,10965
9982,10965,10963
9983,9288,10966
9984,10966,10967
9985,10967,10968
9986,10968,10969
9987,10969,7805
9988,3270,10971
9989,10971,10970
9990,4075,7999
9991,7999,8170
9992,8170,10973
9993,10973,4136
9994,4136,9798
9995,9798,10974
9996,10974,7167
9997,7167,5067
9998,5067,10975
9999,10975,10890
10000,10890,4852
10001,4852,3883
10002,3883,10976
10003,10976,10972
10004,10977,10978
10005,10979,1474
10006,10981,10982
10007,10982,8525
10008,8525,9043
10009,9043,10810
10010,10810,10983
10011,10983,2440
10012,10984,10986
10013,10986,10987
10014,10987,8507
10015,8507,1342
10016,1342,10985
10017,10988,6466
10018,1973,10989
10019,10989,9330
10020,9330,9059
10021,10990,4028
10022,4028,8308
10023,2566,10485
10024,4082,10992
10025,10992,4081
10026,4081,10991
10027,9603,3576
10028,3576,10993
10029,10993,10994
10030,10994,10995
10031,10995,643
10032,6041,10996
10033,10997,10999
10034,10999,10998
10035,7920,11000
10036,11001,11002
10037,11002,11003
10038,11003,1994
10039,9499,953
10040,953,11005
10041,11005,11006
10042,11006,11007
10043,11007,11008
10044,11008,6306
10045,6306,11009
10046,11009,11010
10047,11010,11011
10048,11011,11004
10049,11014,7667
10050,6677,11015
10051,11016,11017
10052,1508,11018
10053,11019,11021
10054,11021,4455
10055,4455,11022
10056,11022,11023
10057,11023,3336
10058,3336,6209
10059,6209,9506
10060,9506,11020
10061,5771,11024
10062,11024,11025
10063,11025,7162
10064,7162,6202
10065,11026,7693
10066,7693,11027
10067,11027,11028
10068,11028,4403
10069,10735,109
10070,11029,4973
10071,4973,8528
10072,8528,2997
10073,10840,9718
10074,9718,3034
10075,11030,8044
10076,8044,11031
10077,11031,10836
10078,10836,8073
10079,11032,1940
10080,3130,3908
10081,5620,461
10082,461,462
10083,462,6867
10084,7981,11034
10085,11034,11035
10086,11035,10300
10087,10300,11033
10088,11036,1200
10089,1200,2916
10090,11037,8180
10091,8180,11038
10092,691,11039
10093,11039,9429
10094,9429,11040
10095,11040,11041
10096,11041,6160
10097,9208,8393
10098,8393,11043
10099,11043,11042
10100,11044,311
10101,311,11045
10102,5988,11047
10103,11048,4972
10104,11049,11050
10105,11050,11051
10106,11051,11052
10107,11052,6021
10108,6021,8522
10109,11053,8115
10110,9580,5940
10111,9760,11056
10112,11056,6366
10113,6366,11057
10114,11057,11055
10115,11058,11060
10116,11060,11059
10117,6572,4024
10118,4024,1535
10119,1535,5493
10120,5493,4025
10121,7932,7933
10122,5821,7950
10123,7950,11061
10124,11061,11062
10125,11062,2581
10126,11064,11065
10127,11065,6697
10128,6697,7418
10129,11066,11067
10130,11068,11069
10131,11069,11070
10132,11070,11071
10133,11071,8928
10134,8928,9787
10135,9787,11072
10136,11072,752
10137,752,11073
10138,11073,11074
10139,11074,11075
10140,11075,7223
10141,9744,11077
10142,11077,11076
10143,11078,1910
10144,1910,5319
10145,5319,536
10146,11083,11084
10147,11084,8948
10148,8948,2671
10149,2671,11085
10150,11085,6530
10151,11086,11087
10152,11090,2756
10153,11091,11092
10154,11093,4228
10155,4228,11094
10156,5042,11095
10157,11095,7834
10158,11096,11097
10159,11098,8669
10160,8669,10585
10161,10585,11100
10162,11100,9640
10163,9640,11101
10164,11101,11102
10165,11102,7995
10166,7995,3762
10167,3762,11103
10168,11103,1477
10169,1477,11104
10170,11104,8188
10171,8188,11099
10172,6598,6094
10173,11105,11106
10174,5033,11108
10175,11108,11109
10176,11109,4898
10177,4898,11110
10178,11110,10982
10179,10982,11107
10180,4655,11111
10181,11111,6946
10182,6946,11112
10183,11112,11113
10184,11113,10049
10185,10049,2292
10186,11114,11115
10187,8461,11117
10188,11117,7065
10189,7065,11116
10190,11118,11119
10191,11119,11120
10192,11120,7620
10193,6656,6318
10194,6318,10389
10195,9584,4241
10196,4241,11121
10197,11122,10234
10198,11123,8169
10199,11124,11125
10200,11126,3063
10201,3063,7901
10202,7901,10747
10203,8215,8113
10204,8113,11053
10205,2922,11128
10206,11128,11127
10207,4094,11130
10208,11130,11129
10209,11131,11132
10210,3686,9454
10211,9454,11133
10212,11136,9587
10213,3539,11137
10214,5276,11141
10215,11141,11142
10216,11142,11143
10217,11143,8945
10218,8945,6268
10219,6268,11140
10220,10265,11144
10221,11144,5933
10222,5933,11145
10223,11145,8071
10224,11054,11149
10225,11149,11150
10226,11150,6832
10227,6832,10087
10228,10087,1087
10229,1087,8172
10230,10522,11151
10231,827,11152
10232,11152,7499
10233,5329,11153
10234,11154,11155
10235,11155,11156
10236,11156,6633
10237,10075,10932
10238,6192,11157
10239,11158,8773
10240,3678,8737
10241,3886,11160
10242,11160,11159
10243,445,1732
10244,11161,9941
10245,11162,6988
10246,6988,11163
10247,11163,11164
10248,11164,10866
10249,10866,3403
10250,2803,4955
10251,11165,5127
10252,11166,11168
10253,11168,11167
10254,11169,11170
10255,11170,11171
10256,11171,6566
10257,6566,11172
10258,11172,11169
10259,11173,11174
10260,11174,8994
10261,6503,11175
10262,11175,1657
10263,11176,2525
10264,3299,11177
10265,11178,11179
10266,4649,11181
10267,11181,11182
10268,11182,3730
10269,3730,11180
10270,10858,11184
10271,11184,11185
10272,11185,11186
10273,11186,11187
10274,11187,11183
10275,106,9932
10276,10500,11188
10277,6765,11189
10278,11189,6076
10279,6076,11190
10280,11190,11191
10281,11191,4364
10282,10744,11192
10283,1256,11193
10284,11193,11194
10285,11194,2361
10286,2361,8905
10287,8905,815
10288,815,6135
10289,6135,775
10290,11195,10388
10291,10635,589
10292,589,11197
10293,10659,11199
10294,11199,11200
10295,11200,11198
10296,11201,9487
10297,9487,7071
10298,7071,6955
10299,6955,1574
10300,1574,11202
10301,11202,7972
10302,10144,506
10303,6683,11204
10304,11204,11205
10305,11205,4237
10306,4237,11206
10307,11206,7890
10308,7890,11207
10309,11207,2597
10310,2597,11203
10311,11208,11210
10312,11210,11209
10313,11211,10856
10314,696,11212
10315,9302,10091
10316,11213,830
10317,4442,11214
10318,11214,4096
10319,4096,11054
10320,391,2412
10321,9632,6719
10322,11215,11216
10323,1569,11217
10324,11217,4398
10325,4398,11218
10326,11218,11219
10327,11219,6839
10328,11220,5142
10329,5142,10412
10330,5090,11221
10331,11221,11222
10332,11222,11223
10333,11223,4167
10334,4167,6527
10335,6527,11224
10336,11224,6589
10337,6589,10311
10338,10311,2672
10339,2672,8949
10340,8949,11225
10341,11225,11226
10342,11226,3331
10343,9756,11227
10344,9085,11228
10345,11229,11230
10346,11230,11231
10347,11231,9877
10348,1822,8021
10349,8021,4549
10350,4549,8603
10351,8603,11234
10352,11234,926
10353,8683,11235
10354,11235,11236
10355,11236,11237
10356,11237,242
10357,242,10418
10358,11238,1381
10359,1381,11239
10360,11239,1382
10361,9181,3557
10362,9324,11240
10363,4177,10661
10364,4183,11241
10365,11242,7140
10366,2213,8668
10367,8668,10584
10368,10584,11243
10369,11243,11244
10370,11244,9641
10371,9641,11245
10372,11245,11246
10373,11246,7996
10374,7996,11247
10375,11247,3761
10376,3761,11248
10377,11248,9973
10378,9973,8309
10379,8309,1941
10380,1941,1478
10381,11249,11250
10382,9546,3597
10383,10371,9752
10384,8725,11251
10385,11252,3797
10386,11253,11255
10387,11255,11254
10388,7062,11256
10389,9175,10656
10390,1651,4858
10391,11258,4292
10392,11259,9482
10393,9482,3987
10394,3987,6843
10395,6843,6848
10396,478,8701
10397,8701,11260
10398,3324,11261
10399,11262,11263
10400,11263,4612
10401,11264,11265
10402,11265,1146
10403,1146,11266
10404,11266,11267
10405,11267,8933
10406,4920,11268
10407,11268,11269
10408,11269,5530
10409,5530,7728
10410,11270,6713
10411,6713,11271
10412,11272,11274
10413,11274,9168
10414,9168,11275
10415,11275,11276
10416,11276,1803
10417,1803,11277
10418,11277,10066
10419,10066,9988
10420,9988,7482
10421,7482,11273
10422,11278,6618
10423,6618,11279
10424,11279,812
10425,812,11280
10426,11280,4305
10427,4305,11281
10428,11281,8093
10429,8093,9882
10430,1963,6617
10431,6617,1406
10432,11282,11284
10433,11284,11285
10434,11285,11283
10435,11286,11287
10436,11289,9697
10437,9697,5834
10438,5834,2888
10439,2888,7647
10440,3151,3152
10441,6405,11292
10442,11292,11292
10443,6333,11293
10444,9203,1747
10445,1747,11294
10446,8800,11295
10447,11296,11173
10448,11173,3903
10449,3903,763
10450,763,7097
10451,7097,11297
10452,11297,9919
10453,9919,11013
10454,11013,1505
10455,1505,11298
10456,11298,11299
10457,11299,11300
10458,11300,11301
10459,11301,11302
10460,11302,11303
10461,11303,4706
10462,4706,7889
10463,3524,4196
10464,4196,11304
10465,11304,4197
10466,8759,11305
10467,11308,11309
10468,11309,11310
10469,11310,10981
10470,10981,11311
10471,11311,4899
10472,4899,7832
10473,7832,11312
10474,11312,11313
10475,11313,5032
10476,5032,6794
10477,6794,7823
10478,7823,11314
10479,11314,11315
10480,11315,3242
10481,470,8280
10482,8280,6108
10483,6108,11316
10484,11316,11317
10485,11317,5514
10486,11318,11320
10487,11320,3400
10488,3400,11321
10489,11321,11322
10490,11322,11323
10491,11323,10442
10492,10442,1678
10493,1678,8029
10494,8029,11324
10495,11324,8626
10496,8626,10848
10497,10848,11319
10498,11325,11326
10499,7197,3363
10500,3363,6605
10501,6605,8965
10502,8965,9946
10503,7184,11329
10504,11329,8683
10505,11330,11331
10506,11332,6526
10507,6526,9176
10508,9176,1151
10509,1151,11334
10510,11334,11335
10511,11335,11336
10512,11336,11337
10513,11337,10975
10514,10975,11338
10515,11338,11333
10516,11339,11340
10517,11340,5806
10518,11341,1762
10519,11342,9445
10520,9445,10551
10521,10551,11343
10522,11343,3351
10523,3351,11344
10524,11344,9316
10525,11345,8178
10526,11346,11347
10527,11348,2968
10528,2968,9930
10529,9930,4236
10530,4236,11349
10531,11350,7914
10532,11351,4363
10533,4363,8414
10534,8414,11353
10535,11353,11354
10536,11354,11352
10537,11355,7188
10538,10005,11356
10539,11357,3493
10540,11358,10516
10541,9207,8394
10542,3096,11360
10543,11360,2971
10544,2971,460
10545,460,6122
10546,6122,11359
10547,6201,9829
10548,9829,3774
10549,11361,83
10550,83,6497
10551,6497,11362
10552,11362,1431
10553,1431,1392
10554,1392,11012
10555,11012,9919
10556,11363,11365
10557,11365,11364
10558,4339,9462
10559,9462,10248
10560,10248,9391
10561,9391,7525
10562,7525,11367
10563,11367,11366
10564,11368,3481
10565,11369,2702
10566,2702,11370
10567,11370,11371
10568,11371,7089
10569,11372,6185
10570,6185,11374
10571,11374,11373
10572,4055,11375
10573,3799,11376
10574,11377,11378
10575,11378,7127
10576,7127,2698
10577,2698,11379
10578,11379,3897
10579,3897,4801
10580,4801,11380
10581,11380,2935
10582,11381,3568
10583,11382,3340
10584,3340,11383
10585,11383,11384
10586,11384,11385
10587,11385,11382
10588,11386,11387
10589,9071,11388
10590,11388,6997
10591,11389,11391
10592,11391,11392
10593,11392,11393
10594,11393,3212
10595,3212,7715
10596,7715,11394
10597,11394,11395
10598,11395,8693
10599,8693,11396
10600,11396,11397
10601,11397,11073
10602,11073,11398
10603,11398,11390
10604,4456,8819
10605,8819,11399
10606,9412,5800
10607,3080,11400
10608,11401,11403
10609,11403,11404
10610,11404,11405
10611,11405,11402
10612,2047,7165
10613,11406,9307
10614,9307,11407
10615,11408,1413
10616,3403,11410
10617,11410,1041
10618,1041,11411
10619,11411,11409
10620,11412,11413
10621,11414,8143
10622,8143,11416
10623,11416,11417
10624,11417,2623
10625,2623,11415
10626,3101,720
10627,11418,11419
10628,11420,11421
10629,11421,1192
10630,1192,11422
10631,11422,11423
10632,11423,5365
10633,5365,11424
10634,11424,11425
10635,11425,11426
10636,11426,11427
10637,11427,8184
10638,8184,5452
10639,1740,9044
10640,9044,11428
10641,11428,11429
10642,11429,10163
10643,10163,11430
10644,11430,1049
10645,10644,11431
10646,11432,2947
10647,2660,11433
10648,5668,679
10649,679,11434
10650,9802,6678
10651,9854,912
10652,9691,5531
10653,5531,8416
10654,8416,11435
10655,11435,594
10656,594,3508
10657,3508,5
10658,4525,11436
10659,2008,11438
10660,11438,11437
10661,11439,11440
10662,11440,5192
10663,11441,8810
10664,8810,11442
10665,1301,11443
10666,4279,8534
10667,958,9912
10668,9912,11445
10669,11445,11446
10670,11446,9913
10671,9913,11444
10672,11447,11449
10673,11449,3017
10674,3017,11450
10675,11450,11448
10676,11451,889
10677,889,11452
10678,11452,10071
10679,11453,4804
10680,4804,11455
10681,11455,11454
10682,10305,8767
10683,8767,11456
10684,6987,11457
10685,6189,11459
10686,11459,7925
10687,7925,2381
10688,2381,10219
10689,10219,1018
10690,1018,10209
10691,10209,11458
10692,11461,11462
10693,11149,11150
10694,2738,11050
10695,11050,5121
10696,5121,11415
10697,11415,3696
10698,3696,8473
10699,8473,1275
10700,1275,6408
10701,6408,2256
10702,2256,11463
10703,11463,11464
10704,11464,6420
10705,6592,9410
10706,9410,11466
10707,11466,8397
10708,8397,5088
10709,5088,11467
10710,11467,4963
10711,4963,8785
10712,8785,11468
10713,11468,3296
10714,3296,11469
10715,11469,10458
10716,10458,485
10717,11137,2392
10718,2392,2423
10719,2423,3659
10720,3659,9007
10721,9007,11470
10722,11470,2486
10723,2486,10380
10724,11471,508
10725,508,6953
10726,6953,11472
10727,11472,11473
10728,11473,11207
10729,4204,6834
10730,6834,7779
10731,7779,200
10732,200,5170
10733,5170,11474
10734,11477,7066
10735,11478,11479
10736,11479,10003
10737,11480,7909
10738,7909,7910
10739,7910,11481
10740,11482,4634
10741,4634,11483
10742,10478,10137
10743,10137,10166
10744,10166,11484
10745,7826,11485
10746,11486,4220
10747,4220,427
10748,427,11487
10749,11488,5056
10750,5056,11489
10751,9014,6142
10752,6142,11491
10753,11491,11492
10754,11492,11490
10755,4489,4493
10756,9338,11494
10757,11494,11493
10758,11495,11496
10759,11497,11499
10760,11499,11285
10761,11285,11282
10762,11282,11500
10763,11500,11501
10764,11501,11502
10765,11502,11498
10766,10914,11503
10767,11504,11505
10768,11506,11508
10769,11508,3713
10770,3713,11507
10771,11509,11510
10772,10520,2080
10773,11511,11513
10774,11513,11070
10775,11070,11514
10776,11514,11512
10777,5146,4047
10778,5397,185
10779,5881,8556
10780,8556,11516
10781,11516,11517
10782,11517,11518
10783,11518,11519
10784,11519,6973
10785,6973,11515
10786,11520,2628
10787,3007,3348
10788,11523,11525
10789,11525,11080
10790,11080,11524
10791,11419,11526
10792,11526,9555
10793,1787,7755
10794,7755,11527
10795,11527,11528
10796,11528,3851
10797,3851,11360
10798,3281,11529
10799,2859,11530
10800,11530,11531
10801,11531,8946
10802,11532,9219
10803,9219,11534
10804,11534,11535
10805,11535,9662
10806,9662,2466
10807,2466,11536
10808,11536,11537
10809,11537,11538
10810,11538,11533
10811,4677,11541
10812,4285,11543
10813,11543,11544
10814,11544,8268
10815,8268,11542
10816,11542,11545
10817,11545,5570
10818,5570,11542
10819,11546,11547
10820,11548,11549
10821,11549,11550
10822,11550,3571
10823,11148,11551
10824,11450,11553
10825,11553,8232
10826,8232,11554
10827,11554,11555
10828,11555,11552
10829,11556,3293
10830,3293,11558
10831,11558,11557
10832,1225,11559
10833,11559,11560
10834,11560,11561
10835,11561,11562
10836,11562,2851
10837,2851,11563
10838,11563,8303
10839,8303,7040
10840,11564,11566
10841,11566,1912
10842,1912,11565
10843,1148,11568
10844,11568,4134
10845,4134,2664
10846,2664,11569
10847,11569,11567
10848,1165,1785
10849,1785,11571
10850,7756,11572
10851,11573,11574
10852,11574,10827
10853,11575,7502
10854,7502,11576
10855,11578,11579
10856,11579,9773
10857,9773,11580
10858,11580,11581
10859,11581,11258
10860,11258,9306
10861,9306,5284
10862,5284,5507
10863,5507,8046
10864,8046,11582
10865,11582,769
10866,769,11583
10867,11583,11584
10868,11584,9295
10869,9295,8882
10870,10811,11585
10871,11585,2437
10872,2437,11586
10873,11586,11587
10874,11587,5108
10875,5108,6926
10876,6926,11588
10877,11588,11589
10878,11589,4418
10879,4418,11590
10880,11590,11048
10881,11048,11591
10882,11591,10886
10883,10886,10196
10884,11592,11593
10885,10486,11594
10886,5314,11144
10887,4813,514
10888,514,11597
10889,11597,11596
10890,11598,7707
10891,7707,6756
10892,6756,11599
10893,11599,6262
10894,5941,9127
10895,9127,2555
10896,2555,11600
10897,11600,6900
10898,11601,7092
10899,7092,11603
10900,11603,11602
10901,11604,11605
10902,11605,11606
10903,11606,4711
10904,11607,11608
10905,11609,6578
10906,6578,11611
10907,11611,6579
10908,6579,11610
10909,11610,11609
10910,11609,9185
10911,9185,9186
10912,9186,11610
10913,11001,11612
10914,11612,11613
10915,11613,11614
10916,11614,8406
10917,8406,10988
10918,4591,42
10919,4460,3237
10920,3237,5726
10921,5726,11615
10922,11616,11061
10923,11061,11618
10924,11618,11619
10925,11619,11620
10926,11620,11617
10927,10872,11622
10928,11622,11621
10929,11623,11625
10930,11625,11130
10931,11130,11624
10932,9008,3660
10933,3660,2425
10934,9902,11628
10935,1810,9078
10936,9078,9077
10937,9077,11634
10938,11634,11635
10939,11635,11636
10940,11636,11637
10941,11637,11638
10942,11638,11639
10943,11639,5632
10944,5632,5633
10945,5633,11640
10946,11640,11641
10947,11641,10657
10948,10657,10658
10949,10658,6136
10950,10002,11478
10951,11478,298
10952,3325,3948
10953,11461,11652
10954,11653,11654
10955,11654,7064
10956,7064,11655
10957,11655,11269
10958,11656,5351
10959,5351,11658
10960,11658,11659
10961,11659,11271
10962,11271,10545
10963,10545,5709
10964,5709,11657
10965,11660,1427
10966,7492,6207
10967,6207,7444
10968,7444,11134
10969,11134,11661
10970,11661,577
10971,11016,11663
10972,9397,5143
10973,5143,11664
10974,11664,10376
10975,11665,5337
10976,6281,7457
10977,7457,11666
10978,6648,8426
10979,11668,5266
10980,1985,11669
10981,11670,10678
10982,1114,2492
10983,2492,11672
10984,11672,11671
10985,8906,10994
10986,9782,11673
10987,11673,11674
10988,11674,11675
10989,11675,11676
10990,11676,5587
10991,1807,11677
10992,11677,8836
10993,8836,11276
10994,757,11678
10995,4143,11679
10996,11679,7895
10997,7895,10752
10998,10752,11680
10999,11680,11681
11000,11681,11682
11001,11682,5649
11002,5649,11683
11003,11683,11684
11004,11684,11685
11005,11685,10916
11006,10916,9704
11007,11686,5562
11008,5562,3593
11009,1605,11688
11010,11688,11689
11011,11689,11690
11012,11690,11687
11013,11691,11693
11014,11693,2205
11015,2205,11692
11016,6196,9393
11017,9393,11694
11018,2488,10379
11019,10379,3380
11020,3380,11695
11021,11696,11697
11022,11697,9825
11023,9825,6199
11024,6199,11698
11025,11698,7035
11026,7035,11699
11027,11699,10415
11028,10415,11700
11029,11700,11696
11030,11701,7217
11031,7217,5621
11032,7479,9000
11033,11324,1388
11034,1388,2095
11035,2095,10088
11036,10088,1391
11037,11702,11703
11038,9213,9020
11039,9020,11704
11040,11704,11705
11041,11705,3605
11042,3978,11706
11043,11707,1642
11044,2725,11708
11045,11709,11711
11046,11711,11712
11047,11712,11713
11048,11713,9522
11049,9522,11710
11050,11714,177
11051,11715,11716
11052,7648,417
11053,417,11717
11054,11717,10128
11055,9572,1228
11056,11718,4021
11057,4021,7263
11058,7263,8812
11059,8812,11719
11060,11720,8944
11061,8944,11503
11062,11503,11720
11063,11721,11722
11064,11722,10712
11065,8371,11366
11066,11366,9322
11067,9322,10499
11068,10499,6399
11069,6399,10785
11070,10785,11723
11071,10919,7738
11072,7738,10109
11073,10109,11724
11074,11725,7762
11075,11726,11727
11076,11728,2226
11077,2226,11730
11078,11730,11729
11079,6826,3060
11080,11731,5740
11081,3477,11732
11082,11732,257
11083,11733,11735
11084,11735,11736
11085,11736,7969
11086,7969,11330
11087,11330,11734
11088,11737,11578
11089,11576,11738
11090,11738,8283
11091,8283,11739
11092,11739,7977
11093,11740,11741
11094,11742,11743
11095,11743,11744
11096,11744,4343
11097,4343,2631
11098,2631,11745
11099,11745,7582
11100,7582,8423
11101,8423,5922
11102,5922,11746
11103,11746,6668
11104,11747,11748
11105,3698,11749
11106,1764,11750
11107,8851,10622
11108,10622,10623
11109,10623,11751
11110,11751,8849
11111,1085,6607
11112,6607,11752
11113,11752,7796
11114,11753,4952
11115,4952,9598
11116,419,4265
11117,3494,7049
11118,11754,11756
11119,11756,11757
11120,11757,11758
11121,11758,6560
11122,6560,11755
11123,11759,11760
11124,9464,8811
11125,8811,11762
11126,11762,11763
11127,11763,11764
11128,11764,11765
11129,11765,5420
11130,5420,9010
11131,9010,6138
11132,6138,11766
11133,11766,11490
11134,11490,11767
11135,11767,7613
11136,7613,8805
11137,8805,11761
11138,5228,4417
11139,4417,11768
11140,11768,1666
11141,1666,952
11142,952,11769
11143,11769,11770
11144,11770,11771
11145,11771,7956
11146,7956,2436
11147,2436,11772
11148,11772,11773
11149,11773,5336
11150,5336,869
11151,869,9781
11152,7840,8600
11153,8600,2384
11154,11774,11775
11155,11775,6660
11156,6660,10646
11157,9383,11776
11158,11776,8112
11159,8112,9031
11160,11777,11778
11161,4942,11564
11162,11564,11565
11163,11565,8139
11164,8895,3310
11165,3310,5714
11166,5714,3311
11167,3311,11780
11168,6174,7333
11169,8333,11782
11170,11782,11783
11171,11783,11784
11172,11784,11785
11173,11785,11781
11174,11087,3793
11175,1479,11787
11176,11787,1943
11177,1943,8310
11178,8310,9974
11179,9974,11788
11180,11788,7997
11181,7997,11789
11182,11789,11790
11183,11790,9642
11184,9642,11791
11185,11791,11792
11186,11792,10583
11187,10583,2239
11188,2239,11786
11189,11793,11794
11190,11794,11795
11191,11795,10016
11192,11319,5026
11193,1393,11796
11194,11796,11298
11195,528,11798
11196,11798,11799
11197,11799,11800
11198,11800,6491
11199,6491,11801
11200,11801,11802
11201,11802,8354
11202,8354,11797
11203,11803,4189
11204,8459,8740
11205,3593,4133
11206,4133,10327
11207,11314,4723
11208,4723,795
11209,795,11804
11210,11804,6951
11211,6951,794
11212,794,4722
11213,4722,11315
11214,8119,11805
11215,11805,6437
11216,6437,10233
11217,10233,11806
11218,11806,10976
11219,5240,11807
11220,11807,5239
11221,9910,10511
11222,10511,11808
11223,343,5005
11224,5005,7934
11225,7934,4185
11226,4185,11809
11227,11809,11435
11228,11810,7500
11229,7500,11811
11230,11811,10861
11231,10861,11738
11232,11812,11814
11233,11814,11813
11234,11147,11815
11235,11815,5089
11236,1558,11816
11237,643,11817
11238,6931,11819
11239,11819,11820
11240,11820,6870
11241,6870,604
11242,604,11818
11243,8524,11822
11244,11822,11823
11245,11823,11821
11246,1885,3302
11247,10907,11824
11248,10768,11825
11249,11825,11826
11250,11826,11827
11251,11827,11828
11252,11828,10768
11253,5529,9028
11254,9028,9314
11255,9314,11829
11256,11829,8749
11257,5193,4234
11258,4234,9275
11259,9275,7508
11260,7508,11830
11261,11830,11831
11262,11831,2488
11263,11832,11833
11264,11834,11835
11265,11835,1319
11266,1319,1464
11267,3609,11836
11268,11837,271
11269,634,6800
11270,6800,11839
11271,11839,11840
11272,11840,11841
11273,11841,11842
11274,11842,6950
11275,6950,11838
11276,7545,11843
11277,6977,11844
11278,11845,11847
11279,11847,11071
11280,11071,11848
11281,11848,11846
11282,10842,11849
11283,8551,8550
11284,987,11852
11285,11853,11854
11286,11855,11857
11287,11857,11546
11288,11546,11858
11289,11858,5109
11290,5109,6927
11291,6927,11856
11292,11859,3846
11293,3846,11860
11294,11860,3416
11295,3416,11861
11296,11861,11862
11297,11862,11863
11298,11863,7007
11299,11864,11865
11300,11865,9319
11301,9319,3103
11302,8273,9056
11303,9056,4869
11304,4869,11866
11305,9541,9542
11306,5231,2638
11307,2638,11867
11308,9750,7459
11309,6227,138
11310,11840,11870
11311,11870,6801
11312,6801,633
11313,8028,11871
11314,11871,5213
11315,11872,11874
11316,11874,4988
11317,4988,11875
11318,11875,11876
11319,11876,11873
11320,11877,11234
11321,11234,11878
11322,11385,11879
11323,11880,6568
11324,11881,1911
11325,1911,11883
11326,11883,11882
11327,11884,9365
11328,11885,6639
11329,10821,11887
11330,11887,11886
11331,2399,1185
11332,11888,11889
11333,7744,522
11334,522,521
11335,521,11890
11336,5664,4637
11337,4637,1178
11338,11891,1408
11339,6602,8005
11340,8005,7684
11341,11893,11894
11342,11895,11896
11343,5861,4527
11344,4527,9762
11345,11899,11900
11346,11902,6164
11347,11903,11904
11348,10833,11905
11349,11905,11906
11350,11906,6246
11351,7053,11907
11352,11907,9298
11353,9298,11597
11354,2172,11908
11355,8950,11909
11356,11910,11911
11357,11911,11912
11358,11912,11548
11359,11913,11915
11360,11915,11914
11361,11917,6989
11362,6989,8136
11363,11918,7220
11364,6093,11192
11365,11192,6598
11366,6598,1774
11367,1774,11920
11368,11920,8733
11369,8733,11921
11370,11921,11922
11371,11922,9330
11372,9330,11919
11373,3480,11923
11374,9561,6976
11375,11924,11925
11376,11926,9738
11377,11927,11928
11378,11928,8999
11379,8999,11928
11380,10691,11930
11381,11930,8346
11382,8346,11931
11383,11931,11932
11384,11932,11929
11385,5039,6790
11386,6790,11933
11387,11933,11438
11388,11438,4039
11389,4039,4703
11390,4703,7635
11391,7635,9047
11392,11934,9975
11393,11935,11936
11394,3538,11938
11395,11938,11939
11396,11939,11940
11397,11940,4820
11398,4820,11941
11399,11941,11942
11400,11942,11937
11401,11943,11944
11402,11944,5225
11403,5225,10717
11404,4623,11584
11405,10473,8541
11406,8541,11947
11407,11948,11891
11408,11891,11949
11409,11950,8182
11410,8182,11952
11411,11952,11953
11412,11953,11954
11413,11954,6257
11414,6257,11951
11415,11728,11955
11416,5290,5299
11417,5299,2271
11418,2271,9305
11419,9305,4290
11420,11956,11957
11421,913,8060
11422,8060,11959
11423,11959,11960
11424,11960,11961
11425,11961,8646
11426,8646,9722
11427,9722,1556
11428,1556,11958
11429,1241,11962
11430,11962,11963
11431,11963,6761
11432,11964,11965
11433,11965,10901
11434,10901,2355
11435,6332,2177
11436,2177,5022
11437,5022,11966
11438,11966,6816
11439,7163,9367
11440,9367,5773
11441,11967,2569
11442,11968,11969
11443,5871,11971
11444,11971,11972
11445,11972,11973
11446,11973,11970
11447,11974,2393
11448,1115,7633
11449,7633,11976
11450,11818,1257
11451,1257,5454
11452,827,11977
11453,11978,3201
11454,3201,11979
11455,11979,11410
11456,11980,11982
11457,11982,8720
11458,8720,11983
11459,11983,11981
11460,2864,11984
11461,11984,11985
11462,11985,6972
11463,6972,11986
11464,11986,11987
11465,11987,11988
11466,11988,11989
11467,11989,8555
11468,8555,5601
11469,11615,8051
11470,8051,11993
11471,11993,11994
11472,11994,4644
11473,4644,11992
11474,11995,7481
11475,7481,11997
11476,11997,1779
11477,1779,6087
11478,6087,11998
11479,11998,11999
11480,11999,8544
11481,8544,11996
11482,12000,10668
11483,10668,7967
11484,7967,7906
11485,5187,12001
11486,12001,6871
11487,448,8014
11488,5515,4018
11489,4018,4169
11490,12004,12006
11491,12006,12007
11492,12007,10169
11493,10169,12005
11494,10217,9743
11495,9743,1853
11496,1853,6779
11497,6779,12008
11498,8753,1217
11499,2022,8166
11500,751,12009
11501,12009,9786
11502,12010,12011
11503,12011,12012
11504,12012,11972
11505,12013,12014
11506,4147,12015
11507,12015,9200
11508,9200,8578
11509,8578,11854
11510,11854,12016
11511,12016,11403
11512,11403,8719
11513,3420,11049
11514,12017,10612
11515,10612,12018
11516,4278,12019
11517,10627,12020
11518,12020,12021
11519,12021,2586
11520,2586,12022
11521,12022,8320
11522,12024,12026
11523,12026,12025
11524,12027,12028
11525,12028,12029
11526,12029,7248
11527,7248,12030
11528,12030,12031
11529,12031,3074
11530,3074,9337
11531,2930,8554
11532,8554,2994
11533,7535,10335
11534,10335,4183
11535,12032,12033
11536,12033,2039
11537,12034,5900
11538,5900,8083
11539,3322,718
11540,718,3946
11541,3946,12035
11542,5939,12036
11543,8488,12037
11544,12037,12038
11545,12038,11995
11546,11995,4883
11547,4883,7483
11548,7483,8545
11549,8545,8828
11550,8828,3745
11551,12039,12040
11552,12046,12047
11553,6282,8235
11554,8235,8486
11555,10384,6762
11556,5346,7384
11557,7384,5927
11558,12048,12050
11559,12050,12049
11560,11123,1189
11561,1189,3519
11562,12051,7868
11563,7868,12053
11564,12053,12054
11565,12054,12055
11566,12055,12052
11567,8526,12056
11568,11821,12057
11569,12058,6881
11570,6881,104
11571,3215,12059
11572,12059,12060
11573,12060,12061
11574,12061,2391
11575,2088,12062
11576,12062,7790
11577,7790,2087
11578,49,12063
11579,12063,11764
11580,799,532
11581,12064,4115
11582,12065,12067
11583,12067,3554
11584,3554,9179
11585,9179,12068
11586,12068,11193
11587,11193,12066
11588,6632,1278
11589,1278,12070
11590,12070,12069
11591,9351,12071
11592,12072,2411
11593,2411,390
11594,5546,6986
11595,6986,6985
11596,6985,5547
11597,6935,8009
11598,8009,12073
11599,12074,9371
11600,9371,12075
11601,12075,8423
11602,12077,2773
11603,2773,2147
11604,2147,7002
11605,9934,12078
11606,4017,12079
11607,2137,6129
11608,6129,1730
11609,1730,12081
11610,12081,7406
11611,7406,6163
11612,6163,12080
11613,12082,12083
11614,12030,12085
11615,12085,12084
11616,12086,1166
11617,2478,113
11618,113,4816
11619,8162,12087
11620,11184,6758
11621,6758,10240
11622,10240,12088
11623,12089,10736
11624,12090,459
11625,459,2972
11626,2972,3850
11627,12091,11829
11628,12092,12094
11629,12094,10423
11630,10423,12093
11631,12095,4173
11632,2263,3919
11633,7988,12098
11634,12098,12099
11635,12099,5655
11636,5655,12097
11637,12097,6929
11638,6929,12100
11639,12100,4696
11640,4696,5966
11641,5966,3397
11642,3397,12101
11643,12101,3398
11644,3398,5968
11645,5968,12102
11646,12102,12103
11647,12103,12097
11648,12104,12105
11649,12106,12108
11650,12108,5752
11651,5752,12107
11652,3578,12109
11653,10161,7379
11654,7379,8856
11655,8856,741
11656,741,12114
11657,12114,11274
11658,12115,12116
11659,12116,5134
11660,12117,12118
11661,12118,3869
11662,5665,4636
11663,4636,1179
11664,6746,12119
11665,12120,12122
11666,12122,8355
11667,8355,12123
11668,12123,4910
11669,4910,9643
11670,9643,12121
11671,12124,12126
11672,12126,12125
11673,7415,12127
11674,11567,12129
11675,12129,12130
11676,12130,8171
11677,8171,9041
11678,9041,4993
11679,4993,12131
11680,12131,1658
11681,1658,12132
11682,12132,12133
11683,12133,12134
11684,12134,12128
11685,12135,12137
11686,12137,12136
11687,982,1004
11688,1004,12138
11689,11825,12139
11690,12140,12142
11691,12142,12141
11692,10419,9156
11693,9156,7262
11694,7262,12143
11695,12143,12094
11696,12094,12144
11697,12144,9869
11698,2237,12145
11699,12145,12146
11700,12146,12147
11701,12147,1268
11702,1268,12148
11703,12148,12149
11704,12149,9816
11705,9816,12150
11706,12150,11577
11707,12151,12152
11708,12152,7480
11709,7480,12153
11710,12153,10559
11711,12154,66
11712,66,10177
11713,10177,12156
11714,12156,12157
11715,12157,12158
11716,12158,4600
11717,4600,3615
11718,3615,1540
11719,1540,12155
11720,12159,1936
11721,1936,10151
11722,12161,12162
11723,12093,10275
11724,10275,12163
11725,12163,12164
11726,12164,2734
11727,2734,12165
11728,12165,12166
11729,12166,8251
11730,12168,10593
11731,10593,2220
11732,12169,12170
11733,3953,5997
11734,5997,12172
11735,12172,12173
11736,12173,12174
11737,12174,12175
11738,12175,12176
11739,12176,12177
11740,12177,12178
11741,12178,619
11742,619,5325
11743,5325,12179
11744,12179,1458
11745,1458,12171
11746,12180,9516
11747,10911,4985
11748,11568,5330
11749,5330,9798
11750,12181,12182
11751,1452,5440
11752,5440,591
11753,591,12184
11754,12184,2268
11755,2268,12185
11756,12185,12183
11757,7905,12187
11758,12188,5394
11759,12189,12191
11760,12191,3786
11761,3786,12190
11762,9225,2290
11763,2290,12192
11764,12193,12195
11765,12195,1631
11766,1631,12194
11767,10432,12196
11768,12197,12199
11769,12199,12200
11770,12200,6599
11771,6599,12201
11772,12201,2894
11773,2894,9696
11774,9696,12202
11775,12202,12203
11776,12203,9248
11777,9248,4962
11778,4962,12204
11779,12204,4110
11780,4110,12205
11781,12205,12206
11782,12206,12207
11783,12207,12198
11784,10892,3194
11785,3194,12208
11786,12209,3811
11787,10205,2227
11788,12210,12211
11789,3052,12212
11790,6502,7948
11791,9819,734
11792,734,1
11793,1,12213
11794,12213,9964
11795,12214,10410
11796,10410,12215
11797,12215,5200
11798,5200,2278
11799,12216,6460
11800,6460,247
11801,247,8073
11802,12217,1949
11803,7949,12218
11804,8747,12219
11805,12219,9540
11806,9540,12220
11807,12220,12221
11808,12221,10605
11809,10418,9869
11810,9869,12222
11811,12223,12225
11812,12225,12226
11813,12226,12224
11814,12227,12229
11815,12229,11072
11816,11072,12009
11817,12009,4693
11818,4693,12230
11819,12230,12228
11820,12231,5615
11821,7674,6858
11822,12232,3365
11823,3365,11523
11824,12233,12234
11825,12234,10896
11826,10896,12235
11827,12235,4307
11828,1126,12236
11829,12236,12237
11830,12237,5924
11831,3966,7749
11832,7749,12238
11833,12239,12240
11834,12241,12242
11835,12242,8033
11836,8217,10965
11837,10965,8114
11838,8114,12243
11839,12244,7940
11840,12245,1061
11841,1061,9667
11842,9667,2520
11843,2520,2061
11844,2061,11408
11845,8634,6254
11846,12246,12248
11847,12248,12249
11848,12249,8841
11849,8841,5567
11850,5567,11930
11851,11930,12019
11852,12019,4276
11853,4276,938
11854,938,12247
11855,11807,12252
11856,3506,11174
11857,11174,12253
11858,12253,3904
11859,3904,762
11860,12254,12255
11861,12255,3997
11862,12256,4708
11863,4708,7394
11864,7394,12257
11865,9471,12258
11866,3920,8508
11867,8508,5079
11868,5079,12260
11869,1132,12261
11870,12261,11471
11871,11471,8548
11872,8548,4826
11873,4826,10815
11874,11381,774
11875,12262,12263
11876,12263,12264
11877,12264,12265
11878,12265,4984
11879,12266,12268
11880,12268,11068
11881,11068,7955
11882,7955,12269
11883,12269,12270
11884,12270,12267
11885,12271,7074
11886,2612,7134
11887,7134,12272
11888,12272,12273
11889,12273,6641
11890,6641,9972
11891,9972,4394
11892,8382,663
11893,663,5501
11894,12274,9446
11895,6270,12275
11896,12276,9290
11897,9290,12277
11898,12277,10670
11899,10670,8100
11900,8100,12278
11901,12278,5541
11902,5541,9817
11903,9817,12279
11904,12279,7451
11905,7451,1269
11906,1269,12280
11907,12280,12281
11908,12281,12282
11909,12282,6656
11910,12283,7326
11911,12284,12285
11912,12286,4381
11913,4381,11145
11914,2293,12287
11915,12288,10269
11916,10269,12289
11917,12289,5944
11918,4857,12290
11919,12291,2131
11920,2131,3412
11921,3412,12293
11922,12293,12292
11923,12294,10250
11924,10250,12295
11925,12295,9435
11926,9435,10059
11927,12296,7325
11928,12297,11555
11929,10475,1191
11930,1191,12298
11931,12298,12299
11932,12299,7887
11933,7887,12300
11934,12300,12301
11935,12301,5362
11936,5362,12008
11937,12302,9648
11938,9648,5797
11939,5621,9937
11940,7776,729
11941,729,9163
11942,153,148
11943,11333,3591
11944,8752,12306
11945,12306,11935
11946,11935,12305
11947,12307,6701
11948,3796,12308
11949,11939,12310
11950,12310,12311
11951,12311,10322
11952,10322,5596
11953,5596,10203
11954,10203,12312
11955,12312,9944
11956,9944,12313
11957,12313,12309
11958,11844,8491
11959,8491,12315
11960,12315,12316
11961,12316,1948
11962,1948,8317
11963,8317,12317
11964,12317,4544
11965,4544,11456
11966,11456,12318
11967,12318,12314
11968,2865,5535
11969,5535,12319
11970,6017,11510
11971,11510,6018
11972,6018,9455
11973,9455,10467
11974,10467,8705
11975,8705,12321
11976,12321,12322
11977,12322,12323
11978,12323,10468
11979,10468,12320
11980,7637,12253
11981,5700,12324
11982,9846,418
11983,3081,12325
11984,12326,990
11985,990,46
11986,46,12327
11987,3542,11042
11988,11042,9313
11989,9313,9479
11990,9479,8026
11991,8026,12328
11992,2017,8294
11993,2402,4863
11994,12329,12330
11995,3857,10954
11996,10954,2352
11997,2352,10904
11998,10904,12331
11999,12332,1965
12000,1965,5869
12001,12333,845
12002,10000,296
12003,4939,12336
12004,9318,3044
12005,3044,12337
12006,11603,6823
12007,6823,4832
12008,12338,12339
12009,12339,11898
12010,11898,8362
12011,8362,12340
12012,12340,12341
12013,12341,6145
12014,6145,9015
12015,11500,11502
12016,7751,2198
12017,12342,12343
12018,10147,6173
12019,1117,8930
12020,12347,12348
12021,138,11139
12022,11139,12349
12023,12349,12350
12024,12350,6115
12025,12351,12352
12026,12353,9123
12027,12354,11630
12028,11630,12356
12029,12356,12355
12030,4140,12357
12031,3332,1094
12032,10711,12358
12033,12358,12359
12034,12359,34
12035,34,7679
12036,7679,12360
12037,12360,319
12038,12361,7532
12039,7532,9234
12040,9234,9511
12041,9511,12363
12042,12363,7531
12043,7531,12362
12044,3854,12364
12045,12365,12366
12046,12366,12367
12047,12367,12365
12048,3918,12368
12049,1627,7825
12050,12369,5206
12051,1432,8010
12052,8010,4981
12053,4981,5635
12054,5635,12370
12055,12370,8444
12056,12372,5857
12057,5857,12374
12058,12374,12375
12059,12375,12376
12060,12376,1129
12061,1129,6900
12062,6900,12377
12063,12377,12378
12064,12378,12379
12065,12379,12380
12066,12380,11714
12067,11714,178
12068,178,11626
12069,11626,12381
12070,12381,5614
12071,5614,8820
12072,8820,12373
12073,8567,7470
12074,7470,9746
12075,9746,12382
12076,12382,8366
12077,6301,5964
12078,5964,8191
12079,8191,12119
12080,12119,12383
12081,12383,11082
12082,11082,6478
12083,6478,6745
12084,1864,12384
12085,12384,4473
12086,4473,2115
12087,2115,6343
12088,8869,12385
12089,12386,5732
12090,12387,10984
12091,162,5908
12092,12390,12391
12093,12392,11335
12094,11335,10893
12095,10893,6807
12096,6807,1155
12097,1155,11805
12098,11805,12393
12099,12393,12394
12100,12394,12395
12101,12395,8037
12102,8037,4090
12103,4090,12396
12104,12396,6463
12105,6463,8070
12106,2135,12398
12107,12398,12399
12108,12399,12397
12109,7214,5624
12110,5624,9935
12111,9935,12401
12112,12401,11005
12113,11005,1817
12114,1817,1525
12115,1525,12402
12116,12402,12403
12117,12403,12404
12118,12404,6492
12119,6492,12405
12120,12405,12400
12121,2792,8052
12122,8052,12406
12123,12406,2943
12124,2943,9981
12125,9981,12407
12126,12407,7597
12127,12408,12409
12128,12410,5048
12129,6688,9338
12130,1572,7373
12131,7373,1570
12132,8046,12412
12133,12412,8588
12134,8588,12413
12135,12413,10838
12136,10838,1743
12137,1743,8069
12138,8069,250
12139,250,6457
12140,6457,576
12141,576,12411
12142,12414,12415
12143,12416,8976
12144,8976,12418
12145,12418,2102
12146,2102,12419
12147,12419,12417
12148,12421,12423
12149,12423,12424
12150,12424,12425
12151,12425,4688
12152,4688,12426
12153,12426,12427
12154,12427,10517
12155,10517,12428
12156,12428,12429
12157,12429,5953
12158,5953,3528
12159,3528,5901
12160,5901,12430
12161,12430,2127
12162,2127,12422
12163,12431,12432
12164,12432,800
12165,12433,12434
12166,12434,6732
12167,6732,12329
12168,12329,6733
12169,6733,12434
12170,12435,1909
12171,1909,5320
12172,5320,534
12173,534,5684
12174,12436,12437
12175,12437,3573
12176,2476,12413
12177,12413,12438
12178,12438,9198
12179,9198,11031
12180,11031,5932
12181,10396,12439
12182,9070,644
12183,9138,6243
12184,2711,12442
12185,12442,8022
12186,8022,4551
12187,4551,8601
12188,8601,12443
12189,12443,12444
12190,12444,12441
12191,12445,5251
12192,12446,6191
12193,12447,12448
12194,256,9637
12195,9637,12449
12196,12449,12450
12197,12450,7992
12198,7992,11964
12199,11964,12451
12200,12451,852
12201,852,44
12202,12452,12454
12203,12454,12453
12204,11452,12456
12205,12456,10692
12206,10692,12455
12207,1108,1839
12208,1839,12457
12209,12457,4014
12210,4014,10571
12211,10571,882
12212,882,12458
12213,12458,4775
12214,4775,10536
12215,10536,11536
12216,11536,8259
12217,8259,12459
12218,12459,12460
12219,12460,12461
12220,12461,7739
12221,7739,10920
12222,8510,11940
12223,11940,10323
12224,10323,5594
12225,5594,10204
12226,12462,2500
12227,12463,10716
12228,10716,9124
12229,12465,6028
12230,8219,12467
12231,12467,12468
12232,12468,12466
12233,12469,12470
12234,12471,9604
12235,9604,1760
12236,1760,12472
12237,2841,12473
12238,12474,10377
12239,12475,4217
12240,4217,10475
12241,12476,12477
12242,12477,9521
12243,3298,4147
12244,12478,12479
12245,1407,1717
12246,1717,3917
12247,12481,7921
12248,5766,9663
12249,4784,12482
12250,8618,12483
12251,12484,12486
12252,12486,12487
12253,12487,12485
12254,972,8594
12255,8594,3714
12256,3714,3873
12257,3873,12454
12258,12488,12490
12259,12490,12489
12260,12491,7643
12261,12492,12493
12262,12493,12494
12263,12494,606
12264,606,12495
12265,12495,12492
12266,1559,11482
12267,11482,722
12268,722,12496
12269,9576,6852
12270,1119,3999
12271,3999,11925
12272,11925,7344
12273,7344,48
12274,7605,12497
12275,12498,915
12276,915,12500
12277,12500,12499
12278,12501,12502
12279,948,12504
12280,12504,12503
12281,12123,12505
12282,8246,12506
12283,12507,5828
12284,5828,9926
12285,9926,12508
12286,12510,11664
12287,11664,1244
12288,1244,12511
12289,4495,12513
12290,12513,9072
12291,9072,12512
12292,11263,12514
12293,12515,12516
12294,12516,12517
12295,12517,6630
12296,11841,12518
12297,12518,2740
12298,1447,5442
12299,5442,12520
12300,12520,586
12301,586,12521
12302,12521,12519
12303,12522,225
12304,10832,12524
12305,12524,12525
12306,12525,12526
12307,12526,12527
12308,12527,212
12309,212,12528
12310,12528,12529
12311,12529,7305
12312,7305,840
12313,840,12210
12314,12210,2463
12315,2463,12461
12316,12461,669
12317,669,11724
12318,11724,668
12319,668,10110
12320,10110,12530
12321,12530,10342
12322,10342,12531
12323,12531,12523
12324,12532,321
12325,321,12533
12326,12533,7680
12327,7680,33
12328,12534,6872
12329,6872,12535
12330,11338,12536
12331,12536,12537
12332,12537,12538
12333,12538,12536
12334,12539,7564
12335,12540,12541
12336,12542,12544
12337,12544,5631
12338,5631,12543
12339,5513,4839
12340,4839,12545
12341,12545,2559
12342,2559,4170
12343,4170,3403
12344,12546,12547
12345,10972,12548
12346,1904,12549
12347,12549,2757
12348,2757,1447
12349,12550,12551
12350,5413,8884
12351,8884,5951
12352,5615,5780
12353,5625,9933
12354,9933,12552
12355,12552,9499
12356,12553,10372
12357,9634,8656
12358,3642,12554
12359,7788,12557
12360,12557,2189
12361,10153,7650
12362,7650,12558
12363,12558,12559
12364,12559,12200
12365,12200,12560
12366,12560,5500
12367,5500,12561
12368,12561,2113
12369,2113,8881
12370,8881,12315
12371,12315,8492
12372,8492,12562
12373,12562,1824
12374,1824,450
12375,11638,11639
12376,4156,12564
12377,12564,8990
12378,8990,12565
12379,12565,12563
12380,12566,8201
12381,8201,11104
12382,12567,12568
12383,9565,12569
12384,12569,10801
12385,10801,6046
12386,6046,9101
12387,4160,5859
12388,12570,12572
12389,12572,12571
12390,12573,12575
12391,12575,12574
12392,49,12576
12393,12576,5430
12394,12577,12578
12395,12579,8721
12396,8721,11983
12397,7800,7115
12398,7115,1133
12399,1133,11789
12400,11789,11246
12401,11246,11102
12402,11102,12580
12403,12580,12581
12404,12581,12450
12405,10554,7984
12406,10868,12583
12407,12583,3746
12408,3746,8829
12409,8829,8547
12410,8547,4887
12411,4887,11997
12412,11997,12584
12413,12584,8329
12414,8329,10589
12415,10589,12585
12416,12585,11920
12417,11920,12586
12418,12586,6010
12419,6010,12587
12420,12587,12582
12421,580,12184
12422,12184,4531
12423,4531,11197
12424,11197,6265
12425,6265,4059
12426,4059,12521
12427,12521,5070
12428,5070,12588
12429,12588,5080
12430,5080,3131
12431,3131,4297
12432,4297,539
12433,539,5682
12434,2833,4596
12435,4596,12590
12436,12590,12591
12437,12591,10180
12438,10180,12589
12439,12592,7700
12440,7700,12593
12441,12593,4563
12442,12594,9443
12443,9443,4023
12444,12595,12596
12445,12597,12599
12446,12599,8015
12447,8015,8804
12448,8804,6979
12449,6979,12600
12450,12600,9148
12451,9148,12601
12452,12601,3961
12453,3961,12602
12454,12602,5582
12455,5582,12603
12456,12603,12201
12457,12201,12604
12458,12604,12605
12459,12605,12606
12460,12606,1576
12461,1576,12607
12462,12607,12608
12463,12608,7647
12464,7647,10150
12465,10150,5805
12466,5805,12598
12467,6505,7877
12468,7877,12609
12469,12609,12610
12470,12610,6520
12471,6520,4943
12472,12611,12613
12473,12613,12612
12474,4009,12614
12475,12614,10822
12476,10822,12615
12477,12615,12616
12478,12616,12617
12479,12617,12618
12480,12618,12619
12481,12619,9103
12482,9103,11158
12483,9066,9068
12484,12620,12620
12485,12621,12622
12486,9021,12623
12487,12623,12624
12488,12624,3606
12489,3689,12626
12490,12626,12625
12491,7611,11725
12492,1724,12628
12493,12628,12629
12494,12629,12630
12495,12630,8356
12496,8356,12505
12497,12505,4911
12498,4911,9644
12499,9644,9855
12500,9855,12631
12501,12631,341
12502,341,12632
12503,12632,342
12504,342,12633
12505,12633,207
12506,207,9578
12507,9578,12627
12508,2430,8484
12509,8484,8629
12510,8629,4803
12511,4803,12635
12512,12635,12636
12513,12636,12637
12514,12637,12634
12515,12638,7369
12516,7369,10503
12517,11466,5204
12518,12633,208
12519,208,12640
12520,12640,12639
12521,12641,828
12522,4700,4821
12523,3186,3187
12524,6155,12642
12525,12642,12293
12526,12293,5173
12527,12643,12644
12528,12644,3533
12529,3533,10797
12530,12647,9676
12531,12648,5814
12532,5814,2818
12533,2818,9188
12534,9188,4926
12535,4926,12649
12536,12650,12651
12537,12651,5508
12538,10910,10023
12539,10023,6613
12540,12040,11098
12541,11098,4227
12542,12652,12653
12543,4260,2134
12544,2134,6127
12545,6127,11541
12546,11541,12654
12547,12654,7878
12548,7878,4574
12549,12655,11218
12550,11218,4397
12551,4397,1568
12552,12656,9879
12553,12592,3835
12554,12281,12146
12555,12146,12658
12556,12658,1267
12557,1267,12659
12558,12659,12657
12559,306,7962
12560,7670,12660
12561,12661,12662
12562,12663,12664
12563,12664,5074
12564,1128,12665
12565,1054,12668
12566,6754,11938
12567,647,12670
12568,12670,12669
12569,12671,12672
12570,12672,7714
12571,12673,12674
12572,12674,4756
12573,12675,11440
12574,2034,7039
12575,7039,12677
12576,12677,12676
12577,12678,88
12578,6347,10193
12579,12679,11731
12580,883,12680
12581,12680,3702
12582,3702,12681
12583,12681,4777
12584,12682,745
12585,745,12683
12586,12683,5579
12587,5579,2541
12588,8798,12684
12589,12685,12687
12590,12687,12686
12591,1414,12688
12592,12689,5423
12593,45,851
12594,851,9581
12595,9581,12566
12596,12566,1473
12597,1473,7993
12598,7993,12581
12599,12581,12691
12600,12691,9638
12601,9638,12690
12602,5267,5957
12603,5957,10375
12604,10375,12511
12605,12511,12692
12606,12692,11962
12607,12693,6556
12608,6556,12694
12609,12695,568
12610,568,11105
12611,11105,12696
12612,12696,12395
12613,12395,12697
12614,12697,12698
12615,12698,12699
12616,12699,9986
12617,12700,10181
12618,10181,12701
12619,12701,12702
12620,12702,4595
12621,4595,2834
12622,2170,12703
12623,4665,12704
12624,9739,12705
12625,12706,5348
12626,12632,12707
12627,1595,4143
12628,12708,308
12629,308,2753
12630,12709,9543
12631,12710,12711
12632,12712,12713
12633,12714,12715
12634,12716,12022
12635,3511,596
12636,596,12717
12637,12717,11809
12638,12718,9968
12639,10402,3616
12640,3616,8940
12641,8940,3704
12642,3704,7778
12643,7778,198
12644,198,12719
12645,12719,11341
12646,11341,8316
12647,12720,10029
12648,12721,12722
12649,12723,12725
12650,12725,12726
12651,12726,12727
12652,12727,4367
12653,4367,12724
12654,9542,7046
12655,9409,12729
12656,12729,12730
12657,12730,12728
12658,12731,5467
12659,5467,12733
12660,12733,1982
12661,1982,3894
12662,3894,10783
12663,10783,6394
12664,6394,4339
12665,4339,12734
12666,12734,12732
12667,12735,12492
12668,12736,12737
12669,12737,1827
12670,6626,8726
12671,12738,12739
12672,10854,10259
12673,886,12741
12674,12741,6477
12675,6477,12740
12676,12742,12743
12677,12743,471
12678,260,12744
12679,10756,12745
12680,12746,4721
12681,11481,7911
12682,7911,7989
12683,12747,2209
12684,12748,10704
12685,10704,1341
12686,1341,8192
12687,5448,12749
12688,8452,12750
12689,12750,12751
12690,12751,12752
12691,12752,12753
12692,12753,8741
12693,9117,6518
12694,6518,12231
12695,12754,3826
12696,3826,5761
12697,5761,5711
12698,5711,12755
12699,12755,12756
12700,12756,6131
12701,12757,12759
12702,12759,12760
12703,12760,12761
12704,12761,12758
12705,12762,7290
12706,7290,9707
12707,9707,5581
12708,5581,12602
12709,12602,2897
12710,2897,622
12711,622,12764
12712,12764,12765
12713,12765,12763
12714,2462,841
12715,841,7306
12716,7306,12766
12717,731,9164
12718,9164,5862
12719,11486,3009
12720,3009,4221
12721,4221,292
12722,12016,12767
12723,12692,10383
12724,7044,6464
12725,6464,12768
12726,9450,6962
12727,1698,9158
12728,9158,1702
12729,850,2197
12730,2197,7696
12731,7696,12359
12732,12359,11721
12733,11721,9325
12734,9325,1028
12735,1028,8374
12736,12769,12770
12737,11409,10392
12738,12093,7541
12739,7541,1651
12740,1651,9387
12741,9387,5609
12742,5609,12771
12743,12771,6691
12744,6691,2763
12745,2763,2145
12746,2145,9820
12747,2961,12772
12748,12772,7090
12749,12773,7267
12750,7267,2376
12751,2376,833
12752,833,12775
12753,12775,1013
12754,1013,10211
12755,10211,12774
12756,9960,12464
12757,12776,12777
12758,12777,11074
12759,11074,12778
12760,12778,12779
12761,12779,8692
12762,8692,12780
12763,12780,12781
12764,12781,7716
12765,7716,3211
12766,3211,12782
12767,12782,12783
12768,12783,9892
12769,9892,10042
12770,12784,6319
12771,6319,2237
12772,6534,4951
12773,12785,11723
12774,11723,12786
12775,12786,12787
12776,12787,4476
12777,8684,12789
12778,12789,5105
12779,5105,986
12780,986,12790
12781,12790,12791
12782,12791,4337
12783,4337,10188
12784,10188,12792
12785,12792,11600
12786,11600,2556
12787,2556,12793
12788,12793,5102
12789,5102,279
12790,279,12794
12791,12794,12788
12792,12300,12796
12793,12796,11423
12794,11423,12795
12795,5372,10524
12796,10524,12797
12797,12797,3718
12798,3718,12798
12799,12798,5375
12800,5375,9401
12801,12545,4169
12802,4169,465
12803,11494,10339
12804,10339,12799
12805,12799,7033
12806,7033,2293
12807,12517,11156
12808,12800,12802
12809,12802,10158
12810,10158,12801
12811,12662,8865
12812,8865,8006
12813,8006,1180
12814,12803,12804
12815,12804,11687
12816,11687,5164
12817,5164,6923
12818,6923,8453
12819,8453,8759
12820,7045,9544
12821,9544,12709
12822,12709,12805
12823,2221,12005
12824,12005,12168
12825,12168,12807
12826,12807,12004
12827,12004,12806
12828,12808,12809
12829,12810,10472
12830,12811,12812
12831,12812,12813
12832,12813,12814
12833,12814,5443
12834,11024,12815
12835,10608,3304
12836,10766,12816
12837,12816,10328
12838,10328,12131
12839,12392,12817
12840,12817,3315
12841,3315,847
12842,6744,7961
12843,7051,12818
12844,12818,9299
12845,9299,11596
12846,11596,10726
12847,10726,704
12848,9945,12819
12849,12819,10202
12850,10202,5597
12851,5597,12311
12852,5356,12821
12853,12821,4588
12854,4588,11717
12855,11717,12822
12856,12822,11894
12857,11894,12823
12858,12823,12824
12859,12824,2002
12860,2002,12825
12861,12825,12826
12862,12826,11124
12863,11124,8873
12864,8873,12318
12865,12318,8766
12866,8766,6436
12867,6436,12820
12868,12827,12828
12869,12828,10519
12870,10519,5445
12871,5445,12827
12872,4759,3253
12873,12829,12736
12874,12830,12831
12875,9277,6942
12876,6942,12832
12877,12832,4654
12878,4654,12833
12879,12833,12834
12880,12834,9033
12881,9033,2779
12882,2779,9193
12883,8218,12467
12884,6898,12835
12885,12836,11769
12886,11769,12838
12887,12838,5758
12888,5758,12839
12889,12839,12504
12890,12504,12837
12891,5863,4528
12892,4528,9764
12893,4681,12840
12894,3604,12841
12895,12841,12842
12896,12842,12843
12897,12843,9022
12898,6711,12845
12899,2444,12846
12900,12846,12847
12901,12847,3980
12902,3980,689
12903,4383,11814
12904,3733,12848
12905,12848,11377
12906,11377,11129
12907,11129,12849
12908,12849,12850
12909,12850,8163
12910,8163,12851
12911,12851,8641
12912,8641,2745
12913,2745,6075
12914,6075,3616
12915,713,1648
12916,12483,7114
12917,7114,11790
12918,12852,11264
12919,9589,9589
12920,12853,500
12921,500,12855
12922,12855,9331
12923,9331,225
12924,225,12854
12925,254,1675
12926,1675,10444
12927,10444,3402
12928,3402,12857
12929,12857,12856
12930,7961,306
12931,9048,7634
12932,7634,11437
12933,11437,12858
12934,12858,12859
12935,12859,1935
12936,282,7867
12937,7867,12055
12938,9304,4468
12939,12860,7209
12940,12861,12863
12941,12863,8670
12942,8670,12862
12943,4268,12864
12944,3406,5618
12945,5618,5619
12946,5619,4505
12947,4505,4504
12948,4504,6865
12949,2089,12866
12950,12866,2806
12951,2806,12865
12952,12867,10226
12953,3276,1600
12954,1600,6514
12955,6514,4464
12956,4464,12868
12957,12868,11128
12958,3107,12869
12959,11462,4100
12960,4100,12829
12961,12870,12403
12962,12403,12871
12963,12871,12872
12964,12872,12873
12965,12873,12874
12966,12874,12875
12967,12875,8959
12968,12876,6435
12969,6435,12877
12970,12877,11878
12971,11878,8602
12972,8602,4550
12973,4550,8023
12974,8023,12878
12975,12878,447
12976,12879,11802
12977,11802,7214
12978,12880,3478
12979,12881,10945
12980,10945,3140
12981,3140,8479
12982,12882,12884
12983,12884,9357
12984,9357,12883
12985,754,12885
12986,8008,12886
12987,12886,12217
12988,12217,12887
12989,12887,12888
12990,12888,661
12991,661,770
12992,12889,7275
12993,12890,11735
12994,11735,12891
12995,12188,8108
12996,8108,12892
12997,3772,6664
12998,165,12894
12999,12894,12893
13000,6767,12895
13001,12895,6432
13002,6432,6182
13003,12896,12897
13004,12898,6388
13005,6388,936
13006,936,12899
13007,12899,8439
13008,8439,3254
13009,3254,5741
13010,5741,12898
13011,12901,84
13012,84,12902
13013,11417,7489
13014,7489,12903
13015,12903,12904
13016,12904,9557
13017,9102,12906
13018,12906,12907
13019,12907,12908
13020,12908,12909
13021,12909,12910
13022,12910,12911
13023,12911,9149
13024,9149,7031
13025,7031,12912
13026,12912,12402
13027,12402,12905
13028,9603,12913
13029,11634,11635
13030,2138,12398
13031,12915,12917
13032,12917,7398
13033,7398,12916
13034,12153,11273
13035,11273,12918
13036,12918,3745
13037,9092,12919
13038,12919,12920
13039,12920,12921
13040,12921,12892
13041,12892,8106
13042,10428,12922
13043,10739,603
13044,603,12923
13045,12923,12924
13046,12924,12925
13047,12925,5519
13048,5519,9905
13049,9905,4573
13050,4573,5869
13051,1970,3795
13052,3795,5551
13053,3725,12927
13054,12927,5637
13055,5637,12926
13056,10966,12929
13057,12929,12928
13058,12195,7760
13059,12930,801
13060,12932,12933
13061,12934,12936
13062,12936,12935
13063,12050,12937
13064,12748,11126
13065,9317,680
13066,680,8092
13067,8092,12939
13068,12939,12938
13069,12940,12391
13070,12391,12017
13071,12017,12941
13072,12941,12540
13073,12540,1925
13074,1925,7892
13075,7892,11473
13076,11473,2596
13077,3154,12154
13078,12789,12944
13079,12945,8407
13080,8407,9006
13081,9006,11002
13082,11002,12946
13083,12947,6386
13084,6386,4254
13085,4254,6378
13086,5534,12948
13087,9153,6760
13088,6760,12949
13089,12949,12093
13090,12950,8222
13091,12951,12952
13092,12952,6925
13093,6925,12836
13094,12836,947
13095,12807,10168
13096,10168,12006
13097,6344,2116
13098,2116,4686
13099,4686,4474
13100,4474,12384
13101,215,1241
13102,12953,12954
13103,12955,8742
13104,12956,11034
13105,3647,12957
13106,12364,4699
13107,9282,12958
13108,12959,7432
13109,7432,12960
13110,12960,5974
13111,5974,8925
13112,8925,9790
13113,9790,865
13114,865,12671
13115,12671,11395
13116,11395,12780
13117,12780,12961
13118,12961,1591
13119,10947,11711
13120,11711,12962
13121,6431,1350
13122,10950,10374
13123,10374,12964
13124,12964,12963
13125,10972,12965
13126,12965,12966
13127,12966,12967
13128,12967,12393
13129,12393,2258
13130,12968,12970
13131,12970,12969
13132,12971,10334
13133,10334,352
13134,352,8682
13135,8682,12973
13136,12973,12972
13137,6854,12974
13138,12974,12975
13139,12975,1353
13140,12976,12569
13141,12569,12978
13142,12978,4120
13143,4120,12977
13144,12979,6863
13145,12980,12982
13146,12982,6785
13147,6785,6956
13148,6956,10116
13149,10116,12981
13150,5912,5213
13151,5213,6768
13152,6768,12983
13153,12983,5897
13154,5897,6323
13155,6323,4442
13156,5377,9400
13157,9850,7926
13158,12984,2621
13159,2621,12257
13160,7083,1961
13161,11163,11917
13162,11917,12742
13163,12985,12986
13164,12986,11380
13165,11380,12987
13166,12987,3739
13167,3739,4672
13168,4672,2691
13169,2691,5255
13170,5255,4403
13171,3546,12988
13172,8697,12990
13173,12990,12991
13174,12991,12989
13175,2295,2294
13176,415,9612
13177,9612,9664
13178,9664,7400
13179,7400,12992
13180,4712,4996
13181,12993,12994
13182,6069,12995
13183,12996,11432
13184,302,11487
13185,11487,3008
13186,3008,295
13187,12998,12999
13188,518,13000
13189,13001,13003
13190,13003,11119
13191,11119,13004
13192,13004,6362
13193,6362,7337
13194,7337,7368
13195,7368,13002
13196,13005,13006
13197,13007,13008
13198,13009,13011
13199,13011,13012
13200,13012,13013
13201,13013,13014
13202,13014,12544
13203,12544,13010
13204,13015,13016
13205,13016,3043
13206,13017,11659
13207,11659,13019
13208,13019,6712
13209,6712,13020
13210,13020,8209
13211,8209,11833
13212,11833,13018
13213,13021,13022
13214,387,11308
13215,13023,11113
13216,11113,9279
13217,13024,13025
13218,13026,12984
13219,2159,13027
13220,13028,4751
13221,4751,13030
13222,13030,12405
13223,12405,11800
13224,11800,9491
13225,9491,4354
13226,4354,13029
13227,13031,10707
13228,13032,12396
13229,12396,4091
13230,4091,8036
13231,8036,12697
13232,8388,13034
13233,13034,7814
13234,7814,8386
13235,8386,13033
13236,13035,1928
13237,9202,13037
13238,13037,13036
13239,5358,6778
13240,6778,1852
13241,1852,12546
13242,12546,10208
13243,10208,13039
13244,13039,13040
13245,13040,13038
13246,13041,13042
13247,13042,12105
13248,12105,12104
13249,12104,9715
13250,5014,5544
13251,5544,13044
13252,13044,13043
13253,13045,13046
13254,13046,11446
13255,11446,9915
13256,4458,1218
13257,1218,6752
13258,6752,13047
13259,13047,5905
13260,5905,9182
13261,13052,10673
13262,10673,13053
13263,5671,13054
13264,13054,13055
13265,13055,10766
13266,13056,13057
13267,13058,5877
13268,10869,9989
13269,4645,13059
13270,6036,13060
13271,12707,3169
13272,9720,13061
13273,13062,13063
13274,13063,13064
13275,13064,9152
13276,13066,2171
13277,2481,4192
13278,10092,11033
13279,11033,10093
13280,13067,5721
13281,9403,13069
13282,13069,13068
13283,11796,13070
13284,13071,13072
13285,13072,13073
13286,13073,13074
13287,13074,8653
13288,8653,8196
13289,13075,8061
13290,8061,12625
13291,12625,9266
13292,9266,5794
13293,5794,1044
13294,1044,6710
13295,13076,10935
13296,10935,13078
13297,13078,8156
13298,8156,13077
13299,772,13079
13300,13079,13080
13301,13080,13081
13302,13081,7467
13303,7834,13082
13304,13082,13047
13305,7164,11025
13306,11025,12815
13307,12815,5770
13308,2877,13084
13309,13084,7203
13310,7203,13083
13311,13085,10851
13312,8363,13086
13313,2722,13087
13314,13088,13089
13315,13089,10967
13316,11612,1110
13317,1110,13091
13318,13091,13092
13319,13092,13090
13320,13095,10287
13321,10287,12652
13322,12652,13096
13323,13097,13098
13324,13098,13099
13325,13099,9439
13326,9439,13100
13327,13100,13101
13328,13101,9287
13329,9287,13102
13330,13102,13103
13331,13103,13104
13332,13104,3045
13333,3045,13105
13334,13105,13106
13335,13106,9316
13336,9316,2982
13337,3813,5106
13338,5106,9802
13339,4858,9389
13340,9389,5608
13341,10482,13108
13342,13108,13109
13343,13109,13107
13344,13110,13112
13345,13112,11069
13346,11069,13113
13347,13113,13111
13348,2570,1404
13349,1404,13114
13350,13114,3082
13351,8458,12955
13352,12118,13118
13353,13118,13117
13354,9326,13120
13355,13120,6896
13356,6896,13119
13357,1171,13121
13358,13121,13122
13359,13122,11552
13360,11552,2024
13361,2024,8535
13362,13123,13125
13363,13125,13126
13364,13126,13124
13365,13127,10156
13366,10156,10154
13367,12085,12031
13368,2060,2059
13369,2059,2060
13370,4475,715
13371,367,9035
13372,13128,2276
13373,2276,5287
13374,13129,252
13375,252,9289
13376,13130,9654
13377,9654,13131
13378,1722,3498
13379,3498,13132
13380,13132,7600
13381,12952,11547
13382,11547,11858
13383,13133,13134
13384,13137,5750
13385,5750,5506
13386,8788,12302
13387,13147,6694
13388,11548,13148
13389,13148,12503
13390,12503,11595
13391,11595,5466
13392,5466,6220
13393,2243,6038
13394,6038,13149
13395,13150,13150
13396,13151,3662
13397,3662,3404
13398,3404,11411
13399,13152,4160
13400,13153,13154
13401,13155,11958
13402,11958,13156
13403,13157,13158
13404,7775,8129
13405,8129,4163
13406,13159,11215
13407,11215,13160
13408,5281,13162
13409,13162,13163
13410,13163,7439
13411,7439,3783
13412,3783,13161
13413,6392,7829
13414,13164,13166
13415,13166,5598
13416,5598,7567
13417,7567,13165
13418,12102,5969
13419,1896,13167
13420,13168,4345
13421,981,13169
13422,13169,12138
13423,11908,13170
13424,7420,10528
13425,10528,4794
13426,4794,13172
13427,13172,13173
13428,13173,4629
13429,4629,13174
13430,13174,2799
13431,2799,8056
13432,8056,13171
13433,13175,13176
13434,13176,2456
13435,2456,13177
13436,13177,7334
13437,7334,11227
13438,11227,13178
13439,13178,5819
13440,5819,11959
13441,11959,4762
13442,4762,10591
13443,10591,10451
13444,5370,3912
13445,13183,3264
13446,3264,13185
13447,13185,13186
13448,13186,552
13449,552,13187
13450,13187,13188
13451,13188,13189
13452,13189,5450
13453,5450,13190
13454,13190,13191
13455,13191,12025
13456,12025,13192
13457,13192,9091
13458,9091,13193
13459,13193,3832
13460,3832,13194
13461,13194,7787
13462,7787,13184
13463,9186,13197
13464,6640,11885
13465,11885,13199
13466,3592,5557
13467,2617,13200
13468,13200,13201
13469,13201,546
13470,3032,1036
13471,1036,11029
13472,11029,12212
13473,12212,2450
13474,2450,13202
13475,13202,1131
13476,2846,6278
13477,13203,13204
13478,13204,13205
13479,13205,13206
13480,13206,9466
13481,9466,347
13482,10859,7501
13483,7501,13207
13484,13208,13209
13485,13210,1493
13486,4320,13213
13487,13213,13214
13488,13214,13212
13489,3021,4561
13490,4561,9161
13491,9161,5860
13492,9552,13216
13493,13216,13217
13494,13217,13215
13495,2907,5283
13496,4175,3354
13497,8173,3434
13498,13218,12597
13499,13219,13220
13500,13221,13222
13501,8665,3331
13502,13223,13224
13503,13225,10460
13504,10460,13226
13505,13226,3556
13506,11458,7629
13507,7629,13228
13508,13228,13229
13509,13229,13227
13510,13230,2601
13511,2601,13232
13512,13232,13233
13513,13233,13234
13514,13234,13235
13515,13235,9754
13516,9754,3695
13517,3695,13175
13518,13175,612
13519,612,2811
13520,2811,11051
13521,11051,13231
13522,8691,12961
13523,12961,13236
13524,13236,7718
13525,6167,13237
13526,13237,3124
13527,13238,2245
13528,2018,4031
13529,13239,649
13530,649,6037
13531,6037,13240
13532,13240,13241
13533,13241,6723
13534,8981,8985
13535,8985,1696
13536,1696,9160
13537,9160,13242
13538,13242,2852
13539,7256,13243
13540,13243,13244
13541,13244,13245
13542,13245,13246
13543,13246,13247
13544,13247,9218
13545,9218,13248
13546,13248,13249
13547,13249,9661
13548,9661,2465
13549,2465,12459
13550,12459,593
13551,593,13250
13552,13250,10344
13553,10344,13251
13554,13251,13252
13555,13252,13253
13556,13253,173
13557,173,13254
13558,13254,7589
13559,7589,8431
13560,8549,13255
13561,13255,12339
13562,12339,7612
13563,6184,3177
13564,3177,13256
13565,13257,13259
13566,13259,2433
13567,2433,13260
13568,13260,6663
13569,6663,12839
13570,12839,949
13571,949,13261
13572,13261,13262
13573,13262,4414
13574,4414,13258
13575,2705,9920
13576,12066,1256
13577,13263,12814
13578,7395,13264
13579,7575,13266
13580,13266,13265
13581,12353,5224
13582,5224,1519
13583,13267,13268
13584,13268,13269
13585,13269,13270
13586,13270,1296
13587,1296,13267
13588,13271,13273
13589,13273,13274
13590,13274,13272
13591,12494,13275
13592,13275,2846
13593,13276,6625
13594,12805,13277
13595,13277,11167
13596,11167,9545
13597,9545,7044
13598,2588,8339
13599,5374,12797
13600,9317,2981
13601,2981,13278
13602,13278,13279
13603,13279,12209
13604,5119,13281
13605,13281,12673
13606,8302,5743
13607,5743,2522
13608,2522,7552
13609,7552,13282
13610,13282,8257
13611,13283,846
13612,846,10400
13613,8071,6462
13614,6462,5263
13615,5263,13032
13616,13032,12244
13617,12244,13284
13618,13284,4088
13619,4088,8038
13620,8038,12696
13621,12696,6715
13622,6715,13285
13623,13285,2258
13624,2258,8119
13625,8119,13286
13626,13286,1153
13627,1153,6805
13628,6805,11484
13629,11484,10894
13630,10894,11334
13631,11334,12817
13632,12373,11990
13633,11990,13288
13634,13288,1652
13635,1652,13289
13636,13289,12166
13637,12166,13290
13638,13290,2733
13639,2733,11235
13640,11235,9871
13641,9871,8326
13642,8326,13291
13643,13291,13292
13644,13292,13287
13645,13293,13295
13646,13295,13294
13647,13296,13298
13648,13298,13297
13649,7017,12945
13650,12057,13300
13651,13300,13301
13652,13301,11675
13653,11675,12226
13654,12226,13302
13655,13302,3162
13656,3162,3099
13657,3099,13303
13658,13303,13299
13659,13304,13305
13660,5339,9428
13661,9428,691
13662,7699,13306
13663,13306,9087
13664,9060,13308
13665,13308,13309
13666,13309,8732
13667,8732,12585
13668,12585,1775
13669,1775,380
13670,380,6091
13671,6091,13310
13672,13310,4739
13673,4739,13307
13674,11970,13311
13675,13311,13312
13676,13312,13313
13677,13313,10069
13678,13314,3229
13679,7835,12432
13680,13315,9227
13681,9227,13317
13682,13317,13318
13683,13318,4409
13684,4409,13319
13685,13319,13320
13686,13320,6007
13687,6007,13316
13688,13321,5469
13689,13322,10924
13690,13323,654
13691,12324,13325
13692,13325,13326
13693,13326,13324
13694,13327,13328
13695,13328,5458
13696,5458,12319
13697,13242,9159
13698,9159,1695
13699,1695,8984
13700,8984,8982
13701,13329,13330
13702,13330,8147
13703,8147,11035
13704,13331,13332
13705,202,10769
13706,10769,1716
13707,1716,5803
13708,6496,12971
13709,13333,13334
13710,13335,3996
13711,3996,12979
13712,2674,1466
13713,13336,11798
13714,11798,13337
13715,13187,3265
13716,1585,13338
13717,13339,61
13718,61,9236
13719,9236,5574
13720,5574,13340
13721,13340,276
13722,276,9237
13723,9237,13341
13724,13341,10918
13725,5573,13342
13726,13342,2629
13727,8932,11267
13728,11267,13343
13729,4829,10067
13730,10067,13345
13731,13345,13344
13732,13346,3984
13733,3984,7821
13734,7821,13347
13735,13347,13348
13736,13348,2502
13737,2502,13349
13738,13349,13120
13739,13350,13352
13740,13352,9864
13741,9864,6059
13742,6059,13353
13743,13353,12775
13744,12775,962
13745,962,13351
13746,12715,13354
13747,13354,13355
13748,13355,13356
13749,13356,13357
13750,13357,10745
13751,10745,7893
13752,7893,3468
13753,7800,10567
13754,10567,13358
13755,13358,12483
13756,6219,1084
13757,13359,11770
13758,2810,10695
13759,9851,10405
13760,13360,13361
13761,13361,13362
13762,13362,12291
13763,773,13363
13764,11860,11528
13765,11528,13364
13766,13366,13368
13767,13368,13369
13768,13369,1507
13769,1507,13370
13770,13370,13371
13771,13371,13367
13772,8398,11286
13773,11286,9413
13774,9413,3651
13775,13372,1127
13776,12822,416
13777,416,13373
13778,11479,13375
13779,13375,11356
13780,11356,299
13781,12899,10689
13782,2013,13376
13783,8291,13378
13784,13378,12169
13785,12169,13377
13786,13379,13380
13787,6521,13381
13788,13381,13069
13789,13069,7873
13790,7873,6508
13791,6508,13382
13792,13382,13383
13793,13383,8170
13794,9951,119
13795,119,9691
13796,13384,13385
13797,13385,13384
13798,13386,13388
13799,13388,13387
13800,1469,2677
13801,13389,12717
13802,12717,4186
13803,13390,13392
13804,13392,13393
13805,13393,13391
13806,12406,13395
13807,13395,13394
13808,3094,13396
13809,13396,13151
13810,13151,8
13811,6250,13397
13812,13397,13397
13813,5243,7555
13814,7555,1711
13815,850,13398
13816,13398,13399
13817,13399,10706
13818,3869,13402
13819,13402,13403
13820,13403,13401
13821,1276,13404
13822,11632,13405
13823,10001,297
13824,7413,13015
13825,13015,4145
13826,11245,11101
13827,11101,13406
13828,13406,12691
13829,12691,12449
13830,13407,193
13831,193,2719
13832,2719,1181
13833,1181,12372
13834,12372,12788
13835,12788,13407
13836,11777,11504
13837,11504,2940
13838,2940,13408
13839,13409,13410
13840,13410,6044
13841,6044,10802
13842,10802,240
13843,240,12978
13844,12978,13411
13845,13411,9563
13846,9563,10351
13847,10351,13412
13848,13412,3382
13849,3382,11475
13850,11475,13413
13851,13413,3120
13852,3120,168
13853,168,7015
13854,7015,13414
13855,13414,12204
13856,12204,13007
13857,13007,12072
13858,12072,13415
13859,13415,7840
13860,2574,13416
13861,13416,13417
13862,13417,7405
13863,7405,13418
13864,13418,13419
13865,13419,284
13866,10097,13420
13867,13421,13422
13868,12828,11594
13869,11594,10543
13870,10543,13424
13871,13424,6787
13872,6787,13423
13873,13425,1076
13874,12336,8442
13875,8442,4105
13876,121,13427
13877,13427,13428
13878,13428,139
13879,139,13429
13880,13429,1610
13881,1610,13430
13882,13430,8396
13883,8396,13426
13884,10639,431
13885,431,13431
13886,12988,13432
13887,3272,10971
13888,7578,13433
13889,13433,4224
13890,4224,10172
13891,10172,13434
13892,13434,2247
13893,1320,12539
13894,13435,13437
13895,13437,1033
13896,1033,6453
13897,6453,9684
13898,9684,12725
13899,12725,13436
13900,2160,13438
13901,13438,2284
13902,13439,802
13903,716,8647
13904,13440,281
13905,8066,13441
13906,13444,4666
13907,12103,5970
13908,7632,13445
13909,4524,13446
13910,13446,13171
13911,13171,9133
13912,9133,7723
13913,3495,13448
13914,13448,13449
13915,13449,8229
13916,8229,13450
13917,13450,13451
13918,13451,5278
13919,5278,7990
13920,7990,13447
13921,13452,13453
13922,13454,358
13923,11489,13455
13924,312,4590
13925,13456,6615
13926,13457,13458
13927,13459,3256
13928,3256,13460
13929,5052,13461
13930,13461,11862
13931,13462,13464
13932,13464,1667
13933,1667,13465
13934,13465,13463
13935,9015,5427
13936,8952,2749
13937,2749,1050
13938,13467,8998
13939,13468,3257
13940,3257,1798
13941,1798,1118
13942,1118,3497
13943,3497,13469
13944,2742,630
13945,13470,1165
13946,4073,13471
13947,6680,8360
13948,8360,11897
13949,11897,12339
13950,12339,9678
13951,9678,13472
13952,13472,13473
13953,13473,13474
13954,13474,283
13955,13475,13476
13956,13476,11469
13957,4808,13478
13958,13478,13477
13959,11766,13479
13960,13479,11491
13961,11491,3621
13962,3621,13480
13963,13480,13481
13964,13481,13482
13965,13482,12340
13966,13483,13484
13967,13485,13487
13968,13487,8146
13969,8146,13486
13970,12728,10428
13971,2157,1707
13972,1707,10652
13973,10652,7665
13974,7665,11969
13975,11969,7944
13976,7944,13491
13977,13491,13492
13978,13492,13493
13979,13493,13494
13980,13494,13495
13981,13495,13490
13982,13496,13498
13983,13498,11454
13984,11454,13499
13985,13499,5538
13986,5538,13497
13987,13500,13502
13988,13502,1669
13989,1669,13503
13990,13503,13501
13991,3518,13504
13992,13505,13505
13993,13506,13508
13994,13508,13507
13995,8306,13512
13996,13512,13513
13997,13513,10480
13998,10480,9485
13999,9485,13514
14000,13514,13511
14001,13515,13516
14002,13517,1957
14003,1957,13518
14004,13518,6082
14005,6082,12089
14006,13519,13520
14007,3317,13521
14008,13521,2183
14009,2183,672
14010,2301,9548
14011,9548,10195
14012,13522,4382
14013,8292,4196
14014,4196,13523
14015,13524,12175
14016,12175,7365
14017,7365,5556
14018,5556,13526
14019,13526,1459
14020,1459,13525
14021,2439,13528
14022,13528,13527
14023,10142,13529
14024,1512,13530
14025,13531,1606
14026,1606,5155
14027,5155,9374
14028,4906,4907
14029,13532,13533
14030,13534,13535
14031,13535,13536
14032,13536,9595
14033,13537,13539
14034,13539,13538
14035,13540,12495
14036,2419,13541
14037,12933,2867
14038,2867,9451
14039,9451,4275
14040,4275,12328
14041,12328,9201
14042,9201,12410
14043,12410,7316
14044,7316,13543
14045,13543,8739
14046,8739,13544
14047,13544,10604
14048,10604,13542
14049,1862,13545
14050,13545,13546
14051,13546,11794
14052,4660,13547
14053,13547,4317
14054,5125,8141
14055,13548,13549
14056,13549,13550
14057,13550,8327
14058,8327,6748
14059,2519,13551
14060,11313,11108
14061,11108,7764
14062,13552,4063
14063,725,724
14064,7120,11787
14065,7612,1117
14066,13554,13555
14067,9257,13556
14068,13556,11343
14069,11343,8650
14070,8650,7148
14071,3269,12650
14072,13558,13559
14073,13559,11223
14074,12598,13560
14075,368,9036
14076,13561,13563
14077,13563,13564
14078,13564,13565
14079,13565,13566
14080,13566,13562
14081,13156,3639
14082,3639,13567
14083,13567,1291
14084,1291,13568
14085,13568,10818
14086,10818,8210
14087,8210,10900
14088,10900,1435
14089,1435,13569
14090,13569,8103
14091,8103,9577
14092,9577,13570
14093,13570,9417
14094,13571,2128
14095,2128,5904
14096,13573,13492
14097,13574,5880
14098,5880,8553
14099,8553,13562
14100,13562,13575
14101,13575,13576
14102,13576,13577
14103,13577,13578
14104,13578,8631
14105,8631,4622
14106,4622,12347
14107,13357,11680
14108,11680,13579
14109,13579,13580
14110,13580,13581
14111,13581,5854
14112,5854,13582
14113,13582,13391
14114,13391,13583
14115,13583,7474
14116,7474,6112
14117,6112,11209
14118,11209,10714
14119,12609,9403
14120,4307,13584
14121,13584,8095
14122,8095,13585
14123,13585,12276
14124,12276,9883
14125,9883,13586
14126,13586,13102
14127,13102,13587
14128,13587,3087
14129,3295,13591
14130,13591,13592
14131,13592,13593
14132,13593,13590
14133,13594,13596
14134,13596,13595
14135,13597,5248
14136,1457,13598
14137,13598,12901
14138,12901,4402
14139,4402,618
14140,618,12678
14141,12678,10333
14142,10333,13599
14143,13599,11361
14144,11361,13524
14145,13524,13600
14146,13600,13601
14147,13601,4982
14148,4982,5634
14149,5634,13602
14150,13602,13603
14151,13603,13604
14152,13604,5996
14153,5996,8445
14154,13605,13607
14155,13607,13606
14156,10713,10855
14157,10855,6259
14158,6259,13608
14159,13608,7361
14160,1641,10927
14161,10927,13350
14162,13350,1009
14163,1009,10549
14164,10549,10213
14165,10213,13609
14166,13610,13611
14167,1172,13612
14168,13613,13614
14169,13614,10739
14170,13377,13616
14171,13616,13617
14172,13617,9421
14173,9421,12428
14174,12428,13615
14175,13619,12322
14176,13620,2682
14177,13621,13622
14178,6376,13624
14179,11698,5768
14180,5768,13625
14181,5086,13628
14182,13628,11775
14183,11775,13629
14184,13629,13627
14185,13630,5647
14186,5647,8048
14187,13631,13632
14188,13633,13634
14189,12687,13636
14190,13636,13637
14191,13637,13638
14192,13638,13635
14193,11017,13639
14194,6511,2821
14195,7881,7143
14196,7143,5722
14197,5722,12645
14198,12645,9948
14199,9948,13640
14200,13640,5608
14201,1749,12950
14202,12950,8802
14203,8802,6365
14204,6365,13641
14205,13641,10729
14206,11671,735
14207,13642,12310
14208,879,1285
14209,1285,10572
14210,11628,4465
14211,3794,6679
14212,9591,3110
14213,11027,13643
14214,13643,891
14215,2624,7376
14216,112,9518
14217,9518,13644
14218,13644,1385
14219,10059,13645
14220,13645,12279
14221,12279,12149
14222,12149,13646
14223,13646,11604
14224,2278,5285
14225,5285,12760
14226,12760,11518
14227,11518,13648
14228,13648,11987
14229,11987,13577
14230,13577,13563
14231,13563,13649
14232,13649,9172
14233,9172,6255
14234,6255,13387
14235,13387,3041
14236,3041,13647
14237,10421,12144
14238,12144,13650
14239,8183,9037
14240,9037,11950
14241,11950,13651
14242,13651,13652
14243,13652,13653
14244,13653,11038
14245,11038,1851
14246,1851,12547
14247,12547,13654
14248,13654,13038
14249,13038,11345
14250,11345,8177
14251,978,9890
14252,9890,6311
14253,6311,2262
14254,9213,13037
14255,13655,2394
14256,2394,2531
14257,2531,13655
14258,7269,13656
14259,13657,13658
14260,13659,13660
14261,11202,13661
14262,13662,2920
14263,2920,3290
14264,3290,10274
14265,10274,13663
14266,13663,2921
14267,2921,10420
14268,12790,12381
14269,12381,11627
14270,11627,13147
14271,13147,13664
14272,13664,13665
14273,13665,5691
14274,5691,12771
14275,12771,12077
14276,13666,13667
14277,8987,1112
14278,13668,628
14279,628,13669
14280,13669,7266
14281,7266,10880
14282,10880,2233
14283,13670,6606
14284,6606,8172
14285,10387,13671
14286,13672,13673
14287,11713,12477
14288,13667,13333
14289,13333,13674
14290,13674,13675
14291,13675,13676
14292,13676,13674
14293,2009,11933
14294,11933,12858
14295,13677,5405
14296,5405,13678
14297,13678,13490
14298,13490,13679
14299,13679,13680
14300,13680,13681
14301,13681,930
14302,930,12555
14303,12555,12811
14304,12811,4755
14305,13682,13683
14306,10012,7212
14307,7212,1790
14308,4662,10266
14309,10266,13684
14310,13684,12284
14311,12284,12285
14312,12285,13685
14313,13685,10267
14314,10267,4661
14315,13686,12239
14316,12239,13686
14317,13687,13688
14318,13689,3681
14319,3681,13690
14320,13690,8606
14321,8606,13691
14322,13691,11268
14323,10709,13692
14324,1467,11835
14325,11835,3345
14326,13693,13694
14327,13695,10708
14328,13696,4873
14329,4873,9053
14330,9053,12419
14331,12419,13697
14332,13697,4606
14333,4606,13698
14334,13698,4302
14335,4302,13157
14336,13201,3815
14337,3815,7563
14338,7563,11461
14339,1202,5014
14340,10714,7640
14341,7640,6803
14342,6803,13700
14343,13700,13701
14344,13701,13131
14345,13131,13699
14346,1242,5783
14347,5783,8599
14348,8599,9646
14349,9646,5670
14350,1183,13702
14351,13702,2195
14352,2195,6439
14353,6439,1460
14354,1460,6395
14355,6395,10788
14356,10788,13703
14357,13703,801
14358,801,5042
14359,11537,10535
14360,10535,4778
14361,4778,3703
14362,3703,884
14363,884,10570
14364,10570,4013
14365,4013,13705
14366,13705,1842
14367,1842,13706
14368,13706,4283
14369,4283,2990
14370,2990,9341
14371,9341,5731
14372,5731,10940
14373,10940,12399
14374,12399,5654
14375,5654,13707
14376,13707,4264
14377,511,10727
14378,10727,9283
14379,9283,7672
14380,7672,13708
14381,13027,13
14382,13,13709
14383,13709,3538
14384,13710,13711
14385,11966,6444
14386,6444,13712
14387,13712,13084
14388,13084,2876
14389,2876,13713
14390,13713,7866
14391,13714,1670
14392,1350,9841
14393,9841,3853
14394,13716,13717
14395,13718,13719
14396,13719,12992
14397,12992,3710
14398,13721,13722
14399,13722,2722
14400,9536,4748
14401,13335,11162
14402,13723,6655
14403,6655,3804
14404,13724,6384
14405,6384,4256
14406,4256,6381
14407,164,6658
14408,6658,7177
14409,7177,10636
14410,10636,432
14411,432,2785
14412,2785,13726
14413,13726,13727
14414,13727,6704
14415,6704,13728
14416,13728,13725
14417,4102,13730
14418,13730,13731
14419,13731,12891
14420,12891,11733
14421,11733,13732
14422,13732,13733
14423,13733,13734
14424,13734,13729
14425,9810,8637
14426,8637,5813
14427,5813,8598
14428,8598,5784
14429,5784,13735
14430,10044,11339
14431,13736,13737
14432,11059,4042
14433,13738,10399
14434,13739,13740
14435,3514,6239
14436,6026,3881
14437,10494,13741
14438,13742,10117
14439,10117,12980
14440,12980,6957
14441,6957,11265
14442,13743,9359
14443,9359,7199
14444,7199,13744
14445,3805,2445
14446,2445,13746
14447,13746,2298
14448,2298,7916
14449,7916,13274
14450,13274,11783
14451,11783,13745
14452,1295,11832
14453,11832,8208
14454,8208,5352
14455,5352,13748
14456,13748,13020
14457,13020,11270
14458,11270,5710
14459,5710,9309
14460,9309,13747
14461,13749,3895
14462,3895,8790
14463,8790,4198
14464,4198,12985
14465,12985,13750
14466,13751,11062
14467,11062,13752
14468,13752,13753
14469,13753,13754
14470,13754,13755
14471,13755,13756
14472,13756,13757
14473,13757,13758
14474,13758,13757
14475,13757,13756
14476,13756,13759
14477,13759,12218
14478,12218,11617
14479,12479,11493
14480,13760,4068
14481,4068,13761
14482,13762,12593
14483,6912,13763
14484,13764,13005
14485,13005,13765
14486,13765,13699
14487,13699,9655
14488,9655,7364
14489,13766,834
14490,8379,13767
14491,13767,10557
14492,10557,10558
14493,10558,13768
14494,13768,13767
14495,10160,8586
14496,13769,3861
14497,3861,5983
14498,5983,13770
14499,13770,4747
14500,13771,13773
14501,13773,13772
14502,13060,13774
14503,1184,10629
14504,13775,13122
14505,13122,12297
14506,12297,13776
14507,13776,13777
14508,13777,11449
14509,12681,9796
14510,7,13778
14511,13778,13779
14512,13779,12551
14513,12551,10488
14514,10488,5396
14515,13780,9223
14516,9223,6133
14517,6133,13781
14518,8636,13782
14519,13782,8872
14520,8872,13783
14521,13783,13784
14522,13784,13785
14523,13785,13786
14524,13786,13787
14525,13787,13788
14526,13788,9691
14527,11170,13789
14528,13790,5785
14529,5785,8597
14530,8597,5811
14531,5811,8638
14532,8638,9809
14533,13791,10512
14534,10512,9911
14535,9911,5511
14536,5511,3564
14537,3564,9907
14538,13792,2704
14539,13793,13794
14540,13795,12288
14541,12288,8064
14542,8064,9074
14543,9074,8526
14544,4997,13796
14545,13797,55
14546,13798,13799
14547,13799,9352
14548,9352,10440
14549,10440,1681
14550,1681,8625
14551,8625,10849
14552,10849,520
14553,520,11199
14554,12468,12243
14555,12243,13800
14556,10675,13801
14557,13802,6704
14558,4146,13016
14559,13016,13803
14560,7939,13804
14561,13805,13806
14562,13806,5846
14563,2484,13808
14564,13808,13809
14565,13809,13810
14566,13810,4835
14567,4835,13807
14568,13046,11444
14569,11444,13811
14570,9240,9241
14571,3195,10620
14572,10620,10767
14573,10767,4938
14574,8512,8723
14575,6861,2426
14576,9694,13812
14577,1161,6168
14578,6168,9329
14579,9329,13813
14580,13813,7515
14581,13814,13496
14582,6668,13815
14583,13815,10592
14584,10592,1301
14585,9719,12510
14586,7007,1787
14587,1787,5054
14588,5054,13816
14589,13816,13817
14590,13817,6124
14591,6124,829
14592,829,13364
14593,7535,7445
14594,7445,7446
14595,7446,4269
14596,10390,8241
14597,8241,5591
14598,5591,109
14599,13819,13820
14600,13820,4923
14601,13821,9143
14602,13822,10391
14603,9507,1137
14604,9514,13823
14605,10795,13824
14606,13824,13825
14607,13825,13826
14608,13826,13686
14609,13686,13827
14610,13827,13021
14611,13021,13828
14612,13828,13022
14613,13022,9615
14614,9615,13824
14615,1513,13530
14616,13530,12715
14617,13829,13830
14618,13830,13831
14619,13831,5205
14620,5205,12369
14621,12369,211
14622,211,13832
14623,13832,13833
14624,13833,13834
14625,13834,2459
14626,13835,10553
14627,2397,2090
14628,2090,3532
14629,3532,12644
14630,12644,13836
14631,13836,13837
14632,13837,12412
14633,12412,13838
14634,13838,9196
14635,9196,11030
14636,11030,13839
14637,13839,13840
14638,13840,5175
14639,5175,13841
14640,13841,10265
14641,10265,13842
14642,13842,13843
14643,13843,13844
14644,13844,12932
14645,13845,13846
14646,12486,7078
14647,7078,11558
14648,12321,13847
14649,13847,10471
14650,13848,3957
14651,3957,13849
14652,1991,1990
14653,11014,610
14654,13850,3766
14655,3766,11872
14656,11872,13851
14657,13852,13854
14658,13854,13855
14659,13855,13853
14660,5009,5736
14661,5736,13856
14662,13856,1834
14663,1834,10781
14664,10781,12615
14665,12615,10576
14666,10576,1284
14667,1284,872
14668,872,4771
14669,4771,10539
14670,10539,3808
14671,3808,11532
14672,11532,13247
14673,13247,13857
14674,13857,2179
14675,2179,2180
14676,2180,12525
14677,12525,8202
14678,8202,13829
14679,13829,10917
14680,10917,13322
14681,13322,13858
14682,13858,8887
14683,13860,9493
14684,9493,13861
14685,1628,9321
14686,9321,13862
14687,7772,13864
14688,13864,13865
14689,13865,13863
14690,331,13866
14691,13867,1756
14692,1756,13868
14693,13868,9954
14694,6430,13869
14695,6536,2027
14696,2027,4207
14697,4207,13870
14698,13870,7025
14699,7048,13871
14700,13361,6153
14701,6153,13362
14702,13872,12682
14703,13213,4319
14704,768,13873
14705,13873,13630
14706,13630,11984
14707,11904,13874
14708,1988,6907
14709,6907,9887
14710,9887,7803
14711,7803,9886
14712,9886,13875
14713,6662,13876
14714,13876,7742
14715,4379,13877
14716,13877,5954
14717,5954,13026
14718,13026,3523
14719,3523,2622
14720,2622,13878
14721,13878,7250
14722,9867,6433
14723,6433,6181
14724,6181,13880
14725,13880,13881
14726,13881,2372
14727,2372,13352
14728,13352,1010
14729,1010,10550
14730,10550,10212
14731,10212,13879
14732,11561,13882
14733,13882,8968
14734,8968,6002
14735,6002,8557
14736,8557,8660
14737,9952,13428
14738,13428,6917
14739,6917,5169
14740,5169,13883
14741,13883,13884
14742,13884,130
14743,13885,8576
14744,6974,13887
14745,13887,13648
14746,13648,13888
14747,13888,13889
14748,13889,13886
14749,10389,12784
14750,12784,13890
14751,13891,8509
14752,8509,5078
14753,5078,3726
14754,3726,13719
14755,10447,11210
14756,11210,6113
14757,6113,13892
14758,13892,13392
14759,4786,3973
14760,2171,8756
14761,8756,13893
14762,13893,13894
14763,13894,13895
14764,13895,13896
14765,13896,7904
14766,2545,13898
14767,13898,10186
14768,10186,67
14769,67,13897
14770,13778,13899
14771,13899,13900
14772,13900,13901
14773,13901,13902
14774,13902,3610
14775,8608,3682
14776,13328,5457
14777,5457,13904
14778,13904,13903
14779,11140,2415
14780,2415,13905
14781,13905,13542
14782,13542,8454
14783,13906,6699
14784,6699,12307
14785,12307,900
14786,13907,542
14787,542,5677
14788,13908,13909
14789,13909,11296
14790,3133,8007
14791,6512,2820
14792,8832,10022
14793,10022,9170
14794,9170,12114
14795,12114,13533
14796,13533,13766
14797,13910,13911
14798,13375,10004
14799,7467,2774
14800,2774,6230
14801,10289,4159
14802,5291,5298
14803,1247,1616
14804,7374,13912
14805,13913,13914
14806,13914,13915
14807,13915,13916
14808,13916,4425
14809,7889,7394
14810,9524,11760
14811,11760,13918
14812,13919,10825
14813,5112,13065
14814,12368,12729
14815,11085,13921
14816,13921,13920
14817,3072,4433
14818,10556,9195
14819,13923,13924
14820,1502,1503
14821,13925,11118
14822,13403,13035
14823,13035,12117
14824,12117,13926
14825,11941,7539
14826,7539,1938
14827,8938,9762
14828,12379,13927
14829,13927,13928
14830,13928,13929
14831,13929,2145
14832,13930,350
14833,350,13932
14834,13932,13933
14835,13933,13225
14836,13225,13934
14837,13934,13931
14838,13935,13936
14839,13936,3401
14840,3401,10445
14841,10445,1674
14842,1674,13067
14843,8345,13937
14844,13937,9109
14845,9109,9108
14846,9108,13937
14847,678,13938
14848,13939,2495
14849,2495,12683
14850,12683,13940
14851,13940,11495
14852,6690,13941
14853,6570,13942
14854,13942,13025
14855,13025,13024
14856,13024,6571
14857,4811,512
14858,512,11907
14859,11907,12818
14860,11830,13945
14861,267,6421
14862,9030,6455
14863,6455,11661
14864,11661,11135
14865,11135,12411
14866,12411,7443
14867,7443,6206
14868,6206,7493
14869,7493,13946
14870,13946,13947
14871,13947,693
14872,693,8034
14873,8034,12695
14874,12695,9360
14875,9360,7200
14876,7200,2259
14877,2259,8118
14878,8118,13948
14879,13948,10889
14880,7298,11381
14881,8794,13950
14882,13950,13949
14883,10773,13951
14884,13952,2119
14885,3709,9501
14886,9501,5765
14887,1099,6425
14888,6425,10951
14889,10951,13953
14890,13954,13955
14891,1138,9505
14892,9505,13956
14893,5474,12065
14894,13445,8441
14895,8441,172
14896,172,7884
14897,7884,13957
14898,13957,7707
14899,13190,13958
14900,2418,9552
14901,10324,13959
14902,13959,9364
14903,11749,13961
14904,13961,1424
14905,1424,13960
14906,13962,13964
14907,13964,12897
14908,12897,7086
14909,7086,7087
14910,7087,12896
14911,12896,13965
14912,13965,13963
14913,13446,1888
14914,1888,8057
14915,8057,2800
14916,2800,13966
14917,13966,4628
14918,4628,13967
14919,13967,13968
14920,13968,4795
14921,4795,10527
14922,10527,7421
14923,13838,10843
14924,13971,13972
14925,13973,9016
14926,9016,13975
14927,13975,13974
14928,13976,13201
14929,13977,12743
14930,12743,10385
14931,10385,13978
14932,13979,13981
14933,13981,13980
14934,13982,13983
14935,13984,935
14936,935,10874
14937,13828,4620
14938,4620,13827
14939,1417,13985
14940,8563,6179
14941,13986,10101
14942,946,12436
14943,13987,13988
14944,13988,11221
14945,11221,1544
14946,1544,13989
14947,13989,1892
14948,1892,190
14949,190,11467
14950,11467,10647
14951,10647,13628
14952,13628,13990
14953,13990,13991
14954,13991,8152
14955,1198,2235
14956,3190,7059
14957,7059,13992
14958,1093,13993
14959,3029,7943
14960,7943,13994
14961,11076,13995
14962,13995,2853
14963,2853,5473
14964,12483,13996
14965,13996,9634
14966,9634,683
14967,683,2242
14968,12196,13997
14969,13998,13999
14970,14000,14001
14971,14001,7486
14972,7486,7484
14973,7484,13058
14974,13058,14001
14975,8536,2025
14976,2025,14002
14977,14002,2680
14978,2680,2681
14979,2681,13775
14980,13775,3720
14981,14003,336
14982,336,14005
14983,14005,14004
14984,198,6296
14985,6296,142
14986,142,14006
14987,14006,2751
14988,13541,8301
14989,14007,2211
14990,10507,9751
14991,9751,3135
14992,11652,14008
14993,14009,14010
14994,14010,14011
14995,14011,9346
14996,8137,13977
14997,13977,473
14998,9139,548
14999,4975,2449
15000,14012,13152
15001,12038,8729
15002,14013,11078
15003,11078,12549
15004,13043,10426
15005,9693,11655
15006,14014,7974
15007,5626,7183
15008,5123,6322
15009,6322,5898
15010,5898,14015
15011,14015,6766
15012,6766,5215
15013,5215,11871
15014,11871,5081
15015,10128,13456
15016,7558,7314
15017,14019,14020
15018,14021,14023
15019,14023,9281
15020,9281,14022
15021,5991,14024
15022,10685,13670
15023,14025,14027
15024,14027,14028
15025,14028,14026
15026,14031,14032
15027,14032,6295
15028,6295,12719
15029,9469,11236
15030,11236,12164
15031,12164,14034
15032,14034,1653
15033,1653,14035
15034,14035,5612
15035,5612,13664
15036,13664,6693
15037,6693,14036
15038,14036,13928
15039,13928,14037
15040,14037,6902
15041,6902,14038
15042,14038,14033
15043,57,4689
15044,4689,11777
15045,11777,8237
15046,8237,14039
15047,14039,14039
15048,14040,14041
15049,14041,14042
15050,14042,3674
15051,3674,12437
15052,12437,3571
15053,14043,5454
15054,5454,1899
15055,8840,14044
15056,10378,14045
15057,14045,1143
15058,1143,14046
15059,14046,2287
15060,2287,14047
15061,14047,7751
15062,1820,14048
15063,14048,10481
15064,10481,2565
15065,2565,13231
15066,13231,2738
15067,2738,3298
15068,11566,11883
15069,14049,1715
15070,1715,14050
15071,14050,9335
15072,9335,10040
15073,10040,5240
15074,14051,4007
15075,4007,13374
15076,13374,11291
15077,11291,11063
15078,11063,8566
15079,1095,7923
15080,7923,5305
15081,5305,8565
15082,14052,14053
15083,9132,8918
15084,11340,11186
15085,11186,14054
15086,14054,8873
15087,12100,14055
15088,14056,10120
15089,2211,10050
15090,2200,14057
15091,10038,12852
15092,12852,10039
15093,10039,4924
15094,4924,14059
15095,14059,1074
15096,1074,14058
15097,6591,4558
15098,4558,7156
15099,7156,10624
15100,10624,14061
15101,14061,8008
15102,8008,13081
15103,13081,11253
15104,11253,14060
15105,6813,7958
15106,14062,12571
15107,12571,13163
15108,13163,4178
15109,4653,13547
15110,13547,14063
15111,14063,8422
15112,8422,10033
15113,10033,11111
15114,11111,12832
15115,12832,6726
15116,13846,4301
15117,4301,14065
15118,14065,4605
15119,4605,14066
15120,14066,12418
15121,12418,9054
15122,9054,4872
15123,4872,14064
15124,16,1171
15125,14068,11544
15126,8503,14069
15127,4182,11442
15128,11442,11241
15129,11241,8809
15130,8809,14070
15131,14053,14071
15132,14071,4401
15133,4401,12902
15134,5847,14073
15135,14073,2501
15136,2501,14074
15137,14074,14075
15138,14075,8412
15139,8412,3985
15140,3985,4361
15141,4361,14072
15142,5496,12762
15143,14076,12188
15144,12188,14077
15145,14077,12712
15146,1209,14078
15147,14078,12884
15148,12884,7691
15149,7691,14079
15150,14079,14080
15151,14080,14081
15152,14081,14082
15153,14082,13799
15154,13799,7852
15155,7852,11320
15156,11320,12857
15157,12857,13936
15158,13936,3399
15159,11443,4212
15160,4212,14084
15161,14084,14083
15162,5807,2534
15163,12786,10497
15164,10497,6685
15165,6685,14085
15166,10194,4933
15167,4933,7581
15168,2640,5230
15169,13904,14086
15170,6542,14087
15171,130,13782
15172,13782,3065
15173,12893,13572
15174,13572,10637
15175,10637,14088
15176,14088,11229
15177,11229,11913
15178,11913,8892
15179,8892,5713
15180,5713,14089
15181,14089,14090
15182,14090,1170
15183,1456,14092
15184,14092,13702
15185,13702,14091
15186,14093,14094
15187,1484,11122
15188,11122,11262
15189,11262,4503
15190,10478,14096
15191,14096,14097
15192,14097,13708
15193,13708,702
15194,6683,14098
15195,14098,14098
15196,13297,14099
15197,14099,454
15198,454,2969
15199,2969,13738
15200,13738,11859
15201,11859,12115
15202,7461,8025
15203,8025,2455
15204,14100,5985
15205,5985,5984
15206,5984,14101
15207,14102,6837
15208,6837,10794
15209,2168,3137
15210,3137,14103
15211,14103,10141
15212,10141,11613
15213,4850,6725
15214,11712,14104
15215,6338,14105
15216,14105,14106
15217,14106,5477
15218,5477,14107
15219,14107,5116
15220,5116,10242
15221,14108,14109
15222,14110,14111
15223,14112,1090
15224,14113,11828
15225,14114,12542
15226,12542,641
15227,641,14116
15228,14116,14117
15229,14117,14115
15230,6748,8683
15231,9843,7529
15232,9343,10615
15233,10615,14118
15234,14118,11545
15235,3129,13504
15236,13504,13795
15237,13795,2998
15238,14119,8516
15239,14120,4053
15240,14121,2225
15241,2225,11730
15242,7317,10449
15243,10449,9822
15244,9822,11705
15245,11705,12624
15246,12624,12842
15247,12842,9625
15248,14122,10563
15249,5494,6975
15250,4323,14123
15251,14123,14124
15252,14124,13214
15253,14125,14127
15254,14127,8500
15255,8500,8499
15256,8499,14126
15257,12450,2351
15258,2351,14128
15259,14128,4749
15260,4749,14129
15261,14129,5982
15262,5982,3860
15263,3860,14130
15264,14130,14131
15265,14131,2576
15266,2576,9590
15267,9590,1883
15268,14132,6119
15269,12589,8919
15270,13269,13270
15271,8656,9891
15272,9891,7626
15273,7626,14133
15274,10462,14134
15275,1589,13236
15276,13236,14136
15277,14136,12781
15278,12781,11394
15279,11394,12672
15280,12672,866
15281,866,9791
15282,9791,8924
15283,8924,5975
15284,5975,14137
15285,14137,7433
15286,7433,14135
15287,14138,5186
15288,14141,1855
15289,1855,12301
15290,14142,10085
15291,13239,14145
15292,14145,4653
15293,3744,8633
15294,14146,14147
15295,14148,12963
15296,12963,14150
15297,14150,10948
15298,10948,14149
15299,14151,14152
15300,7421,14153
15301,14153,14154
15302,14154,8315
15303,8315,14155
15304,14155,14031
15305,14031,3375
15306,3375,14006
15307,14006,7777
15308,7777,2616
15309,2616,8939
15310,8939,3617
15311,14156,11685
15312,4266,10897
15313,14157,3394
15314,3394,10721
15315,10721,11896
15316,11896,9425
15317,13596,13366
15318,13366,14047
15319,14158,318
15320,14160,14161
15321,7582,14162
15322,14163,14164
15323,3916,3666
15324,3666,9303
15325,9303,2845
15326,4477,14165
15327,3645,14167
15328,14167,8161
15329,8161,3163
15330,3163,14168
15331,14168,12225
15332,12225,11674
15333,11674,13211
15334,13211,14169
15335,14169,14166
15336,14170,9209
15337,5369,3910
15338,3910,14171
15339,14171,7792
15340,7792,12273
15341,14172,14173
15342,7919,7072
15343,11057,11056
15344,1770,6099
15345,6099,14174
15346,14174,4735
15347,4735,8446
15348,8446,13319
15349,13319,13620
15350,9419,10278
15351,10278,13109
15352,13109,10224
15353,2896,7173
15354,14175,6567
15355,6567,10388
15356,10388,14176
15357,12751,12752
15358,11183,10857
15359,14177,14178
15360,14178,7288
15361,7288,9709
15362,9709,14179
15363,14179,9147
15364,9147,12600
15365,12600,2901
15366,2901,14180
15367,14180,1331
15368,1331,1330
15369,7952,10411
15370,10521,14183
15371,14183,4613
15372,4613,14182
15373,14184,11663
15374,11663,4243
15375,4891,9476
15376,9476,12264
15377,692,11039
15378,10829,14185
15379,8518,14186
15380,14186,12029
15381,14187,4437
15382,12753,12750
15383,13299,3672
15384,3672,2721
15385,2721,3644
15386,284,13574
15387,8940,6289
15388,6289,6073
15389,6073,2747
15390,2747,14189
15391,14189,8165
15392,8165,14190
15393,14190,11378
15394,11378,14188
15395,6562,14191
15396,13013,5629
15397,14192,14193
15398,14193,6356
15399,6356,13434
15400,12137,7773
15401,7773,14198
15402,9347,14046
15403,11217,10055
15404,10055,14199
15405,6812,13403
15406,14200,7526
15407,13954,6269
15408,12007,14154
15409,12613,9386
15410,5018,9271
15411,14201,11131
15412,11131,14202
15413,14202,14203
15414,14203,12568
15415,12568,10157
15416,10157,14204
15417,14204,14201
15418,14205,9550
15419,279,12374
15420,12374,5858
15421,5858,7297
15422,7297,14033
15423,14033,14206
15424,14206,6602
15425,7574,9270
15426,14207,14118
15427,14118,14208
15428,7419,14209
15429,14209,971
15430,10581,14210
15431,14210,14211
15432,14211,5675
15433,13789,12047
15434,12047,14213
15435,14213,14214
15436,14214,7032
15437,7032,14212
15438,8520,14215
15439,4698,14217
15440,14218,11690
15441,14221,14222
15442,14222,14011
15443,14011,9344
15444,9815,14223
15445,14223,9436
15446,9436,14224
15447,14224,12274
15448,14225,10999
15449,14226,14227
15450,14227,13052
15451,13052,11041
15452,11041,5340
15453,5340,14228
15454,14228,14229
15455,14229,14230
15456,14230,14231
15457,14231,10365
15458,7282,14232
15459,14232,11412
15460,11412,7281
15461,5722,14234
15462,14234,14235
15463,14235,14236
15464,14236,2767
15465,2767,2152
15466,2152,11046
15467,11046,14233
15468,14237,13538
15469,13538,14238
15470,14238,13537
15471,13537,14239
15472,14239,14237
15473,14240,6440
15474,6440,14241
15475,14241,14242
15476,14242,4845
15477,4845,12176
15478,12176,11361
15479,14243,11451
15480,14244,6580
15481,6580,14246
15482,14246,14245
15483,2657,14247
15484,14247,14248
15485,14248,1559
15486,14249,14250
15487,5112,10805
15488,12510,5144
15489,14251,414
15490,2609,11427
15491,3558,13933
15492,10621,5802
15493,5802,2789
15494,2789,7701
15495,7701,10649
15496,8782,3878
15497,1067,13055
15498,13055,14252
15499,14252,13001
15500,14253,14254
15501,10873,14256
15502,14256,14257
15503,14257,14255
15504,12642,14258
15505,14258,14254
15506,14254,2987
15507,8671,14259
15508,14259,12710
15509,12710,14260
15510,14260,4569
15511,14261,10742
15512,10742,14262
15513,8827,1974
15514,1974,14264
15515,14264,601
15516,601,3427
15517,3427,9333
15518,9333,14265
15519,14265,14266
15520,14266,14267
15521,14267,8728
15522,8728,13693
15523,13693,12587
15524,12587,1771
15525,1771,6098
15526,6098,14268
15527,14268,4736
15528,4736,13320
15529,13320,14263
15530,14269,14270
15531,14270,14271
15532,14271,14272
15533,14272,14273
15534,14273,5856
15535,5856,13390
15536,13390,14274
15537,14274,6111
15538,6111,11208
15539,11208,10713
15540,9001,12747
15541,13703,2856
15542,2856,1918
15543,1918,14275
15544,2781,14276
15545,901,14277
15546,14278,1482
15547,1482,14278
15548,14279,10370
15549,14280,9630
15550,9630,6827
15551,3806,6653
15552,6653,14281
15553,14282,14283
15554,4859,2824
15555,14284,11064
15556,703,14286
15557,14286,14285
15558,14287,12995
15559,12995,14289
15560,14289,6072
15561,6072,13706
15562,13706,14288
15563,14290,4744
15564,4744,14291
15565,14292,2612
15566,8004,13925
15567,12680,9795
15568,9795,12458
15569,9049,14294
15570,14294,14295
15571,14295,14293
15572,14296,9721
15573,9721,7630
15574,7630,9720
15575,9720,14296
15576,14297,14298
15577,10504,7342
15578,7342,14299
15579,14299,5826
15580,5826,7343
15581,7343,12508
15582,12508,14300
15583,14300,1981
15584,1981,14301
15585,14301,9927
15586,9927,5827
15587,5827,12507
15588,12507,14299
15589,14302,14303
15590,11097,10126
15591,10126,14304
15592,14304,13956
15593,13956,11399
15594,11399,6209
15595,9761,8436
15596,8436,7980
15597,7980,6368
15598,12122,12630
15599,11818,14305
15600,5906,14306
15601,6525,10812
15602,10812,6910
15603,6910,14307
15604,10433,14308
15605,6123,14309
15606,14309,14309
15607,4837,13810
15608,14310,8443
15609,8807,13656
15610,13656,14311
15611,14311,9688
15612,9688,7269
15613,7269,6237
15614,6638,9849
15615,14312,13718
15616,13718,14313
15617,12631,13072
15618,7355,14315
15619,14315,14314
15620,9547,14317
15621,14317,7528
15622,7528,8018
15623,8018,14318
15624,14318,7195
15625,7195,14316
15626,96,14319
15627,14319,14320
15628,14320,6357
15629,6357,13433
15630,13433,9468
15631,9468,14321
15632,14321,7575
15633,14322,14323
15634,14323,14324
15635,14324,7254
15636,7254,14325
15637,14325,2126
15638,2126,5902
15639,5902,3525
15640,3525,13523
15641,13523,433
15642,433,14326
15643,14326,14327
15644,14327,10931
15645,10931,13616
15646,13616,3391
15647,14328,13227
15648,13227,14329
15649,14329,7110
15650,7110,11889
15651,11889,1446
15652,1446,9608
15653,9608,11786
15654,11786,2215
15655,2215,7095
15656,7095,11368
15657,5695,14330
15658,9302,492
15659,11925,6682
15660,6682,14331
15661,14331,4238
15662,8894,11914
15663,11914,11915
15664,10237,14332
15665,14332,8847
15666,2991,14333
15667,4513,4698
15668,13455,4355
15669,4355,9490
15670,9490,11799
15671,11799,12400
15672,12400,14335
15673,14335,13336
15674,13336,4750
15675,4750,14334
15676,6370,14337
15677,14337,14336
15678,13542,14338
15679,14338,14339
15680,14339,14340
15681,14340,1611
15682,1611,14341
15683,14341,11916
15684,11916,9950
15685,6516,14343
15686,14343,4757
15687,4757,14342
15688,11857,14345
15689,14345,5110
15690,5110,6928
15691,6928,14344
15692,11145,14347
15693,14347,14346
15694,14348,1116
15695,14349,14350
15696,5316,7623
15697,7623,9478
15698,10401,14352
15699,14353,7385
15700,7385,14354
15701,14354,13915
15702,3054,14356
15703,14356,14355
15704,12634,3251
15705,3251,7375
15706,14357,14358
15707,11963,2665
15708,14359,399
15709,9206,8392
15710,8392,7619
15711,7619,8395
15712,5359,14360
15713,14361,14362
15714,13831,8204
15715,8204,12527
15716,14363,14128
15717,14128,14365
15718,14365,9635
15719,9635,14364
15720,5046,1746
15721,1746,11294
15722,10923,5206
15723,3759,5639
15724,5639,14367
15725,14367,484
15726,484,10459
15727,10459,14366
15728,10262,12984
15729,3200,2398
15730,14368,5915
15731,4508,9585
15732,9585,1150
15733,1150,14369
15734,14369,6911
15735,998,3775
15736,3775,9828
15737,9828,6203
15738,764,14371
15739,14371,14370
15740,4822,2014
15741,11188,9220
15742,12312,12819
15743,12819,14376
15744,8255,9095
15745,9095,11329
15746,11329,6751
15747,11560,12189
15748,12189,14377
15749,14377,8970
15750,11524,14378
15751,14378,9582
15752,14379,14380
15753,14381,14382
15754,2873,7865
15755,7865,12473
15756,12473,909
15757,13776,3013
15758,3013,11554
15759,11554,14384
15760,6060,13353
15761,13353,831
15762,831,2375
15763,2375,7268
15764,7268,14386
15765,14386,14385
15766,8863,14388
15767,12922,2383
15768,2383,14389
15769,1733,13417
15770,14390,14391
15771,14391,10510
15772,10510,9904
15773,9904,5520
15774,5520,5509
15775,5509,3562
15776,3562,9906
15777,13262,9672
15778,9672,14392
15779,13902,9622
15780,7609,4210
15781,4210,6968
15782,14393,14394
15783,14395,14396
15784,8613,14397
15785,6261,11686
15786,4126,12296
15787,14398,980
15788,14399,14400
15789,14400,13746
15790,13746,2296
15791,14401,13780
15792,13780,2288
15793,2288,9224
15794,9224,11970
15795,14402,13774
15796,13774,14403
15797,14403,14404
15798,14404,3952
15799,3952,12800
15800,12800,12801
15801,12801,14119
15802,14119,12415
15803,12415,14405
15804,14405,3142
15805,3142,14402
15806,14406,4261
15807,648,12366
15808,12366,12367
15809,12367,14407
15810,14407,12948
15811,12948,12121
15812,12121,13071
15813,13071,9853
15814,9717,14408
15815,14408,14409
15816,14409,13745
15817,13745,14410
15818,14410,8332
15819,6753,800
15820,14412,5207
15821,5207,13910
15822,13910,4153
15823,4153,9995
15824,9995,12564
15825,12564,8991
15826,8991,14414
15827,14414,14413
15828,8142,14415
15829,14416,12404
15830,12404,11801
15831,11801,9492
15832,9492,4352
15833,4352,7537
15834,7537,14417
15835,3268,14418
15836,14335,13030
15837,13030,6488
15838,6488,14416
15839,14416,12871
15840,12871,12912
15841,12912,1526
15842,1526,1816
15843,1816,11006
15844,11006,14420
15845,14420,9936
15846,9936,5623
15847,5623,7216
15848,7216,14419
15849,8076,14421
15850,10165,10479
15851,4023,14422
15852,14422,14423
15853,14423,13103
15854,13103,14424
15855,14424,9884
15856,9884,8094
15857,8094,14425
15858,14425,4306
15859,4306,14426
15860,14426,10771
15861,10771,14427
15862,14427,6364
15863,12066,14429
15864,13395,2942
15865,2942,3285
15866,3285,9982
15867,9982,12407
15868,8402,13239
15869,4335,14431
15870,14431,13493
15871,13493,14432
15872,14432,7471
15873,7471,14433
15874,14433,14434
15875,14434,5402
15876,5402,14430
15877,5150,9113
15878,9113,10738
15879,10738,14435
15880,14435,13491
15881,14436,9943
15882,9943,14376
15883,14376,14437
15884,14437,10201
15885,10201,5593
15886,5593,13642
15887,13642,3538
15888,1648,14438
15889,10321,13993
15890,13993,9730
15891,9730,862
15892,12320,10474
15893,14439,12735
15894,12735,13540
15895,13540,14439
15896,9478,11420
15897,11420,14440
15898,3493,10356
15899,14441,14442
15900,14442,14442
15901,4743,10326
15902,14443,13223
15903,8953,4421
15904,4421,14444
15905,10211,6061
15906,8389,14446
15907,14446,14445
15908,7986,12385
15909,12385,14447
15910,14447,14448
15911,14448,5171
15912,5171,199
15913,199,7780
15914,7780,6835
15915,6835,4201
15916,10464,5734
15917,5734,14449
15918,14449,9928
15919,9928,1836
15920,1836,10777
15921,10777,4009
15922,4009,10573
15923,10573,1286
15924,1286,878
15925,878,4774
15926,4774,10537
15927,10537,9660
15928,9660,11535
15929,11535,13249
15930,14298,8533
15931,14450,10102
15932,13217,497
15933,497,14451
15934,11955,14121
15935,14121,14452
15936,14452,11701
15937,11701,14419
15938,14419,8352
15939,14025,11022
15940,5993,14453
15941,14454,14455
15942,14455,8090
15943,8090,14456
15944,14456,2981
15945,14457,1291
15946,1879,14458
15947,14458,14131
15948,14131,3112
15949,4441,11214
15950,14459,8185
15951,4585,499
15952,12813,4752
15953,14460,3076
15954,6875,14461
15955,6767,14462
15956,14462,3989
15957,3989,14463
15958,14463,9861
15959,14405,14464
15960,2190,7631
15961,5657,10888
15962,14465,10974
15963,6501,14466
15964,6264,4061
15965,4061,14467
15966,13355,11682
15967,11682,14172
15968,14172,14270
15969,14468,5963
15970,5963,3924
15971,3924,11081
15972,11081,9610
15973,9610,1916
15974,3228,14469
15975,3835,14470
15976,14470,14471
15977,14471,4020
15978,4020,11670
15979,14472,14301
15980,12627,8197
15981,8197,3741
15982,3741,11228
15983,11228,14473
15984,14473,14474
15985,14474,14475
15986,14475,3714
15987,14476,12185
15988,12185,4530
15989,4530,6266
15990,6266,4058
15991,4058,3919
15992,9860,3451
15993,1572,14199
15994,14199,10054
15995,10054,12655
15996,12655,11219
15997,967,14477
15998,7843,14478
15999,14479,14480
16000,14480,6672
16001,6672,12721
16002,12721,9496
16003,9496,14481
16004,14481,5774
16005,721,2082
16006,2082,11526
16007,11526,14483
16008,14483,14482
16009,14484,9956
16010,9956,14485
16011,12131,8001
16012,6252,5868
16013,5868,743
16014,743,13939
16015,13939,5580
16016,5580,2540
16017,2540,11672
16018,11672,9272
16019,9272,14486
16020,5062,131
16021,14096,10456
16022,9865,13881
16023,13881,3167
16024,3167,10926
16025,9729,863
16026,863,12745
16027,12745,3983
16028,3983,686
16029,14489,11355
16030,7751,3231
16031,3231,10789
16032,10789,14490
16033,14491,12962
16034,12962,14104
16035,14104,14491
16036,437,14492
16037,3301,14493
16038,3075,14494
16039,14495,14496
16040,14496,11994
16041,11994,4008
16042,14497,14498
16043,14498,9142
16044,14499,9430
16045,14500,14501
16046,13264,14502
16047,13711,12474
16048,12464,1471
16049,4861,14503
16050,14503,4861
16051,14504,14505
16052,14505,2050
16053,2050,14506
16054,14506,10453
16055,10453,9328
16056,9328,7608
16057,7608,9711
16058,9711,11146
16059,10823,873
16060,873,1290
16061,14507,824
16062,824,4838
16063,4838,5513
16064,14072,9214
16065,9214,12934
16066,12934,406
16067,9695,11654
16068,12916,11910
16069,11809,8417
16070,8417,13788
16071,14508,6387
16072,6387,5742
16073,5742,14509
16074,14509,7797
16075,7797,14508
16076,8938,2618
16077,7598,14510
16078,14510,3499
16079,7915,13271
16080,13271,11785
16081,11785,14408
16082,14511,13210
16083,13210,9229
16084,9229,14512
16085,14512,14513
16086,14513,14514
16087,14514,14515
16088,14515,14516
16089,14516,13471
16090,13471,14511
16091,11003,14517
16092,8050,14518
16093,14518,8672
16094,8672,14519
16095,14519,14520
16096,14520,13234
16097,3454,12260
16098,12260,14312
16099,14312,14521
16100,14521,13907
16101,13907,14522
16102,14522,4296
16103,4296,14523
16104,14523,3454
16105,14524,13188
16106,13188,3263
16107,3263,14014
16108,7759,6707
16109,14525,9194
16110,9194,10555
16111,14527,4310
16112,4310,14528
16113,14528,8097
16114,8097,14529
16115,14529,12277
16116,14530,14531
16117,14531,6088
16118,6088,1778
16119,1778,12584
16120,12584,8729
16121,11304,7101
16122,7101,7102
16123,7102,12470
16124,12470,12469
16125,14263,3731
16126,14532,14361
16127,8040,14533
16128,3611,12510
16129,14535,14536
16130,14536,14537
16131,14537,13690
16132,13779,12550
16133,515,14538
16134,12955,14539
16135,14539,14540
16136,14540,9940
16137,9940,13544
16138,14541,10357
16139,14542,5314
16140,14543,13506
16141,5470,1106
16142,14544,4830
16143,3664,4064
16144,838,648
16145,14546,13582
16146,13582,14547
16147,14547,10748
16148,10748,7899
16149,14548,5376
16150,8387,14549
16151,14549,9447
16152,9534,14550
16153,4725,1124
16154,1124,1786
16155,3255,11926
16156,14551,14552
16157,14552,14451
16158,5820,14553
16159,14553,11960
16160,3829,14366
16161,3253,8081
16162,8081,12090
16163,14554,5076
16164,5076,3048
16165,11499,11283
16166,11283,14555
16167,13556,14556
16168,14556,3350
16169,3350,14557
16170,14557,13105
16171,14558,4376
16172,8957,8958
16173,1472,9767
16174,14559,10862
16175,1308,14560
16176,14560,6154
16177,14561,14562
16178,14562,1899
16179,11756,12140
16180,12140,14563
16181,14563,14564
16182,14564,6563
16183,2384,201
16184,14565,14081
16185,14081,9354
16186,9354,10438
16187,10438,1683
16188,1683,8623
16189,8623,10852
16190,10852,14566
16191,3667,14567
16192,14568,12966
16193,14569,14570
16194,14570,10741
16195,10741,13737
16196,13737,14570
16197,5907,4560
16198,14572,14574
16199,14574,14575
16200,14575,14573
16201,14576,14578
16202,14578,14577
16203,14579,4420
16204,4420,8954
16205,12012,12476
16206,12476,11709
16207,11709,10944
16208,10944,3139
16209,3139,8477
16210,11152,14580
16211,11445,13045
16212,13045,13449
16213,2259,14582
16214,14582,14583
16215,14583,13744
16216,13744,14584
16217,14584,10373
16218,10373,14581
16219,3997,14586
16220,14586,354
16221,354,6077
16222,6077,8377
16223,8377,14587
16224,14587,13315
16225,13315,14585
16226,1433,13135
16227,13135,4889
16228,4889,12263
16229,12263,13600
16230,13600,12174
16231,12174,14588
16232,14588,5555
16233,5555,14589
16234,14589,13526
16235,5316,12774
16236,12774,14133
16237,14133,7644
16238,14590,495
16239,13173,10107
16240,10107,9135
16241,9135,14591
16242,12734,8370
16243,14232,14592
16244,8571,11367
16245,12475,4216
16246,14593,14595
16247,14595,14594
16248,14596,8511
16249,6963,9894
16250,14597,14599
16251,14599,14598
16252,5876,13516
16253,13516,12621
16254,12621,13515
16255,13515,14600
16256,14601,4497
16257,6879,14307
16258,14307,14369
16259,14369,3145
16260,14602,10774
16261,2339,12959
16262,12959,14135
16263,14135,7710
16264,7710,3222
16265,3222,14603
16266,14603,14604
16267,14604,14605
16268,14605,3084
16269,6545,14607
16270,14607,14606
16271,792,781
16272,7982,13329
16273,13329,14608
16274,1431,7150
16275,7150,14609
16276,14609,14610
16277,14610,7151
16278,4104,13036
16279,2107,12190
16280,12190,14611
16281,14611,8967
16282,14612,14614
16283,14614,14613
16284,8675,9486
16285,9084,14473
16286,6958,14059
16287,14059,13127
16288,13127,2717
16289,2717,14615
16290,12730,12889
16291,12889,14619
16292,14619,8133
16293,8133,205
16294,205,4941
16295,4941,11882
16296,11882,14618
16297,736,14620
16298,14620,10734
16299,10734,14621
16300,14621,6656
16301,6656,2237
16302,2237,14622
16303,14622,1263
16304,1263,4711
16305,4711,12233
16306,14623,14625
16307,14625,14624
16308,6943,14626
16309,2231,10640
16310,2609,14627
16311,14627,14628
16312,14628,5357
16313,5357,14629
16314,14629,5364
16315,5364,12796
16316,12796,14630
16317,14630,12298
16318,1973,8824
16319,8824,3184
16320,10889,3936
16321,3936,13861
16322,13861,1312
16323,802,9431
16324,9431,14632
16325,14632,12306
16326,12306,14631
16327,662,1950
16328,1950,6591
16329,12008,5358
16330,5358,13653
16331,6015,1973
16332,3053,14355
16333,14355,14633
16334,14633,3056
16335,14634,696
16336,4189,11759
16337,11759,4513
16338,4078,7748
16339,14635,968
16340,968,14637
16341,14637,2805
16342,2805,14636
16343,5798,7129
16344,7810,5460
16345,5460,14638
16346,14166,3579
16347,14639,10244
16348,13231,14640
16349,14640,2567
16350,8324,14641
16351,13975,10450
16352,10450,9823
16353,9823,11704
16354,11704,12623
16355,12623,12843
16356,12843,1635
16357,14643,1172
16358,4651,14644
16359,14644,14645
16360,14645,11332
16361,14646,14647
16362,7438,14648
16363,3921,14649
16364,14649,13891
16365,13891,3923
16366,3869,7958
16367,7958,8552
16368,4093,11623
16369,11623,12850
16370,14650,7931
16371,2979,13970
16372,13970,2939
16373,2939,2078
16374,2078,9233
16375,9233,12816
16376,12816,4995
16377,4995,9039
16378,9039,14651
16379,530,5323
16380,5323,1906
16381,1906,14652
16382,14652,7819
16383,7819,14653
16384,14653,7233
16385,14654,8882
16386,5717,14655
16387,14655,14656
16388,14656,14657
16389,14657,14658
16390,14658,13503
16391,13503,13464
16392,9991,6623
16393,6623,9758
16394,9758,14659
16395,14633,14356
16396,9452,12051
16397,3793,5107
16398,2992,14333
16399,14333,14662
16400,14662,14661
16401,14663,13108
16402,13108,10279
16403,13378,9745
16404,6529,13559
16405,14664,1002
16406,14665,14666
16407,7292,2028
16408,12613,14112
16409,14112,1091
16410,2235,9856
16411,410,14667
16412,13447,9394
16413,9394,14668
16414,14669,14670
16415,13370,14671
16416,11577,14672
16417,14672,8099
16418,8099,10671
16419,10671,14529
16420,14529,9291
16421,9291,13585
16422,14673,14675
16423,14675,14606
16424,14606,6543
16425,6543,14607
16426,14607,14676
16427,14676,14677
16428,14677,14674
16429,4263,14678
16430,14678,5652
16431,5652,2033
16432,2033,9601
16433,9601,12397
16434,12397,10941
16435,10941,5730
16436,5730,10594
16437,10594,2881
16438,2881,9339
16439,9339,10337
16440,10337,13994
16441,13994,2988
16442,2988,4282
16443,4282,14288
16444,14288,1843
16445,1843,14679
16446,14679,4012
16447,4012,10569
16448,10569,14126
16449,14126,8493
16450,8493,885
16451,885,14680
16452,14680,3701
16453,3701,4779
16454,4779,10534
16455,10534,11538
16456,14681,11924
16457,2997,14682
16458,9240,13340
16459,2388,6777
16460,13796,13951
16461,13951,13949
16462,13949,14427
16463,14427,11279
16464,11279,3444
16465,3444,7158
16466,7158,6619
16467,6619,5938
16468,11657,14005
16469,14005,4921
16470,4921,4922
16471,4922,14683
16472,9497,14061
16473,8032,14684
16474,14685,14687
16475,14687,14373
16476,14373,14686
16477,6195,11406
16478,11406,14688
16479,1949,9497
16480,14689,8635
16481,3278,4542
16482,4542,13761
16483,13761,14690
16484,14690,3951
16485,14241,4844
16486,4844,12177
16487,12177,13599
16488,13599,85
16489,85,6496
16490,6496,11362
16491,12764,7170
16492,7170,7172
16493,5072,14694
16494,14694,14693
16495,10195,5884
16496,5884,14697
16497,14697,8791
16498,8791,8712
16499,8712,197
16500,5237,5825
16501,5825,14698
16502,14698,14699
16503,14699,2871
16504,14700,14701
16505,14701,14702
16506,14702,2403
16507,2403,4589
16508,4589,12070
16509,12513,5662
16510,5662,5663
16511,5663,3650
16512,11060,4453
16513,14703,11665
16514,11665,266
16515,266,12957
16516,12957,3969
16517,14108,14704
16518,14705,14707
16519,14707,5715
16520,5715,1672
16521,1672,14655
16522,14655,14706
16523,12886,9497
16524,14708,12575
16525,12575,13687
16526,13687,14709
16527,12377,12792
16528,12792,10189
16529,10189,2165
16530,12806,1314
16531,1314,11480
16532,14365,7168
16533,7168,14710
16534,14711,9998
16535,9998,7414
16536,7414,14712
16537,14712,5880
16538,14713,14714
16539,3235,1721
16540,14715,4327
16541,10358,14716
16542,14717,14718
16543,1720,14719
16544,14719,8517
16545,10452,12864
16546,13641,5708
16547,5708,6738
16548,14720,4954
16549,13529,11943
16550,11943,14721
16551,14721,14722
16552,14722,991
16553,991,14723
16554,14723,3111
16555,3111,13769
16556,13769,14130
16557,14130,14724
16558,14724,2977
16559,2977,1877
16560,1877,14026
16561,14026,406
16562,406,10705
16563,10705,14725
16564,14725,14726
16565,14726,858
16566,858,38
16567,14727,14023
16568,14728,12825
16569,12825,14729
16570,14729,5495
16571,3559,351
16572,13525,14730
16573,7625,10476
16574,8806,14731
16575,14050,14732
16576,14202,14513
16577,9189,6509
16578,6509,8031
16579,8031,14684
16580,14684,8030
16581,8030,9190
16582,9190,3179
16583,14735,14736
16584,14736,1092
16585,1092,2316
16586,2316,2444
16587,2444,3352
16588,14737,7694
16589,7694,892
16590,14738,14739
16591,13514,2959
16592,2959,7736
16593,7736,2958
16594,2958,14740
16595,9113,7947
16596,7947,14742
16597,14742,14741
16598,2031,14743
16599,14743,10026
16600,10026,6281
16601,10995,761
16602,761,760
16603,760,10993
16604,13830,8203
16605,8203,12526
16606,12000,5959
16607,5959,14746
16608,14746,13222
16609,9396,11220
16610,11220,13901
16611,2140,14747
16612,14747,3361
16613,3361,14748
16614,14748,13707
16615,13707,14678
16616,4048,9152
16617,14690,14749
16618,14749,14750
16619,14750,14751
16620,14751,4862
16621,10560,6083
16622,6083,14752
16623,14752,14753
16624,14753,3
16625,3,11592
16626,3373,10599
16627,3847,2976
16628,2976,455
16629,455,14021
16630,14021,14343
16631,3677,8738
16632,14754,14755
16633,14755,6382
16634,2568,3484
16635,3484,8777
16636,8777,2426
16637,2426,14757
16638,14757,7104
16639,7104,14758
16640,14758,2174
16641,2174,14759
16642,14759,10609
16643,10609,14148
16644,14148,3778
16645,3778,13953
16646,13953,10949
16647,10949,6423
16648,6423,14760
16649,14760,11695
16650,11695,8935
16651,8935,3381
16652,3381,14756
16653,14761,11611
16654,776,2634
16655,2634,13041
16656,13041,9381
16657,9381,1549
16658,1549,10868
16659,14762,3057
16660,13683,11058
16661,14496,4642
16662,4642,9075
16663,9075,14763
16664,14763,5220
16665,14217,13557
16666,13557,14764
16667,14765,10368
16668,10368,14766
16669,14766,14767
16670,14767,8582
16671,8582,8583
16672,8583,11973
16673,11973,14768
16674,14768,1966
16675,14769,14770
16676,14771,9680
16677,9680,13472
16678,13472,14772
16679,14772,3126
16680,9633,14773
16681,14774,5010
16682,9503,10611
16683,10611,5981
16684,5981,14775
16685,1264,9434
16686,9434,14776
16687,11962,13335
16688,4022,9444
16689,9444,14777
16690,6532,14779
16691,14779,14778
16692,14780,8858
16693,8858,14781
16694,14782,14783
16695,14784,14785
16696,14785,14786
16697,14786,6407
16698,7957,7953
16699,7953,11586
16700,11586,13528
16701,13528,2748
16702,6864,7350
16703,7350,13396
16704,12516,11155
16705,545,1398
16706,1398,14787
16707,14787,1147
16708,14788,14334
16709,14334,8514
16710,8514,14789
16711,14789,14790
16712,14790,7426
16713,7426,14791
16714,14791,13874
16715,13874,13028
16716,13028,14788
16717,12283,8611
16718,8611,7936
16719,7318,14792
16720,14308,8627
16721,4934,8223
16722,8223,7527
16723,7527,8224
16724,8224,8019
16725,8019,14794
16726,14794,14795
16727,14795,7194
16728,7194,9771
16729,9771,14793
16730,13639,10787
16731,10787,6397
16732,6397,3953
16733,14796,14797
16734,14797,14798
16735,14798,14799
16736,14799,3626
16737,3626,11761
16738,7747,4080
16739,11496,8989
16740,8989,13957
16741,13957,1038
16742,1038,14728
16743,8825,7516
16744,7516,12039
16745,11429,8464
16746,8464,5191
16747,5191,9837
16748,9837,5038
16749,5038,4038
16750,14800,12904
16751,12904,11401
16752,14801,11272
16753,12205,13331
16754,13331,12182
16755,12182,3877
16756,3877,14802
16757,14802,8538
16758,8538,8537
16759,8537,8781
16760,14803,10317
16761,10317,14804
16762,14804,9351
16763,9351,1209
16764,1209,5845
16765,14805,9848
16766,7863,14806
16767,14806,14807
16768,14807,14808
16769,14808,3214
16770,14809,10753
16771,10753,8062
16772,8062,2496
16773,2496,1422
16774,1422,11707
16775,11707,12626
16776,12626,9265
16777,9265,5795
16778,8428,6649
16779,6649,11239
16780,14810,9769
16781,9769,9770
16782,14811,14813
16783,14813,14812
16784,1483,9144
16785,14814,6228
16786,6228,8130
16787,14815,14816
16788,14816,181
16789,13040,13654
16790,13654,8179
16791,14817,14817
16792,14817,10140
16793,10140,3070
16794,3070,1411
16795,1411,656
16796,656,4433
16797,4433,11728
16798,14818,14599
16799,12988,4949
16800,4949,14819
16801,14819,14820
16802,14820,14821
16803,14821,12736
16804,12736,2514
16805,12635,7606
16806,7606,12497
16807,12497,14822
16808,14822,5090
16809,14165,1132
16810,446,13416
16811,1216,14823
16812,14824,8942
16813,8942,11347
16814,11347,12309
16815,12309,1079
16816,14825,4366
16817,4366,14827
16818,14827,14774
16819,14774,13435
16820,13435,14828
16821,14828,14826
16822,1881,2577
16823,2577,14458
16824,14458,14724
16825,14724,3859
16826,3859,14667
16827,14667,4745
16828,4745,14363
16829,14363,2353
16830,2353,7992
16831,14829,1316
16832,1316,2606
16833,2606,14830
16834,14830,12610
16835,12011,12012
16836,14831,14832
16837,14832,1863
16838,12730,11850
16839,13248,11534
16840,11534,10538
16841,10538,4773
16842,4773,14833
16843,14833,877
16844,877,1287
16845,1287,10574
16846,10574,12614
16847,12614,10782
16848,10782,1835
16849,1835,14834
16850,14834,5735
16851,5735,10937
16852,8901,4694
16853,4694,4695
16854,4695,14466
16855,14466,5822
16856,4956,5486
16857,8870,14447
16858,6116,14836
16859,14836,2418
16860,733,14837
16861,14837,14352
16862,14352,7794
16863,11317,8078
16864,8078,14838
16865,14839,9571
16866,8337,8710
16867,8710,5449
16868,14686,14840
16869,14841,14842
16870,14842,10173
16871,10173,14843
16872,14843,6628
16873,6628,12808
16874,12808,14844
16875,14844,14845
16876,14845,10985
16877,10985,12748
16878,736,13439
16879,13439,9122
16880,9122,13618
16881,13618,14846
16882,14846,4066
16883,8107,14847
16884,13900,3507
16885,11636,11637
16886,14848,8368
16887,8368,14848
16888,14849,14850
16889,14851,14852
16890,14852,12835
16891,12835,13119
16892,13119,14073
16893,8034,339
16894,339,7554
16895,5246,10100
16896,10100,14450
16897,14450,13986
16898,13986,2872
16899,3184,1596
16900,4909,396
16901,396,397
16902,397,5909
16903,5909,14359
16904,14359,5073
16905,5073,989
16906,989,47
16907,47,12327
16908,12327,14853
16909,11700,14251
16910,14251,14854
16911,12363,9512
16912,14855,14856
16913,14134,14857
16914,14821,14859
16915,14860,2357
16916,500,14861
16917,14861,14266
16918,14266,6012
16919,6012,14862
16920,14862,11921
16921,11921,13309
16922,13309,10590
16923,10590,9063
16924,14863,6459
16925,6459,248
16926,248,8074
16927,2544,12893
16928,5501,12888
16929,10276,12107
16930,12107,13588
16931,13588,14864
16932,14864,14865
16933,14865,8104
16934,8104,14095
16935,14095,12049
16936,12049,1434
16937,1434,7534
16938,7534,11573
16939,11573,14866
16940,14866,14457
16941,14457,13919
16942,13919,11975
16943,356,14714
16944,14714,14867
16945,14867,14713
16946,14713,355
16947,3801,2448
16948,2448,14835
16949,14835,2314
16950,2314,14399
16951,14399,2297
16952,2297,12388
16953,12388,209
16954,11195,14871
16955,8686,14872
16956,14872,10046
16957,10046,14873
16958,14873,13835
16959,9553,10909
16960,10909,11702
16961,11702,5435
16962,5435,14670
16963,14670,14874
16964,14874,5250
16965,5250,6443
16966,5462,14875
16967,1078,14436
16968,5528,9027
16969,9027,9315
16970,9315,12091
16971,12091,8750
16972,14631,7491
16973,13378,10930
16974,10930,14877
16975,14877,14876
16976,13709,14878
16977,14878,10679
16978,4756,14880
16979,14880,5406
16980,5406,14879
16981,14865,14881
16982,14882,5403
16983,5403,14884
16984,14884,13494
16985,13494,14885
16986,14885,14883
16987,1546,14886
16988,14886,14887
16989,14887,1890
16990,14888,12408
16991,14889,14890
16992,14890,14891
16993,14891,8270
16994,8270,10080
16995,811,14892
16996,8445,6398
16997,6398,10786
16998,10786,4912
16999,4912,12785
17000,14893,14894
17001,14894,12824
17002,12824,7882
17003,1280,14702
17004,9124,12151
17005,4405,5256
17006,5256,2688
17007,2688,4670
17008,4670,3736
17009,3736,14895
17010,14895,11379
17011,11379,14896
17012,14896,13749
17013,13749,12087
17014,12087,8164
17015,8164,14897
17016,14897,4203
17017,14771,8678
17018,8678,14796
17019,14796,14898
17020,14898,4715
17021,4715,13474
17022,14111,12746
17023,13354,11684
17024,11684,14899
17025,14899,1136
17026,1136,11097
17027,11097,14900
17028,14900,14901
17029,14901,11353
17030,11353,14074
17031,14074,13348
17032,13348,10711
17033,14902,14903
17034,3488,11278
17035,5589,14905
17036,14905,14904
17037,14206,14906
17038,14906,6903
17039,6903,14907
17040,14907,13929
17041,13929,14908
17042,14908,6692
17043,6692,13665
17044,13665,5611
17045,5611,14909
17046,14909,1654
17047,1654,14910
17048,14910,12163
17049,12163,13662
17050,13662,11237
17051,11237,9870
17052,10625,7285
17053,13671,1597
17054,1597,12830
17055,12830,14911
17056,14911,1250
17057,1250,14912
17058,14912,3865
17059,3865,14721
17060,2579,7192
17061,14913,12193
17062,4316,14063
17063,14063,4659
17064,13786,14914
17065,14914,7641
17066,7641,8418
17067,8418,343
17068,14552,498
17069,498,14916
17070,14916,9554
17071,9554,14483
17072,14483,14915
17073,11225,11084
17074,11084,14918
17075,10245,12670
17076,11370,8530
17077,8530,11363
17078,11363,14919
17079,6871,13964
17080,13964,13965
17081,13965,11868
17082,11868,14562
17083,14562,5456
17084,5456,14745
17085,14745,14920
17086,12289,3000
17087,14890,3180
17088,13114,5137
17089,5137,691
17090,4171,5179
17091,5179,14921
17092,13154,8838
17093,8838,14922
17094,1644,10925
17095,10925,3168
17096,3168,13880
17097,13880,9866
17098,9866,6057
17099,6057,14386
17100,14386,12773
17101,12773,222
17102,222,13959
17103,11985,5646
17104,5646,8045
17105,8045,11515
17106,11515,12757
17107,12757,5288
17108,5288,2275
17109,2275,14923
17110,14923,1663
17111,1663,14924
17112,14924,9775
17113,14509,7798
17114,8891,5328
17115,5328,5327
17116,5327,14925
17117,9658,14559
17118,14926,11993
17119,11993,289
17120,6921,5165
17121,5165,9050
17122,9050,9880
17123,9880,5341
17124,5341,11689
17125,11689,14927
17126,13388,3042
17127,3042,13803
17128,13803,7413
17129,10253,14928
17130,4540,3280
17131,3280,9703
17132,5093,10290
17133,10290,3530
17134,3530,13814
17135,14929,9737
17136,9737,13459
17137,13459,9735
17138,9735,14930
17139,14931,14933
17140,14933,14932
17141,11126,6300
17142,6300,5851
17143,5851,14934
17144,14934,4142
17145,4142,3469
17146,3469,5474
17147,14935,12989
17148,12989,2338
17149,2338,12267
17150,12267,13110
17151,13110,11512
17152,11512,11845
17153,11845,8920
17154,8920,9783
17155,9783,12228
17156,12228,747
17157,747,11390
17158,11390,12776
17159,12776,14936
17160,14936,7221
17161,7221,14042
17162,13258,14935
17163,14935,14937
17164,14937,14938
17165,14938,3153
17166,14939,14839
17167,7408,14940
17168,1661,14941
17169,14941,9774
17170,5608,12077
17171,2650,10905
17172,10905,12515
17173,12515,14943
17174,14943,11154
17175,11154,10530
17176,10530,4785
17177,5349,3065
17178,14944,14945
17179,12292,14946
17180,14946,14253
17181,14253,4294
17182,4294,2121
17183,2121,6118
17184,6118,2986
17185,13118,13402
17186,5705,14947
17187,13186,3266
17188,14948,103
17189,103,14949
17190,13591,3294
17191,9472,10236
17192,4836,14950
17193,14950,14951
17194,14951,13808
17195,8853,14952
17196,14952,3843
17197,3843,3318
17198,3318,13521
17199,1573,6990
17200,6990,7937
17201,7937,14953
17202,7094,14955
17203,14955,14954
17204,12126,14957
17205,14957,14956
17206,14958,14960
17207,14960,6177
17208,6177,14959
17209,14961,14962
17210,14962,2869
17211,2869,4111
17212,4111,13414
17213,13414,9876
17214,9876,2067
17215,2067,6494
17216,6494,9249
17217,9249,14963
17218,14963,4936
17219,4936,9957
17220,9957,14964
17221,14964,2895
17222,2895,12603
17223,12603,9705
17224,9705,7286
17225,7286,12560
17226,12560,14965
17227,14965,11779
17228,11779,9897
17229,9897,14893
17230,5150,5490
17231,5490,3049
17232,3049,5149
17233,12565,14414
17234,14414,4158
17235,2301,2705
17236,3136,1187
17237,1187,14968
17238,1389,10089
17239,10089,1390
17240,1811,2123
17241,2123,14971
17242,14971,6137
17243,14972,7410
17244,7410,14973
17245,14973,9736
17246,9736,10690
17247,14974,5720
17248,5720,14975
17249,14975,4462
17250,4462,2950
17251,2950,11742
17252,4668,14976
17253,1212,1214
17254,3260,14977
17255,11159,6519
17256,6519,6214
17257,6214,14830
17258,14830,12032
17259,12032,7872
17260,7872,6503
17261,7654,14978
17262,14978,6252
17263,13281,12917
17264,6273,10409
17265,5754,8698
17266,8698,9402
17267,9402,3423
17268,3423,3974
17269,3974,14979
17270,788,785
17271,2479,114
17272,114,5592
17273,5592,7540
17274,7540,11942
17275,10196,14396
17276,14396,14980
17277,14980,8702
17278,14981,2454
17279,2454,6351
17280,5141,10251
17281,14566,10853
17282,10853,8622
17283,8622,1684
17284,1684,10437
17285,10437,9355
17286,9355,14080
17287,14080,14982
17288,8837,13590
17289,13590,11677
17290,13019,14983
17291,14983,5353
17292,14984,974
17293,974,5707
17294,5075,5678
17295,5678,14789
17296,9938,14985
17297,14985,7218
17298,7218,14452
17299,12033,14986
17300,14987,14280
17301,14988,8860
17302,3227,14469
17303,14469,14989
17304,9726,14314
17305,5382,14990
17306,5236,5824
17307,5824,13083
17308,13083,2871
17309,14991,9398
17310,6851,14992
17311,12256,4709
17312,9927,14472
17313,14472,1980
17314,1980,14300
17315,10961,14836
17316,14993,8573
17317,8573,10406
17318,10406,6271
17319,14994,4765
17320,2666,14995
17321,3664,14996
17322,14996,12280
17323,12280,12147
17324,12147,12658
17325,12658,14997
17326,14997,14998
17327,14998,14622
17328,14999,11808
17329,11808,13791
17330,13791,14391
17331,14391,12925
17332,12925,5872
17333,14587,9228
17334,9228,15000
17335,15000,15001
17336,15001,4411
17337,4411,14174
17338,14174,14268
17339,14268,6008
17340,6008,15002
17341,15002,9803
17342,9803,13310
17343,13310,10588
17344,10588,8330
17345,8330,14531
17346,14531,11998
17347,11998,4885
17348,4885,8546
17349,8546,8830
17350,8830,15003
17351,15003,14752
17352,14752,13518
17353,13518,1958
17354,1958,7085
17355,7085,15004
17356,15004,13623
17357,13623,11190
17358,3071,6348
17359,10380,15005
17360,15005,15006
17361,15006,3378
17362,3378,15007
17363,15007,15008
17364,15008,8754
17365,8754,15009
17366,15009,2172
17367,9934,15010
17368,8457,14539
17369,9540,15011
17370,15011,15012
17371,15012,259
17372,259,8746
17373,7959,9377
17374,9377,11631
17375,15013,5942
17376,5942,9677
17377,9677,15014
17378,11851,8132
17379,8132,6885
17380,6885,8139
17381,8435,8713
17382,14490,14310
17383,9396,10490
17384,8085,8084
17385,3977,3941
17386,3941,10260
17387,10260,13463
17388,13463,13500
17389,13500,15016
17390,15016,14705
17391,14705,15015
17392,15017,11206
17393,15018,15019
17394,15020,9146
17395,9146,3312
17396,3312,11295
17397,11295,5791
17398,5791,9269
17399,9269,7001
17400,7001,12684
17401,12684,7242
17402,7242,13075
17403,682,11791
17404,11791,11244
17405,11244,11100
17406,11100,15021
17407,15021,12690
17408,12690,256
17409,256,15022
17410,15022,5252
17411,5252,14364
17412,14364,1251
17413,1251,13485
17414,13485,3863
17415,3863,14723
17416,15023,14958
17417,14958,15024
17418,15025,11520
17419,11520,15026
17420,15026,11441
17421,11441,13404
17422,13404,11416
17423,2620,2802
17424,9821,14907
17425,14907,14037
17426,14037,15027
17427,15027,15028
17428,15028,12377
17429,15029,14836
17430,14330,340
17431,340,693
17432,4847,15030
17433,3221,15032
17434,15032,15033
17435,15033,15031
17436,15034,2212
17437,525,15035
17438,15036,15037
17439,15037,14304
17440,5478,14734
17441,14734,5117
17442,5117,556
17443,556,2978
17444,2978,14639
17445,14639,3326
17446,3326,13004
17447,13004,15038
17448,5864,515
17449,3453,2321
17450,4182,10654
17451,7358,11180
17452,11180,5414
17453,3452,12946
17454,12946,8619
17455,449,7783
17456,7783,1825
17457,1825,15039
17458,15039,1947
17459,1947,12316
17460,12316,8880
17461,8880,15040
17462,15040,14613
17463,14613,15041
17464,15041,5499
17465,5499,14965
17466,14965,12199
17467,12199,15042
17468,15042,15043
17469,15043,7651
17470,7651,10152
17471,8993,3547
17472,3547,237
17473,237,10936
17474,10936,5738
17475,5738,15044
17476,15044,1832
17477,1832,10779
17478,10779,12617
17479,12617,10579
17480,10579,4767
17481,4767,15045
17482,15045,10526
17483,10526,3807
17484,3807,13244
17485,13244,15046
17486,15046,14323
17487,14323,6248
17488,6248,11906
17489,11906,15047
17490,15047,11303
17491,3343,11834
17492,11834,1468
17493,1468,2676
17494,2676,15048
17495,12724,4989
17496,4989,9681
17497,9681,1032
17498,1032,15049
17499,15049,15050
17500,15050,14825
17501,11878,12443
17502,12443,13256
17503,13256,8758
17504,8758,711
17505,711,6151
17506,6151,15051
17507,15051,5679
17508,15052,6315
17509,6315,6080
17510,6080,15004
17511,15004,15053
17512,4165,3110
17513,6724,4848
17514,2914,1361
17515,1361,1236
17516,1236,15054
17517,15054,7562
17518,7562,9830
17519,2675,15055
17520,14951,2483
17521,6645,3765
17522,8443,10451
17523,10451,8059
17524,8059,5307
17525,5307,12500
17526,12500,2605
17527,2605,15056
17528,15056,4768
17529,4768,10525
17530,10525,7419
17531,7419,8313
17532,8313,15057
17533,15057,10325
17534,14087,8523
17535,8523,14051
17536,3047,13106
17537,1592,7720
17538,6829,14755
17539,3998,13304
17540,13304,1871
17541,1871,49
17542,15058,15059
17543,10223,15061
17544,15061,15060
17545,3091,2301
17546,7393,10841
17547,14004,12718
17548,10454,1188
17549,1188,12557
17550,1264,3664
17551,14211,15062
17552,15062,8125
17553,10285,477
17554,10010,7190
17555,7190,15063
17556,8776,2427
17557,2427,13091
17558,13091,14103
17559,14103,15064
17560,3637,13367
17561,13367,13594
17562,13594,13595
17563,13595,13368
17564,3800,12245
17565,15065,15066
17566,15066,7519
17567,15067,12685
17568,12685,15068
17569,15068,15069
17570,15069,15070
17571,15070,15071
17572,15071,15068
17573,14229,14230
17574,7586,14794
17575,15072,5952
17576,15073,15074
17577,13344,7513
17578,7513,8336
17579,6590,15075
17580,1311,15076
17581,15076,7174
17582,10883,15077
17583,8162,15079
17584,15079,4200
17585,4200,5603
17586,5603,197
17587,197,15080
17588,15080,15081
17589,15081,15082
17590,15082,15078
17591,13260,5756
17592,5756,15083
17593,15083,11771
17594,11771,12951
17595,12951,11855
17596,11855,11587
17597,11587,15073
17598,15073,13527
17599,13527,15084
17600,15084,4419
17601,12733,8889
17602,8889,4482
17603,1475,6484
17604,6484,7994
17605,7994,12580
17606,12580,13406
17607,13406,9639
17608,9639,15021
17609,15021,10586
17610,10586,15085
17611,15085,263
17612,263,10037
17613,529,5688
17614,5688,6224
17615,6224,15086
17616,15086,13218
17617,10542,68
17618,68,10185
17619,10185,15087
17620,15087,2839
17621,15088,10199
17622,10199,15090
17623,15090,4727
17624,4727,15089
17625,675,674
17626,14440,13358
17627,4581,15091
17628,4476,1983
17629,3473,12271
17630,12271,15094
17631,15094,4231
17632,4231,7061
17633,127,13784
17634,13784,15096
17635,15096,8420
17636,8420,9216
17637,9216,12465
17638,12465,15095
17639,8964,6602
17640,14507,10694
17641,10694,15097
17642,15097,15098
17643,15098,12641
17644,10466,12387
17645,11621,14255
17646,14255,10876
17647,10876,15099
17648,15099,15100
17649,15100,14379
17650,14379,15101
17651,15101,10874
17652,10874,14256
17653,14256,10872
17654,10872,13741
17655,9473,14654
17656,3457,8508
17657,10844,13839
17658,2489,15102
17659,15102,13945
17660,13945,7509
17661,7509,9276
17662,9276,14110
17663,5092,3529
17664,3529,10291
17665,10291,7604
17666,14725,13399
17667,15103,14603
17668,14603,15032
17669,15032,15105
17670,15105,5977
17671,5977,8923
17672,8923,9792
17673,9792,15106
17674,15106,12059
17675,12059,14808
17676,14808,4035
17677,4035,11393
17678,11393,12782
17679,12782,9824
17680,9824,15107
17681,15107,15104
17682,15095,1371
17683,1371,15108
17684,15108,6960
17685,6960,3507
17686,15109,3982
17687,3982,687
17688,687,15110
17689,14763,12045
17690,12045,15112
17691,15112,15111
17692,12026,13192
17693,13192,15113
17694,15113,9088
17695,9088,15114
17696,15114,13191
17697,853,12331
17698,12331,15115
17699,15115,15116
17700,15116,11965
17701,11965,9700
17702,632,13669
17703,10146,504
17704,10320,15117
17705,6814,14158
17706,14158,99
17707,2752,4358
17708,15118,7372
17709,7372,1567
17710,959,960
17711,960,9914
17712,8843,15119
17713,4583,10885
17714,10885,12663
17715,9512,9235
17716,15120,14955
17717,14955,15121
17718,13825,13826
17719,10697,10698
17720,14971,2125
17721,3185,8826
17722,8826,1973
17723,13487,15122
17724,15122,3763
17725,3763,8145
17726,8145,3764
17727,3764,15122
17728,7013,11297
17729,11297,7098
17730,7098,7150
17731,7150,1433
17732,1433,13136
17733,13136,12262
17734,12262,13524
17735,4297,581
17736,581,14693
17737,14693,5317
17738,8748,5527
17739,5527,260
17740,260,2176
17741,2176,15123
17742,15123,12219
17743,15124,609
17744,10938,7854
17745,13675,13676
17746,14341,13429
17747,13429,6918
17748,4238,353
17749,353,15125
17750,15125,6681
17751,6681,11925
17752,11957,424
17753,13660,4619
17754,4619,1125
17755,1125,4286
17756,4286,1347
17757,1347,8751
17758,8751,5343
17759,5343,14781
17760,14781,13660
17761,14486,658
17762,4623,11583
17763,11583,12643
17764,11365,8532
17765,8011,9979
17766,9979,7767
17767,7767,12983
17768,12983,14015
17769,2758,3601
17770,3601,15127
17771,15127,14653
17772,14653,9119
17773,9119,15126
17774,14121,7219
17775,7219,2066
17776,2066,12078
17777,12078,15128
17778,15128,11007
17779,11007,1812
17780,1812,1522
17781,1522,12909
17782,12909,12872
17783,12872,11903
17784,2169,8755
17785,8755,15129
17786,15129,15130
17787,15130,13896
17788,13896,15005
17789,12084,15131
17790,5265,3379
17791,3379,8937
17792,8937,15133
17793,15133,2168
17794,2168,13090
17795,13090,15134
17796,15134,2428
17797,2428,8778
17798,8778,3483
17799,3483,15132
17800,15135,8369
17801,8369,12732
17802,12732,7918
17803,7918,14370
17804,14370,15136
17805,15136,7151
17806,7151,1430
17807,1430,15137
17808,15137,8295
17809,8295,15135
17810,4667,15138
17811,15045,15139
17812,15139,7258
17813,7258,5674
17814,528,13337
17815,13337,5318
17816,5318,1903
17817,1903,9488
17818,9488,4351
17819,4351,15141
17820,15141,7816
17821,7816,11488
17822,11488,7536
17823,7536,15142
17824,15142,15126
17825,15126,7230
17826,7230,15140
17827,14417,6487
17828,6487,15142
17829,15143,324
17830,324,15144
17831,15144,7683
17832,7683,29
17833,14228,15145
17834,8586,14917
17835,14917,13198
17836,13198,15146
17837,15146,5850
17838,5850,15147
17839,15147,12748
17840,13386,9171
17841,9171,15148
17842,15148,13565
17843,13565,13575
17844,13575,11989
17845,11989,13889
17846,13889,11516
17847,11516,12758
17848,12758,3654
17849,15149,15151
17850,15151,15150
17851,14197,15152
17852,15152,15152
17853,15153,12223
17854,9784,12700
17855,15154,14990
17856,14990,14292
17857,14292,9958
17858,9958,15154
17859,3209,15107
17860,15107,15155
17861,15155,9896
17862,1860,10013
17863,10013,11795
17864,11795,6340
17865,6340,9079
17866,9079,15156
17867,15156,10014
17868,12314,11187
17869,11187,11339
17870,1516,15157
17871,15157,13167
17872,9231,14252
17873,14252,15158
17874,15158,11668
17875,12894,7176
17876,7176,10638
17877,11157,8593
17878,8593,5019
17879,15050,15159
17880,4179,10662
17881,5232,7971
17882,6820,486
17883,7224,15160
17884,15160,7011
17885,7011,10871
17886,10871,12778
17887,12778,11397
17888,11397,753
17889,753,12229
17890,12229,9788
17891,9788,8927
17892,8927,11848
17893,11848,11513
17894,11513,13113
17895,13113,12268
17896,4108,4109
17897,12690,10386
17898,10386,15085
17899,15085,5481
17900,5481,15161
17901,15161,8747
17902,8747,15162
17903,15162,2176
17904,2176,15012
17905,15012,15163
17906,15163,15164
17907,15164,11732
17908,11732,5301
17909,8960,6047
17910,6047,10800
17911,10800,12976
17912,12976,9566
17913,3582,11822
17914,11822,11107
17915,11107,11309
17916,5549,1967
17917,12364,14664
17918,14664,14771
17919,8128,15165
17920,15165,15166
17921,15166,15103
17922,15103,3223
17923,3223,7709
17924,7709,8697
17925,11767,15167
17926,15167,3622
17927,3622,15168
17928,15168,15169
17929,15169,8361
17930,8641,14189
17931,14189,7124
17932,7124,2694
17933,2694,14897
17934,14897,4202
17935,7313,7559
17936,9023,12155
17937,12155,8273
17938,8273,5061
17939,5061,3239
17940,3239,12416
17941,11971,15170
17942,15171,14120
17943,14120,15172
17944,8153,15173
17945,15173,15174
17946,15174,13629
17947,13629,6659
17948,6659,10645
17949,15175,2326
17950,11640,11641
17951,7231,15176
17952,15176,1447
17953,9882,12337
17954,12337,13104
17955,13104,15177
17956,15177,15178
17957,15178,15179
17958,15179,4022
17959,575,11899
17960,11899,6458
17961,6458,249
17962,249,8075
17963,8075,10837
17964,10837,12438
17965,12438,8041
17966,8041,12412
17967,10503,15038
17968,15038,11118
17969,11118,15180
17970,993,11944
17971,5564,3052
17972,15181,15182
17973,15182,14497
17974,14497,15182
17975,13652,5361
17976,15183,5818
17977,5818,15184
17978,15184,11961
17979,10006,300
17980,9425,10035
17981,10035,15185
17982,15185,15186
17983,15186,12423
17984,10675,14549
17985,2341,12269
17986,11336,11879
17987,11879,361
17988,361,8610
17989,8610,8016
17990,8016,362
17991,362,11384
17992,15026,2627
17993,14905,2064
17994,2064,13300
17995,13300,14169
17996,15187,10991
17997,10991,15189
17998,15189,15188
17999,13451,6895
18000,6895,15190
18001,8808,5832
18002,12423,15191
18003,15191,15192
18004,15192,6287
18005,6287,9093
18006,607,11161
18007,13036,14170
18008,14170,11043
18009,14746,7968
18010,5607,15193
18011,4082,6889
18012,6889,13740
18013,13740,14598
18014,14598,15194
18015,13132,15195
18016,11692,15094
18017,15196,14348
18018,15197,13238
18019,11579,10493
18020,10493,10495
18021,10495,15201
18022,15201,15200
18023,12427,15202
18024,12607,15203
18025,8687,13288
18026,13288,11991
18027,11991,14035
18028,14035,14909
18029,14909,5690
18030,5690,9387
18031,15204,9368
18032,15205,6904
18033,14739,11178
18034,11178,3287
18035,7376,13532
18036,13532,13766
18037,2482,10381
18038,10381,15130
18039,15130,15207
18040,15207,13894
18041,13894,15007
18042,15007,15208
18043,15208,6422
18044,6422,14760
18045,6569,15209
18046,13916,15210
18047,11687,2589
18048,2589,5183
18049,5183,8459
18050,15208,15211
18051,15212,12485
18052,12485,7076
18053,7076,11556
18054,11556,3292
18055,6150,9560
18056,7695,13643
18057,7139,11242
18058,11242,7141
18059,14964,15213
18060,15213,15214
18061,15214,1309
18062,1309,1310
18063,1310,12765
18064,12765,3959
18065,11448,8231
18066,8231,15215
18067,15216,15217
18068,15218,2158
18069,11515,8047
18070,2629,11463
18071,15219,1059
18072,13134,6850
18073,6850,4814
18074,4814,5235
18075,5235,4815
18076,4815,903
18077,903,9669
18078,9669,15218
18079,12862,1052
18080,15220,13996
18081,12353,992
18082,12430,13878
18083,6700,15221
18084,2928,15222
18085,15223,11736
18086,2347,15224
18087,13275,15124
18088,15124,608
18089,608,15225
18090,15226,15227
18091,15227,12967
18092,10025,6612
18093,15228,14213
18094,14213,12046
18095,1167,5936
18096,5936,7459
18097,12233,5196
18098,5196,13143
18099,13143,15229
18100,15229,9814
18101,15230,10515
18102,15231,12996
18103,4260,4674
18104,3732,2685
18105,2685,14499
18106,14499,4408
18107,4408,15232
18108,3920,3455
18109,14029,15233
18110,15233,7603
18111,7603,15234
18112,15234,14231
18113,14231,10364
18114,9274,15235
18115,12914,15236
18116,11530,9617
18117,9617,13736
18118,13736,2860
18119,2860,14261
18120,14261,10398
18121,10398,14673
18122,14673,10429
18123,10429,14674
18124,14674,10430
18125,10430,6544
18126,6544,14765
18127,14765,14766
18128,7520,600
18129,600,14264
18130,14264,6016
18131,6016,1976
18132,14099,15237
18133,15238,5294
18134,5294,15239
18135,1850,13609
18136,13609,12475
18137,2257,15240
18138,15240,15197
18139,3478,5303
18140,13324,15241
18141,15054,15242
18142,15242,4597
18143,5863,9162
18144,9162,730
18145,730,7775
18146,7775,1562
18147,1562,15243
18148,11851,3570
18149,15244,12833
18150,15022,9636
18151,9636,8616
18152,8616,14710
18153,14710,2351
18154,14097,7801
18155,7801,9297
18156,9297,7054
18157,12865,15245
18158,14756,14524
18159,15246,15247
18160,15247,6064
18161,6064,11181
18162,11181,5416
18163,15248,5431
18164,5431,15249
18165,15249,9013
18166,9013,6141
18167,3939,12456
18168,12456,7208
18169,7208,5051
18170,5189,8483
18171,8483,10877
18172,10877,15250
18173,15250,6740
18174,1049,2748
18175,2748,14444
18176,14444,14579
18177,14579,15084
18178,15084,15074
18179,15074,11589
18180,11589,1665
18181,1665,11768
18182,11768,15251
18183,15251,5759
18184,5759,13261
18185,14041,7222
18186,7222,15252
18187,15252,12777
18188,12777,11398
18189,11398,749
18190,749,12230
18191,12230,9785
18192,9785,8929
18193,8929,11847
18194,11847,11514
18195,11514,13112
18196,13112,12270
18197,12270,2340
18198,2340,12991
18199,12991,14937
18200,15254,6888
18201,6888,11374
18202,11374,13739
18203,13739,10663
18204,10663,15256
18205,15256,14818
18206,14818,4205
18207,4205,14597
18208,14597,13982
18209,13982,15255
18210,9706,15257
18211,15257,12970
18212,2367,13764
18213,15258,15259
18214,11142,8813
18215,8813,12083
18216,12083,10912
18217,4790,11238
18218,11238,112
18219,12187,7293
18220,7293,13709
18221,11979,15260
18222,15260,2560
18223,11912,13148
18224,13148,12837
18225,12837,946
18226,14567,4467
18227,15261,15262
18228,8207,13834
18229,13834,10921
18230,13637,13636
18231,1935,14888
18232,12572,13162
18233,15263,12940
18234,12940,12018
18235,12018,10613
18236,10613,11204
18237,11204,15265
18238,15265,5424
18239,5424,4925
18240,4925,714
18241,714,14331
18242,14331,15125
18243,15125,1919
18244,1919,8390
18245,8390,14586
18246,14586,15264
18247,2420,7340
18248,11312,11109
18249,11109,7765
18250,7765,9045
18251,9045,5188
18252,10884,15077
18253,15077,10882
18254,15267,15268
18255,13873,8049
18256,15269,15270
18257,14248,10028
18258,10028,14247
18259,14640,10220
18260,10220,10277
18261,10277,15271
18262,15271,11402
18263,11402,8715
18264,8715,14740
18265,14740,13511
18266,13511,8717
18267,8717,11405
18268,11405,10632
18269,10632,2739
18270,12248,8348
18271,8348,15273
18272,15273,15272
18273,7769,4097
18274,4097,6326
18275,6326,5894
18276,5894,8011
18277,8011,6770
18278,6770,15274
18279,7530,7130
18280,7130,14184
18281,15275,4930
18282,5306,13233
18283,13233,2256
18284,1564,13952
18285,8777,6862
18286,13194,2056
18287,2056,15276
18288,15276,9090
18289,9090,15113
18290,15113,15114
18291,5089,13989
18292,13989,14887
18293,14887,8784
18294,8784,10310
18295,10310,15277
18296,15277,15278
18297,15278,15279
18298,15279,4645
18299,3403,15260
18300,15260,3203
18301,3203,13976
18302,13520,11089
18303,11089,6797
18304,6797,5029
18305,5029,12342
18306,12342,12343
18307,12343,12448
18308,12448,4897
18309,4897,10131
18310,10131,5554
18311,5554,11945
18312,11945,12661
18313,4491,12512
18314,12512,4638
18315,4638,1177
18316,1177,15280
18317,488,5237
18318,14498,9142
18319,9900,15228
18320,15228,14550
18321,15281,15282
18322,15283,13898
18323,13898,15087
18324,15087,10268
18325,10268,15284
18326,15284,15285
18327,15285,12701
18328,12701,12591
18329,12591,2910
18330,2910,1365
18331,1365,15286
18332,15286,7006
18333,7006,10958
18334,10958,7557
18335,7557,9833
18336,9833,12156
18337,15104,15287
18338,15287,3208
18339,3208,7719
18340,7719,1589
18341,5428,15288
18342,15288,50
18343,50,1875
18344,1875,4000
18345,4000,6737
18346,6737,4584
18347,8847,1197
18348,5873,8478
18349,7109,15289
18350,14864,12106
18351,12106,15290
18352,15290,10830
18353,8649,11344
18354,11344,14557
18355,14557,15177
18356,15177,14423
18357,14423,13587
18358,13587,9286
18359,9286,15291
18360,15291,15292
18361,15292,9440
18362,9440,15293
18363,15293,15294
18364,15294,11136
18365,14625,11120
18366,13347,14075
18367,15295,15296
18368,2474,14739
18369,13536,9596
18370,9596,15297
18371,14354,4426
18372,14370,11000
18373,11000,4341
18374,4341,3906
18375,3906,12481
18376,12481,7636
18377,10228,11743
18378,15134,15298
18379,6375,187
18380,187,1894
18381,1894,13624
18382,13624,7278
18383,7278,15300
18384,15300,5810
18385,5810,15301
18386,15301,14754
18387,14754,15299
18388,12688,15302
18389,15302,11418
18390,11418,14482
18391,14482,9552
18392,670,8854
18393,7112,11792
18394,11792,11243
18395,15303,14623
18396,3768,4986
18397,4986,11874
18398,10746,15304
18399,15304,13583
18400,13583,13892
18401,13892,14274
18402,9964,13165
18403,13165,5599
18404,5599,8167
18405,8167,2105
18406,14747,2141
18407,2141,6130
18408,2305,15305
18409,15305,3644
18410,15214,625
18411,625,15213
18412,15307,6186
18413,6186,15256
18414,14002,2572
18415,2572,15309
18416,15309,15308
18417,3297,15310
18418,7175,15076
18419,14867,6147
18420,6147,1920
18421,1920,8391
18422,8391,13454
18423,13454,9067
18424,14840,10552
18425,15311,3417
18426,3417,15313
18427,15313,15314
18428,15314,15312
18429,10366,15234
18430,15234,5339
18431,5339,11040
18432,11040,15316
18433,15316,15315
18434,15317,15318
18435,15318,2855
18436,2855,11095
18437,9184,7036
18438,7036,15321
18439,14644,15322
18440,5151,14742
18441,14742,10737
18442,10737,15323
18443,8376,4314
18444,4314,1031
18445,1031,9327
18446,9327,11722
18447,11722,12462
18448,12462,12358
18449,1077,12313
18450,12313,15324
18451,6128,2136
18452,421,15325
18453,15325,14985
18454,14985,5621
18455,13730,14381
18456,11688,1604
18457,1604,5157
18458,5157,9376
18459,9376,13884
18460,13884,15326
18461,15326,15327
18462,15327,124
18463,8772,1748
18464,9997,11776
18465,11776,1784
18466,9748,6718
18467,7388,10602
18468,6871,14102
18469,4047,14717
18470,8419,9217
18471,9217,15108
18472,15108,3610
18473,7798,12247
18474,12247,8342
18475,8342,15329
18476,15329,12478
18477,12478,937
18478,937,11929
18479,11929,15272
18480,15272,15330
18481,15330,15331
18482,15331,8343
18483,8343,14972
18484,14972,11923
18485,11923,12705
18486,12705,14929
18487,14929,14930
18488,14930,15332
18489,15332,1462
18490,1462,7798
18491,2923,12868
18492,12868,15333
18493,8898,8903
18494,11078,2759
18495,2759,15176
18496,15176,4056
18497,4056,6263
18498,15334,15335
18499,15136,6342
18500,6342,13483
18501,13483,765
18502,13142,8333
18503,15336,14079
18504,14079,9356
18505,9356,10436
18506,10436,1685
18507,1685,8621
18508,8621,10854
18509,8150,13321
18510,13321,10617
18511,10617,10684
18512,3267,13185
18513,13185,15337
18514,4128,2815
18515,13844,13732
18516,13732,13372
18517,13372,12665
18518,12665,12890
18519,12890,7970
18520,7970,11734
18521,11734,11331
18522,11331,5838
18523,5838,4101
18524,4101,12053
18525,15338,8347
18526,771,2883
18527,7319,15340
18528,15340,9104
18529,9104,15339
18530,10808,2498
18531,2498,304
18532,304,810
18533,15341,13517
18534,4918,8788
18535,7950,11618
18536,11618,13752
18537,13752,2580
18538,15342,13277
18539,15343,15344
18540,15344,4333
18541,4333,15345
18542,15345,13681
18543,11849,2868
18544,2868,4274
18545,4274,14815
18546,15346,14078
18547,14078,9358
18548,9358,8383
18549,8383,10434
18550,9679,14898
18551,14898,15348
18552,15348,15349
18553,15349,15350
18554,15350,3627
18555,3627,15347
18556,8988,13957
18557,2356,10902
18558,10902,15116
18559,15116,12451
18560,12451,1473
18561,11431,15351
18562,15351,15352
18563,15352,8150
18564,13513,15353
18565,12949,7542
18566,7542,4858
18567,5159,11919
18568,11919,8824
18569,6374,15354
18570,15355,12727
18571,12727,10867
18572,10867,15356
18573,4785,12482
18574,12482,4052
18575,4052,5218
18576,5218,726
18577,726,15111
18578,15111,15358
18579,15358,4641
18580,4641,15357
18581,15359,15360
18582,15361,12953
18583,12953,14501
18584,14501,10826
18585,14791,15362
18586,15362,14142
18587,15363,11803
18588,9882,7871
18589,7871,11434
18590,11434,9317
18591,15364,5158
18592,14797,15348
18593,15348,4717
18594,4717,283
18595,18,12669
18596,12669,15365
18597,766,13484
18598,13484,7153
18599,7153,14610
18600,14145,15366
18601,15367,4683
18602,15368,11433
18603,11433,12180
18604,12180,2661
18605,2661,1577
18606,1577,15369
18607,1487,1488
18608,15370,15371
18609,15372,8322
18610,8322,10626
18611,10626,1025
18612,1025,15086
18613,15086,8821
18614,8821,15373
18615,8079,15374
18616,14223,10058
18617,15375,15376
18618,8724,7294
18619,15377,15378
18620,13090,14758
18621,14758,15289
18622,15289,11908
18623,11908,13066
18624,13066,932
18625,932,15379
18626,15379,933
18627,933,12703
18628,12703,4449
18629,4449,2167
18630,8805,3492
18631,3492,3624
18632,3624,15380
18633,15380,15381
18634,15381,14771
18635,7496,826
18636,826,827
18637,15382,15383
18638,15383,8707
18639,15384,13638
18640,6017,11509
18641,11509,6020
18642,6020,9456
18643,9456,10469
18644,10469,8704
18645,8704,13847
18646,13847,12810
18647,12810,13619
18648,13619,11947
18649,11947,12323
18650,12323,15056
18651,9100,15385
18652,8277,15387
18653,15387,8768
18654,8768,8122
18655,8122,15386
18656,5085,13990
18657,13990,11774
18658,11774,15174
18659,15174,15388
18660,15388,11431
18661,3083,7902
18662,15389,8319
18663,8319,15039
18664,15039,12562
18665,12562,10628
18666,10628,1022
18667,15390,12021
18668,5745,14966
18669,14966,15391
18670,15391,12172
18671,12172,13604
18672,4126,2813
18673,2813,15392
18674,15392,9674
18675,9674,5453
18676,5453,6256
18677,6256,11954
18678,9205,1199
18679,1199,15393
18680,15393,5463
18681,15394,6461
18682,6461,246
18683,246,8072
18684,8072,12286
18685,12286,10835
18686,10835,5932
18687,5932,8042
18688,8042,13840
18689,3691,7763
18690,11951,9918
18691,15395,15396
18692,15396,11453
18693,11453,7788
18694,4079,7746
18695,15398,15399
18696,6109,15400
18697,15400,15305
18698,15305,13721
18699,13721,2306
18700,14090,11780
18701,11780,13121
18702,12918,10869
18703,8842,15338
18704,15338,12249
18705,6170,12853
18706,12853,15401
18707,15401,14267
18708,10522,15393
18709,5847,11352
18710,11352,15403
18711,15403,15404
18712,15404,5648
18713,5648,15402
18714,4043,14279
18715,15405,12472
18716,12472,13868
18717,15161,3535
18718,3535,15406
18719,1558,15409
18720,11706,3977
18721,1904,14694
18722,14694,3130
18723,14558,3479
18724,15410,14195
18725,14195,175
18726,975,15411
18727,15411,7456
18728,7456,9888
18729,9888,6308
18730,8293,14876
18731,14876,4197
18732,4197,14326
18733,14326,4855
18734,4855,15412
18735,15412,6593
18736,6593,9422
18737,9422,12429
18738,12429,1340
18739,1340,13877
18740,13272,8331
18741,8331,14144
18742,15327,1444
18743,3917,15206
18744,15206,15413
18745,15413,7392
18746,476,10286
18747,9857,3275
18748,3275,4535
18749,4535,15414
18750,15414,14464
18751,14464,12027
18752,12027,14543
18753,14743,10027
18754,10027,11666
18755,14275,15236
18756,15236,11016
18757,11016,12787
18758,15415,8187
18759,8187,15416
18760,15416,2524
18761,2524,15059
18762,15059,13999
18763,13999,7349
18764,7349,15417
18765,15417,1474
18766,1474,1940
18767,4023,3088
18768,3088,9284
18769,9284,15292
18770,15292,13100
18771,13100,9840
18772,9840,7806
18773,14759,7264
18774,7264,6993
18775,6993,15418
18776,15419,13762
18777,13762,934
18778,934,8350
18779,8350,11875
18780,11875,3767
18781,3767,15420
18782,10118,12982
18783,13165,15328
18784,15328,9366
18785,9366,9273
18786,9273,15315
18787,15315,14226
18788,14226,15235
18789,15235,6157
18790,6157,14480
18791,14480,15421
18792,11431,15422
18793,15422,15423
18794,15423,10642
18795,10642,11469
18796,15424,6101
18797,6101,15000
18798,15000,13317
18799,13317,8408
18800,1324,15425
18801,15425,7985
18802,7985,11836
18803,11836,3089
18804,11695,15133
18805,8480,3141
18806,3141,10946
18807,10946,11712
18808,14505,8764
18809,8764,2192
18810,13602,12173
18811,12173,15391
18812,15391,5998
18813,5998,15426
18814,1016,10218
18815,10218,2379
18816,2379,7924
18817,7924,15427
18818,15427,6188
18819,6188,6065
18820,6065,11182
18821,11182,5415
18822,4674,1856
18823,1856,15428
18824,15428,15429
18825,15429,12649
18826,12649,13195
18827,13195,14406
18828,14406,14974
18829,15430,4684
18830,4684,9083
18831,9083,14474
18832,14757,8861
18833,8861,15431
18834,286,4719
18835,4719,15350
18836,15350,14799
18837,14799,8681
18838,8681,15380
18839,15380,7615
18840,7615,15168
18841,15168,13480
18842,13480,6143
18843,6143,9014
18844,10508,7
18845,8786,4964
18846,14136,7717
18847,13682,3669
18848,15433,13302
18849,13302,14168
18850,14168,2019
18851,1157,9415
18852,3918,15367
18853,13726,13802
18854,13802,15434
18855,1759,15435
18856,7986,8866
18857,8866,15078
18858,15078,11044
18859,11044,8711
18860,8711,8434
18861,10036,15437
18862,15437,12425
18863,12079,12714
18864,12714,1512
18865,10643,15423
18866,15423,15438
18867,15438,6773
18868,14850,12965
18869,4791,15440
18870,15440,15439
18871,15441,14828
18872,15442,13871
18873,3331,8883
18874,8883,5950
18875,5950,15443
18876,11866,15444
18877,2210,15445
18878,15446,9649
18879,9649,3699
18880,3699,1612
18881,1612,15447
18882,15447,12679
18883,12679,15448
18884,15448,13905
18885,10072,15449
18886,8779,14069
18887,14069,8502
18888,8502,14802
18889,5706,15450
18890,3655,3035
18891,9676,15451
18892,15452,5987
18893,7009,5747
18894,5747,15453
18895,15454,6535
18896,11882,11881
18897,15455,15456
18898,10565,15457
18899,15457,9842
18900,5178,15458
18901,14712,12127
18902,12127,13386
18903,5449,7703
18904,7703,13519
18905,9332,15459
18906,15459,14861
18907,14861,15401
18908,15301,10362
18909,10362,15460
18910,11996,10402
18911,8983,9157
18912,9157,1693
18913,8373,6897
18914,6897,14851
18915,14851,5847
18916,15373,15461
18917,7903,15460
18918,15460,10363
18919,10363,15268
18920,15268,15299
18921,15299,6827
18922,10996,2905
18923,2905,12599
18924,12599,10762
18925,5577,1233
18926,12921,8109
18927,8109,14077
18928,14077,5393
18929,5393,3693
18930,11251,15462
18931,15462,11697
18932,3823,443
18933,15463,6866
18934,15464,9093
18935,14933,10775
18936,12349,14315
18937,14315,4164
18938,4164,14814
18939,14814,1557
18940,4095,11625
18941,11625,12849
18942,12849,14190
18943,14190,7126
18944,7126,2697
18945,2697,14896
18946,14896,3896
18947,3896,4800
18948,4800,12986
18949,12986,2934
18950,15098,15465
18951,15192,4687
18952,4687,15202
18953,15202,15466
18954,8890,11153
18955,11153,12489
18956,12489,14925
18957,14925,15470
18958,15470,12488
18959,12488,15456
18960,15456,15455
18961,15455,15470
18962,5337,6421
18963,8144,12903
18964,12903,15471
18965,15472,13864
18966,13864,638
18967,638,15216
18968,12098,15473
18969,15474,10846
18970,15475,12820
18971,12820,14067
18972,14067,15476
18973,14276,13821
18974,13821,15477
18975,8992,15478
18976,12964,14150
18977,13167,6210
18978,6210,14025
18979,5888,5887
18980,9457,2801
18981,2801,8058
18982,8058,1889
18983,1889,4524
18984,14389,9245
18985,8730,15480
18986,9277,11112
18987,11112,11066
18988,11066,15481
18989,15481,6721
18990,14438,15482
18991,13034,14446
18992,14446,14445
18993,14445,7815
18994,15483,13545
18995,13545,14832
18996,14832,15484
18997,15484,6260
18998,6260,11793
18999,15485,5390
19000,5390,3690
19001,3690,13345
19002,12257,7888
19003,13371,15486
19004,15486,1509
19005,1211,15487
19006,15487,3027
19007,3027,1213
19008,13432,7469
19009,15488,15489
19010,12336,15490
19011,2613,7132
19012,7132,14171
19013,5644,6786
19014,6786,15491
19015,14785,10757
19016,1107,12845
19017,12845,8913
19018,8913,6709
19019,6709,5793
19020,5793,9267
19021,9267,13075
19022,13075,8797
19023,8797,14809
19024,14809,1636
19025,1636,15493
19026,15493,2363
19027,2363,10217
19028,14022,3349
19029,3349,10763
19030,15494,15276
19031,15276,13193
19032,13039,15495
19033,15496,11884
19034,15497,13098
19035,13098,15294
19036,15294,15498
19037,1763,6698
19038,6698,10529
19039,10529,4792
19040,4792,14591
19041,14591,9532
19042,9532,7464
19043,7464,14704
19044,14704,4632
19045,4632,15499
19046,15499,2797
19047,2797,8054
19048,8054,8857
19049,8857,13659
19050,13659,24
19051,24,7723
19052,7723,15500
19053,15500,4957
19054,4957,6667
19055,14184,2014
19056,1968,15501
19057,13235,9588
19058,9588,3755
19059,9051,7566
19060,6820,9650
19061,14575,15502
19062,13499,15503
19063,15503,3134
19064,6285,11614
19065,15504,11388
19066,13400,10687
19067,10687,14801
19068,7579,14320
19069,14320,4226
19070,4226,14193
19071,14193,8661
19072,8661,2473
19073,2473,3287
19074,3287,15506
19075,6699,15507
19076,15508,15509
19077,15509,6162
19078,15510,13011
19079,13011,14117
19080,14426,10895
19081,10895,15511
19082,15511,10772
19083,13734,9165
19084,8564,5304
19085,5304,12880
19086,12880,1096
19087,15514,7860
19088,5065,15398
19089,15398,9474
19090,9474,12577
19091,12577,2000
19092,1639,2362
19093,2362,1007
19094,1007,10547
19095,10547,10215
19096,10215,14141
19097,13876,15515
19098,12548,9983
19099,13768,4730
19100,4730,15516
19101,15516,13477
19102,13477,9573
19103,9573,9574
19104,9574,10229
19105,10229,10230
19106,10230,4729
19107,4729,8380
19108,12993,4979
19109,4979,6703
19110,6703,11591
19111,14124,15517
19112,15517,4321
19113,11692,2206
19114,2206,15519
19115,15519,15518
19116,8917,15377
19117,15377,2431
19118,2431,15488
19119,15488,15520
19120,15521,1646
19121,1646,15522
19122,15522,13613
19123,4929,9191
19124,9191,2822
19125,2822,5817
19126,5817,15523
19127,9965,6676
19128,15524,5833
19129,3197,5084
19130,11001,8619
19131,11876,15525
19132,876,1288
19133,6148,15526
19134,15526,12847
19135,3058,14380
19136,14979,8272
19137,15527,14286
19138,14286,560
19139,2218,9004
19140,9004,6697
19141,9584,4507
19142,14847,12859
19143,12859,6789
19144,6789,5040
19145,5040,6810
19146,6810,15250
19147,15250,15528
19148,15529,13226
19149,12424,15530
19150,10989,9334
19151,9334,15531
19152,15531,14862
19153,14862,8734
19154,8734,12586
19155,12586,1773
19156,1773,6097
19157,6097,15002
19158,15002,4738
19159,4738,13316
19160,5934,14542
19161,14542,3463
19162,14536,13208
19163,13208,15532
19164,15533,14009
19165,14009,13066
19166,4326,14715
19167,14715,15534
19168,15534,15535
19169,15535,4325
19170,15536,313
19171,313,13765
19172,15537,13950
19173,5444,6539
19174,6539,14351
19175,14351,14375
19176,14375,8687
19177,4243,15196
19178,14722,3864
19179,3864,13486
19180,13486,3839
19181,3839,1252
19182,1252,15539
19183,15539,5253
19184,5253,15538
19185,4173,15540
19186,3300,11967
19187,6471,15541
19188,6538,11358
19189,10131,15542
19190,15542,7929
19191,7929,11311
19192,11311,11110
19193,11110,1740
19194,4429,12612
19195,12612,9308
19196,9308,11407
19197,11407,1089
19198,1089,14688
19199,14688,1088
19200,1088,12611
19201,12611,15210
19202,15210,13914
19203,3353,15540
19204,15540,12095
19205,14129,13770
19206,10143,11656
19207,15274,4824
19208,4824,10618
19209,10618,8154
19210,15543,4265
19211,14514,14749
19212,14749,2332
19213,2332,4539
19214,15544,15193
19215,15193,8367
19216,8367,15544
19217,9702,11171
19218,13644,15545
19219,12887,13080
19220,13080,11255
19221,11255,15546
19222,15548,15549
19223,11164,1453
19224,14556,15178
19225,10677,15187
19226,15187,15550
19227,15551,1710
19228,1710,13938
19229,13938,9845
19230,9845,9336
19231,9336,15543
19232,15543,7185
19233,7185,10041
19234,10041,487
19235,487,5238
19236,13967,9461
19237,15552,13717
19238,13717,4067
19239,4067,6964
19240,6964,13716
19241,13716,15553
19242,9364,14385
19243,14385,6056
19244,15554,12143
19245,12143,10424
19246,10424,12949
19247,12537,1082
19248,1082,6217
19249,15133,7075
19250,15555,12254
19251,12254,15264
19252,15264,15424
19253,15424,15556
19254,15556,1767
19255,1767,15557
19256,15557,3496
19257,3496,13469
19258,13469,15555
19259,15558,9177
19260,9177,1751
19261,1751,15559
19262,15422,15560
19263,15560,6772
19264,10578,4769
19265,4769,10541
19266,10541,3809
19267,3809,13245
19268,13245,15562
19269,15562,14322
19270,14322,6249
19271,6249,11905
19272,11905,7271
19273,7271,15561
19274,14977,10045
19275,10045,5808
19276,5808,15563
19277,15563,13872
19278,2242,14329
19279,14329,15564
19280,15564,11165
19281,11165,2781
19282,890,13622
19283,13622,13313
19284,483,12326
19285,14510,1722
19286,15565,13033
19287,8282,15566
19288,15566,15567
19289,15567,11739
19290,11739,10860
19291,15568,4758
19292,4758,14021
19293,423,1439
19294,1439,15475
19295,6150,13773
19296,11949,3093
19297,15570,12514
19298,12514,4336
19299,15115,10903
19300,10903,14860
19301,14860,2359
19302,2359,10955
19303,10955,3858
19304,14433,3048
19305,10516,12170
19306,12170,15571
19307,4593,13698
19308,13698,2099
19309,2099,14065
19310,14065,8978
19311,8978,15573
19312,15573,5063
19313,5063,8275
19314,8275,12158
19315,12158,9832
19316,9832,7560
19317,7560,7311
19318,7311,7312
19319,7312,1364
19320,1364,2911
19321,2911,12590
19322,12590,12702
19323,12702,15574
19324,15574,15572
19325,15575,15156
19326,1989,3949
19327,3949,2727
19328,11527,15576
19329,5956,12583
19330,12583,1551
19331,9079,15334
19332,15334,15577
19333,15577,3178
19334,3178,14889
19335,14889,15578
19336,15578,15335
19337,15335,10079
19338,10079,9080
19339,9080,10719
19340,10719,15575
19341,15575,10718
19342,10718,15428
19343,14822,11815
19344,15579,15029
19345,12224,10816
19346,13139,8245
19347,7656,7657
19348,11188,12592
19349,3341,9349
19350,9349,1415
19351,1415,13985
19352,13985,15580
19353,15581,10134
19354,10134,4444
19355,4444,8972
19356,8972,8971
19357,8971,10133
19358,10133,15582
19359,15362,15583
19360,15445,9859
19361,3694,5392
19362,5392,12712
19363,12712,10491
19364,10491,8110
19365,8110,12920
19366,15586,11763
19367,13478,15516
19368,15587,15588
19369,15588,15589
19370,15589,15106
19371,15106,3216
19372,13000,6798
19373,6798,5027
19374,5027,12693
19375,12693,6822
19376,6822,10132
19377,10132,15590
19378,10051,15591
19379,15526,2315
19380,10712,13349
19381,13349,14073
19382,14073,11354
19383,11354,15592
19384,12304,14317
19385,14209,15594
19386,3455,5069
19387,5069,12519
19388,12519,2263
19389,11410,3407
19390,3407,15595
19391,15595,3996
19392,5144,9396
19393,7517,9535
19394,2234,6392
19395,13841,3465
19396,6070,14289
19397,14010,14222
19398,14222,9348
19399,9539,15596
19400,15597,15598
19401,15598,15599
19402,15599,15600
19403,15600,11009
19404,11009,6307
19405,6307,14783
19406,14783,12907
19407,12907,12874
19408,12874,7428
19409,7428,15601
19410,15601,9
19411,9005,7987
19412,15602,11572
19413,11572,13728
19414,12802,14204
19415,4947,1322
19416,10034,9421
19417,8433,15604
19418,4331,13453
19419,13453,5615
19420,1510,13369
19421,14410,11782
19422,11782,13272
19423,13272,7914
19424,7914,2299
19425,2299,14400
19426,14400,2446
19427,2446,3803
19428,15608,1788
19429,13089,15609
19430,15609,10968
19431,12308,9629
19432,13285,3429
19433,702,8769
19434,8769,15527
19435,15527,15610
19436,15318,5042
19437,7003,15433
19438,793,780
19439,6553,777
19440,14726,13398
19441,13398,13031
19442,13031,13695
19443,13695,2196
19444,2196,13692
19445,13692,7698
19446,7698,15611
19447,6922,4731
19448,4731,13426
19449,13426,11305
19450,11305,14339
19451,15612,13381
19452,15613,1956
19453,3812,13164
19454,11117,15614
19455,15614,15614
19456,14723,12353
19457,9502,15615
19458,15616,137
19459,12710,14260
19460,13934,13592
19461,15095,6027
19462,11953,15617
19463,11195,15620
19464,15620,15619
19465,15621,8995
19466,8995,7774
19467,7774,8997
19468,7441,7020
19469,7020,14062
19470,15478,12361
19471,12361,9509
19472,9509,4673
19473,13855,13854
19474,13291,13550
19475,13550,2156
19476,11316,8080
19477,15622,14735
19478,14295,14294
19479,15623,6349
19480,15157,11020
19481,11020,15624
19482,15624,15625
19483,15625,14156
19484,14156,8225
19485,8225,14899
19486,14899,15626
19487,15626,5650
19488,12938,14454
19489,15501,11864
19490,1270,15627
19491,15627,10119
19492,10119,14056
19493,14056,15628
19494,15628,1271
19495,12528,8205
19496,8205,13832
19497,12831,5208
19498,5208,13911
19499,13911,4154
19500,4154,14413
19501,14413,12563
19502,13555,13908
19503,8629,15395
19504,15395,15629
19505,15629,10453
19506,9668,7571
19507,7571,14045
19508,14045,14140
19509,14140,14221
19510,14221,9345
19511,9345,3521
19512,14429,13230
19513,15522,15630
19514,15630,15049
19515,15631,15633
19516,15633,15634
19517,15634,9432
19518,9432,15632
19519,15635,13438
19520,6054,14367
19521,7983,12956
19522,12956,13330
19523,13330,15636
19524,15636,10299
19525,10299,10094
19526,15452,4838
19527,15637,10879
19528,10879,3747
19529,3747,15104
19530,8916,15638
19531,4064,9433
19532,9433,15640
19533,15640,15639
19534,2452,10355
19535,11982,8722
19536,12493,6279
19537,266,14703
19538,14703,12860
19539,10007,10008
19540,15641,8501
19541,8501,13764
19542,13764,10465
19543,10465,4846
19544,4846,15642
19545,13890,5943
19546,5943,8822
19547,8822,15451
19548,15451,12647
19549,12647,8823
19550,8823,1263
19551,13086,11049
19552,15583,12873
19553,12873,12908
19554,12908,11008
19555,11008,15643
19556,15643,7215
19557,7215,11955
19558,4166,1895
19559,14957,4087
19560,15644,13817
19561,14058,12981
19562,12981,13742
19563,13742,2584
19564,2584,2583
19565,2583,11266
19566,10680,6652
19567,6652,4172
19568,4172,3801
19569,15645,334
19570,10216,1854
19571,1854,5362
19572,15646,15647
19573,2679,15648
19574,12155,9057
19575,9057,4868
19576,4868,10754
19577,15629,11453
19578,15649,15650
19579,15650,2777
19580,2777,758
19581,758,15279
19582,12052,8035
19583,8035,12699
19584,12699,15651
19585,15651,14849
19586,7729,7437
19587,7437,15446
19588,15652,15565
19589,15351,15653
19590,15653,5471
19591,15654,15655
19592,4086,8559
19593,8559,11508
19594,10839,10616
19595,10616,12431
19596,11277,8835
19597,8835,9261
19598,9261,894
19599,894,15656
19600,15656,9716
19601,9716,2633
19602,2633,776
19603,10030,14108
19604,14108,14109
19605,14109,4633
19606,4633,15657
19607,7644,7627
19608,7627,14328
19609,14328,681
19610,1122,11751
19611,13268,15659
19612,7436,2421
19613,10889,11332
19614,11332,8065
19615,8065,4131
19616,4131,2413
19617,2413,6674
19618,6674,3967
19619,3967,3885
19620,3885,4943
19621,4943,11159
19622,11159,13859
19623,13859,12231
19624,12231,6931
19625,10470,6019
19626,8498,14125
19627,14125,14127
19628,14127,8497
19629,4608,6637
19630,5859,1557
19631,11231,14040
19632,3305,12221
19633,12221,15660
19634,10361,1376
19635,15633,10251
19636,10096,3581
19637,3581,11823
19638,15661,7811
19639,7811,3680
19640,3680,23
19641,23,15662
19642,7541,14910
19643,14910,14034
19644,14034,13289
19645,13289,8686
19646,14827,15663
19647,15663,1035
19648,1035,9683
19649,9683,15355
19650,15355,12726
19651,7812,1648
19652,7461,14520
19653,14520,5311
19654,32,7681
19655,7681,15665
19656,15665,322
19657,322,15664
19658,132,15666
19659,15666,4416
19660,4416,15251
19661,15251,951
19662,951,12838
19663,12838,13359
19664,13359,15083
19665,15083,2435
19666,2435,15667
19667,15667,5334
19668,5334,868
19669,868,15153
19670,10457,10138
19671,10138,10167
19672,10167,13286
19673,10898,8752
19674,8752,15669
19675,15669,804
19676,804,15668
19677,7491,15670
19678,9623,10899
19679,10899,9799
19680,9799,6411
19681,6411,15095
19682,15671,15672
19683,15672,15149
19684,15149,10952
19685,10952,5094
19686,5094,14811
19687,14811,15672
19688,15396,4805
19689,15314,6486
19690,6486,9592
19691,13065,13179
19692,13179,9685
19693,9685,12232
19694,2228,2859
19695,14913,5539
19696,6204,9827
19697,9827,3776
19698,3776,11375
19699,5558,10888
19700,15673,1869
19701,7228,15674
19702,15674,15637
19703,1327,10601
19704,10601,11166
19705,11166,15675
19706,15675,15676
19707,15676,7091
19708,3131,14523
19709,12895,14463
19710,15677,1565
19711,1565,15118
19712,15118,14744
19713,14744,5455
19714,5455,14561
19715,14561,11869
19716,11869,13963
19717,13963,13962
19718,13962,14102
19719,4318,94
19720,94,13212
19721,13212,15678
19722,15679,15680
19723,15680,13263
19724,13263,4752
19725,4752,15681
19726,15681,5118
19727,5118,2085
19728,2085,966
19729,966,15679
19730,3195,8151
19731,10235,15682
19732,15683,15417
19733,2093,3303
19734,4193,7494
19735,10700,10696
19736,425,9600
19737,13202,15684
19738,15685,8700
19739,8700,3182
19740,3182,479
19741,8278,15468
19742,15468,12042
19743,12042,15687
19744,15687,15688
19745,15688,15689
19746,15689,9714
19747,15690,3238
19748,13946,15692
19749,15692,15691
19750,7831,7302
19751,7302,15693
19752,11177,6858
19753,13866,11948
19754,14342,11864
19755,13044,10427
19756,10427,6410
19757,6410,14470
19758,14470,10501
19759,15694,5292
19760,4996,10770
19761,5677,12444
19762,12444,12877
19763,12877,926
19764,13614,15695
19765,15695,5703
19766,5703,13923
19767,12220,1726
19768,3437,1368
19769,3415,15313
19770,12883,8384
19771,8384,10435
19772,10435,1688
19773,1688,8709
19774,11293,14874
19775,8285,15566
19776,15566,5990
19777,6688,3276
19778,3276,4534
19779,4534,3073
19780,3073,2331
19781,2331,14494
19782,14494,6687
19783,6654,3802
19784,10857,14977
19785,14977,15694
19786,15696,13697
19787,13697,2101
19788,2101,14066
19789,14066,8977
19790,8977,3612
19791,11103,11248
19792,8460,7067
19793,13713,7024
19794,15163,10607
19795,9261,1806
19796,193,13722
19797,13722,3644
19798,3644,2718
19799,1714,10031
19800,10031,14049
19801,14049,13137
19802,13137,14805
19803,14805,6815
19804,7284,5568
19805,9448,9893
19806,3239,3613
19807,3613,4603
19808,4603,15573
19809,15573,4298
19810,4298,4287
19811,6504,4138
19812,8340,14240
19813,5542,15697
19814,15698,10077
19815,10077,5489
19816,5489,3371
19817,3371,10078
19818,4766,14994
19819,14994,15699
19820,12299,14630
19821,14630,11422
19822,11422,15700
19823,10770,14931
19824,14931,12233
19825,6379,15300
19826,15627,15628
19827,15628,10121
19828,7594,379
19829,379,15358
19830,12132,15701
19831,6212,15702
19832,74,10179
19833,10179,15286
19834,394,13077
19835,13077,14297
19836,2643,13159
19837,13159,4587
19838,4587,15703
19839,15704,1524
19840,1524,1818
19841,1818,953
19842,7952,11620
19843,11620,13754
19844,13754,15705
19845,10145,507
19846,2816,15392
19847,12841,9626
19848,11861,15706
19849,15706,14243
19850,13200,11978
19851,6875,15707
19852,12435,3598
19853,3598,15708
19854,15708,14652
19855,14652,9120
19856,9120,15141
19857,6350,15709
19858,9924,13794
19859,15711,11465
19860,11465,15712
19861,13043,7522
19862,7522,10915
19863,10915,12082
19864,12082,11143
19865,11143,15713
19866,13913,15458
19867,15458,11387
19868,11387,6195
19869,6195,14353
19870,14353,4428
19871,15231,15714
19872,566,15411
19873,7458,1232
19874,8434,7583
19875,7583,4934
19876,4934,9547
19877,9547,4614
19878,4614,2704
19879,2704,1333
19880,1333,56
19881,4673,4927
19882,4927,9187
19883,9187,15254
19884,15254,4082
19885,6063,1349
19886,11376,15267
19887,15715,11576
19888,11576,10859
19889,10859,11811
19890,11811,13710
19891,3436,1370
19892,3569,3651
19893,15099,15716
19894,11925,1648
19895,1648,5426
19896,5426,9011
19897,9011,6146
19898,6146,12341
19899,12341,13482
19900,13482,8361
19901,8361,7612
19902,14060,12159
19903,12864,5986
19904,10597,2962
19905,2980,13969
19906,9065,11904
19907,6467,7018
19908,7018,15387
19909,2473,6354
19910,6354,2246
19911,2246,13203
19912,13203,5865
19913,5865,1554
19914,1554,14841
19915,14841,15717
19916,15717,6627
19917,6627,10986
19918,10986,8195
19919,8195,13125
19920,13125,2364
19921,2364,15641
19922,15641,13006
19923,13006,13701
19924,13701,13130
19925,13130,7361
19926,7361,29
19927,6132,2142
19928,12099,15718
19929,15719,6906
19930,6906,15720
19931,12636,11455
19932,11455,4046
19933,4046,15503
19934,10641,15721
19935,9831,7561
19936,7561,15242
19937,15242,1237
19938,1237,1362
19939,1362,2913
19940,15722,14880
19941,14880,13678
19942,13678,15723
19943,15723,14884
19944,14884,14434
19945,14434,7662
19946,7662,10653
19947,10653,1708
19948,1708,13549
19949,13549,13292
19950,5410,7154
19951,7154,11753
19952,11753,14720
19953,11992,4782
19954,4782,10532
19955,10532,2646
19956,2646,5525
19957,5525,15410
19958,15410,13251
19959,13251,15724
19960,15724,12531
19961,12531,13792
19962,14477,15725
19963,15725,12790
19964,11200,519
19965,519,10850
19966,10850,8624
19967,8624,1682
19968,1682,10439
19969,10439,9353
19970,9353,14082
19971,14082,15726
19972,14669,8490
19973,8490,13095
19974,13095,13096
19975,13096,15296
19976,15296,15727
19977,15727,14551
19978,11699,9613
19979,9613,9663
19980,9663,9501
19981,8648,11342
19982,11342,14777
19983,14777,12594
19984,12594,10200
19985,10200,15728
19986,15728,15293
19987,15293,13099
19988,13099,5459
19989,5459,7809
19990,7809,15729
19991,15729,14224
19992,14224,12295
19993,12295,14776
19994,14776,3663
19995,3663,15640
19996,15640,15634
19997,15634,5697
19998,5697,14632
19999,15730,15731
20000,10912,10425
20001,10425,11718
20002,11718,6409
20003,6409,14471
20004,9920,6413
20005,6413,10953
20006,10953,15732
20007,15732,13339
20008,13339,5575
20009,5575,277
20010,277,15733
20011,15733,1333
20012,629,4249
20013,4249,11838
20014,11838,10881
20015,10881,11842
20016,11842,12518
20017,12518,194
20018,194,11870
20019,11870,11839
20020,11839,6799
20021,6799,635
20022,14008,10776
20023,6729,9631
20024,9631,6731
20025,10411,6500
20026,1520,12463
20027,8186,14459
20028,14459,11176
20029,11176,15416
20030,10129,14504
20031,10496,15737
20032,15737,7308
20033,7308,7752
20034,7752,7753
20035,7654,15239
20036,15239,9569
20037,15738,15030
20038,15030,3599
20039,10598,14101
20040,14101,9361
20041,9361,9362
20042,9362,13087
20043,13087,13303
20044,13303,14167
20045,3342,1470
20046,14833,2549
20047,9094,2735
20048,7523,10913
20049,15290,14881
20050,14881,14185
20051,14185,12048
20052,12048,15739
20053,15739,12937
20054,12937,14902
20055,14902,11574
20056,13153,2967
20057,2967,11349
20058,11349,12058
20059,12058,15261
20060,15261,2251
20061,2251,14151
20062,14151,12242
20063,12077,15740
20064,15740,9947
20065,9947,13553
20066,13553,12646
20067,12646,15741
20068,15741,14234
20069,14234,7147
20070,7147,9939
20071,9939,15474
20072,8154,15742
20073,15742,15388
20074,15388,13627
20075,13627,8783
20076,329,3648
20077,3648,5931
20078,5995,5645
20079,14083,15743
20080,15744,13649
20081,13649,15745
20082,15745,15148
20083,15148,13566
20084,13253,14284
20085,150,9874
20086,9874,15746
20087,15746,5781
20088,5781,1729
20089,1729,8470
20090,8470,6831
20091,6831,8846
20092,8846,15606
20093,797,11804
20094,7569,14057
20095,14057,8087
20096,8087,15747
20097,7697,13346
20098,13346,14072
20099,14072,11351
20100,11351,15748
20101,15748,15749
20102,15749,5257
20103,5257,4456
20104,13758,13759
20105,13759,13755
20106,10483,15061
20107,15061,15750
20108,15615,14775
20109,14775,14521
20110,7008,15751
20111,1987,15752
20112,15752,15752
20113,13684,13685
20114,15753,14656
20115,14656,1671
20116,1671,15754
20117,15754,15016
20118,15676,11168
20119,15755,3078
20120,3078,15282
20121,15282,2253
20122,2253,3077
20123,3077,13379
20124,13379,7938
20125,7938,13284
20126,5082,1801
20127,1801,15756
20128,8803,14337
20129,14337,9759
20130,9759,11055
20131,8962,14238
20132,14238,13539
20133,13539,14239
20134,10777,6840
20135,6840,2471
20136,2471,12457
20137,12457,13705
20138,13705,14679
20139,14679,9129
20140,9129,7549
20141,7549,10701
20142,10701,14926
20143,15304,9993
20144,9993,14547
20145,2730,15079
20146,12821,15757
20147,8336,14803
20148,14820,1335
20149,1335,15758
20150,15758,6533
20151,6533,15759
20152,15759,9732
20153,14837,12333
20154,11817,1723
20155,1723,12120
20156,12120,12629
20157,15760,7725
20158,10314,15761
20159,15761,15649
20160,15649,15762
20161,15762,11114
20162,13560,11254
20163,11254,13079
20164,13079,661
20165,15763,14804
20166,14804,995
20167,12804,14218
20168,5679,541
20169,541,14522
20170,9656,15246
20171,15246,15427
20172,15427,6361
20173,6361,11459
20174,11459,6893
20175,5874,8481
20176,15765,3587
20177,3587,7476
20178,13607,11980
20179,11980,12579
20180,12579,12136
20181,15493,7240
20182,7240,7572
20183,7572,8176
20184,2255,9586
20185,9586,15766
20186,14141,7886
20187,5686,4582
20188,3988,9481
20189,9481,3988
20190,6429,15767
20191,15768,15769
20192,15200,11621
20193,3835,10500
20194,15414,14403
20195,15770,14269
20196,9246,7425
20197,11299,15771
20198,15771,8887
20199,13064,13063
20200,6608,429
20201,429,2926
20202,6869,14285
20203,14285,15610
20204,15610,8472
20205,8472,10477
20206,10477,2861
20207,2861,10164
20208,3128,13972
20209,13972,13971
20210,13971,3518
20211,10395,12439
20212,12439,10394
20213,1050,10162
20214,10162,8462
20215,15772,13837
20216,4407,2686
20217,2686,3734
20218,3734,15773
20219,7021,15774
20220,10703,15238
20221,4980,6702
20222,6702,11590
20223,5430,15775
20224,15775,9014
20225,8759,14338
20226,14338,15448
20227,15448,5740
20228,5740,6469
20229,5831,11065
20230,15776,15097
20231,5310,14519
20232,14519,7461
20233,1029,6899
20234,6899,14852
20235,5764,14481
20236,14481,4432
20237,4432,5672
20238,5672,738
20239,738,13625
20240,13625,7034
20241,7034,1324
20242,170,12823
20243,12823,15777
20244,15777,12197
20245,15712,13296
20246,12756,7781
20247,7781,15778
20248,14581,12294
20249,12829,13323
20250,13323,3020
20251,3020,6232
20252,6232,15243
20253,15243,15616
20254,2763,14908
20255,14908,14036
20256,14036,12380
20257,15216,7770
20258,7591,11824
20259,11824,14943
20260,11831,15102
20261,15728,9441
20262,9441,9284
20263,15609,14578
20264,15779,6322
20265,15383,3891
20266,3891,15781
20267,14973,7300
20268,7300,12246
20269,12246,8349
20270,8349,14019
20271,14019,15783
20272,15783,15330
20273,14397,13189
20274,13189,9081
20275,9081,10595
20276,10595,5264
20277,13,15785
20278,15785,14878
20279,14878,14437
20280,9258,12354
20281,9342,14662
20282,5616,14685
20283,14685,12355
20284,12355,2782
20285,14795,9230
20286,9230,14318
20287,14779,3889
20288,7795,10052
20289,10052,15789
20290,6577,15790
20291,12965,11806
20292,11806,6806
20293,6806,4851
20294,4851,12208
20295,12208,10891
20296,10891,11337
20297,11337,5068
20298,5068,7166
20299,7166,8609
20300,8609,8017
20301,8017,14465
20302,14465,15791
20303,15791,15792
20304,15792,9797
20305,9797,4137
20306,4137,15793
20307,15793,13383
20308,13383,10190
20309,10190,7551
20310,7551,14138
20311,14138,10086
20312,10086,11175
20313,11175,15794
20314,15794,13280
20315,3572,9877
20316,4002,14160
20317,14160,14161
20318,14161,9465
20319,5391,12713
20320,12713,10492
20321,10492,8111
20322,8111,12919
20323,31,7682
20324,7682,15796
20325,15796,323
20326,323,15795
20327,4500,4554
20328,4554,1173
20329,1173,3534
20330,3534,8447
20331,8447,5482
20332,5482,8448
20333,8448,11368
20334,15797,2670
20335,2670,13921
20336,10806,2497
20337,2497,808
20338,5271,15798
20339,14748,2144
20340,4625,15799
20341,15799,13984
20342,13984,15419
20343,15419,12592
20344,15800,15082
20345,7299,15801
20346,7984,3090
20347,3090,15686
20348,15686,3300
20349,10297,4371
20350,11436,6939
20351,6939,7510
20352,6211,7184
20353,7184,9097
20354,9097,8256
20355,13382,10191
20356,802,15668
20357,15668,5017
20358,3161,13257
20359,8718,11404
20360,11404,10633
20361,10633,12767
20362,12767,8579
20363,8579,15804
20364,15804,3298
20365,3298,11049
20366,11049,3419
20367,3419,5120
20368,5120,14800
20369,14800,15471
20370,15471,7487
20371,7487,2623
20372,1582,2075
20373,2075,1587
20374,11383,15805
20375,15805,15580
20376,15580,15791
20377,4144,7897
20378,7897,10750
20379,10750,13580
20380,13580,15806
20381,15806,14272
20382,14272,15403
20383,15403,15592
20384,15592,14901
20385,14901,10125
20386,10125,15036
20387,15036,8413
20388,8413,4362
20389,4362,15748
20390,15748,11019
20391,11019,12936
20392,12936,14028
20393,7234,15127
20394,15127,7820
20395,7820,15708
20396,15708,1907
20397,1907,5322
20398,5322,531
20399,9923,13816
20400,6071,1841
20401,13507,4607
20402,4335,14883
20403,14883,15807
20404,15807,13680
20405,4232,2208
20406,3091,2936
20407,2936,12987
20408,12987,4802
20409,4802,3898
20410,3898,14895
20411,14895,2695
20412,2695,7128
20413,7128,14188
20414,14188,15773
20415,15773,12848
20416,12848,11624
20417,11624,4092
20418,4092,15808
20419,11607,13800
20420,5433,8727
20421,12677,11307
20422,2849,12272
20423,928,11877
20424,11877,8604
20425,8604,4548
20426,4548,15389
20427,8069,245
20428,245,559
20429,559,9030
20430,14553,15184
20431,15131,15332
20432,15809,11727
20433,11727,15781
20434,3020,14821
20435,977,9889
20436,9889,6310
20437,15810,15811
20438,10113,10111
20439,10740,5461
20440,2986,14560
20441,14560,10416
20442,10416,7380
20443,9595,15812
20444,10629,12171
20445,12171,12256
20446,14624,2700
20447,2700,101
20448,101,9851
20449,4129,14643
20450,14643,45
20451,9210,7473
20452,7473,15813
20453,15813,15814
20454,15814,7317
20455,7317,9105
20456,9105,11477
20457,10114,15734
20458,11931,7621
20459,4050,13634
20460,13634,15815
20461,15816,14696
20462,14696,1396
20463,1396,8780
20464,8780,4107
20465,4107,13415
20466,13415,389
20467,389,1655
20468,1655,9323
20469,9323,11240
20470,11240,13715
20471,13715,11289
20472,1804,15661
20473,15661,8909
20474,8909,14115
20475,14115,13009
20476,13009,15817
20477,15817,12066
20478,11761,3492
20479,3492,7616
20480,7616,15167
20481,15167,11492
20482,11492,13479
20483,13479,6140
20484,6140,9012
20485,9012,5432
20486,5432,15819
20487,15819,12063
20488,12063,15818
20489,8462,11430
20490,11430,10983
20491,10983,10302
20492,10302,11585
20493,11585,11772
20494,11772,15667
20495,15667,5755
20496,5755,13259
20497,15820,14357
20498,14357,13295
20499,13295,15009
20500,15732,60
20501,60,15151
20502,15151,15671
20503,15671,14813
20504,14813,6415
20505,1783,8580
20506,123,15821
20507,15821,13883
20508,13883,9375
20509,9375,5156
20510,5156,1605
20511,2476,9029
20512,9029,2091
20513,2091,9997
20514,9997,9382
20515,9382,15822
20516,10489,14991
20517,14991,15463
20518,15463,214
20519,15191,15824
20520,15824,15823
20521,10315,2668
20522,2668,8947
20523,8947,15826
20524,15826,15827
20525,15827,15825
20526,5174,14946
20527,14215,2424
20528,3750,14106
20529,8643,14283
20530,14283,14282
20531,14282,8762
20532,8762,8761
20533,8761,9805
20534,421,420
20535,15766,15830
20536,15830,1299
20537,1299,229
20538,229,15829
20539,14123,15535
20540,14956,7338
20541,14475,15430
20542,15430,3874
20543,3942,15831
20544,15832,12731
20545,15089,15834
20546,15834,15833
20547,9619,3930
20548,3930,15835
20549,15836,8050
20550,15838,15840
20551,15840,15841
20552,15841,15105
20553,15105,3220
20554,3220,7711
20555,7711,14137
20556,14137,12960
20557,12960,8696
20558,8696,15839
20559,9847,14487
20560,14487,14488
20561,14488,489
20562,10084,12664
20563,13237,9645
20564,13508,12769
20565,12769,6331
20566,6331,13666
20567,7888,7250
20568,7250,15843
20569,15843,15047
20570,15047,15561
20571,15561,10831
20572,10831,15844
20573,15844,15771
20574,15771,12686
20575,12686,15067
20576,15067,15593
20577,15593,9921
20578,9921,7013
20579,7013,15306
20580,15306,11026
20581,11026,3902
20582,3902,15232
20583,15232,7327
20584,2270,7604
20585,5138,15233
20586,15233,10367
20587,14175,10053
20588,10053,2557
20589,2557,15789
20590,15789,15620
20591,15620,12799
20592,13421,13806
20593,13806,5848
20594,5848,14844
20595,15759,15847
20596,14912,15848
20597,15849,12675
20598,13748,14983
20599,14983,11658
20600,4442,7768
20601,7768,9978
20602,9978,4099
20603,15799,15101
20604,15101,15716
20605,15716,10875
20606,10875,14257
20607,14257,11622
20608,14133,10210
20609,10210,1014
20610,1014,13351
20611,13351,15850
20612,15850,2377
20613,2377,10324
20614,11748,15782
20615,15782,6050
20616,6050,10799
20617,10799,10273
20618,10273,9567
20619,9567,10347
20620,10347,11662
20621,11662,9916
20622,9916,6329
20623,6329,8262
20624,8262,15851
20625,15851,3116
20626,3116,15852
20627,15852,7735
20628,7735,8243
20629,8243,15853
20630,15853,14963
20631,14963,12203
20632,12203,13672
20633,13672,6120
20634,6120,15479
20635,15479,5184
20636,13221,7295
20637,12234,14932
20638,14932,15511
20639,1053,14505
20640,15270,9178
20641,9178,1752
20642,1752,15854
20643,13598,4707
20644,9131,1215
20645,7576,14321
20646,14321,10174
20647,10174,13206
20648,5587,2063
20649,2063,7196
20650,413,15462
20651,13615,15855
20652,10702,3501
20653,1722,3499
20654,3499,7599
20655,12152,8831
20656,1030,4313
20657,4313,8375
20658,10667,3033
20659,13882,14377
20660,14377,15856
20661,15856,13852
20662,13852,13853
20663,13853,3785
20664,3785,14611
20665,15857,15858
20666,15858,395
20667,395,4948
20668,4948,3014
20669,3014,11231
20670,15096,14914
20671,14914,13787
20672,13787,122
20673,6592,2430
20674,9984,6194
20675,6194,11386
20676,11386,15837
20677,15837,3541
20678,13341,64
20679,64,15733
20680,8332,6406
20681,15859,8489
20682,8489,15472
20683,15472,15295
20684,15295,7771
20685,1141,4946
20686,15860,4441
20687,10043,65
20688,65,13725
20689,13725,10178
20690,10178,15283
20691,15283,2546
20692,15814,1500
20693,9909,2965
20694,7419,9459
20695,9459,14153
20696,14153,6244
20697,6244,9002
20698,15761,15861
20699,5523,15862
20700,15862,15863
20701,15863,3587
20702,776,6763
20703,6188,15247
20704,15247,9363
20705,2252,6882
20706,6882,2475
20707,2475,2252
20708,9971,4395
20709,4395,14548
20710,14548,12798
20711,15834,10864
20712,10864,11740
20713,15864,5268
20714,8554,2283
20715,2283,15865
20716,15865,3051
20717,3051,4624
20718,6625,14157
20719,14157,3036
20720,3036,13200
20721,13393,14546
20722,14546,5855
20723,5855,15866
20724,15866,15806
20725,12150,15867
20726,14364,15539
20727,15539,14911
20728,15868,8437
20729,8437,15869
20730,15869,6152
20731,6152,15868
20732,13727,2784
20733,2784,8138
20734,8138,7757
20735,7757,166
20736,7628,13229
20737,13229,15870
20738,15870,15564
20739,2875,15871
20740,14651,4132
20741,4132,3594
20742,13969,15581
20743,15581,10765
20744,12101,15872
20745,14628,11425
20746,11425,15874
20747,2620,15034
20748,15034,14007
20749,14007,15445
20750,15445,12747
20751,12747,10304
20752,10304,15519
20753,15519,11693
20754,11693,15875
20755,13316,13307
20756,13307,10587
20757,10587,8328
20758,8328,14530
20759,14530,11999
20760,9062,9370
20761,9370,13308
20762,13308,11922
20763,11922,15531
20764,15531,6013
20765,6013,14265
20766,14265,15459
20767,15459,12855
20768,12855,7490
20769,15287,3749
20770,3749,10878
20771,10878,15637
20772,12455,15622
20773,15876,14831
20774,14831,15484
20775,13424,5642
20776,5642,15877
20777,4521,8540
20778,10238,11956
20779,9458,14155
20780,1804,7339
20781,7339,15662
20782,15662,4085
20783,4085,3271
20784,3271,12433
20785,12433,10970
20786,10970,11506
20787,11506,12452
20788,12452,12453
20789,12453,837
20790,8796,2129
20791,5651,12840
20792,12840,5651
20793,4359,12135
20794,12135,13606
20795,13606,2307
20796,15878,15344
20797,11963,10382
20798,7959,12356
20799,12356,14687
20800,14687,5617
20801,15794,8000
20802,14596,15849
20803,13124,14181
20804,14181,10715
20805,10715,11126
20806,13858,705
20807,4103,15223
20808,15223,13731
20809,10764,3461
20810,15879,5524
20811,5524,15447
20812,15447,14340
20813,14340,13430
20814,13430,6919
20815,6919,5168
20816,5168,9881
20817,9881,11688
20818,11688,14443
20819,15881,6440
20820,12178,8158
20821,8158,15882
20822,10231,9575
20823,3908,5071
20824,5071,12520
20825,12520,14467
20826,14467,4060
20827,14790,10292
20828,10292,15601
20829,15601,15883
20830,15883,11747
20831,6470,15881
20832,15884,3173
20833,3173,695
20834,9868,422
20835,13673,15885
20836,6218,1083
20837,1083,12538
20838,11865,13862
20839,13862,10332
20840,10332,6304
20841,6304,6547
20842,6547,13448
20843,4291,14923
20844,14923,13128
20845,13128,15886
20846,15886,12215
20847,12215,10254
20848,10254,15887
20849,15887,15888
20850,15888,9779
20851,15889,15890
20852,15891,4471
20853,5480,5666
20854,10099,13605
20855,13605,15594
20856,15594,13467
20857,13467,15621
20858,15621,4741
20859,4741,15057
20860,1768,6084
20861,6084,15003
20862,15003,14753
20863,8239,14621
20864,14621,15892
20865,15892,6595
20866,6595,4065
20867,13176,11052
20868,11052,14048
20869,14048,15893
20870,15893,14500
20871,14500,15750
20872,15750,10221
20873,10221,13107
20874,13107,10276
20875,10276,697
20876,697,13720
20877,13720,698
20878,698,9417
20879,6874,15894
20880,4071,14751
20881,3320,15568
20882,11761,15347
20883,15347,4716
20884,4716,288
20885,14345,15895
20886,442,13418
20887,7874,9404
20888,13205,10175
20889,10175,7575
20890,12910,1530
20891,15896,15816
20892,15816,14695
20893,14695,12198
20894,12198,14961
20895,14961,6346
20896,6346,1055
20897,1055,3114
20898,3114,6149
20899,6149,9560
20900,9560,10798
20901,10798,6040
20902,6040,15897
20903,15897,15597
20904,15597,11955
20905,1454,13978
20906,13978,14921
20907,14921,468
20908,5684,6222
20909,6222,15372
20910,15372,7204
20911,7204,12442
20912,12442,12878
20913,12878,9838
20914,9838,9839
20915,9839,1822
20916,1822,15389
20917,15389,1206
20918,1206,15898
20919,15898,8765
20920,8765,12317
20921,4496,7409
20922,7409,15521
20923,4064,15632
20924,15632,5694
20925,5694,802
20926,4511,12947
20927,12947,13724
20928,13724,15899
20929,15899,6383
20930,14366,13475
20931,13475,15900
20932,15900,8787
20933,8787,1890
20934,15899,6828
20935,9504,11288
20936,11288,15842
20937,15842,13922
20938,13922,10081
20939,15901,13913
20940,8152,10619
20941,10619,5912
20942,705,15902
20943,15481,15903
20944,13356,11681
20945,11681,14173
20946,14173,15904
20947,8485,15413
20948,14942,557
20949,14114,13010
20950,13010,5628
20951,5628,15905
20952,13364,8979
20953,8979,12958
20954,7951,11619
20955,11619,13753
20956,9034,366
20957,6053,11147
20958,5986,1248
20959,15830,230
20960,230,8039
20961,15906,14162
20962,14162,12074
20963,6515,7990
20964,15907,7107
20965,7107,15908
20966,13441,13097
20967,2335,4537
20968,4537,3283
20969,110,14620
20970,5559,3596
20971,1279,14701
20972,2718,15400
20973,15762,15826
20974,4706,15843
20975,15843,6246
20976,6246,8795
20977,8795,14324
20978,14324,15909
20979,15909,13243
20980,13243,5295
20981,5295,8088
20982,8088,15139
20983,15139,15910
20984,15910,10580
20985,10580,12618
20986,12618,10778
20987,10778,1831
20988,1831,15911
20989,15911,5724
20990,5724,6597
20991,6597,3548
20992,3548,8993
20993,5739,5299
20994,15831,6662
20995,11114,15827
20996,10793,14564
20997,14564,12141
20998,12141,11758
20999,11758,11755
21000,8292,8124
21001,8124,15912
21002,15912,14210
21003,14210,7259
21004,7259,15910
21005,15534,15913
21006,14404,15552
21007,15552,15553
21008,15553,6965
21009,6965,4543
21010,4543,3277
21011,1840,6068
21012,6068,15914
21013,1583,6165
21014,8168,11123
21015,13497,2490
21016,15477,7812
21017,15915,9099
21018,9099,15916
21019,5242,15917
21020,4499,7096
21021,7096,1445
21022,1445,11888
21023,11888,7110
21024,12128,14942
21025,15185,15919
21026,13217,10676
21027,7853,8589
21028,8589,15772
21029,15772,13836
21030,13836,767
21031,2776,8411
21032,8411,15921
21033,15921,15920
21034,1792,15922
21035,15922,7193
21036,7193,14489
21037,14311,6234
21038,15180,15158
21039,15158,13054
21040,13054,14689
21041,5501,1949
21042,15486,14671
21043,14671,1511
21044,10354,15896
21045,12853,15923
21046,11582,768
21047,4044,1481
21048,1481,13385
21049,27,13691
21050,13311,13621
21051,13621,13312
21052,1107,7239
21053,7239,13670
21054,9239,9238
21055,2836,4592
21056,4592,15572
21057,15572,15284
21058,15284,10183
21059,10183,70
21060,70,2390
21061,14645,8067
21062,9527,12237
21063,14563,12142
21064,12142,11757
21065,4377,4701
21066,4701,3575
21067,5084,13991
21068,13991,15173
21069,15173,15742
21070,15742,15352
21071,9183,12738
21072,12738,3947
21073,3947,15317
21074,7741,2401
21075,2401,11890
21076,11890,6884
21077,6884,7743
21078,611,4555
21079,15924,15925
21080,15360,15891
21081,15891,14984
21082,14984,10928
21083,10928,10929
21084,10929,14947
21085,14947,15695
21086,9528,14892
21087,14892,11086
21088,809,2499
21089,2499,10807
21090,10807,13617
21091,13947,15692
21092,963,15850
21093,3707,7181
21094,7181,15926
21095,12130,5333
21096,5333,10973
21097,15702,4332
21098,12348,10796
21099,13470,3132
21100,13215,15928
21101,14512,14203
21102,14730,15436
21103,15436,14642
21104,14642,15713
21105,15713,8745
21106,15929,10149
21107,10149,12183
21108,12183,4529
21109,4529,6267
21110,6267,4057
21111,4057,14649
21112,15855,4379
21113,14764,15930
21114,5630,13014
21115,3603,7069
21116,15931,11439
21117,8432,7588
21118,7588,14793
21119,14793,14316
21120,14316,15932
21121,15932,14196
21122,14196,15724
21123,15724,10343
21124,10343,15735
21125,15735,12460
21126,12460,2464
21127,2464,13857
21128,13857,15933
21129,15933,11927
21130,11927,6774
21131,6774,15562
21132,15562,15046
21133,15046,15909
21134,15909,7255
21135,6333,5247
21136,8558,11507
21137,15429,4928
21138,4928,9192
21139,9192,2823
21140,2823,5816
21141,5816,15934
21142,15935,15936
21143,12292,14258
21144,15885,9698
21145,9698,12110
21146,12110,12111
21147,12111,2511
21148,2511,14411
21149,14411,2892
21150,2892,12605
21151,12605,15764
21152,15764,12559
21153,12559,15042
21154,15042,15937
21155,15937,11893
21156,13177,3022
21157,1385,1386
21158,11593,6302
21159,6302,2615
21160,2615,12708
21161,13082,7279
21162,7279,7280
21163,7280,14592
21164,14592,11413
21165,11413,13082
21166,9337,2922
21167,8708,6783
21168,763,7152
21169,7152,14609
21170,6442,14975
21171,14975,5719
21172,5719,13196
21173,13196,13818
21174,13818,13133
21175,11293,12653
21176,12653,10288
21177,10288,14669
21178,14669,15859
21179,15859,13863
21180,13863,11703
21181,11703,10908
21182,10908,9553
21183,4842,15939
21184,15939,8519
21185,8519,8024
21186,8024,15938
21187,2015,12283
21188,2427,11001
21189,15590,8963
21190,11781,2578
21191,15940,15587
21192,8911,2636
21193,2636,13126
21194,13126,8194
21195,8194,10987
21196,10987,6629
21197,6629,15941
21198,15941,14842
21199,14842,1553
21200,1553,13204
21201,13204,2248
21202,2248,6355
21203,6355,8661
21204,15625,1138
21205,10720,3393
21206,14409,11784
21207,11784,13273
21208,13273,7917
21209,1529,12911
21210,8964,15205
21211,15205,14906
21212,14906,14038
21213,14038,7296
21214,7296,15828
21215,15828,12375
21216,12375,5102
21217,9778,15942
21218,15942,15887
21219,15887,2281
21220,2630,11464
21221,11852,14635
21222,14635,15680
21223,11004,13409
21224,7215,15598
21225,15598,15943
21226,15943,13219
21227,13219,6042
21228,6042,10804
21229,10804,12977
21230,12977,9562
21231,9562,10353
21232,10353,12064
21233,12064,15944
21234,15944,3123
21235,3123,7449
21236,7449,14962
21237,14962,12207
21238,12207,13979
21239,13979,1395
21240,1395,14696
21241,14696,7836
21242,7836,15490
21243,15490,14302
21244,3747,15155
21245,15155,12783
21246,12783,11392
21247,11392,4036
21248,4036,14807
21249,14807,12060
21250,12060,15589
21251,15589,9793
21252,9793,8922
21253,8922,5978
21254,5978,15841
21255,15841,15033
21256,15033,14604
21257,14604,15166
21258,3909,584
21259,584,12588
21260,12588,3457
21261,7108,15907
21262,15907,8862
21263,15945,15946
21264,13981,13332
21265,10151,7652
21266,7652,15947
21267,15947,15937
21268,15937,12197
21269,12197,14893
21270,14893,3449
21271,3449,15407
21272,15407,15408
21273,15408,5495
21274,5495,15948
21275,15948,14612
21276,14612,9757
21277,9757,6621
21278,6621,9990
21279,9990,11257
21280,11257,8878
21281,8878,8317
21282,855,40
21283,40,314
21284,15949,10887
21285,10887,15090
21286,15090,15950
21287,15217,637
21288,12484,7079
21289,7079,11557
21290,10150,2887
21291,2887,10307
21292,10307,9885
21293,9885,5946
21294,14928,15951
21295,12206,13332
21296,15626,11683
21297,1545,14886
21298,14886,8288
21299,8288,10312
21300,15756,3744
21301,3744,6254
21302,6254,15744
21303,15744,13561
21304,13561,13578
21305,13578,11986
21306,11986,13887
21307,13887,11519
21308,11519,12759
21309,12759,5286
21310,5286,2277
21311,12708,307
21312,4262,7828
21313,7828,12335
21314,12335,12676
21315,12676,10943
21316,12337,14424
21317,14424,13586
21318,13586,9288
21319,15802,15889
21320,15889,12972
21321,12972,14053
21322,15461,15883
21323,15883,7427
21324,7427,12875
21325,12875,12906
21326,12906,13466
21327,13466,11010
21328,11010,15952
21329,15952,14018
21330,14018,15943
21331,15943,15897
21332,8848,8760
21333,6455,7423
21334,7423,7442
21335,7442,6208
21336,4658,8421
21337,8421,6924
21338,6924,15244
21339,15244,15549
21340,15549,9032
21341,9032,363
21342,363,15548
21343,15548,12834
21344,14313,3708
21345,3148,13763
21346,13763,14650
21347,14650,10813
21348,15785,14646
21349,14646,1060
21350,1060,14647
21351,14647,14708
21352,14708,3100
21353,15953,9802
21354,5994,15954
21355,4754,12812
21356,12812,15873
21357,15873,12556
21358,12556,931
21359,931,15345
21360,15345,15807
21361,15807,15956
21362,15956,13495
21363,13495,15723
21364,15723,5404
21365,5404,15955
21366,13042,15957
21367,15957,11092
21368,11092,11091
21369,11091,15957
21370,15329,940
21371,940,11932
21372,11932,15273
21373,15273,15783
21374,15783,15331
21375,10518,15958
21376,15958,8817
21377,8817,15437
21378,15437,15530
21379,15530,15186
21380,15442,11837
21381,14092,10206
21382,10206,15882
21383,15882,14241
21384,14241,13526
21385,11976,438
21386,13279,9529
21387,9529,9528
21388,8993,15189
21389,15189,4083
21390,4083,10992
21391,14027,12935
21392,12935,11021
21393,11021,1620
21394,1620,15749
21395,15749,15037
21396,15037,10127
21397,10127,14900
21398,14900,11096
21399,11096,15404
21400,15404,14271
21401,14271,15904
21402,15904,13579
21403,13579,10751
21404,10751,7896
21405,7896,11679
21406,11679,3468
21407,9628,8261
21408,11157,15668
21409,15668,736
21410,3486,6860
21411,6860,14810
21412,14810,13170
21413,13170,15533
21414,15533,15916
21415,15916,9344
21416,15959,15960
21417,15960,12013
21418,12013,12924
21419,12924,5875
21420,15440,15961
21421,15961,15961
21422,15948,15962
21423,15962,12826
21424,12826,11598
21425,5522,15541
21426,15541,11731
21427,13059,12491
21428,2952,13632
21429,13632,5886
21430,5886,13468
21431,13468,13554
21432,3855,15848
21433,15848,15364
21434,8617,7624
21435,11333,12706
21436,2933,2683
21437,2683,11028
21438,9003,15963
21439,13897,11389
21440,7364,15144
21441,15144,15796
21442,15796,15665
21443,15665,12533
21444,12533,12360
21445,12360,1253
21446,1253,9813
21447,9813,7336
21448,11359,9962
21449,9962,15673
21450,9437,10057
21451,10057,15964
21452,15964,12278
21453,12278,14672
21454,14672,5889
21455,5889,14528
21456,14528,9292
21457,9292,13584
21458,13584,14425
21459,14425,11281
21460,11281,3445
21461,3445,7161
21462,7161,5669
21463,5669,12939
21464,12939,14455
21465,898,3102
21466,3102,10247
21467,10247,4725
21468,15965,4152
21469,709,15966
21470,15038,9659
21471,5753,12108
21472,1573,6954
21473,6954,7070
21474,7070,2309
21475,2309,13885
21476,13885,8575
21477,8575,12351
21478,12351,694
21479,694,13610
21480,13610,15884
21481,15884,15967
21482,8955,8956
21483,11256,14738
21484,11224,15969
21485,15969,15968
21486,15129,15970
21487,15970,13893
21488,13893,15008
21489,6452,12595
21490,12595,3308
21491,3308,1861
21492,14584,15971
21493,15971,8405
21494,8405,8775
21495,8775,8365
21496,8365,8364
21497,8364,8774
21498,8774,8404
21499,8404,15971
21500,15611,13306
21501,13306,10710
21502,7378,1256
21503,12015,15804
21504,4391,4392
21505,14183,13450
21506,11970,14768
21507,10243,14003
21508,8874,14177
21509,12028,1718
21510,1718,15973
21511,14105,3751
21512,13512,9647
21513,9647,9418
21514,15006,13895
21515,13895,15207
21516,15207,15970
21517,15970,8757
21518,8757,2170
21519,1725,12628
21520,15229,5890
21521,5890,14527
21522,14527,10103
21523,10103,5197
21524,5197,12235
21525,12235,14426
21526,14426,11280
21527,11280,3447
21528,3447,7160
21529,7160,5273
21530,5273,179
21531,6631,1277
21532,1277,14700
21533,14700,14194
21534,4324,6944
21535,7347,12202
21536,10973,15793
21537,15793,6504
21538,6504,5152
21539,5152,13068
21540,13068,6522
21541,9893,15674
21542,15674,3205
21543,3205,7721
21544,7721,1593
21545,1593,8690
21546,8690,15976
21547,15976,15160
21548,15160,11075
21549,11075,15252
21550,15252,14936
21551,14936,11918
21552,15977,7912
21553,14102,5115
21554,5115,4074
21555,15978,10283
21556,10283,14980
21557,14980,11260
21558,11260,15685
21559,15685,9970
21560,9970,4387
21561,4387,2639
21562,2639,5229
21563,5229,15666
21564,15666,5760
21565,5760,14938
21566,14938,12990
21567,12990,2343
21568,2343,12266
21569,12266,13111
21570,13111,15839
21571,15839,5972
21572,5972,11511
21573,11511,11846
21574,11846,8926
21575,8926,9789
21576,9789,12227
21577,12227,748
21578,748,11396
21579,11396,12779
21580,12779,10870
21581,10870,7012
21582,7012,15976
21583,15976,7225
21584,15979,5399
21585,5399,15722
21586,15722,4753
21587,4753,12915
21588,15980,15070
21589,5427,7812
21590,10475,11421
21591,11421,7799
21592,10857,3487
21593,15571,10124
21594,10124,12829
21595,4647,15981
21596,15981,15825
21597,15825,11226
21598,11226,11083
21599,11083,5413
21600,15982,4439
21601,13158,10021
21602,10021,14960
21603,14960,475
21604,15983,10241
21605,10241,6757
21606,6757,11185
21607,7593,15171
21608,15171,15172
21609,15172,14349
21610,14349,14350
21611,14350,4054
21612,10699,15271
21613,5196,11606
21614,11606,15927
21615,15927,11901
21616,11901,1265
21617,1265,14998
21618,14998,15984
21619,15984,12145
21620,12145,12282
21621,12282,15892
21622,15892,10733
21623,10733,9121
21624,9121,13439
21625,12657,13646
21626,10176,13266
21627,12008,14629
21628,14629,11424
21629,11424,10979
21630,1971,15985
21631,14537,13209
21632,13209,15986
21633,15069,15980
21634,15980,15384
21635,15384,15071
21636,2119,15563
21637,15563,10858
21638,15132,2737
21639,13073,15514
21640,15514,15987
21641,15987,3819
21642,3819,3872
21643,15227,14568
21644,14568,15988
21645,15988,15988
21646,1215,15487
21647,15989,15508
21648,15508,14479
21649,14479,6159
21650,6159,14227
21651,14227,15316
21652,15316,9426
21653,9426,13160
21654,13160,14641
21655,14641,1403
21656,1403,9964
21657,15577,15275
21658,15275,11793
21659,11793,15876
21660,15876,13546
21661,13546,10013
21662,8639,13848
21663,13848,8596
21664,8596,5787
21665,12851,10404
21666,2092,15164
21667,15164,258
21668,15265,12689
21669,12689,11205
21670,14360,14627
21671,14627,11426
21672,11426,13998
21673,8744,14540
21674,14540,8455
21675,1945,15339
21676,9399,3424
21677,3424,10020
21678,10020,13845
21679,11352,14273
21680,14273,15866
21681,15866,13581
21682,13581,10749
21683,10749,7898
21684,7898,14934
21685,14934,15146
21686,15146,13805
21687,3526,15412
21688,5487,3670
21689,11203,5421
21690,5421,15990
21691,15990,7073
21692,7073,15991
21693,15991,4807
21694,4807,15258
21695,15258,14585
21696,14585,14939
21697,14939,14769
21698,14769,9226
21699,9226,1229
21700,1229,8408
21701,12927,15559
21702,15559,15854
21703,15854,4377
21704,800,12930
21705,12930,10784
21706,10784,6393
21707,6393,2193
21708,2193,15768
21709,10772,15992
21710,15792,3339
21711,3339,15048
21712,15048,15993
21713,11925,1797
21714,12236,10505
21715,10505,15760
21716,15760,15500
21717,3344,9350
21718,9350,15805
21719,8221,10730
21720,10730,13335
21721,12265,13601
21722,1008,10548
21723,10548,10214
21724,10214,7886
21725,3408,10414
21726,10414,10413
21727,10413,905
21728,129,15603
21729,15603,15375
21730,15375,1443
21731,1443,15326
21732,15326,15821
21733,15821,5163
21734,5163,6916
21735,6916,13427
21736,13427,9953
21737,13241,6708
21738,6708,4190
21739,11470,8521
21740,9969,15736
21741,15736,1647
21742,1647,15711
21743,11463,13232
21744,13232,12498
21745,14595,9406
21746,9406,1207
21747,5303,5949
21748,10011,15922
21749,2308,15994
21750,15994,14545
21751,10834,6736
21752,4704,5037
21753,5037,9836
21754,9836,5190
21755,5190,8465
21756,8465,11428
21757,15995,15947
21758,15947,15043
21759,15043,12558
21760,12558,1575
21761,1575,12606
21762,12606,2891
21763,2891,4233
21764,4233,9699
21765,9699,14132
21766,7068,15996
21767,15923,6169
21768,15997,1425
21769,14516,4070
21770,12869,15998
21771,15998,9551
21772,9551,14205
21773,14205,4935
21774,4935,7581
21775,7581,5882
21776,5882,8789
21777,8789,8714
21778,8714,15800
21779,15800,15080
21780,15080,8867
21781,8867,14448
21782,14448,11474
21783,11474,12719
21784,15963,15932
21785,12475,13879
21786,13879,5315
21787,2222,4463
21788,4463,15333
21789,15333,11127
21790,7805,14387
21791,14387,14576
21792,14576,12928
21793,12928,13101
21794,13101,15291
21795,15291,964
21796,964,9285
21797,9285,3087
21798,3087,14422
21799,14422,15179
21800,15179,9257
21801,3293,7077
21802,7077,12487
21803,15263,7291
21804,7291,13401
21805,13401,1927
21806,1927,7891
21807,7891,11472
21808,11472,2594
21809,13663,2918
21810,2918,10422
21811,9508,1135
21812,1135,15624
21813,14950,13809
21814,15999,16000
21815,16001,15878
21816,15878,7610
21817,7610,9753
21818,9753,15570
21819,15570,16001
21820,13733,9166
21821,13679,15956
21822,15956,14885
21823,14885,14431
21824,14431,7666
21825,7666,10651
21826,10651,8904
21827,16002,11633
21828,9404,7876
21829,14327,14877
21830,3730,7359
21831,13169,16003
21832,16003,16004
21833,16004,6309
21834,6309,6696
21835,6696,15584
21836,15584,15585
21837,15585,2260
21838,6642,12096
21839,12096,13318
21840,13318,2826
21841,2826,4733
21842,4733,15001
21843,15001,6100
21844,6100,15556
21845,12915,12674
21846,12674,15681
21847,3108,15998
21848,2996,15865
21849,15865,10271
21850,10271,15888
21851,15888,15942
21852,15942,10256
21853,10256,12214
21854,12214,16005
21855,16005,1664
21856,1664,14924
21857,14924,14941
21858,14941,11580
21859,4277,16006
21860,13282,15731
21861,15731,14164
21862,14164,14574
21863,15808,6003
21864,14854,15175
21865,15960,10417
21866,10417,16007
21867,5360,13651
21868,16008,16009
21869,11569,12129
21870,9263,893
21871,893,8278
21872,7962,6301
21873,6301,14468
21874,14468,8896
21875,8896,15341
21876,16010,10360
21877,10360,6286
21878,6286,15466
21879,15466,15230
21880,15230,15855
21881,15855,7669
21882,7669,1374
21883,1374,16010
21884,15159,15630
21885,8907,837
21886,15604,15363
21887,5234,3003
21888,3003,3002
21889,3002,13712
21890,13712,5024
21891,5024,11750
21892,11750,5246
21893,5246,16011
21894,15538,6949
21895,7415,9999
21896,9999,16012
21897,1946,15340
21898,14259,12710
21899,2001,5065
21900,5065,7249
21901,7249,14186
21902,14186,14719
21903,14719,12414
21904,4538,2337
21905,2337,14750
21906,14750,14515
21907,15049,4368
21908,4368,15663
21909,15663,13437
21910,13437,15441
21911,15441,16013
21912,13777,3016
21913,3016,11553
21914,11553,8233
21915,8233,14384
21916,6176,4967
21917,14637,12866
21918,12866,12062
21919,12737,14859
21920,14859,8300
21921,8300,15758
21922,1109,16014
21923,16014,14068
21924,14068,8267
21925,8267,5733
21926,5733,10939
21927,10939,14940
21928,14940,12080
21929,12080,11902
21930,11902,7855
21931,7855,12754
21932,12754,12654
21933,8352,7214
21934,8663,15443
21935,15443,8815
21936,8815,15072
21937,15072,5949
21938,5949,8885
21939,8885,6106
21940,6106,482
21941,15991,2595
21942,2595,4238
21943,4238,14681
21944,2336,4862
21945,4862,6689
21946,6689,14494
21947,15905,12543
21948,12543,16015
21949,16015,15510
21950,15510,15817
21951,10227,5935
21952,5935,5661
21953,11300,15844
21954,15844,8888
21955,8888,6735
21956,6735,12524
21957,12524,2385
21958,2385,2386
21959,2386,15933
21960,15933,13246
21961,13246,3810
21962,3810,10540
21963,10540,4770
21964,4770,870
21965,870,10577
21966,10577,12616
21967,12616,10780
21968,10780,1833
21969,1833,16016
21970,16016,5737
21971,5737,5009
21972,10305,4547
21973,4547,15898
21974,15898,8318
21975,15939,3756
21976,12095,16018
21977,14699,16019
21978,16019,14698
21979,1891,16020
21980,16020,5202
21981,15632,14846
21982,14846,10731
21983,10731,9901
21984,15322,9765
21985,7706,7117
21986,7117,11788
21987,11788,11247
21988,15147,10270
21989,12081,13061
21990,13061,12755
21991,14845,5849
21992,5849,13805
21993,13805,13421
21994,12499,9457
21995,9457,13966
21996,13966,13174
21997,13174,10105
21998,10105,9134
21999,9134,15499
22000,15499,15657
22001,15657,11483
22002,11483,5930
22003,5930,15280
22004,15280,8425
22005,8425,7595
22006,7595,15357
22007,15357,14495
22008,1234,13552
22009,8216,10964
22010,10964,8117
22011,11275,8832
22012,8832,3295
22013,3295,13931
22014,13931,10461
22015,10461,15529
22016,15529,12067
22017,13388,6253
22018,6253,9173
22019,9173,15745
22020,15745,13564
22021,13564,13576
22022,13576,11988
22023,11988,13888
22024,13888,11517
22025,11517,12761
22026,12761,2930
22027,2930,2280
22028,12660,13812
22029,13812,15454
22030,14233,10130
22031,8198,12640
22032,3781,12561
22033,12561,15041
22034,15041,15948
22035,5569,5480
22036,16022,11222
22037,14578,13088
22038,13088,12929
22039,6161,15509
22040,5469,15653
22041,15653,15560
22042,15560,15438
22043,15438,14462
22044,15739,10828
22045,7732,8988
22046,8628,13240
22047,13240,8403
22048,14622,15013
22049,15013,6317
22050,4149,11497
22051,13647,13987
22052,12846,2317
22053,1808,15656
22054,15656,15972
22055,15972,15780
22056,15780,14692
22057,14692,15689
22058,15689,15093
22059,15093,13626
22060,13626,4518
22061,4518,10868
22062,14071,92
22063,11485,11657
22064,11657,13747
22065,13747,15786
22066,15786,15303
22067,7498,14580
22068,14580,7497
22069,5246,3816
22070,3816,12445
22071,12445,6443
22072,6443,8250
22073,8250,13597
22074,13597,6332
22075,4562,8200
22076,6838,10792
22077,10792,6846
22078,285,4718
22079,4718,15349
22080,15349,14798
22081,14798,8680
22082,8680,15381
22083,15381,7614
22084,7614,15169
22085,15169,13481
22086,13481,6144
22087,6144,9015
22088,16023,15965
22089,15965,14784
22090,6404,14200
22091,14200,16024
22092,15930,15320
22093,15320,13440
22094,6666,13220
22095,13220,14017
22096,14017,15952
22097,15952,15600
22098,15600,15658
22099,15658,15643
22100,15643,15128
22101,15128,15010
22102,15010,14420
22103,14420,12401
22104,12401,955
22105,955,12552
22106,708,15945
22107,15945,14392
22108,8070,14347
22109,14347,6448
22110,6448,13729
22111,13729,13842
22112,14826,6454
22113,6454,9682
22114,9682,12723
22115,11,13476
22116,13609,4215
22117,4215,12298
22118,3226,11571
22119,11571,16025
22120,11549,7050
22121,7050,10308
22122,10308,14541
22123,14541,12161
22124,12161,12162
22125,12162,15018
22126,15018,5126
22127,5126,3561
22128,3561,5261
22129,5261,11550
22130,15402,14601
22131,10455,5866
22132,5866,1552
22133,1552,2365
22134,2365,15642
22135,15642,15536
22136,15536,9653
22137,9653,7362
22138,7362,15143
22139,15143,15795
22140,15795,15664
22141,15664,12532
22142,12532,6814
22143,2202,999
22144,999,13815
22145,13815,6971
22146,945,14182
22147,14182,2081
22148,6175,2096
22149,6870,16026
22150,16026,16026
22151,3655,15919
22152,15919,16027
22153,16027,12421
22154,12421,15824
22155,4086,12125
22156,12125,15994
22157,15994,13325
22158,6575,6574
22159,3432,8801
22160,14088,3370
22161,3370,5488
22162,5488,9449
22163,15769,15464
22164,8969,15856
22165,15856,12191
22166,12191,11559
22167,6887,2348
22168,2348,15224
22169,15224,13535
22170,3657,3392
22171,3392,2617
22172,8859,5346
22173,12317,8877
22174,8877,5384
22175,5384,15962
22176,15962,14729
22177,14729,14894
22178,14894,15777
22179,15777,10062
22180,10062,11893
22181,11893,15995
22182,15995,13373
22183,13373,7648
22184,7648,216
22185,11762,15818
22186,15818,13304
22187,6857,16028
22188,12668,16029
22189,14303,493
22190,493,9076
22191,9076,15860
22192,11543,1425
22193,1425,15997
22194,15997,11660
22195,7859,6427
22196,6427,16030
22197,14787,4852
22198,15743,7545
22199,7545,4714
22200,7908,1164
22201,15278,759
22202,759,2778
22203,2778,16031
22204,14538,4526
22205,4526,9763
22206,6451,12595
22207,1312,16032
22208,16033,16034
22209,9382,8630
22210,8630,16012
22211,16012,14711
22212,14711,14731
22213,12394,4705
22214,4705,3584
22215,3584,3583
22216,3583,970
22217,970,12698
22218,12941,16035
22219,15737,16036
22220,10111,10112
22221,13003,14244
22222,14244,3356
22223,3356,16037
22224,3510,13899
22225,15727,16038
22226,8003,8220
22227,5308,14518
22228,14518,7460
22229,7460,9755
22230,9755,13178
22231,13178,4161
22232,4161,15183
22233,15183,8645
22234,8645,9724
22235,9724,12954
22236,12954,10824
22237,10824,11975
22238,11975,13567
22239,13567,8359
22240,2334,14503
22241,16039,12968
22242,12968,15257
22243,13905,2416
22244,2416,14418
22245,14418,14993
22246,14993,12275
22247,12275,13955
22248,13955,1201
22249,1201,15618
22250,15618,15525
22251,15525,15420
22252,15420,13850
22253,13850,11737
22254,11172,16040
22255,14619,12319
22256,12319,13903
22257,13903,6428
22258,6428,16030
22259,16030,7857
22260,7857,14086
22261,14086,7856
22262,7856,13327
22263,464,14772
22264,14772,12338
22265,12338,13255
22266,13255,15263
22267,30,11099
22268,11099,8914
22269,8914,15926
22270,15926,4127
22271,4127,7111
22272,7111,15415
22273,15415,2817
22274,2817,9675
22275,9675,5452
22276,5452,2608
22277,2608,11952
22278,11952,15617
22279,15617,16041
22280,16041,11037
22281,11037,9917
22282,9917,9264
22283,9264,5788
22284,5788,1085
22285,12426,15958
22286,5990,15567
22287,15567,8284
22288,10972,4519
22289,4519,14094
22290,14094,16033
22291,16033,9985
22292,16032,15729
22293,15729,9438
22294,9438,2526
22295,2526,10056
22296,10056,13129
22297,13820,13820
22298,5616,7903
22299,7440,3782
22300,3782,16042
22301,9892,11391
22302,11391,4037
22303,4037,14806
22304,14806,12061
22305,12061,15588
22306,15588,9794
22307,9794,8921
22308,8921,5979
22309,5979,15840
22310,15840,15031
22311,15031,14605
22312,14605,15165
22313,15165,3160
22314,15201,10596
22315,10596,14762
22316,14762,3055
22317,11765,15819
22318,15819,15248
22319,15248,12576
22320,12576,16043
22321,16043,3250
22322,3250,15288
22323,15288,7812
22324,142,3377
22325,3377,14032
22326,14032,16044
22327,13593,13932
22328,15981,11115
22329,11115,15650
22330,15650,16031
22331,16031,15861
22332,15861,10313
22333,15015,14707
22334,14707,15754
22335,15754,13502
22336,13502,13465
22337,13465,10261
22338,10261,3940
22339,3940,3978
22340,16020,16045
22341,10678,15863
22342,15863,3199
22343,3199,7963
22344,7963,15765
22345,8515,14525
22346,14843,15941
22347,15941,15717
22348,7088,12371
22349,12371,15342
22350,15342,2701
22351,2701,16046
22352,16047,15985
22353,15985,16048
22354,11015,15809
22355,15809,15646
22356,15646,2983
22357,2983,9318
22358,6582,14246
22359,15869,15051
22360,6462,2508
22361,2508,15394
22362,15394,12216
22363,12216,572
22364,14866,13568
22365,5572,12386
22366,12386,8269
22367,15517,4322
22368,12179,16049
22369,10710,3984
22370,9136,10106
22371,10106,13172
22372,13172,13968
22373,2542,5578
22374,5578,13940
22375,13940,744
22376,744,11211
22377,15969,6588
22378,13254,7675
22379,7675,2649
22380,7669,7745
22381,15241,15770
22382,14857,10463
22383,15245,14636
22384,14636,7791
22385,7791,2086
22386,11284,11501
22387,14044,11088
22388,11088,6796
22389,6796,5030
22390,5030,12447
22391,12447,4901
22392,4901,15542
22393,15542,9959
22394,14614,16050
22395,12639,13074
22396,9987,12803
22397,10606,15660
22398,15660,15011
22399,15011,15123
22400,15123,15162
22401,15162,261
22402,7858,15999
22403,15999,16051
22404,1551,7081
22405,7081,13365
22406,13365,1532
22407,1532,15052
22408,15052,6763
22409,6763,1804
22410,12619,10582
22411,10582,15912
22412,15912,15062
22413,15062,5676
22414,5676,12502
22415,12502,14325
22416,9030,14989
22417,14989,13314
22418,13314,8298
22419,8298,13470
22420,8374,13608
22421