node_id,longitude,latitude
0,126.5562494,45.6755250
1,126.5525082,45.6713563
2,126.5547059,45.6738071
3,126.6563674,45.7661295
4,126.6555703,45.7649701
5,126.6673771,45.7097170
6,126.6681816,45.7096524
7,126.6677543,45.7096334
8,126.6680238,45.7096486
9,126.5264607,45.7268544
10,126.5265662,45.7264606
11,126.6013785,45.7496354
12,126.6006133,45.7488287
13,126.7474998,45.7480420
14,126.7495391,45.7479733
15,126.6395993,45.8172128
16,126.6389302,45.8184144
17,126.6392616,45.8177988
18,126.6772936,45.7756496
19,126.6779977,45.7747648
20,126.6779538,45.7754375
21,126.6629093,45.7730943
22,126.6657773,45.7730042
23,126.6642290,45.7729715
24,126.6933429,45.7605994
25,126.6944306,45.7591483
26,126.6942200,45.7599746
27,126.6675282,45.7118337
28,126.6684920,45.7115925
29,126.6443130,45.7887977
30,126.6212755,45.7780580
31,126.6429300,45.7880541
32,126.6414432,45.7872501
33,126.6399753,45.7865401
34,126.6373601,45.7857670
35,126.6350640,45.7850853
36,126.6330141,45.7843571
37,126.6303857,45.7833897
38,126.6296145,45.7831333
39,126.6295193,45.7831068
40,126.6267495,45.7822810
41,126.6264561,45.7821871
42,126.6233521,45.7811470
43,126.6224838,45.7804871
44,126.6216588,45.7788113
45,126.6215566,45.7786429
46,126.6114980,45.7456673
47,126.6120077,45.7454198
48,126.6290030,45.7530894
49,126.6264014,45.7546962
50,126.6279517,45.7538124
51,126.6278695,45.7538603
52,126.6264648,45.7546601
53,126.5637660,45.8283731
54,126.5651581,45.8283656
55,126.6609888,45.7424593
56,126.6678599,45.7465911
57,126.6618566,45.7429915
58,126.6627954,45.7435678
59,126.6632319,45.7438511
60,126.6636744,45.7441097
61,126.6641274,45.7443941
62,126.6648045,45.7448130
63,126.6654356,45.7452035
64,126.6667062,45.7459895
65,126.6292957,45.8174991
66,126.6192705,45.8312925
67,126.6291751,45.8176478
68,126.6274494,45.8200734
69,126.6274053,45.8201350
70,126.6267260,45.8210901
71,126.6266883,45.8211407
72,126.6228808,45.8262489
73,126.6228402,45.8262985
74,126.6215381,45.8280317
75,126.6199026,45.8301036
76,126.6198540,45.8301533
77,126.6754612,45.7073300
78,126.6760163,45.7064644
79,126.6239335,45.7395892
80,126.6241219,45.7394896
81,126.6172282,45.7690056
82,126.6138103,45.7686248
83,126.6536746,45.7351129
84,126.6626032,45.7320307
85,126.6538017,45.7350683
86,126.6556499,45.7344349
87,126.6569577,45.7339907
88,126.6573023,45.7338737
89,126.6575359,45.7337943
90,126.6586688,45.7334095
91,126.6602146,45.7328661
92,126.6607581,45.7326722
93,126.6617204,45.7323256
94,126.5602038,45.7702789
95,126.5620802,45.7703071
96,126.6849896,45.7961174
97,126.6854684,45.7960668
98,126.6851369,45.7961075
99,126.6339922,45.7880639
100,126.6327890,45.7872832
101,126.6311515,45.6650500
102,126.6305766,45.6676639
103,126.6309323,45.6660469
104,126.6297900,45.7085548
105,126.6299936,45.7065683
106,126.6298267,45.7073888
107,126.6299155,45.7069691
108,126.6299242,45.7069244
109,126.5872213,45.7149140
110,126.5872259,45.7143100
111,126.6843484,45.7562127
112,126.6837879,45.7550393
113,126.7725760,45.7454305
114,126.7784487,45.7461925
115,126.7783224,45.7461762
116,126.5498404,45.6673825
117,126.5501543,45.6678270
118,126.6722920,45.7086701
119,126.6599281,45.7121653
120,126.6507693,45.6986828
121,126.6598722,45.7118561
122,126.6575665,45.7083132
123,126.6572208,45.7078289
124,126.6571970,45.7077854
125,126.6564890,45.7068036
126,126.6563693,45.7066366
127,126.6545280,45.7040664
128,126.6521948,45.7007416
129,126.6519051,45.7003660
130,126.6517942,45.7001926
131,126.6179505,45.8311970
132,126.6044601,45.8262242
133,126.6136747,45.8296036
134,126.6109498,45.8285730
135,126.6107156,45.8284860
136,126.6045754,45.8262572
137,126.6989862,45.7301350
138,126.6991856,45.7301572
139,126.6520434,45.7144875
140,126.6509508,45.7128924
141,126.6596537,45.7606943
142,126.6625903,45.7602347
143,126.6604835,45.7602934
144,126.6621923,45.7602711
145,126.6163003,45.7043979
146,126.6174990,45.7044985
147,126.5277987,45.8144083
148,126.5345364,45.8147775
149,126.5283098,45.8144331
150,126.5302235,45.8145183
151,126.5304975,45.8145085
152,126.5343875,45.8144538
153,126.5345326,45.8144549
154,126.5346544,45.8144397
155,126.5361571,45.8140632
156,126.5365149,45.8139362
157,126.5366540,45.8138868
158,126.6916408,45.7268288
159,126.6863926,45.7258695
160,126.6888076,45.7263109
161,126.6875244,45.7260764
162,126.6866951,45.7259248
163,126.6359959,45.8177603
164,126.6362160,45.8175239
165,126.6363914,45.8177201
166,126.6361095,45.8178214
167,126.5430779,45.7420167
168,126.5435023,45.7424387
169,126.5748373,45.7171575
170,126.5701576,45.7207537
171,126.5733068,45.7183337
172,126.5731353,45.7184655
173,126.6767552,45.7485260
174,126.6797092,45.7488826
175,126.6779994,45.7486789
176,126.6785619,45.7487473
177,126.5245719,45.8070728
178,126.5241972,45.8066922
179,126.5657331,45.6890431
180,126.5658732,45.6889575
181,126.6398666,45.7204080
182,126.6459166,45.7171906
183,126.7032233,45.7487838
184,126.7027462,45.7484638
185,126.6795970,45.7031037
186,126.6808499,45.7018161
187,126.5872920,45.6603090
188,126.5874614,45.6612590
189,126.5987400,45.7495748
190,126.5956934,45.7462738
191,126.5972640,45.7479472
192,126.5476875,45.8031186
193,126.5482297,45.8042640
194,126.7066821,45.7168511
195,126.7075735,45.7167788
196,126.7071539,45.7168128
197,126.6619761,45.7539480
198,126.6623745,45.7584226
199,126.6620683,45.7551972
200,126.6621965,45.7564856
201,126.5740971,45.7464842
202,126.5836452,45.7475852
203,126.5755470,45.7466713
204,126.5762791,45.7467514
205,126.5770991,45.7468512
206,126.5809834,45.7472783
207,126.6831219,45.7706544
208,126.6818188,45.7708382
209,126.7523522,45.7153072
210,126.7508922,45.7114991
211,126.6688521,45.7416291
212,126.6720738,45.7411548
213,126.6702914,45.7414115
214,126.6788234,45.7034316
215,126.6794422,45.7030416
216,126.5736815,45.7298480
217,126.5774431,45.7322981
218,126.6141915,45.7152097
219,126.6143444,45.7148173
220,126.6085407,45.7572869
221,126.6078046,45.7559273
222,126.6080920,45.7564368
223,126.7027554,45.7678150
224,126.7012851,45.7680769
225,126.6302022,45.7598422
226,126.6292451,45.7595578
227,126.7469723,45.6683011
228,126.7481831,45.6702322
229,126.6135086,45.7108783
230,126.6120595,45.7107413
231,126.6556229,45.7649404
232,126.6549289,45.7635759
233,126.5539830,45.8317821
234,126.5568962,45.8279640
235,126.5555241,45.8297819
236,126.6969226,45.7390922
237,126.6954746,45.7334430
238,126.6961981,45.7363285
239,126.5292284,45.7402293
240,126.5295161,45.7405488
241,126.4790050,45.8012441
242,126.5017472,45.8083710
243,126.5015893,45.8083196
244,126.6172297,45.7173150
245,126.6054040,45.7214357
246,126.6129801,45.7187299
247,126.6107922,45.7194860
248,126.6088811,45.7201521
249,126.6058040,45.7212129
250,126.6056958,45.7212501
251,126.5903409,45.6941524
252,126.5898955,45.6935132
253,126.5180599,45.8182267
254,126.5166269,45.8182326
255,126.6156230,45.7505337
256,126.6279430,45.7672206
257,126.6184172,45.7533697
258,126.6188969,45.7549464
259,126.6204673,45.7582300
260,126.6208086,45.7586131
261,126.6221191,45.7600736
262,126.6222161,45.7601779
263,126.6282850,45.7640879
264,126.6286091,45.7655052
265,126.6286264,45.7655947
266,126.5574590,45.8106976
267,126.5574324,45.8110730
268,126.5623881,45.6638040
269,126.5601472,45.6681340
270,126.5644690,45.6665277
271,126.5594501,45.6971939
272,126.5596909,45.6972077
273,126.5950430,45.7868596
274,126.5950142,45.7867697
275,126.5949354,45.7868778
276,126.6655540,45.7451124
277,126.6653383,45.7452778
278,126.5380405,45.8032495
279,126.5397815,45.8051151
280,126.5394611,45.8047718
281,126.6316652,45.7246292
282,126.6264852,45.7174084
283,126.6220646,45.7430225
284,126.6180666,45.7395461
285,126.6214756,45.7424913
286,126.6208564,45.7419489
287,126.6199767,45.7412114
288,126.6187712,45.7401561
289,126.6904307,45.7506396
290,126.6901267,45.7518511
291,126.6905288,45.7506528
292,126.6909155,45.7507046
293,126.6911286,45.7507331
294,126.6913352,45.7507608
295,126.6915928,45.7507890
296,126.6918875,45.7506485
297,126.6920868,45.7505209
298,126.6922849,45.7503986
299,126.6925972,45.7502404
300,126.6927903,45.7501794
301,126.6932504,45.7504020
302,126.6913709,45.7520101
303,126.6902275,45.7518640
304,126.6762485,45.7268227
305,126.6765869,45.7269006
306,126.6621962,45.7624611
307,126.6622261,45.7618755
308,126.6622057,45.7622759
309,126.6711872,45.7515932
310,126.6707174,45.7549810
311,126.6709416,45.7533641
312,126.6276267,45.7838664
313,126.6462520,45.7931368
314,126.6279259,45.7839539
315,126.6297414,45.7844760
316,126.6315287,45.7857755
317,126.6333433,45.7867330
318,126.6351162,45.7876505
319,126.6353579,45.7877779
320,126.6356103,45.7879091
321,126.6374647,45.7888797
322,126.6388746,45.7896106
323,126.6403845,45.7904419
324,126.6418246,45.7911592
325,126.6419112,45.7912058
326,126.6432998,45.7919653
327,126.6868749,45.7565217
328,126.6856171,45.7560908
329,126.6869534,45.7562385
330,126.6900759,45.6935570
331,126.6874167,45.6959640
332,126.5325415,45.8462265
333,126.5320675,45.8366524
334,126.5319454,45.8368261
335,126.6614306,45.6686958
336,126.6683844,45.6696519
337,126.6635244,45.6689404
338,126.5979179,45.7152433
339,126.5975004,45.7089523
340,126.5978498,45.7121129
341,126.6830449,45.7719710
342,126.6831008,45.7710153
343,126.6607644,45.7066387
344,126.6651748,45.7068905
345,126.6882337,45.7963421
346,126.6889287,45.7984325
347,126.6717765,45.7954736
348,126.6716829,45.7920389
349,126.6676764,45.7817665
350,126.6650852,45.7822908
351,126.6664808,45.7820067
352,126.6577485,45.7351554
353,126.6338565,45.7520595
354,126.6354173,45.7533959
355,126.6340091,45.7521897
356,126.6344019,45.7525246
357,126.6345414,45.7526435
358,126.6346878,45.7527683
359,126.6348359,45.7528946
360,126.6353272,45.7533134
361,126.6271928,45.6952243
362,126.6271685,45.6935666
363,126.5636154,45.7748407
364,126.5626344,45.7755579
365,126.5634349,45.7749727
366,126.5632701,45.7750932
367,126.5630895,45.7752252
368,126.5628534,45.7753978
369,126.5528595,45.7174870
370,126.5544002,45.7198000
371,126.5542329,45.7179109
372,126.5544252,45.7180365
373,126.5546228,45.7181657
374,126.5553660,45.7190568
375,126.5550363,45.7193017
376,126.5547107,45.7195568
377,126.6866668,45.7519723
378,126.6884187,45.7521943
379,126.6875937,45.7520899
380,126.6443247,45.7606994
381,126.6456717,45.7618416
382,126.5919221,45.7379238
383,126.5905430,45.7384287
384,126.5914549,45.7380940
385,126.5913967,45.7381152
386,126.5464490,45.8146495
387,126.5463007,45.8151396
388,126.5614936,45.7416191
389,126.5680422,45.7424927
390,126.5631412,45.7418389
391,126.5659987,45.7422200
392,126.5676975,45.7424466
393,126.6792388,45.8252991
394,126.6783467,45.8259828
395,126.6791417,45.8253734
396,126.6098377,45.7407841
397,126.6105970,45.7413583
398,126.6103681,45.7425993
399,126.6110473,45.7428300
400,126.6316164,45.7615405
401,126.6320730,45.7621008
402,126.6314164,45.7616146
403,126.6274126,45.7804647
404,126.6304941,45.7814155
405,126.6298960,45.7812435
406,126.6329482,45.7773201
407,126.6266964,45.7720583
408,126.6328351,45.7772875
409,126.6322126,45.7769366
410,126.6320710,45.7767654
411,126.5142040,45.6941446
412,126.5138181,45.6938214
413,126.5139684,45.6937016
414,126.5144581,45.6938286
415,126.5144348,45.6940272
416,126.5732928,45.7279344
417,126.5746087,45.7287682
418,126.7191140,45.7448121
419,126.7193198,45.7448108
420,126.5190329,45.7421814
421,126.5184194,45.7420899
422,126.5910832,45.7367597
423,126.5832881,45.7309153
424,126.5854090,45.7322554
425,126.5839347,45.7313092
426,126.6912754,45.7509927
427,126.6910267,45.7519032
428,126.6911489,45.7514556
429,126.6308107,45.7609070
430,126.6305267,45.7605529
431,126.6398602,45.8146137
432,126.6385899,45.8146125
433,126.6779642,45.7294811
434,126.6806444,45.7300227
435,126.6790781,45.7297053
436,126.6793943,45.7297689
437,126.6802814,45.7299473
438,126.5796267,45.7253288
439,126.5781729,45.7264437
440,126.6237202,45.7379986
441,126.6189426,45.7400611
442,126.6196822,45.7396467
443,126.6202348,45.7393356
444,126.6206613,45.7391744
445,126.6213942,45.7389295
446,126.6221563,45.7386408
447,126.5343773,45.7158244
448,126.5359288,45.7232053
449,126.5350309,45.7180253
450,126.5350610,45.7181468
451,126.5357683,45.7207828
452,126.5357950,45.7208768
453,126.7051826,45.6899483
454,126.7126406,45.6845480
455,126.7063882,45.6888289
456,126.7064718,45.6887560
457,126.7082218,45.6875922
458,126.7093159,45.6868569
459,126.7093851,45.6868104
460,126.7125268,45.6846243
461,126.6786457,45.7054078
462,126.6776801,45.7052804
463,126.6201391,45.7411251
464,126.6224001,45.7430333
465,126.6859858,45.7051551
466,126.6849866,45.7021192
467,126.6858922,45.7048833
468,126.6858565,45.7047793
469,126.6856161,45.7040553
470,126.6854985,45.7037021
471,126.6853522,45.7032738
472,126.6852380,45.7028714
473,126.6851092,45.7024860
474,126.6056749,45.8364552
475,126.6052093,45.8370672
476,126.6048771,45.8371532
477,126.6039322,45.8368039
478,126.6038569,45.8365879
479,126.6043514,45.8359596
480,126.6047858,45.8358779
481,126.6055292,45.8361690
482,126.6153570,45.7502469
483,126.6160082,45.7495791
484,126.6051005,45.7519960
485,126.6017836,45.7538045
486,126.7210950,45.7425955
487,126.7211162,45.7454867
488,126.7210982,45.7432713
489,126.7211032,45.7443913
490,126.7211058,45.7448173
491,126.5588614,45.8131583
492,126.5587680,45.8138930
493,126.5798895,45.7558872
494,126.5804416,45.7553507
495,126.5799892,45.7557840
496,126.7149268,45.7319400
497,126.7138196,45.7284436
498,126.7144028,45.7303297
499,126.6333170,45.7584354
500,126.6334514,45.7585570
501,126.7055969,45.7512388
502,126.7032388,45.7456116
503,126.6759588,45.6870811
504,126.6758692,45.6851818
505,126.6757561,45.6863440
506,126.6757870,45.6860267
507,126.6758260,45.6856262
508,126.6301191,45.7428628
509,126.6304669,45.7426682
510,126.6112712,45.7020666
511,126.6116765,45.7003837
512,126.6113491,45.7017433
513,126.6114321,45.7013989
514,126.6115587,45.7008728
515,126.6989320,45.7196594
516,126.6987667,45.7189859
517,126.5290559,45.8270289
518,126.5294444,45.8265090
519,126.5291901,45.8268494
520,126.5292711,45.8267409
521,126.7121839,45.7197624
522,126.7123367,45.7185589
523,126.7305534,45.7616013
524,126.7288780,45.7705065
525,126.7299741,45.7652316
526,126.5191546,45.7269777
527,126.5283409,45.7000257
528,126.5190721,45.7237665
529,126.5190776,45.7235459
530,126.5194245,45.7199745
531,126.5194572,45.7198640
532,126.5207683,45.7170183
533,126.5210747,45.7163559
534,126.5211904,45.7160977
535,126.5220642,45.7142794
536,126.5223463,45.7134903
537,126.5234629,45.7110917
538,126.5255654,45.7065632
539,126.5256017,45.7064662
540,126.5267897,45.7039260
541,126.5271373,45.7031618
542,126.5272306,45.7029405
543,126.5282549,45.7008286
544,126.6380239,45.7117733
545,126.6381253,45.7113506
546,126.6846184,45.7195787
547,126.6864899,45.7195574
548,126.6727651,45.6895522
549,126.6740114,45.6866816
550,126.6761470,45.6817503
551,126.6791444,45.6820880
552,126.7571144,45.7851124
553,126.7603997,45.7850778
554,126.7593904,45.7850853
555,126.6422236,45.6750277
556,126.6439969,45.6667184
557,126.6438872,45.6672027
558,126.6099271,45.6956991
559,126.6037692,45.7220090
560,126.6095376,45.6974476
561,126.6093057,45.6984888
562,126.6087418,45.7010452
563,126.6084368,45.7024190
564,126.6084066,45.7025314
565,126.6076105,45.7060038
566,126.6075787,45.7061631
567,126.6071709,45.7079777
568,126.6067860,45.7098167
569,126.6067642,45.7099139
570,126.6061210,45.7129792
571,126.6054892,45.7156683
572,126.6054610,45.7157884
573,126.6053995,45.7160662
574,126.6053794,45.7161572
575,126.6045869,45.7194869
576,126.6045537,45.7196262
577,126.6037326,45.7218491
578,126.5604530,45.8155711
579,126.5594805,45.8155091
580,126.4849622,45.6939172
581,126.5197207,45.7047611
582,126.5194981,45.7046929
583,126.5147238,45.7032256
584,126.5145541,45.7031755
585,126.5095974,45.7016496
586,126.5091408,45.7014967
587,126.5041681,45.6999647
588,126.5039438,45.6999023
589,126.5012816,45.6990665
590,126.4984155,45.6981981
591,126.4979459,45.6980604
592,126.6774466,45.7469193
593,126.6771176,45.7468850
594,126.6654801,45.7103115
595,126.6638720,45.7080900
596,126.6652170,45.7099259
597,126.5853175,45.7323348
598,126.5825510,45.7343736
599,126.5833789,45.7338454
600,126.6310737,45.7626687
601,126.6317609,45.7627093
602,126.7233708,45.6660473
603,126.7233590,45.6694243
604,126.6195749,45.6501292
605,126.6181723,45.6431951
606,126.7098959,45.7185035
607,126.7091365,45.7150302
608,126.7100111,45.7181971
609,126.7101922,45.7178529
610,126.7103111,45.7176590
611,126.7098290,45.7156608
612,126.6902589,45.7885892
613,126.6925836,45.7869865
614,126.5592909,45.7223640
615,126.5613369,45.7251178
616,126.5587256,45.7228151
617,126.6588664,45.7309707
618,126.6595281,45.7319093
619,126.6594859,45.7318497
620,126.6589422,45.7310783
621,126.5480726,45.7319004
622,126.5472309,45.7321285
623,126.5040921,45.8042373
624,126.5042794,45.8039318
625,126.5530152,45.7354809
626,126.5529394,45.7352962
627,126.7073813,45.7144274
628,126.7086225,45.7187405
629,126.7073894,45.7146343
630,126.7076026,45.7158520
631,126.7076607,45.7165353
632,126.7077382,45.7169615
633,126.7077867,45.7172726
634,126.7073216,45.7178612
635,126.7076510,45.7185241
636,126.7154538,45.7333948
637,126.7179380,45.7333866
638,126.7165146,45.7333815
639,126.5855014,45.7841646
640,126.5852005,45.7840643
641,126.6745428,45.7791049
642,126.6750474,45.7723634
643,126.6746248,45.7780099
644,126.6746633,45.7774952
645,126.6747123,45.7768408
646,126.6748060,45.7755885
647,126.6748547,45.7749375
648,126.6750280,45.7726223
649,126.5502455,45.7777220
650,126.5518898,45.7760853
651,126.5504913,45.7774321
652,126.5483886,45.8087385
653,126.5492335,45.8081552
654,126.6860112,45.7274798
655,126.6893336,45.7281685
656,126.5192764,45.7454741
657,126.5193132,45.7517291
658,126.5950743,45.7246823
659,126.6025798,45.7332350
660,126.6012306,45.7316879
661,126.5783769,45.7374926
662,126.5835143,45.7408063
663,126.5798094,45.7383938
664,126.5811536,45.7392986
665,126.5825819,45.7401712
666,126.7369063,45.7513516
667,126.7318070,45.7530197
668,126.6725151,45.7460401
669,126.6727662,45.7449687
670,126.6732871,45.7460680
671,126.6736777,45.7457735
672,126.6749526,45.7459006
673,126.6752515,45.7463210
674,126.6758922,45.7451999
675,126.6731868,45.7450080
676,126.7178842,45.7461341
677,126.7192307,45.7461293
678,126.7180773,45.7461292
679,126.5742559,45.6881342
680,126.5706065,45.6857142
681,126.6163444,45.7649336
682,126.6184621,45.7652493
683,126.6183307,45.7652305
684,126.7665234,45.7113176
685,126.7695609,45.7193058
686,126.7670389,45.7127119
687,126.7680261,45.7153490
688,126.7680663,45.7154530
689,126.7695197,45.7192110
690,126.5497632,45.6679941
691,126.5541405,45.6658948
692,126.5529169,45.6666465
693,126.6058104,45.7129404
694,126.6095961,45.7133644
695,126.6074406,45.7131348
696,126.6085207,45.7132498
697,126.7009636,45.7870903
698,126.7021642,45.7872428
699,126.7009994,45.7869611
700,126.7015174,45.7870228
701,126.7020831,45.7870902
702,126.6131279,45.6988447
703,126.6114260,45.6986862
704,126.6103215,45.6985834
705,126.6645480,45.7398516
706,126.6658784,45.7407239
707,126.5959466,45.8090840
708,126.5981434,45.8100153
709,126.5969844,45.8097776
710,126.5356681,45.7061101
711,126.5358285,45.7058771
712,126.6345333,45.7497869
713,126.6318540,45.7513610
714,126.6319624,45.7513029
715,126.6870208,45.6960053
716,126.6872022,45.6958396
717,126.6863304,45.7958659
718,126.6377773,45.7357926
719,126.6363753,45.7362669
720,126.7293260,45.7350903
721,126.7215177,45.7339668
722,126.6878145,45.7589448
723,126.6864055,45.7587538
724,126.6874451,45.7588947
725,126.6867869,45.7588055
726,126.6863445,45.7514734
727,126.6859762,45.7529876
728,126.6862374,45.7519048
729,126.6919293,45.7239463
730,126.6950211,45.7241763
731,126.6932595,45.7240605
732,126.5799491,45.7761139
733,126.5801952,45.7761797
734,126.5555566,45.6701306
735,126.5872646,45.7170895
736,126.5874094,45.7140615
737,126.5153510,45.6845278
738,126.5175850,45.6857254
739,126.6679383,45.7862586
740,126.6711933,45.7864373
741,126.6680598,45.7862696
742,126.5713080,45.7123038
743,126.5744570,45.7102546
744,126.5714822,45.7121931
745,126.5716116,45.7121103
746,126.5742571,45.7103906
747,126.6046155,45.8129866
748,126.6125871,45.8152850
749,126.6047013,45.8130140
750,126.6074824,45.8138254
751,126.6075420,45.8138452
752,126.6103057,45.8146458
753,126.6103792,45.8146637
754,126.5683619,45.7750995
755,126.5717573,45.7754402
756,126.5684428,45.7750544
757,126.5715098,45.7752035
758,126.6052199,45.7505152
759,126.6045090,45.7497625
760,126.6731517,45.7781303
761,126.6741865,45.7781665
762,126.6501918,45.7460016
763,126.6561326,45.7412873
764,126.6525026,45.7441301
765,126.6529385,45.7437857
766,126.6548953,45.7422888
767,126.6099834,45.7308203
768,126.6102925,45.7312721
769,126.6100807,45.7309732
770,126.5781846,45.7376561
771,126.5743808,45.7352108
772,126.5780684,45.7375787
773,126.5770679,45.7369123
774,126.5746724,45.7353861
775,126.6606675,45.7725484
776,126.6602845,45.7723547
777,126.5389731,45.8162434
778,126.5381504,45.8148015
779,126.5608082,45.7766569
780,126.5606292,45.7763243
781,126.5606750,45.7761892
782,126.5607182,45.7760616
783,126.5608318,45.7758990
784,126.5610365,45.7758053
785,126.5612408,45.7757118
786,126.5614412,45.7756200
787,126.5618454,45.7758832
788,126.5616816,45.7760054
789,126.5615215,45.7761248
790,126.5613584,45.7762464
791,126.5611970,45.7763669
792,126.5610816,45.7764529
793,126.5609707,45.7765356
794,126.5396267,45.8320220
795,126.5405778,45.8307511
796,126.5398340,45.8317449
797,126.5404022,45.8309858
798,126.5197155,45.7194894
799,126.5203292,45.7181050
800,126.6364170,45.7315427
801,126.6370372,45.7314347
802,126.5876287,45.7140328
803,126.5887303,45.7149170
804,126.5880134,45.7143203
805,126.5883597,45.7146242
806,126.6746335,45.7269917
807,126.6763734,45.7273776
808,126.6748674,45.7270436
809,126.6754691,45.7271770
810,126.6760341,45.7273023
811,126.5634341,45.6926718
812,126.5678120,45.6968950
813,126.5652381,45.6942258
814,126.5653077,45.6942800
815,126.6639299,45.7752945
816,126.6617537,45.7765615
817,126.6495287,45.7902685
818,126.6509496,45.7879713
819,126.6498611,45.7897313
820,126.6502445,45.7891056
821,126.5793635,45.6799431
822,126.5763095,45.6770528
823,126.5767093,45.6798834
824,126.6929925,45.7049850
825,126.6927346,45.7041828
826,126.7733092,45.7751927
827,126.7733897,45.7752157
828,126.6969875,45.7008380
829,126.7006029,45.6986115
830,126.6981262,45.6999962
831,126.6072220,45.7598301
832,126.6096674,45.7592136
833,126.6084609,45.7594972
834,126.6728315,45.7891957
835,126.6733006,45.7892171
836,126.6731490,45.7892117
837,126.6748389,45.7726204
838,126.6749240,45.7726207
839,126.6708739,45.7435811
840,126.6726884,45.7433256
841,126.6718115,45.7434484
842,126.5480398,45.8113926
843,126.5531464,45.8129117
844,126.5499994,45.8125313
845,126.5808976,45.7761981
846,126.5810777,45.7760001
847,126.6216834,45.6932757
848,126.6219697,45.6921395
849,126.6214444,45.7779966
850,126.6304622,45.7832670
851,126.6216841,45.7784411
852,126.6217767,45.7786182
853,126.6224863,45.7801332
854,126.6225376,45.7802076
855,126.6265358,45.7820616
856,126.6290402,45.7828051
857,126.6295978,45.7829804
858,126.6296868,45.7830050
859,126.7591058,45.7111004
860,126.7607615,45.7149511
861,126.7594375,45.7118718
862,126.7598026,45.7127555
863,126.7603326,45.7139635
864,126.6175326,45.8171042
865,126.6157666,45.8164519
866,126.6158974,45.8165036
867,126.5576353,45.8147880
868,126.5585247,45.8135780
869,126.5585959,45.8137281
870,126.6843361,45.7378900
871,126.6864671,45.7481466
872,126.6843498,45.7379364
873,126.6844883,45.7384065
874,126.6846948,45.7391190
875,126.6848630,45.7396668
876,126.6849545,45.7399539
877,126.6851205,45.7405445
878,126.6851381,45.7406081
879,126.6854069,45.7415794
880,126.6856618,45.7425072
881,126.6858933,45.7433681
882,126.6860323,45.7434352
883,126.6864938,45.7450076
884,126.6868661,45.7461944
885,126.6868853,45.7462659
886,126.6865177,45.7479722
887,126.6997895,45.7686118
888,126.6992852,45.7712149
889,126.7502466,45.7013571
890,126.7668726,45.6953784
891,126.6567109,45.7461413
892,126.6570544,45.7463925
893,126.6540947,45.7730063
894,126.6559140,45.7747590
895,126.6550212,45.7738562
896,126.6555211,45.7743617
897,126.7240619,45.7660339
898,126.7306577,45.7381353
899,126.7256956,45.7593360
900,126.7259811,45.7581433
901,126.7262931,45.7569065
902,126.7272309,45.7532585
903,126.7272915,45.7530422
904,126.7281994,45.7493531
905,126.7282144,45.7492975
906,126.7282360,45.7492166
907,126.7291470,45.7454501
908,126.7300747,45.7422091
909,126.7302036,45.7416982
910,126.6996040,45.7682347
911,126.6967424,45.7669778
912,126.6841001,45.7731147
913,126.6846979,45.7732117
914,126.6843762,45.7731774
915,126.6845181,45.7731863
916,126.6832802,45.7428071
917,126.6872598,45.7423489
918,126.6324602,45.7217474
919,126.6330177,45.7215527
920,126.6324612,45.7602077
921,126.6328763,45.7603398
922,126.6322412,45.7602976
923,126.6320255,45.7603921
924,126.6547876,45.7916879
925,126.6520998,45.7959676
926,126.5419282,45.7075737
927,126.5483878,45.7098358
928,126.5420325,45.7075993
929,126.5147188,45.7995348
930,126.5179076,45.7943938
931,126.5178610,45.7944764
932,126.7201638,45.7825254
933,126.7204925,45.7810667
934,126.6322024,45.7293638
935,126.6302458,45.7300419
936,126.5898575,45.7861840
937,126.5931587,45.7825944
938,126.5912854,45.7846322
939,126.5922013,45.7836359
940,126.5927729,45.7830141
941,126.6772396,45.6921456
942,126.6857123,45.6844608
943,126.6812124,45.6885493
944,126.6812608,45.6885055
945,126.6844251,45.6856411
946,126.5786977,45.8140916
947,126.5784369,45.8156129
948,126.5786836,45.8141742
949,126.5785788,45.8147823
950,126.5785590,45.8148980
951,126.5785254,45.8150950
952,126.5784978,45.8152565
953,126.5104121,45.7379714
954,126.5096370,45.7407063
955,126.5103633,45.7381288
956,126.5100664,45.7391998
957,126.6827506,45.6783970
958,126.6804830,45.6803796
959,126.6807968,45.6789072
960,126.6806442,45.6796230
961,126.6090677,45.7582026
962,126.6102043,45.7601239
963,126.6098104,45.7594655
964,126.5922839,45.6845297
965,126.5919180,45.6843990
966,126.5247910,45.7990644
967,126.5226561,45.8021198
968,126.5230240,45.8014848
969,126.6209938,45.7099840
970,126.6208231,45.7110173
971,126.6726003,45.7658233
972,126.6725608,45.7662523
973,126.7215321,45.6594665
974,126.7202898,45.6587555
975,126.6078029,45.7069606
976,126.6163666,45.7081012
977,126.6085468,45.7070318
978,126.6103640,45.7072057
979,126.6119843,45.7074276
980,126.6120849,45.7075373
981,126.6131192,45.7076528
982,126.6148178,45.7079661
983,126.6153043,45.7080190
984,126.5570413,45.6752946
985,126.5496523,45.6773806
986,126.5202095,45.8060924
987,126.5222237,45.8025264
988,126.5204324,45.8055972
989,126.6143085,45.7477409
990,126.6130263,45.7470622
991,126.6378304,45.7687733
992,126.6414508,45.7697000
993,126.6402317,45.7693789
994,126.5285360,45.8393698
995,126.5102197,45.8381111
996,126.5104038,45.8381240
997,126.5082744,45.6929770
998,126.5084612,45.6926946
999,126.7042829,45.7620906
1000,126.7051488,45.7654165
1001,126.7037863,45.7639804
1002,126.6241089,45.7452146
1003,126.6267197,45.7437306
1004,126.6151340,45.7077778
1005,126.6011315,45.7647111
1006,126.6175913,45.7598629
1007,126.6013403,45.7646089
1008,126.6026811,45.7640779
1009,126.6039607,45.7635410
1010,126.6054677,45.7629107
1011,126.6072861,45.7621513
1012,126.6074270,45.7621051
1013,126.6097775,45.7615863
1014,126.6122968,45.7610339
1015,126.6125066,45.7609979
1016,126.6128620,45.7609138
1017,126.6140402,45.7606438
1018,126.6148460,45.7604775
1019,126.6157841,45.7602770
1020,126.6167138,45.7600703
1021,126.5433956,45.7217981
1022,126.5405475,45.7210418
1023,126.5403750,45.7210090
1024,126.5356550,45.7208877
1025,126.5280449,45.7216263
1026,126.5279048,45.7216306
1027,126.5201930,45.7201150
1028,126.6430612,45.7879653
1029,126.6442772,45.7857907
1030,126.6432721,45.7875197
1031,126.6437446,45.7865759
1032,126.6957930,45.6710285
1033,126.6899468,45.6699011
1034,126.6940474,45.6706919
1035,126.6920105,45.6702990
1036,126.6277758,45.7379828
1037,126.6275900,45.7380836
1038,126.5664472,45.7160443
1039,126.5672948,45.7188841
1040,126.6747966,45.7081898
1041,126.6748673,45.7083565
1042,126.7211251,45.7806768
1043,126.7202704,45.7841332
1044,126.5959739,45.7586344
1045,126.5981653,45.7560262
1046,126.6280879,45.7390355
1047,126.6278480,45.7388227
1048,126.6280118,45.7389680
1049,126.5616541,45.8259436
1050,126.5617771,45.8274626
1051,126.5616328,45.8261257
1052,126.5473699,45.7051186
1053,126.5833672,45.7308435
1054,126.5578541,45.7128590
1055,126.5475827,45.7471701
1056,126.5474207,45.7483341
1057,126.5797633,45.7801878
1058,126.5797646,45.7805814
1059,126.5799676,45.7802886
1060,126.7450844,45.7375098
1061,126.7432989,45.7240393
1062,126.7103206,45.7219136
1063,126.7105665,45.7214177
1064,126.7099972,45.7212736
1065,126.7104119,45.7238115
1066,126.6507561,45.6852067
1067,126.6509534,45.6843117
1068,126.6175946,45.6607259
1069,126.6224563,45.6623311
1070,126.6226081,45.6616555
1071,126.6644429,45.6860332
1072,126.6664997,45.6871377
1073,126.6650006,45.6863330
1074,126.5284700,45.6684247
1075,126.5268012,45.6666765
1076,126.5275572,45.6675453
1077,126.7622358,45.7391561
1078,126.7587222,45.7312873
1079,126.7617660,45.7385277
1080,126.6309757,45.6944052
1081,126.6357428,45.6949438
1082,126.6321428,45.6945370
1083,126.6322484,45.6945490
1084,126.6337793,45.6947219
1085,126.5886763,45.7610245
1086,126.5886956,45.7606635
1087,126.5886776,45.7608216
1088,126.6293086,45.7130382
1089,126.6274180,45.7128198
1090,126.6287452,45.7129773
1091,126.6283284,45.7129325
1092,126.7533156,45.7173524
1093,126.7562331,45.7168097
1094,126.6128317,45.7528655
1095,126.6143096,45.7550738
1096,126.6140482,45.7544460
1097,126.7282029,45.7902197
1098,126.7291742,45.7900406
1099,126.7290388,45.7900829
1100,126.6148050,45.8349678
1101,126.6077709,45.8323699
1102,126.6145435,45.8348637
1103,126.6079930,45.8324504
1104,126.6570948,45.7645671
1105,126.6591017,45.7634277
1106,126.5914887,45.7563863
1107,126.5907510,45.7573420
1108,126.6895150,45.7428996
1109,126.6911735,45.7426715
1110,126.7141668,45.8032988
1111,126.7147209,45.8028319
1112,126.5800553,45.7227988
1113,126.5858670,45.7265780
1114,126.5813518,45.7236339
1115,126.5816347,45.7238184
1116,126.6242552,45.7453343
1117,126.6223955,45.7464149
1118,126.6356149,45.7560078
1119,126.6357296,45.7554265
1120,126.7229048,45.7267921
1121,126.7277048,45.7260637
1122,126.7255757,45.7263794
1123,126.7269701,45.7261722
1124,126.7272636,45.7261280
1125,126.6938197,45.7590736
1126,126.6956125,45.7592944
1127,126.6232388,45.7228849
1128,126.6226412,45.7218858
1129,126.5343759,45.8068593
1130,126.5337257,45.8074510
1131,126.6313698,45.7410615
1132,126.6316053,45.7412785
1133,126.6192231,45.7692165
1134,126.6193155,45.7689334
1135,126.6440827,45.7752065
1136,126.6471743,45.7771338
1137,126.6446419,45.7755491
1138,126.6449732,45.7757564
1139,126.6457665,45.7762380
1140,126.6889765,45.7959759
1141,126.6885138,45.7960416
1142,126.5914203,45.7557785
1143,126.7232694,45.7699616
1144,126.7233057,45.7698126
1145,126.5384112,45.6692412
1146,126.5365861,45.6699341
1147,126.6361283,45.7046826
1148,126.6369740,45.6982401
1149,126.6368992,45.6986625
1150,126.6152454,45.6937064
1151,126.6147271,45.6959859
1152,126.6148253,45.6955541
1153,126.6185134,45.7014002
1154,126.6230353,45.7019298
1155,126.6185810,45.7014069
1156,126.6202473,45.7016333
1157,126.6221445,45.7018351
1158,126.6387362,45.7365799
1159,126.6391646,45.7370965
1160,126.6404557,45.7535716
1161,126.6333941,45.7570820
1162,126.6381154,45.8199396
1163,126.6378209,45.8196755
1164,126.5954177,45.7228650
1165,126.5973099,45.7244621
1166,126.5964587,45.7238038
1167,126.5969832,45.7242497
1168,126.6670826,45.7516831
1169,126.6671456,45.7524865
1170,126.6391333,45.8184622
1171,126.6382352,45.8197086
1172,126.6208017,45.7802388
1173,126.6211517,45.7620071
1174,126.6213880,45.7604928
1175,126.6893922,45.7535326
1176,126.6885778,45.7567700
1177,126.6892635,45.7541162
1178,126.6890870,45.7547992
1179,126.6889250,45.7554262
1180,126.5463251,45.8087754
1181,126.5462375,45.8054978
1182,126.5464414,45.8077753
1183,126.6604837,45.7236739
1184,126.6631924,45.7277051
1185,126.6622621,45.7263512
1186,126.6626541,45.7269217
1187,126.5875749,45.7306586
1188,126.5889548,45.7315309
1189,126.6224608,45.7422639
1190,126.6231260,45.7425840
1191,126.6089582,45.7674570
1192,126.6104954,45.7678573
1193,126.7626675,45.7885914
1194,126.7764035,45.7903853
1195,126.7664652,45.7888544
1196,126.7696785,45.7890635
1197,126.5922880,45.7527574
1198,126.5881520,45.7584359
1199,126.6326363,45.7204714
1200,126.6322141,45.7198681
1201,126.6317128,45.7235074
1202,126.6326401,45.7253736
1203,126.6316863,45.7240659
1204,126.5456608,45.7144580
1205,126.5463644,45.7115737
1206,126.5456995,45.7142183
1207,126.5463329,45.7116522
1208,126.5009225,45.8439745
1209,126.5017000,45.8377121
1210,126.6909563,45.7463459
1211,126.6919741,45.7465281
1212,126.6909337,45.7462590
1213,126.6918236,45.7459476
1214,126.6918730,45.7461378
1215,126.6919214,45.7463248
1216,126.5908388,45.7194065
1217,126.5895296,45.7179189
1218,126.6330621,45.7400279
1219,126.6328607,45.7378975
1220,126.6327392,45.7397398
1221,126.6324605,45.7394943
1222,126.6824010,45.8203767
1223,126.6849173,45.8177965
1224,126.5345890,45.6791887
1225,126.5330475,45.6818068
1226,126.6199528,45.6722811
1227,126.6200179,45.6721302
1228,126.6429847,45.7515232
1229,126.6427467,45.7516977
1230,126.7289620,45.7705168
1231,126.7385998,45.7625045
1232,126.7383734,45.7624722
1233,126.5799670,45.7128416
1234,126.5802810,45.7125687
1235,126.6280954,45.8304745
1236,126.6317943,45.8318509
1237,126.6317344,45.8318313
1238,126.5641943,45.7821770
1239,126.5682549,45.7842532
1240,126.5671944,45.7837006
1241,126.6800563,45.7024969
1242,126.6710768,45.6912436
1243,126.6796031,45.7012368
1244,126.6786700,45.6988840
1245,126.6780772,45.6974008
1246,126.6780160,45.6972479
1247,126.6711563,45.6912869
1248,126.6971844,45.7121245
1249,126.6973635,45.7124964
1250,126.6336216,45.7661431
1251,126.6324205,45.7685733
1252,126.6335793,45.7662260
1253,126.6341932,45.7859259
1254,126.6349715,45.7851817
1255,126.6729569,45.7830805
1256,126.6718311,45.7828119
1257,126.6198590,45.6500829
1258,126.6167871,45.6644976
1259,126.6198371,45.6501591
1260,126.6185247,45.6563287
1261,126.6173773,45.6617531
1262,126.6171654,45.6627386
1263,126.5785440,45.7047182
1264,126.5884218,45.7043163
1265,126.5788412,45.7045600
1266,126.5793450,45.7043242
1267,126.5805958,45.7038744
1268,126.5833215,45.7037164
1269,126.5834867,45.7037378
1270,126.5847859,45.7038940
1271,126.5853886,45.7039636
1272,126.5859853,45.7040324
1273,126.5881311,45.7042801
1274,126.5626337,45.7744417
1275,126.6822801,45.7860844
1276,126.6816495,45.7875974
1277,126.6811576,45.7490770
1278,126.6820042,45.7491746
1279,126.6812785,45.7490910
1280,126.6814565,45.7491115
1281,126.6816799,45.7491410
1282,126.6818347,45.7491570
1283,126.6875453,45.7431463
1284,126.6861996,45.7376778
1285,126.6869620,45.7413652
1286,126.6866858,45.7403908
1287,126.6866697,45.7403298
1288,126.6864884,45.7397273
1289,126.6862457,45.7388130
1290,126.6860885,45.7382093
1291,126.7034514,45.7837567
1292,126.7050154,45.7838284
1293,126.6673692,45.6746731
1294,126.6643991,45.6754171
1295,126.6659683,45.6754463
1296,126.6425315,45.7995975
1297,126.6431060,45.7985172
1298,126.6118881,45.7117381
1299,126.6120949,45.7108455
1300,126.6119723,45.7113748
1301,126.7014454,45.7639041
1302,126.7066006,45.7643640
1303,126.7054579,45.7642196
1304,126.6422041,45.7084784
1305,126.6427550,45.7042252
1306,126.6423038,45.7076218
1307,126.6425948,45.7056571
1308,126.6426475,45.7051858
1309,126.5483036,45.7350760
1310,126.5479251,45.7350250
1311,126.5481514,45.7348364
1312,126.5968495,45.6942555
1313,126.5966945,45.6950438
1314,126.6721734,45.7584363
1315,126.6728665,45.7584985
1316,126.6149182,45.6734912
1317,126.6153285,45.6735294
1318,126.6237044,45.6918912
1319,126.6249126,45.6920052
1320,126.6621766,45.7642210
1321,126.6640761,45.7627469
1322,126.6794705,45.8239806
1323,126.5292598,45.6915528
1324,126.5295151,45.6914224
1325,126.5312265,45.6918083
1326,126.5313775,45.6921331
1327,126.5306379,45.6930535
1328,126.5289462,45.6926328
1329,126.5288826,45.6919422
1330,126.5382207,45.7307392
1331,126.5383904,45.7304718
1332,126.5390858,45.7307343
1333,126.6678844,45.7467105
1334,126.6688718,45.7469302
1335,126.6896204,45.7295292
1336,126.6904290,45.7296227
1337,126.6674323,45.7293088
1338,126.6693066,45.7246289
1339,126.6680980,45.7276467
1340,126.6684415,45.7267891
1341,126.6555538,45.7907009
1342,126.6575611,45.7913041
1343,126.7000339,45.7303354
1344,126.6996383,45.7313312
1345,126.5241364,45.6972604
1346,126.5245544,45.6973817
1347,126.6927404,45.7579961
1348,126.6929223,45.7573268
1349,126.6102121,45.7530036
1350,126.6110860,45.7527394
1351,126.5385382,45.8141230
1352,126.5381973,45.8147163
1353,126.7247690,45.7647816
1354,126.7243955,45.7664653
1355,126.6739640,45.6864492
1356,126.6816117,45.6717407
1357,126.6817199,45.6712660
1358,126.5629318,45.6922752
1359,126.6348619,45.8307532
1360,126.6224603,45.8261578
1361,126.6329103,45.8300301
1362,126.6328043,45.8299908
1363,126.6294191,45.8287471
1364,126.6292860,45.8286925
1365,126.6257804,45.8273880
1366,126.6256731,45.8273483
1367,126.5908414,45.7595714
1368,126.5922791,45.7586124
1369,126.5909633,45.7595631
1370,126.5914675,45.7595288
1371,126.6625808,45.7027897
1372,126.6588212,45.7040265
1373,126.6589870,45.7039720
1374,126.6687580,45.7238929
1375,126.6672975,45.7224162
1376,126.6683738,45.7236023
1377,126.6352734,45.8112295
1378,126.6359393,45.8114330
1379,126.6825460,45.7535067
1380,126.6857453,45.7538855
1381,126.6830521,45.7535642
1382,126.6840809,45.7536928
1383,126.6843638,45.7537281
1384,126.6847091,45.7537713
1385,126.6850132,45.7538094
1386,126.6853637,45.7538531
1387,126.5103579,45.8204291
1388,126.5122920,45.8232567
1389,126.5112341,45.8204227
1390,126.5134638,45.8209037
1391,126.5134716,45.8220669
1392,126.6559694,45.7383122
1393,126.6599177,45.7369271
1394,126.6583008,45.7375241
1395,126.5652920,45.7497083
1396,126.5661863,45.7494692
1397,126.6318023,45.7108659
1398,126.6383024,45.7098294
1399,126.6691315,45.6990703
1400,126.6654980,45.6920930
1401,126.6689766,45.6988803
1402,126.6655144,45.6921533
1403,126.5479683,45.6727392
1404,126.5565184,45.6694159
1405,126.5522147,45.6709986
1406,126.5853818,45.7556054
1407,126.5897261,45.7488302
1408,126.6804365,45.7029397
1409,126.6812540,45.7055587
1410,126.5061471,45.7629083
1411,126.5094677,45.7621336
1412,126.5048489,45.7626800
1413,126.7283695,45.7261672
1414,126.7268691,45.7263751
1415,126.6279541,45.6909745
1416,126.6253208,45.6911485
1417,126.6278897,45.6912652
1418,126.6267389,45.6911511
1419,126.6459240,45.7550065
1420,126.6462575,45.7548168
1421,126.6022827,45.7614018
1422,126.6000719,45.7609797
1423,126.7595637,45.8391266
1424,126.7520031,45.8403112
1425,126.6929533,45.7432044
1426,126.6938988,45.7432586
1427,126.6938337,45.7430768
1428,126.5147824,45.7995566
1429,126.5144233,45.8001179
1430,126.6498111,45.7415069
1431,126.6552782,45.7373261
1432,126.6535991,45.7385326
1433,126.6550961,45.7373645
1434,126.7012396,45.7849832
1435,126.7031018,45.7851993
1436,126.7016713,45.7850333
1437,126.7022637,45.7851021
1438,126.7024712,45.7851261
1439,126.5711816,45.7216920
1440,126.5667271,45.7188802
1441,126.6238157,45.6913934
1442,126.6225060,45.6912585
1443,126.6499184,45.7083512
1444,126.6509606,45.7080321
1445,126.6191299,45.7629771
1446,126.6213315,45.7631077
1447,126.5055829,45.7070831
1448,126.4883858,45.7017703
1449,126.5006564,45.7055555
1450,126.5004538,45.7054958
1451,126.4949384,45.7037890
1452,126.4944489,45.7036365
1453,126.6830731,45.7056521
1454,126.6829505,45.7052599
1455,126.6653020,45.7309465
1456,126.6630138,45.7277823
1457,126.6646956,45.7301919
1458,126.6645640,45.7300568
1459,126.6495384,45.7294769
1460,126.6480427,45.7277595
1461,126.6486041,45.7283713
1462,126.5830740,45.7886382
1463,126.5852081,45.7899441
1464,126.6236435,45.6921635
1465,126.6240110,45.6905094
1466,126.6237272,45.6917894
1467,126.6237885,45.6915149
1468,126.6238629,45.6911823
1469,126.6239380,45.6908408
1470,126.6239482,45.6907944
1471,126.5468598,45.8060525
1472,126.5471518,45.8034258
1473,126.6236239,45.7749263
1474,126.6159867,45.7732537
1475,126.6222853,45.7746570
1476,126.6214369,45.7744960
1477,126.6200697,45.7742057
1478,126.6177209,45.7737149
1479,126.6175420,45.7736780
1480,126.6160748,45.7733188
1481,126.5098844,45.7971789
1482,126.5096550,45.7963383
1483,126.5099488,45.7970838
1484,126.5101825,45.7964951
1485,126.5296790,45.6970514
1486,126.5248066,45.6971036
1487,126.5287337,45.6970271
1488,126.5265589,45.6976500
1489,126.5685412,45.7844127
1490,126.5738668,45.7872486
1491,126.5689904,45.7846484
1492,126.5696369,45.7849875
1493,126.5698271,45.7850873
1494,126.5704912,45.7854357
1495,126.5722742,45.7863939
1496,126.5675358,45.7039600
1497,126.5682625,45.7040274
1498,126.5455415,45.6501217
1499,126.5461577,45.6501906
1500,126.6324068,45.7170355
1501,126.6308065,45.7176072
1502,126.6322384,45.7170945
1503,126.6318281,45.7172381
1504,126.6315919,45.7173209
1505,126.6591948,45.7388798
1506,126.7094811,45.7759202
1507,126.7133807,45.7725485
1508,126.7123928,45.7718407
1509,126.7127431,45.7719435
1510,126.7130618,45.7720388
1511,126.7130947,45.7722169
1512,126.6450604,45.7721558
1513,126.6450113,45.7722886
1514,126.6449255,45.7723765
1515,126.6447817,45.7724518
1516,126.6443407,45.7724568
1517,126.6440856,45.7722722
1518,126.6440680,45.7722380
1519,126.6441737,45.7719009
1520,126.6448419,45.7718441
1521,126.5090535,45.7349239
1522,126.5191770,45.7362251
1523,126.5110819,45.7351888
1524,126.5111869,45.7352005
1525,126.5135017,45.7355090
1526,126.5135659,45.7355182
1527,126.5151029,45.7357200
1528,126.5151643,45.7357307
1529,126.5166238,45.7359275
1530,126.5167874,45.7359496
1531,126.5499675,45.8127491
1532,126.6559374,45.7706463
1533,126.6570389,45.7690131
1534,126.6563004,45.7701103
1535,126.5814170,45.7787912
1536,126.5811338,45.7786518
1537,126.6349718,45.8345037
1538,126.6332325,45.8368349
1539,126.6340436,45.8359028
1540,126.6336263,45.8365997
1541,126.6334376,45.8367124
1542,126.5995885,45.7444075
1543,126.6046164,45.7468842
1544,126.5996688,45.7444488
1545,126.5999556,45.7445962
1546,126.6019955,45.7456033
1547,126.6036668,45.7464284
1548,126.6522211,45.7687498
1549,126.6536155,45.7699553
1550,126.6528086,45.7692697
1551,126.6534539,45.7698109
1552,126.6660131,45.7967674
1553,126.6667660,45.7955382
1554,126.6666983,45.7956486
1555,126.7013089,45.7782670
1556,126.7021184,45.7753225
1557,126.7022260,45.7199827
1558,126.7049419,45.7196376
1559,126.6879303,45.7584956
1560,126.6883742,45.7567445
1561,126.6985417,45.7271842
1562,126.6943025,45.7269659
1563,126.5719748,45.7080484
1564,126.5716286,45.7079766
1565,126.6377928,45.6464741
1566,126.6476120,45.6532163
1567,126.6392153,45.6495000
1568,126.6405134,45.6502050
1569,126.6419449,45.6510495
1570,126.6428003,45.6515155
1571,126.6436648,45.6518477
1572,126.6458081,45.6526462
1573,126.6133382,45.7152897
1574,126.6135992,45.7140525
1575,126.5639474,45.7334072
1576,126.5642977,45.7338258
1577,126.7536436,45.7349006
1578,126.7518644,45.7303582
1579,126.7527116,45.7325391
1580,126.7039021,45.7430662
1581,126.7035924,45.7419808
1582,126.7037318,45.7424692
1583,126.7056584,45.7414206
1584,126.7058198,45.7413145
1585,126.7078399,45.7416151
1586,126.7073991,45.7417777
1587,126.7064715,45.7419029
1588,126.7054306,45.7417781
1589,126.6212425,45.8102396
1590,126.6200678,45.8080287
1591,126.6211584,45.8101336
1592,126.6203575,45.8090517
1593,126.6200667,45.8081512
1594,126.6585745,45.7851611
1595,126.6572673,45.7834360
1596,126.6325276,45.7645886
1597,126.6328171,45.7659261
1598,126.5836856,45.7829097
1599,126.5826246,45.7839406
1600,126.5833573,45.7832287
1601,126.5829131,45.7836603
1602,126.6456489,45.7103053
1603,126.6543648,45.7222828
1604,126.6464144,45.7113900
1605,126.6464735,45.7114698
1606,126.6467142,45.7118096
1607,126.6469166,45.7120954
1608,126.6481041,45.7137723
1609,126.6481667,45.7138607
1610,126.6492706,45.7154195
1611,126.6495315,45.7157879
1612,126.6497750,45.7161173
1613,126.6523452,45.7197599
1614,126.6707444,45.6913087
1615,126.6549397,45.6935854
1616,126.6658291,45.6921102
1617,126.6657529,45.6921217
1618,126.6550530,45.6935988
1619,126.6831147,45.6996738
1620,126.6388372,45.7783135
1621,126.6394496,45.7771034
1622,126.6391205,45.7779252
1623,126.6393913,45.7774311
1624,126.5873709,45.7596005
1625,126.5876787,45.7605040
1626,126.7003963,45.6759849
1627,126.6894633,45.6730032
1628,126.6986315,45.6755144
1629,126.6984936,45.6754748
1630,126.6950590,45.6744903
1631,126.5929006,45.7256728
1632,126.5934815,45.7251959
1633,126.6910274,45.7509643
1634,126.6284932,45.7162066
1635,126.6293769,45.7141129
1636,126.5996456,45.7657844
1637,126.6005265,45.7571857
1638,126.6010530,45.7646163
1639,126.6011602,45.7643154
1640,126.6015668,45.7632480
1641,126.6020891,45.7619077
1642,126.6022356,45.7593363
1643,126.6020605,45.7589139
1644,126.6016859,45.7582934
1645,126.6006169,45.7572605
1646,126.7115970,45.6764349
1647,126.6957262,45.6745270
1648,126.6296486,45.7525864
1649,126.6317559,45.7512775
1650,126.5123148,45.8041311
1651,126.5102584,45.8124509
1652,126.5121922,45.8043188
1653,126.5105022,45.8075082
1654,126.5104828,45.8075875
1655,126.5680912,45.7423091
1656,126.5618703,45.7415032
1657,126.6337019,45.6771714
1658,126.6413874,45.6779873
1659,126.7502638,45.7061827
1660,126.7503779,45.7057733
1661,126.6220252,45.7289303
1662,126.6243464,45.7296879
1663,126.6227915,45.7295395
1664,126.6243035,45.7297114
1665,126.5845621,45.8187738
1666,126.5845217,45.8181791
1667,126.7799731,45.6967872
1668,126.7787886,45.6899093
1669,126.7799504,45.6966986
1670,126.7793940,45.6935145
1671,126.7792856,45.6928939
1672,126.7792707,45.6927932
1673,126.5102997,45.8167770
1674,126.5103456,45.8180605
1675,126.5103517,45.8182596
1676,126.5103904,45.8227289
1677,126.5103783,45.8230447
1678,126.5103604,45.8235115
1679,126.5103431,45.8236787
1680,126.5103529,45.8240763
1681,126.5104198,45.8267703
1682,126.5104196,45.8268821
1683,126.5103916,45.8300065
1684,126.5103840,45.8301219
1685,126.5104177,45.8336602
1686,126.5104271,45.8338007
1687,126.5104158,45.8357113
1688,126.5104109,45.8379413
1689,126.5104051,45.8380682
1690,126.5339826,45.6934421
1691,126.5344090,45.6926114
1692,126.5337169,45.6932407
1693,126.5327723,45.6925249
1694,126.5323643,45.6919559
1695,126.5325155,45.6918595
1696,126.5326777,45.6917561
1697,126.5328382,45.6916537
1698,126.5330123,45.6915427
1699,126.5334937,45.6919111
1700,126.5355096,45.6907191
1701,126.5314164,45.6894536
1702,126.5318319,45.6908545
1703,126.5323404,45.6912784
1704,126.5333420,45.6920379
1705,126.5342354,45.6927193
1706,126.4943496,45.7973069
1707,126.5028601,45.7986973
1708,126.4944281,45.7973503
1709,126.7169623,45.7516180
1710,126.7178683,45.7455097
1711,126.7171812,45.7507113
1712,126.7173552,45.7500952
1713,126.7177408,45.7486302
1714,126.7178725,45.7477546
1715,126.7178938,45.7464589
1716,126.5873569,45.7460515
1717,126.5856035,45.7436358
1718,126.5594535,45.7813670
1719,126.5634154,45.7834634
1720,126.5629227,45.7832038
1721,126.6974280,45.7524022
1722,126.6970634,45.7537762
1723,126.6783700,45.7784375
1724,126.6779923,45.7806460
1725,126.6778649,45.7796690
1726,126.6170947,45.7608756
1727,126.6160990,45.7610401
1728,126.5282561,45.8156606
1729,126.5302133,45.8156392
1730,126.6982873,45.7430118
1731,126.6964661,45.7432431
1732,126.6212836,45.7387899
1733,126.6212050,45.7386805
1734,126.5773692,45.7871896
1735,126.5768519,45.7892708
1736,126.5160352,45.6851150
1737,126.4639579,45.6583607
1738,126.5088664,45.6814277
1739,126.5515144,45.8233101
1740,126.5516279,45.8231643
1741,126.5838725,45.7584427
1742,126.5804196,45.7563676
1743,126.6072090,45.7233739
1744,126.6049723,45.7241749
1745,126.6051573,45.7241014
1746,126.6312137,45.7222853
1747,126.6315551,45.7217271
1748,126.6849317,45.6984418
1749,126.6833795,45.6998055
1750,126.6123809,45.7982857
1751,126.6162038,45.7978946
1752,126.6133897,45.7981786
1753,126.6863547,45.7961113
1754,126.6884715,45.7957749
1755,126.7644220,45.8422060
1756,126.7370947,45.8398386
1757,126.7602872,45.8420193
1758,126.7601422,45.8420165
1759,126.7422417,45.8401598
1760,126.7409002,45.8398529
1761,126.7372378,45.8398333
1762,126.6686066,45.7576377
1763,126.6745895,45.7583010
1764,126.7199418,45.7384616
1765,126.7194577,45.7384576
1766,126.6881058,45.7245652
1767,126.6373482,45.7558103
1768,126.6519986,45.7685623
1769,126.6378569,45.7563839
1770,126.6388486,45.7572352
1771,126.6398526,45.7581033
1772,126.6399279,45.7581665
1773,126.6410624,45.7591465
1774,126.6423081,45.7602095
1775,126.6434560,45.7611930
1776,126.6447979,45.7623405
1777,126.6460336,45.7634125
1778,126.6472413,45.7644457
1779,126.6483873,45.7654237
1780,126.6484506,45.7654832
1781,126.6496900,45.7665517
1782,126.6508923,45.7675906
1783,126.5954009,45.7230722
1784,126.5990658,45.7261750
1785,126.5983131,45.7254453
1786,126.7259362,45.7214762
1787,126.7223244,45.7092543
1788,126.7254251,45.7198070
1789,126.7245986,45.7171433
1790,126.7245628,45.7170325
1791,126.7241443,45.7156951
1792,126.7240924,45.7154848
1793,126.5395524,45.7383842
1794,126.5415962,45.7386386
1795,126.6900932,45.8002861
1796,126.6896062,45.7996852
1797,126.6305975,45.7539501
1798,126.6338428,45.7567284
1799,126.6320296,45.7551615
1800,126.6328465,45.7558563
1801,126.6088603,45.7396088
1802,126.6085204,45.7395372
1803,126.6543077,45.7760982
1804,126.6608333,45.7723933
1805,126.6543649,45.7760663
1806,126.6558395,45.7752108
1807,126.6563465,45.7749169
1808,126.6580082,45.7740030
1809,126.6582980,45.7738404
1810,126.6590723,45.7734061
1811,126.6593270,45.7732711
1812,126.5191746,45.7362527
1813,126.5090390,45.7349665
1814,126.5151522,45.7357674
1815,126.5150894,45.7357590
1816,126.5135531,45.7355546
1817,126.5134908,45.7355459
1818,126.5111788,45.7352421
1819,126.5110685,45.7352241
1820,126.6961751,45.7835614
1821,126.6958984,45.7841991
1822,126.5396017,45.7144198
1823,126.5403884,45.7209160
1824,126.5403966,45.7175180
1825,126.5403737,45.7173922
1826,126.5396260,45.7146573
1827,126.6858527,45.7311071
1828,126.6908105,45.7486708
1829,126.6861382,45.7319751
1830,126.6861592,45.7320447
1831,126.6869911,45.7344893
1832,126.6870197,45.7345918
1833,126.6878248,45.7374152
1834,126.6878383,45.7374617
1835,126.6885648,45.7400670
1836,126.6885810,45.7401241
1837,126.6891136,45.7419558
1838,126.6893798,45.7428918
1839,126.6893994,45.7429625
1840,126.6896235,45.7437699
1841,126.6898848,45.7446856
1842,126.6901852,45.7457446
1843,126.6902028,45.7458065
1844,126.6903795,45.7464207
1845,126.6908054,45.7484804
1846,126.6908090,45.7486148
1847,126.6802198,45.6773529
1848,126.6758193,45.6768701
1849,126.5970994,45.7704640
1850,126.6050944,45.7667125
1851,126.5986230,45.7697981
1852,126.6004863,45.7689457
1853,126.6016353,45.7683972
1854,126.6027935,45.7678501
1855,126.6039543,45.7673017
1856,126.7032004,45.7441688
1857,126.7088808,45.7434613
1858,126.7043184,45.7440255
1859,126.7047518,45.7439700
1860,126.7056824,45.7438509
1861,126.7061490,45.7437912
1862,126.7067794,45.7437105
1863,126.7076215,45.7436027
1864,126.6812626,45.6733028
1865,126.6810919,45.6732885
1866,126.6807747,45.6746714
1867,126.6751806,45.7066027
1868,126.6758719,45.7053868
1869,126.7020499,45.6767069
1870,126.6511038,45.7153898
1871,126.6265504,45.7554403
1872,126.6302684,45.7539048
1873,126.6270575,45.7552482
1874,126.6286763,45.7545456
1875,126.6287636,45.7545095
1876,126.6330707,45.7768468
1877,126.6332439,45.7767738
1878,126.6337860,45.7765503
1879,126.6353421,45.7759030
1880,126.6371760,45.7751158
1881,126.6391653,45.7743150
1882,126.6392422,45.7742858
1883,126.6392970,45.7742588
1884,126.6398427,45.7740278
1885,126.6409098,45.7735873
1886,126.5472795,45.8006754
1887,126.5400241,45.7986874
1888,126.6889277,45.7627666
1889,126.6882138,45.7654441
1890,126.6002016,45.7465910
1891,126.5985370,45.7448944
1892,126.5985885,45.7449469
1893,126.5859878,45.6598004
1894,126.5872010,45.6597298
1895,126.6433687,45.7727506
1896,126.6411732,45.7736580
1897,126.5434571,45.7056289
1898,126.5440377,45.7067308
1899,126.6266647,45.6508779
1900,126.5869133,45.7882022
1901,126.5918039,45.7914144
1902,126.5897893,45.7893573
1903,126.5124286,45.7228655
1904,126.5164629,45.7095558
1905,126.5124927,45.7226521
1906,126.5134604,45.7191478
1907,126.5134904,45.7190566
1908,126.5145231,45.7152156
1909,126.5146156,45.7149695
1910,126.5153329,45.7128927
1911,126.5729995,45.7485157
1912,126.5748000,45.7472792
1913,126.6648516,45.7451153
1914,126.6638863,45.7458377
1915,126.6647273,45.7452083
1916,126.6603931,45.7670193
1917,126.6610045,45.7667065
1918,126.6375146,45.7320486
1919,126.6340069,45.7530285
1920,126.6341207,45.7529612
1921,126.5233935,45.7127112
1922,126.5226463,45.7144313
1923,126.7133332,45.7150625
1924,126.7137089,45.7167754
1925,126.6313233,45.7461551
1926,126.6280330,45.7433508
1927,126.6301471,45.7451618
1928,126.6291879,45.7443337
1929,126.6001287,45.7901184
1930,126.6004553,45.7906555
1931,126.6006833,45.7903934
1932,126.5582849,45.8348365
1933,126.5557849,45.8358745
1934,126.5579827,45.8349691
1935,126.5560434,45.8357612
1936,126.5752217,45.7310749
1937,126.5717799,45.7336903
1938,126.7782881,45.7462782
1939,126.7795798,45.7420252
1940,126.6161925,45.7725125
1941,126.6181403,45.7727899
1942,126.6163126,45.7725333
1943,126.6179264,45.7727581
1944,126.6354911,45.7210385
1945,126.6373367,45.7204201
1946,126.6359390,45.7208884
1947,126.5487102,45.7192156
1948,126.5495234,45.7192042
1949,126.5814928,45.7370900
1950,126.5855453,45.7399716
1951,126.5828860,45.7379621
1952,126.5841165,45.7387325
1953,126.5849438,45.7392503
1954,126.5618924,45.7503209
1955,126.5618433,45.7508196
1956,126.5618521,45.7504439
1957,126.6556046,45.7667486
1958,126.6548104,45.7672689
1959,126.6547094,45.7673300
1960,126.6535628,45.7679902
1961,126.6529789,45.7683221
1962,126.5747964,45.7681805
1963,126.5844202,45.7610299
1964,126.8405636,45.6928463
1965,126.7777598,45.6536464
1966,126.7891784,45.6615073
1967,126.6900077,45.6935202
1968,126.6991227,45.6852903
1969,126.5591942,45.6685195
1970,126.5651176,45.6692308
1971,126.5618864,45.6689396
1972,126.6305345,45.7629023
1973,126.6325698,45.7631791
1974,126.6312280,45.7630036
1975,126.6313872,45.7630294
1976,126.6318259,45.7630875
1977,126.6735385,45.7723180
1978,126.6723622,45.7716952
1979,126.6731966,45.7717234
1980,126.6614814,45.6633198
1981,126.6626933,45.6634493
1982,126.6429455,45.7441036
1983,126.6393564,45.7382284
1984,126.6393622,45.7383140
1985,126.6393799,45.7384719
1986,126.6394295,45.7390815
1987,126.6394978,45.7397061
1988,126.6395711,45.7404828
1989,126.6396183,45.7410559
1990,126.6397689,45.7416609
1991,126.6402325,45.7421315
1992,126.6410527,45.7427268
1993,126.6416442,45.7431562
1994,126.7030804,45.7988309
1995,126.7001088,45.8036474
1996,126.5228420,45.7126273
1997,126.5664914,45.8281732
1998,126.5651795,45.8288422
1999,126.5724147,45.7886142
2000,126.5727355,45.7883150
2001,126.5738360,45.7872790
2002,126.5661012,45.7185381
2003,126.5454698,45.8315911
2004,126.5558944,45.8326373
2005,126.5481224,45.8324925
2006,126.5500358,45.8331305
2007,126.5503782,45.8332473
2008,126.5515166,45.8336529
2009,126.5535001,45.8337120
2010,126.5555915,45.8327939
2011,126.5780241,45.7326813
2012,126.7621708,45.8345351
2013,126.7665506,45.8321276
2014,126.6395683,45.7352669
2015,126.6608888,45.7489103
2016,126.6410114,45.7366477
2017,126.6417408,45.7371239
2018,126.6524206,45.7437094
2019,126.5558967,45.8132177
2020,126.5566148,45.8132546
2021,126.5526435,45.6711616
2022,126.5470978,45.6733875
2023,126.6662890,45.8329336
2024,126.6713116,45.8298597
2025,126.6710912,45.8299639
2026,126.7016978,45.7391055
2027,126.7025909,45.7424851
2028,126.7438624,45.7491283
2029,126.7428633,45.7494487
2030,126.7424016,45.7496038
2031,126.7418047,45.7497864
2032,126.6972064,45.7460861
2033,126.6995539,45.7445634
2034,126.6984752,45.7459175
2035,126.6992210,45.7458184
2036,126.6998705,45.7457321
2037,126.7590851,45.7340792
2038,126.7590820,45.7339594
2039,126.6198519,45.6728816
2040,126.6178335,45.8313339
2041,126.6044004,45.8263463
2042,126.6173960,45.8311685
2043,126.6130496,45.8295251
2044,126.6108563,45.8286958
2045,126.6106234,45.8286078
2046,126.6044925,45.8263786
2047,126.5050662,45.6858533
2048,126.5062220,45.6801611
2049,126.5053541,45.6838135
2050,126.5848699,45.7317001
2051,126.5879197,45.7293622
2052,126.5868106,45.7301677
2053,126.5428604,45.7541150
2054,126.5413208,45.7542097
2055,126.5432799,45.7555194
2056,126.7536620,45.7941091
2057,126.7510001,45.7944282
2058,126.7526533,45.7942329
2059,126.7103182,45.7241712
2060,126.7103553,45.7241711
2061,126.7341342,45.7253326
2062,126.7330934,45.7255756
2063,126.5522010,45.8133509
2064,126.5520377,45.8147035
2065,126.5521901,45.8134289
2066,126.5192933,45.7422198
2067,126.5533388,45.7393101
2068,126.5357071,45.7367419
2069,126.5509624,45.7389638
2070,126.5493831,45.7387336
2071,126.5441598,45.7380734
2072,126.5440184,45.7380580
2073,126.5418783,45.7377170
2074,126.5383663,45.7371518
2075,126.7064349,45.7421044
2076,126.7082685,45.7419058
2077,126.7074612,45.7420199
2078,126.6420316,45.6765760
2079,126.6420834,45.6770291
2080,126.6826731,45.6884274
2081,126.6852077,45.6861022
2082,126.7213274,45.7327251
2083,126.7194206,45.7329877
2084,126.5338635,45.8010698
2085,126.5248923,45.7990427
2086,126.5335630,45.8009474
2087,126.5324401,45.8005829
2088,126.5268966,45.7993393
2089,126.5257031,45.7991529
2090,126.6074164,45.7315376
2091,126.6051127,45.7281570
2092,126.6174823,45.7549382
2093,126.6152788,45.7550403
2094,126.6162934,45.7549933
2095,126.5123035,45.8227111
2096,126.6124431,45.8393178
2097,126.6341256,45.8473348
2098,126.6126841,45.8394037
2099,126.6193081,45.8418610
2100,126.6194227,45.8419036
2101,126.6280562,45.8450488
2102,126.6282489,45.8451108
2103,126.6335782,45.8471130
2104,126.6338284,45.8472168
2105,126.5415520,45.6757561
2106,126.5363761,45.6779245
2107,126.5351144,45.6786699
2108,126.5347056,45.6790497
2109,126.6132460,45.7708554
2110,126.6165453,45.7713181
2111,126.6143881,45.7710210
2112,126.5343428,45.6928302
2113,126.5497715,45.7200224
2114,126.5489634,45.7200440
2115,126.6823697,45.6748294
2116,126.6812887,45.6747223
2117,126.6823111,45.6748236
2118,126.5695433,45.7089649
2119,126.5690178,45.7091755
2120,126.6431112,45.7027661
2121,126.6450167,45.7029123
2122,126.6440805,45.7028458
2123,126.6598398,45.7737354
2124,126.6621869,45.7755731
2125,126.6621957,45.7749546
2126,126.6765708,45.7328205
2127,126.6692458,45.7312570
2128,126.6758817,45.7326700
2129,126.6751435,45.7325095
2130,126.6721816,45.7318830
2131,126.6465252,45.6957669
2132,126.6443346,45.6958884
2133,126.6967552,45.7443233
2134,126.7024311,45.7435747
2135,126.6977042,45.7441987
2136,126.6980931,45.7441460
2137,126.6985886,45.7440789
2138,126.6990230,45.7441671
2139,126.6995310,45.7440981
2140,126.7000317,45.7440302
2141,126.7004334,45.7438490
2142,126.7009164,45.7437844
2143,126.7013120,45.7437316
2144,126.7018609,45.7436582
2145,126.5279144,45.8124925
2146,126.5273827,45.8236404
2147,126.5279067,45.8126464
2148,126.5278819,45.8128118
2149,126.5278650,45.8129693
2150,126.5277114,45.8163518
2151,126.5276820,45.8177196
2152,126.5276551,45.8180291
2153,126.5276419,45.8182035
2154,126.5276198,45.8185333
2155,126.5273846,45.8234631
2156,126.5023407,45.7995563
2157,126.5028492,45.7987145
2158,126.7368072,45.7512038
2159,126.7435743,45.7489757
2160,126.7418508,45.7495388
2161,126.7423053,45.7493919
2162,126.7427288,45.7492539
2163,126.7134925,45.7517303
2164,126.7123481,45.7543955
2165,126.5341418,45.8022413
2166,126.5342015,45.8017468
2167,126.7222159,45.7769005
2168,126.7197108,45.7915778
2169,126.7217953,45.7785518
2170,126.7217727,45.7786168
2171,126.7207715,45.7826545
2172,126.7207498,45.7827322
2173,126.7197573,45.7865879
2174,126.7197074,45.7914512
2175,126.6213711,45.7596100
2176,126.6207284,45.7587259
2177,126.7179302,45.7383664
2178,126.7191401,45.7390556
2179,126.6726526,45.7395775
2180,126.6722144,45.7396394
2181,126.6414967,45.7471141
2182,126.6410903,45.7464695
2183,126.6748761,45.7463388
2184,126.6742690,45.7278463
2185,126.6760055,45.7281964
2186,126.6750838,45.7280104
2187,126.6486976,45.6502919
2188,126.6496018,45.6504191
2189,126.5893415,45.7291264
2190,126.5864294,45.7271713
2191,126.5892009,45.7290131
2192,126.5880211,45.7282291
2193,126.6513418,45.7266907
2194,126.6525531,45.7283958
2195,126.6513838,45.7267499
2196,126.6334413,45.7838937
2197,126.6331404,45.7842572
2198,126.7062210,45.7677115
2199,126.7071477,45.7623080
2200,126.7065452,45.7663412
2201,126.7061021,45.7661868
2202,126.7071108,45.7624515
2203,126.7071333,45.7623665
2204,126.7067981,45.8099517
2205,126.7064954,45.8097554
2206,126.7063830,45.8096948
2207,126.6987330,45.8048582
2208,126.6982395,45.8046161
2209,126.6976209,45.8037563
2210,126.6974710,45.8036660
2211,126.6948363,45.8027466
2212,126.6936318,45.8023649
2213,126.6223237,45.7629405
2214,126.6225665,45.7626008
2215,126.6223891,45.7628475
2216,126.5228621,45.7453778
2217,126.5228665,45.7452051
2218,126.6734305,45.7581986
2219,126.6688675,45.7576767
2220,126.6700775,45.7577847
2221,126.6695325,45.7577175
2222,126.5840971,45.7828878
2223,126.6991701,45.7633797
2224,126.6996673,45.7615190
2225,126.5190198,45.7440091
2226,126.5191947,45.7443208
2227,126.7215227,45.6688448
2228,126.7160887,45.6736042
2229,126.6136878,45.7691017
2230,126.6170663,45.7695538
2231,126.6147062,45.7692401
2232,126.5909852,45.7598422
2233,126.7079608,45.7139746
2234,126.7082109,45.7139435
2235,126.5864540,45.7601284
2236,126.5790439,45.7074510
2237,126.5803556,45.7065716
2238,126.6245300,45.7625726
2239,126.6220862,45.7629984
2240,126.6198550,45.7637206
2241,126.6188120,45.7640955
2242,126.6186343,45.7641575
2243,126.6338719,45.7175247
2244,126.6331661,45.7177717
2245,126.6719367,45.7954663
2246,126.6713131,45.7970743
2247,126.6716673,45.7963434
2248,126.6713791,45.7969646
2249,126.5590063,45.7134270
2250,126.5597958,45.7126679
2251,126.6292296,45.7107997
2252,126.6297859,45.7105878
2253,126.6132584,45.7118717
2254,126.6114166,45.7116933
2255,126.6115404,45.7117034
2256,126.6767454,45.7843012
2257,126.6757237,45.7858536
2258,126.6180237,45.7034867
2259,126.6080799,45.7026062
2260,126.6156358,45.7032488
2261,126.6129643,45.7029342
2262,126.6113946,45.7027684
2263,126.5109000,45.6981449
2264,126.4936893,45.6927470
2265,126.5061891,45.6967050
2266,126.5059850,45.6966418
2267,126.5004951,45.6949492
2268,126.5000457,45.6948037
2269,126.6036312,45.7334763
2270,126.6029302,45.7337386
2271,126.6175313,45.7302909
2272,126.6244032,45.7359632
2273,126.6181092,45.7307680
2274,126.6183964,45.7310050
2275,126.6191807,45.7316524
2276,126.6200373,45.7323595
2277,126.6207248,45.7329270
2278,126.6208202,45.7330058
2279,126.6217875,45.7338041
2280,126.6218895,45.7338883
2281,126.6225627,45.7344441
2282,126.6233636,45.7351051
2283,126.6243192,45.7358939
2284,126.7422673,45.7476451
2285,126.7374521,45.7436875
2286,126.7157504,45.7734651
2287,126.7167631,45.7691527
2288,126.7785833,45.6760689
2289,126.7784974,45.6749591
2290,126.7785518,45.6756613
2291,126.7785225,45.6752830
2292,126.5746054,45.7677245
2293,126.5744066,45.7698464
2294,126.5757415,45.7688069
2295,126.5753837,45.7691138
2296,126.7435167,45.7196192
2297,126.7534620,45.7181650
2298,126.7475433,45.7189985
2299,126.7477010,45.7189772
2300,126.6611323,45.7495487
2301,126.6612135,45.7489544
2302,126.6611642,45.7493500
2303,126.5924662,45.7384497
2304,126.5478951,45.8008958
2305,126.5478008,45.8016009
2306,126.5476960,45.8023853
2307,126.6622294,45.7672789
2308,126.6621982,45.7676018
2309,126.6114291,45.7149976
2310,126.6113905,45.7151695
2311,126.6725552,45.6899739
2312,126.6778807,45.6870104
2313,126.6762457,45.6884703
2314,126.7540421,45.7196300
2315,126.7618927,45.7179918
2316,126.7541904,45.7196008
2317,126.7563805,45.7191690
2318,126.6426454,45.7658031
2319,126.6415916,45.7653675
2320,126.6437736,45.7646995
2321,126.6438237,45.7650377
2322,126.7105531,45.7438708
2323,126.7092332,45.7440469
2324,126.7096997,45.7439854
2325,126.6901876,45.7284427
2326,126.5124922,45.6965668
2327,126.5116158,45.6979618
2328,126.6301616,45.7611806
2329,126.6628372,45.7421605
2330,126.6641261,45.7419943
2331,126.5793763,45.7841541
2332,126.5746320,45.7803507
2333,126.5793467,45.7840177
2334,126.5790458,45.7828459
2335,126.5789007,45.7824129
2336,126.5769436,45.7815660
2337,126.5747962,45.7804270
2338,126.5947101,45.8213114
2339,126.6056636,45.8248233
2340,126.5947993,45.8213477
2341,126.6000861,45.8230550
2342,126.6020231,45.8236859
2343,126.6054068,45.8247886
2344,126.6423367,45.8384234
2345,126.6422966,45.8384718
2346,126.5738093,45.7460479
2347,126.5748199,45.7462001
2348,126.5742474,45.7461137
2349,126.5841358,45.8198641
2350,126.5848020,45.8225813
2351,126.6272814,45.7708397
2352,126.6283541,45.7786657
2353,126.6272416,45.7709208
2354,126.6265274,45.7737016
2355,126.6272193,45.7756856
2356,126.6272799,45.7758449
2357,126.6277984,45.7774182
2358,126.6289146,45.7776690
2359,126.6284088,45.7785568
2360,126.6692220,45.7811207
2361,126.6700846,45.7807208
2362,126.6012404,45.7644450
2363,126.5997244,45.7658921
2364,126.6528036,45.7913725
2365,126.6504214,45.7954521
2366,126.6518692,45.7929749
2367,126.6514661,45.7936616
2368,126.6510963,45.7942583
2369,126.6507399,45.7948540
2370,126.6025450,45.7606921
2371,126.6150524,45.7566805
2372,126.6040886,45.7601117
2373,126.6053754,45.7596183
2374,126.6055590,45.7595479
2375,126.6068582,45.7590477
2376,126.6079378,45.7586264
2377,126.6100391,45.7578365
2378,126.6101438,45.7577888
2379,126.6113470,45.7573286
2380,126.6123580,45.7569409
2381,126.6132498,45.7566081
2382,126.6142143,45.7562291
2383,126.5702653,45.7401561
2384,126.5692234,45.7458799
2385,126.6733027,45.7394327
2386,126.6740498,45.7393299
2387,126.6732411,45.7392098
2388,126.6733531,45.7386875
2389,126.6739934,45.7391165
2390,126.6265484,45.8210225
2391,126.6260375,45.8208299
2392,126.7509696,45.7565393
2393,126.7515810,45.7566296
2394,126.7009091,45.7897905
2395,126.7008554,45.7899876
2396,126.6037994,45.7330694
2397,126.6049649,45.7324806
2398,126.6585748,45.7232941
2399,126.6607689,45.7244170
2400,126.6030709,45.7337864
2401,126.7120146,45.7182561
2402,126.7125250,45.7161013
2403,126.6818817,45.7483254
2404,126.6192077,45.7688152
2405,126.6191430,45.7690881
2406,126.5521091,45.7174599
2407,126.5554330,45.7195513
2408,126.5525489,45.7177367
2409,126.5534075,45.7182769
2410,126.5543772,45.7188870
2411,126.5625005,45.7440655
2412,126.5653826,45.7444541
2413,126.6120498,45.6842600
2414,126.6103167,45.6840724
2415,126.6425963,45.7197374
2416,126.6393099,45.7209473
2417,126.6408531,45.7203479
2418,126.7178602,45.7275848
2419,126.7228942,45.7268650
2420,126.7203594,45.7272233
2421,126.7205613,45.7271970
2422,126.7215357,45.7270579
2423,126.7497691,45.7614128
2424,126.7622080,45.7629643
2425,126.7535306,45.7618791
2426,126.7115785,45.7916222
2427,126.7115233,45.7954519
2428,126.7115793,45.7917721
2429,126.5912155,45.7378274
2430,126.5915270,45.7376445
2431,126.6191383,45.7785775
2432,126.6191507,45.7784142
2433,126.5631282,45.8135185
2434,126.5631132,45.8137058
2435,126.5630838,45.8138818
2436,126.5630655,45.8140198
2437,126.5625188,45.8183381
2438,126.5622571,45.8206096
2439,126.5620959,45.8221571
2440,126.5618624,45.8239744
2441,126.5548779,45.8201633
2442,126.5538630,45.8216056
2443,126.7464620,45.7234712
2444,126.7551882,45.7222057
2445,126.7492906,45.7230724
2446,126.7494540,45.7230492
2447,126.7538347,45.7224110
2448,126.7550573,45.7222310
2449,126.6287546,45.7399109
2450,126.6292101,45.7392122
2451,126.5835702,45.7578079
2452,126.5805056,45.7562698
2453,126.5410891,45.7536274
2454,126.5384892,45.7475060
2455,126.6858414,45.7833288
2456,126.6894173,45.7837782
2457,126.6780089,45.6720864
2458,126.6676078,45.7437979
2459,126.6694746,45.7439372
2460,126.6699345,45.7439695
2461,126.6710137,45.7440471
2462,126.6719559,45.7441125
2463,126.6729416,45.7441830
2464,126.6774993,45.7445331
2465,126.6776542,45.7445305
2466,126.6798787,45.7442176
2467,126.6833908,45.7437237
2468,126.6835200,45.7437055
2469,126.6889252,45.7429549
2470,126.6890650,45.7429355
2471,126.6892670,45.7429074
2472,126.6839918,45.7966372
2473,126.6755870,45.7983976
2474,126.6818918,45.7977548
2475,126.6312289,45.7107564
2476,126.6074486,45.7273518
2477,126.6063027,45.7256780
2478,126.7735019,45.7419741
2479,126.7797005,45.7420262
2480,126.7291985,45.7705456
2481,126.7576332,45.7740319
2482,126.7362322,45.7713940
2483,126.7408222,45.7719587
2484,126.7433092,45.7722656
2485,126.7466790,45.7726803
2486,126.7467954,45.7726952
2487,126.7522350,45.7733571
2488,126.7535073,45.7735125
2489,126.7570839,45.7739612
2490,126.5942615,45.7244959
2491,126.5853325,45.7205692
2492,126.5850164,45.7204746
2493,126.5782513,45.7144022
2494,126.5780977,45.7142650
2495,126.5745914,45.7107498
2496,126.5996022,45.7628947
2497,126.6751910,45.7263313
2498,126.6763554,45.7265834
2499,126.6757910,45.7264612
2500,126.6402997,45.7842177
2501,126.6434320,45.7813619
2502,126.6416609,45.7830290
2503,126.6813968,45.7059182
2504,126.6561482,45.7136207
2505,126.6522271,45.7149958
2506,126.6557526,45.7137594
2507,126.6164729,45.7174546
2508,126.6162132,45.7170095
2509,126.5817663,45.8136013
2510,126.5587909,45.7363949
2511,126.5632158,45.7345664
2512,126.7265635,45.7457324
2513,126.6854805,45.7311557
2514,126.6845747,45.7274943
2515,126.6847319,45.7283848
2516,126.6438901,45.7405460
2517,126.6426839,45.7405777
2518,126.6437722,45.7405496
2519,126.6430406,45.7406548
2520,126.7348057,45.7252290
2521,126.7335675,45.7211827
2522,126.7347644,45.7251065
2523,126.6120114,45.7757549
2524,126.6151310,45.7761152
2525,126.6139730,45.7759817
2526,126.5914454,45.6936988
2527,126.5906427,45.6940191
2528,126.7801629,45.7169651
2529,126.7724642,45.7185815
2530,126.7012047,45.7886174
2531,126.7010065,45.7894688
2532,126.7011308,45.7889391
2533,126.7010616,45.7892339
2534,126.5694124,45.7088412
2535,126.5716203,45.7078869
2536,126.5706442,45.7083088
2537,126.5710708,45.7081244
2538,126.5798124,45.7131812
2539,126.5759804,45.7162415
2540,126.5784421,45.7142477
2541,126.5762843,45.7159954
2542,126.5761911,45.7160819
2543,126.6373407,45.8203465
2544,126.6376341,45.8199174
2545,126.6374964,45.8201176
2546,126.6376037,45.8199618
2547,126.6831886,45.7393344
2548,126.6833657,45.7398908
2549,126.6840167,45.7402378
2550,126.6843642,45.7397501
2551,126.7291322,45.7896238
2552,126.7291322,45.7894479
2553,126.6909520,45.7576106
2554,126.6908236,45.7573985
2555,126.5339124,45.8062158
2556,126.5346450,45.8065266
2557,126.5832951,45.7773936
2558,126.5834530,45.7775388
2559,126.6858356,45.7063652
2560,126.6875670,45.7122269
2561,126.6674561,45.7223636
2562,126.6623922,45.7151806
2563,126.6642499,45.7178619
2564,126.6984415,45.7895449
2565,126.6948016,45.7891232
2566,126.6954650,45.7892001
2567,126.6988982,45.7904545
2568,126.7104848,45.7916395
2569,126.5470016,45.6732592
2570,126.5525168,45.6710364
2571,126.6527646,45.8274767
2572,126.6582669,45.8295337
2573,126.6244347,45.7386318
2574,126.6231461,45.7375149
2575,126.6393837,45.7709765
2576,126.6380102,45.7735978
2577,126.6379736,45.7736671
2578,126.7349904,45.7123839
2579,126.7241873,45.7131820
2580,126.7311716,45.7127013
2581,126.7310917,45.7127079
2582,126.7242555,45.7131799
2583,126.5344064,45.6713894
2584,126.5316448,45.6726484
2585,126.5348732,45.7180554
2586,126.5333461,45.7182877
2587,126.6383614,45.7118190
2588,126.6419153,45.7183375
2589,126.6390920,45.7142410
2590,126.6405631,45.7163457
2591,126.6406526,45.7164738
2592,126.7021290,45.7498464
2593,126.7036356,45.7481135
2594,126.6326264,45.7437736
2595,126.6377855,45.7496935
2596,126.6337481,45.7447680
2597,126.6352130,45.7460277
2598,126.6362794,45.7470708
2599,126.6369949,45.7483133
2600,126.6370854,45.7484420
2601,126.6767765,45.7841273
2602,126.6863842,45.7653441
2603,126.6847374,45.7717746
2604,126.6848143,45.7714737
2605,126.6863623,45.7654315
2606,126.6146178,45.6746966
2607,126.6152601,45.6747667
2608,126.6041082,45.7745380
2609,126.6044930,45.7739204
2610,126.6041835,45.7744047
2611,126.6001024,45.8328648
2612,126.6032748,45.8340508
2613,126.6011510,45.8332473
2614,126.6017772,45.8334886
2615,126.6609695,45.7625457
2616,126.6616131,45.7615392
2617,126.6839835,45.7196513
2618,126.6838246,45.7171138
2619,126.6891222,45.7987253
2620,126.6897707,45.7996198
2621,126.6667327,45.7299381
2622,126.6668207,45.7301923
2623,126.6892411,45.7899364
2624,126.6724774,45.7848201
2625,126.6860911,45.7889555
2626,126.6839974,45.7883244
2627,126.6794987,45.7869813
2628,126.6767471,45.7861880
2629,126.6755766,45.7858083
2630,126.6727363,45.7849026
2631,126.7041700,45.7529024
2632,126.7035315,45.7528265
2633,126.6596237,45.7726791
2634,126.6597867,45.7721285
2635,126.6543615,45.7889812
2636,126.6529127,45.7912757
2637,126.6532426,45.7907276
2638,126.5919310,45.8252488
2639,126.6021965,45.8289812
2640,126.5970301,45.8270999
2641,126.5994708,45.8279932
2642,126.5481348,45.6648848
2643,126.5497424,45.6672391
2644,126.5497177,45.6678939
2645,126.6782541,45.7520302
2646,126.6799507,45.7478867
2647,126.6783337,45.7516672
2648,126.6784709,45.7511040
2649,126.6786387,45.7505525
2650,126.6793954,45.7501341
2651,126.6794819,45.7497745
2652,126.6796622,45.7491218
2653,126.6799326,45.7480075
2654,126.6848913,45.7577518
2655,126.6869151,45.7565274
2656,126.6858305,45.7579168
2657,126.6865811,45.7580139
2658,126.7532374,45.7375098
2659,126.7505942,45.7306450
2660,126.7528306,45.7364542
2661,126.7523311,45.7351578
2662,126.7514189,45.7327905
2663,126.6345496,45.6857593
2664,126.6394389,45.6868981
2665,126.6807217,45.7017548
2666,126.6813513,45.7011917
2667,126.6109341,45.7455890
2668,126.6071137,45.7473122
2669,126.6098857,45.7460547
2670,126.6094963,45.7462277
2671,126.6086562,45.7466124
2672,126.6078348,45.7469905
2673,126.6254412,45.6906641
2674,126.6225871,45.6916644
2675,126.6224939,45.6913292
2676,126.6225409,45.6910558
2677,126.6226102,45.6906941
2678,126.6226217,45.6906341
2679,126.6226687,45.6903882
2680,126.6547473,45.8249123
2681,126.6517755,45.8240461
2682,126.6458644,45.7532417
2683,126.6553580,45.7458989
2684,126.6461704,45.7530586
2685,126.6470294,45.7525060
2686,126.6480984,45.7517082
2687,126.6493412,45.7507013
2688,126.6506329,45.7497285
2689,126.6516764,45.7488541
2690,126.6529691,45.7477960
2691,126.6542462,45.7468144
2692,126.6827730,45.6870303
2693,126.6827470,45.6841069
2694,126.6578323,45.7566119
2695,126.6517748,45.7513026
2696,126.6558968,45.7549155
2697,126.6539867,45.7532414
2698,126.6528786,45.7522701
2699,126.6372005,45.6661436
2700,126.6347646,45.6656183
2701,126.5404616,45.7026222
2702,126.5402886,45.7027908
2703,126.6146807,45.6962020
2704,126.6678972,45.7468425
2705,126.6606612,45.7426005
2706,126.6664966,45.7461124
2707,126.6655112,45.7455258
2708,126.6609325,45.7427082
2709,126.6790393,45.6899563
2710,126.5357739,45.7231956
2711,126.5342389,45.7158563
2712,126.5356351,45.7208011
2713,126.7010102,45.7869069
2714,126.7020401,45.7870266
2715,126.7015435,45.7869181
2716,126.5262688,45.6669354
2717,126.5300662,45.6650855
2718,126.5594569,45.8063439
2719,126.5479487,45.8054099
2720,126.5558189,45.8061177
2721,126.5556880,45.8061175
2722,126.5523981,45.8059103
2723,126.6377709,45.7391552
2724,126.6375204,45.7407244
2725,126.6378010,45.7396835
2726,126.6378723,45.7400988
2727,126.6379710,45.7405073
2728,126.6317503,45.7617048
2729,126.6327037,45.7601079
2730,126.6582992,45.7529213
2731,126.6613629,45.7527511
2732,126.6588695,45.7528896
2733,126.5096171,45.8035126
2734,126.5106085,45.8060291
2735,126.6665138,45.7215556
2736,126.6643297,45.7223203
2737,126.6988496,45.7906003
2738,126.6945765,45.7899976
2739,126.6974412,45.7904066
2740,126.7068140,45.7160568
2741,126.7066994,45.7157429
2742,126.7069972,45.7158531
2743,126.7068880,45.7160382
2744,126.6591742,45.7564869
2745,126.6551833,45.7582280
2746,126.6570425,45.7571907
2747,126.6561906,45.7576669
2748,126.5618221,45.8259591
2749,126.5619076,45.8274503
2750,126.5618105,45.8261247
2751,126.6626629,45.7618816
2752,126.6625994,45.7624966
2753,126.6626325,45.7622752
2754,126.6761053,45.6820028
2755,126.6773312,45.6772816
2756,126.6763390,45.6813227
2757,126.5060598,45.7072268
2758,126.5032688,45.7133026
2759,126.5038813,45.7107480
2760,126.6659658,45.7674559
2761,126.6659754,45.7673708
2762,126.5271536,45.8236404
2763,126.5277550,45.8124942
2764,126.5271647,45.8234575
2765,126.5273934,45.8186009
2766,126.5274103,45.8182018
2767,126.5274008,45.8180307
2768,126.5274214,45.8176404
2769,126.5274954,45.8163513
2770,126.5276097,45.8137552
2771,126.5276391,45.8129655
2772,126.5276764,45.8128112
2773,126.5277269,45.8126435
2774,126.5825230,45.7342530
2775,126.5850471,45.7321587
2776,126.5831215,45.7337051
2777,126.6052945,45.7504187
2778,126.6046341,45.7497055
2779,126.5619281,45.7766279
2780,126.6174098,45.7618216
2781,126.6193327,45.7618986
2782,126.5809544,45.6623360
2783,126.5630150,45.6669737
2784,126.6337296,45.8175254
2785,126.6359402,45.8141953
2786,126.6354710,45.8152430
2787,126.5879673,45.7421096
2788,126.5920783,45.7460949
2789,126.5890078,45.7433850
2790,126.5903098,45.7449608
2791,126.6866697,45.7653568
2792,126.6900831,45.7520249
2793,126.6897271,45.7534432
2794,126.6896952,45.7535703
2795,126.6888714,45.7568095
2796,126.6884421,45.7584141
2797,126.6880434,45.7599499
2798,126.6880064,45.7600805
2799,126.6874017,45.7625231
2800,126.6873884,45.7625678
2801,126.6866942,45.7652745
2802,126.6901921,45.8002479
2803,126.6923354,45.8017860
2804,126.5508155,45.7395633
2805,126.5272979,45.8024388
2806,126.5278018,45.8016990
2807,126.6874014,45.6962054
2808,126.6859876,45.6974856
2809,126.6869554,45.6966092
2810,126.6864748,45.6970445
2811,126.6918813,45.7891207
2812,126.6926631,45.7880956
2813,126.6137502,45.7795785
2814,126.6145808,45.7769253
2815,126.6139314,45.7790809
2816,126.6139782,45.7788890
2817,126.6145436,45.7770569
2818,126.7119027,45.7460452
2819,126.7090646,45.7434322
2820,126.7100097,45.7432850
2821,126.7111610,45.7439689
2822,126.7117206,45.7453256
2823,126.7118829,45.7459670
2824,126.5103149,45.8153859
2825,126.6413794,45.7530518
2826,126.6413025,45.7532229
2827,126.6334681,45.8363945
2828,126.6337836,45.8358131
2829,126.6339982,45.8354035
2830,126.6340319,45.8353323
2831,126.6347311,45.8323540
2832,126.6348671,45.8306794
2833,126.6351491,45.8274140
2834,126.6351686,45.8271500
2835,126.6353911,45.8243690
2836,126.6354013,45.8243028
2837,126.6356990,45.8232825
2838,126.6357283,45.8232130
2839,126.6357553,45.8231489
2840,126.7246609,45.7420418
2841,126.7281238,45.7420337
2842,126.7263678,45.7420388
2843,126.5210966,45.7453692
2844,126.5221546,45.7451034
2845,126.7116135,45.7155140
2846,126.7107916,45.7203440
2847,126.6047436,45.8335551
2848,126.6054430,45.8325999
2849,126.6050934,45.8330772
2850,126.5836477,45.8193264
2851,126.5305823,45.6895350
2852,126.5312511,45.6894697
2853,126.6538608,45.7928420
2854,126.6551911,45.7905172
2855,126.6365097,45.7319231
2856,126.6373570,45.7316653
2857,126.5481545,45.7949518
2858,126.5488284,45.7908603
2859,126.7158481,45.6737662
2860,126.7207696,45.6798781
2861,126.6180521,45.6971412
2862,126.6182011,45.6965764
2863,126.6101793,45.7313130
2864,126.6113715,45.7331151
2865,126.5806331,45.7439793
2866,126.5804058,45.7448151
2867,126.6285485,45.7241851
2868,126.6289449,45.7241708
2869,126.5527408,45.7457733
2870,126.5507436,45.7471932
2871,126.7246649,45.7424967
2872,126.7246385,45.7373407
2873,126.7246616,45.7419670
2874,126.7246526,45.7415150
2875,126.7246548,45.7413134
2876,126.7246493,45.7406737
2877,126.7246446,45.7403391
2878,126.7246614,45.7401406
2879,126.7246353,45.7395388
2880,126.6948034,45.7463265
2881,126.6945084,45.7452355
2882,126.6947009,45.7459475
2883,126.5737205,45.7348065
2884,126.5326652,45.7256999
2885,126.5710124,45.7345269
2886,126.5706657,45.7345137
2887,126.5701217,45.7344929
2888,126.5698258,45.7344831
2889,126.5691514,45.7344282
2890,126.5643314,45.7340360
2891,126.5636695,45.7339821
2892,126.5634672,45.7339629
2893,126.5629681,45.7338978
2894,126.5575310,45.7331828
2895,126.5560347,45.7329827
2896,126.5504320,45.7322320
2897,126.5474471,45.7318124
2898,126.5472777,45.7317958
2899,126.5468801,45.7317303
2900,126.5398819,45.7290794
2901,126.5394627,45.7288569
2902,126.5391789,45.7286912
2903,126.5387858,45.7284768
2904,126.5346558,45.7263331
2905,126.5344963,45.7262759
2906,126.6244929,45.7385980
2907,126.6233892,45.7375614
2908,126.6224986,45.8261075
2909,126.6257163,45.8272984
2910,126.6258184,45.8273362
2911,126.6293289,45.8286425
2912,126.6294579,45.8286964
2913,126.6328389,45.8299345
2914,126.6329517,45.8299757
2915,126.6333456,45.7195849
2916,126.6332939,45.7195061
2917,126.5076418,45.8085652
2918,126.5029051,45.8109409
2919,126.5084398,45.8085640
2920,126.5065176,45.8069345
2921,126.5028943,45.8087571
2922,126.5838816,45.7841327
2923,126.5836652,45.7840272
2924,126.5834189,45.7839071
2925,126.5831547,45.7837784
2926,126.6310288,45.7608294
2927,126.6311829,45.7610086
2928,126.7163273,45.6940633
2929,126.7168930,45.6951415
2930,126.6202444,45.7348183
2931,126.6226436,45.7368502
2932,126.6609646,45.7493380
2933,126.6563599,45.7465297
2934,126.6599512,45.7487261
2935,126.6586287,45.7479208
2936,126.6574837,45.7472211
2937,126.6573982,45.7471733
2938,126.6422767,45.6761407
2939,126.6420793,45.6763638
2940,126.6626161,45.7410471
2941,126.6611427,45.7410826
2942,126.6906592,45.7531006
2943,126.6909101,45.7521267
2944,126.7704396,45.7680351
2945,126.7754819,45.7687803
2946,126.7722429,45.7684053
2947,126.7748083,45.7687091
2948,126.7070424,45.7507199
2949,126.7040316,45.7505078
2950,126.7046330,45.7505851
2951,126.6291441,45.7627272
2952,126.6287039,45.7588255
2953,126.6294965,45.7625494
2954,126.6295406,45.7618497
2955,126.6285318,45.7603194
2956,126.6284166,45.7599018
2957,126.6283454,45.7595521
2958,126.7025180,45.7904862
2959,126.7028591,45.7902465
2960,126.5238680,45.6975706
2961,126.5245107,45.6977652
2962,126.6269381,45.7310982
2963,126.6266465,45.7303261
2964,126.6270467,45.7303636
2965,126.7460645,45.6547072
2966,126.7448485,45.6521970
2967,126.6267700,45.7090488
2968,126.6269836,45.7080849
2969,126.7127171,45.6846066
2970,126.7052783,45.6900075
2971,126.7126075,45.6846809
2972,126.7094484,45.6868560
2973,126.7093797,45.6869030
2974,126.7082999,45.6876423
2975,126.7065905,45.6888089
2976,126.7065038,45.6888904
2977,126.6334359,45.7764439
2978,126.6441625,45.6667473
2979,126.6423170,45.6750358
2980,126.6440415,45.6672285
2981,126.5726067,45.6843297
2982,126.5795257,45.6798380
2983,126.5728472,45.6841643
2984,126.6429962,45.7034126
2985,126.6469721,45.7037397
2986,126.6448711,45.7035668
2987,126.6462224,45.7036780
2988,126.6931075,45.7454225
2989,126.6917549,45.7444499
2990,126.6930905,45.7453553
2991,126.6929694,45.7448752
2992,126.6928768,45.7445083
2993,126.6288503,45.7336805
2994,126.6229232,45.7369375
2995,126.6255223,45.7353772
2996,126.6253079,45.7354895
2997,126.6250614,45.7398796
2998,126.6225881,45.7413384
2999,126.6249900,45.7399217
3000,126.6245986,45.7401526
3001,126.6244225,45.7402564
3002,126.7220629,45.7413254
3003,126.7220228,45.7417432
3004,126.7223498,45.7415214
3005,126.6926612,45.6951894
3006,126.6949239,45.6902838
3007,126.6944814,45.6917545
3008,126.6913856,45.7514905
3009,126.6907331,45.7513961
3010,126.6909149,45.7514207
3011,126.6458115,45.7260529
3012,126.6464215,45.7258606
3013,126.6460305,45.8199077
3014,126.6495676,45.8141851
3015,126.6470292,45.8182920
3016,126.6478121,45.8170254
3017,126.6490774,45.8149783
3018,126.5862388,45.7586101
3019,126.5873749,45.7591929
3020,126.6882263,45.7278469
3021,126.6894093,45.7247648
3022,126.6915801,45.7836869
3023,126.6926277,45.7823849
3024,126.6880708,45.7963397
3025,126.6888720,45.7984570
3026,126.6879111,45.7966568
3027,126.6930140,45.7460835
3028,126.6934556,45.7464800
3029,126.6933194,45.7460371
3030,126.6933511,45.7461575
3031,126.6245374,45.7385746
3032,126.6269854,45.7372876
3033,126.6245848,45.7385497
3034,126.6246679,45.7385060
3035,126.6812263,45.7215685
3036,126.6844083,45.7221010
3037,126.6742335,45.7512703
3038,126.6753779,45.7513466
3039,126.7037556,45.7520890
3040,126.7018959,45.7502385
3041,126.6104193,45.7388329
3042,126.6114999,45.7397692
3043,126.6110095,45.7393443
3044,126.5775163,45.6868623
3045,126.5836974,45.6826605
3046,126.5785527,45.6826113
3047,126.5803099,45.6826848
3048,126.5012024,45.7926244
3049,126.5007896,45.7931558
3050,126.5008958,45.7931129
3051,126.6254175,45.7352809
3052,126.6295732,45.7378882
3053,126.6258048,45.7343219
3054,126.6260489,45.7338636
3055,126.6266239,45.7327999
3056,126.6266571,45.7327430
3057,126.6267953,45.7324740
3058,126.6279409,45.7320867
3059,126.6289070,45.7355641
3060,126.6289787,45.7360376
3061,126.6290522,45.7371694
3062,126.6565883,45.7853065
3063,126.6552400,45.7875623
3064,126.6558249,45.7866424
3065,126.6563000,45.7003431
3066,126.6623587,45.7001231
3067,126.6563844,45.7003372
3068,126.6564518,45.7003443
3069,126.6565892,45.7003335
3070,126.5061860,45.7641062
3071,126.5313315,45.7586619
3072,126.5189806,45.7693014
3073,126.5814166,45.7837258
3074,126.5839178,45.7850104
3075,126.5816549,45.7838382
3076,126.5830261,45.7845421
3077,126.6153827,45.7123439
3078,126.6130670,45.7129096
3079,126.6148238,45.7122918
3080,126.6139940,45.7122145
3081,126.6137170,45.7121886
3082,126.5608137,45.6676759
3083,126.5628756,45.6668525
3084,126.6192929,45.8298787
3085,126.6196229,45.8299992
3086,126.5537544,45.7180302
3087,126.5921225,45.6838638
3088,126.5924848,45.6838287
3089,126.5324287,45.6816305
3090,126.5328304,45.6813463
3091,126.6578799,45.7469079
3092,126.6577942,45.7468543
3093,126.6789917,45.7035959
3094,126.6756050,45.7054335
3095,126.7233905,45.7119881
3096,126.7167936,45.6896665
3097,126.7229977,45.7107175
3098,126.5539683,45.8129816
3099,126.5548427,45.8124038
3100,126.7302949,45.7349216
3101,126.7297183,45.7350186
3102,126.7298077,45.7350034
3103,126.7030921,45.6820994
3104,126.7035383,45.6817079
3105,126.6664115,45.7495629
3106,126.6663795,45.7462086
3107,126.6661631,45.7470726
3108,126.6662169,45.7476916
3109,126.6662606,45.7483219
3110,126.6406650,45.7713054
3111,126.6369367,45.7703312
3112,126.6380509,45.7706407
3113,126.5450323,45.7357918
3114,126.5417955,45.7464034
3115,126.5448620,45.7362178
3116,126.5446722,45.7366292
3117,126.5445783,45.7368817
3118,126.5444573,45.7372157
3119,126.5441743,45.7380009
3120,126.5429814,45.7423685
3121,126.5429324,45.7425534
3122,126.5428502,45.7428494
3123,126.5419044,45.7462563
3124,126.6742062,45.6867037
3125,126.6721076,45.6898533
3126,126.6248054,45.7447321
3127,126.6288759,45.7425303
3128,126.6249938,45.7446359
3129,126.6258802,45.7441237
3130,126.5165988,45.7092225
3131,126.5195946,45.7045495
3132,126.5907925,45.7280500
3133,126.5880076,45.7301573
3134,126.5903091,45.7284007
3135,126.5895338,45.7289896
3136,126.5883618,45.7298746
3137,126.7198874,45.7946172
3138,126.7199218,45.7968875
3139,126.7427568,45.6706755
3140,126.7463405,45.6696696
3141,126.7452605,45.6699780
3142,126.5654820,45.7804384
3143,126.5620756,45.7786528
3144,126.6106294,45.6925072
3145,126.6145135,45.6929165
3146,126.6110078,45.6925471
3147,126.6124854,45.6927028
3148,126.6133638,45.6927953
3149,126.6142209,45.6928857
3150,126.6408814,45.7422448
3151,126.6413750,45.7424384
3152,126.6410370,45.7422100
3153,126.6048072,45.8259576
3154,126.6181979,45.8308944
3155,126.6101142,45.8279136
3156,126.6109234,45.8282118
3157,126.6111589,45.8282987
3158,126.6119807,45.8286022
3159,126.6177533,45.8307362
3160,126.6178082,45.8307557
3161,126.5559094,45.8130746
3162,126.5547701,45.8130280
3163,126.5550494,45.8130319
3164,126.5555749,45.8130543
3165,126.7406719,45.7503243
3166,126.6013442,45.7569061
3167,126.6026981,45.7593018
3168,126.6020564,45.7581677
3169,126.6842123,45.7716014
3170,126.6844483,45.7716051
3171,126.6072874,45.7137819
3172,126.6072935,45.7137430
3173,126.6086308,45.7109581
3174,126.6093126,45.7107307
3175,126.5339348,45.7083193
3176,126.5358221,45.7089918
3177,126.5347361,45.7086048
3178,126.7080146,45.7453563
3179,126.7094489,45.7455758
3180,126.7089764,45.7455889
3181,126.7089938,45.7456482
3182,126.6006685,45.8349241
3183,126.6008803,45.8346499
3184,126.6325836,45.7640463
3185,126.6324538,45.7638272
3186,126.6322710,45.7640125
3187,126.6308934,45.7638491
3188,126.6306885,45.7637819
3189,126.6306149,45.7636321
3190,126.6315055,45.7637541
3191,126.7067517,45.6795282
3192,126.7072071,45.6783371
3193,126.6239822,45.7006493
3194,126.6247459,45.6978312
3195,126.5879763,45.7459328
3196,126.5923716,45.7439794
3197,126.5894260,45.7453562
3198,126.5914286,45.7444054
3199,126.6555712,45.7241753
3200,126.6577336,45.7234344
3201,126.6837775,45.7136570
3202,126.6843412,45.7135932
3203,126.6839822,45.7136269
3204,126.6294625,45.8095389
3205,126.6293905,45.8096212
3206,126.6280862,45.8101495
3207,126.6250933,45.8109505
3208,126.6249188,45.8110502
3209,126.6235574,45.8124059
3210,126.6229372,45.8135259
3211,126.6224399,45.8149648
3212,126.6223924,45.8150979
3213,126.6210016,45.8176908
3214,126.6209603,45.8177519
3215,126.6203071,45.8187156
3216,126.6202752,45.8187569
3217,126.6184456,45.8209667
3218,126.6182718,45.8211278
3219,126.6155966,45.8235440
3220,126.6155475,45.8235995
3221,126.6140312,45.8252925
3222,126.6123725,45.8273036
3223,126.6123181,45.8273610
3224,126.6118763,45.8276923
3225,126.6116776,45.8278708
3226,126.5989833,45.7262029
3227,126.6042381,45.7244235
3228,126.6035861,45.7246443
3229,126.6028822,45.7248827
3230,126.6016938,45.7252851
3231,126.7048458,45.7676926
3232,126.7036191,45.7676509
3233,126.7033361,45.7676826
3234,126.6981097,45.7493575
3235,126.6982188,45.7497829
3236,126.6981579,45.7495021
3237,126.6981988,45.7496309
3238,126.6409663,45.8399001
3239,126.6334846,45.8371079
3240,126.6407149,45.8398017
3241,126.6404627,45.8396991
3242,126.5368637,45.8314007
3243,126.5359560,45.8325826
3244,126.5308489,45.7171373
3245,126.5314588,45.7170333
3246,126.6319084,45.7573281
3247,126.6264369,45.7526743
3248,126.6312680,45.7567739
3249,126.6302043,45.7558850
3250,126.6276146,45.7536641
3251,126.6027994,45.7333091
3252,126.7041819,45.6849967
3253,126.7061362,45.6862327
3254,126.5896687,45.7863798
3255,126.5877667,45.7915943
3256,126.5863996,45.7906077
3257,126.6334817,45.7568576
3258,126.6336750,45.7570774
3259,126.5645637,45.6993928
3260,126.5615219,45.7012829
3261,126.5642987,45.6995548
3262,126.5641657,45.6996302
3263,126.7592026,45.7859476
3264,126.7593114,45.7826158
3265,126.7591880,45.7856123
3266,126.7593587,45.7846882
3267,126.7593382,45.7844302
3268,126.6392370,45.7208456
3269,126.6272011,45.7249587
3270,126.6657182,45.7745142
3271,126.6657980,45.7724738
3272,126.6657283,45.7742582
3273,126.6657490,45.7737320
3274,126.6657639,45.7733495
3275,126.5674658,45.7744443
3276,126.5830075,45.7830400
3277,126.5703080,45.7762025
3278,126.5703650,45.7762376
3279,126.5705426,45.7763502
3280,126.5731699,45.7779829
3281,126.5763564,45.7798807
3282,126.5777509,45.7806309
3283,126.5797127,45.7815400
3284,126.5829275,45.7829146
3285,126.6907073,45.7531067
3286,126.6905983,45.7533581
3287,126.6751629,45.7990113
3288,126.6713096,45.7979289
3289,126.6750814,45.7989840
3290,126.5062380,45.8083378
3291,126.5066886,45.8085846
3292,126.6248530,45.7398330
3293,126.6245831,45.7397865
3294,126.6631899,45.7837801
3295,126.6641261,45.7839934
3296,126.5997674,45.7516684
3297,126.6005528,45.7506616
3298,126.6942321,45.7910444
3299,126.6938328,45.7916998
3300,126.5404934,45.6758726
3301,126.5414389,45.6753797
3302,126.6419141,45.7716970
3303,126.6144082,45.7552542
3304,126.6155304,45.7576123
3305,126.6170758,45.7608120
3306,126.5251025,45.7081579
3307,126.5253334,45.7072426
3308,126.7060770,45.7435487
3309,126.7046877,45.7437551
3310,126.6421682,45.8168427
3311,126.6416713,45.8177045
3312,126.5943835,45.7613681
3313,126.5906633,45.7615749
3314,126.5919911,45.7614977
3315,126.6206960,45.6931674
3316,126.6241386,45.6923966
3317,126.6744716,45.7466534
3318,126.6744054,45.7470195
3319,126.7037153,45.6818489
3320,126.7012831,45.6835289
3321,126.7014653,45.6833669
3322,126.6380231,45.7359704
3323,126.6380671,45.7345279
3324,126.6379051,45.7353650
3325,126.6377062,45.7346730
3326,126.6527439,45.6677059
3327,126.6532078,45.6661472
3328,126.6528793,45.6671519
3329,126.6530520,45.6663986
3330,126.6526286,45.6663480
3331,126.6099338,45.7493111
3332,126.6111686,45.7508131
3333,126.6800877,45.6921055
3334,126.6803739,45.6922439
3335,126.6395145,45.7771120
3336,126.6397711,45.7759949
3337,126.6396692,45.7766536
3338,126.6397061,45.7765411
3339,126.6255102,45.6903860
3340,126.6264793,45.6922217
3341,126.6254145,45.6907713
3342,126.6253732,45.6909378
3343,126.6252562,45.6914088
3344,126.6257211,45.6914804
3345,126.6260501,45.6918021
3346,126.6919706,45.6947119
3347,126.6899797,45.6933389
3348,126.6918265,45.6946122
3349,126.6902333,45.6935106
3350,126.5855571,45.6807163
3351,126.5845627,45.6791401
3352,126.7552365,45.7223230
3353,126.7694520,45.7193286
3354,126.7574769,45.7218430
3355,126.6499495,45.6697545
3356,126.6520720,45.6699752
3357,126.5315411,45.6933763
3358,126.5320417,45.6930378
3359,126.5379141,45.7386322
3360,126.5375933,45.7386028
3361,126.7013375,45.7438490
3362,126.5441027,45.8141373
3363,126.5401869,45.8129883
3364,126.5422784,45.8132086
3365,126.7220023,45.7759927
3366,126.7221374,45.7742205
3367,126.6405644,45.7226417
3368,126.6394758,45.7211287
3369,126.6400065,45.7218606
3370,126.6386253,45.8124532
3371,126.6380535,45.8133847
3372,126.5279341,45.6995230
3373,126.5244572,45.6978482
3374,126.5271754,45.6989016
3375,126.6639278,45.7614462
3376,126.6635879,45.7582179
3377,126.6638015,45.7601793
3378,126.7375355,45.7843854
3379,126.7384804,45.7879711
3380,126.7381038,45.7864784
3381,126.7384718,45.7878795
3382,126.5385488,45.7417705
3383,126.5384013,45.7412429
3384,126.5382541,45.7407164
3385,126.5380638,45.7400357
3386,126.5378505,45.7392727
3387,126.5378275,45.7391902
3388,126.5378922,45.7387732
3389,126.5380369,45.7378413
3390,126.5381464,45.7375930
3391,126.6793615,45.7261089
3392,126.6819108,45.7198934
3393,126.6804309,45.7235151
3394,126.6807340,45.7227733
3395,126.6729749,45.7525454
3396,126.6753041,45.7527346
3397,126.6736320,45.7525885
3398,126.6743693,45.7526567
3399,126.5017489,45.8167721
3400,126.5018092,45.8235667
3401,126.5017411,45.8181215
3402,126.5017408,45.8182850
3403,126.6818278,45.7070008
3404,126.6744655,45.7082396
3405,126.6757134,45.7080244
3406,126.6801139,45.7072036
3407,126.6815821,45.7069286
3408,126.7227838,45.7486829
3409,126.7249056,45.7489455
3410,126.7247494,45.7489261
3411,126.6440997,45.6972089
3412,126.6461993,45.6973805
3413,126.5612574,45.7671668
3414,126.5612488,45.7675492
3415,126.7331948,45.6975508
3416,126.7199108,45.6991149
3417,126.7313495,45.6979322
3418,126.7294302,45.6986420
3419,126.6923963,45.7908120
3420,126.6934948,45.7915628
3421,126.6147722,45.7125418
3422,126.6146488,45.7129042
3423,126.6110787,45.8284039
3424,126.6078953,45.8325861
3425,126.6062941,45.8346905
3426,126.6315942,45.7615080
3427,126.6323146,45.7623939
3428,126.6321627,45.7622108
3429,126.6166314,45.7074483
3430,126.5924414,45.7634023
3431,126.5927660,45.7586635
3432,126.5919106,45.7628637
3433,126.5911509,45.7621803
3434,126.5905480,45.7607038
3435,126.5904502,45.7598577
3436,126.5913686,45.7586822
3437,126.5915700,45.7586422
3438,126.6274923,45.7443040
3439,126.6270807,45.7439008
3440,126.6546955,45.7938256
3441,126.6535468,45.7938263
3442,126.5601529,45.8064049
3443,126.5717899,45.6896295
3444,126.5649985,45.6944484
3445,126.5717191,45.6896882
3446,126.5683274,45.6921283
3447,126.5682394,45.6921935
3448,126.5618556,45.7254855
3449,126.5640785,45.7237933
3450,126.5626438,45.7248855
3451,126.7006657,45.7998624
3452,126.7031263,45.7986615
3453,126.6437609,45.7650397
3454,126.5213089,45.7014129
3455,126.5119832,45.6984788
3456,126.5167714,45.6999835
3457,126.5166236,45.6999367
3458,126.6892167,45.6976300
3459,126.6898508,45.6958906
3460,126.6877792,45.6968540
3461,126.6883061,45.6963247
3462,126.6217861,45.7254545
3463,126.6191508,45.7263708
3464,126.6211209,45.7256858
3465,126.6197693,45.7261558
3466,126.6013128,45.8254887
3467,126.5769878,45.6818190
3468,126.6568355,45.7827562
3469,126.6588049,45.7851737
3470,126.5356772,45.7980442
3471,126.5345356,45.8008628
3472,126.7225242,45.8170429
3473,126.7205161,45.8146984
3474,126.6663296,45.7300878
3475,126.6665534,45.7299845
3476,126.6415662,45.7529447
3477,126.6161481,45.7542612
3478,126.6155858,45.7530792
3479,126.6070817,45.7943040
3480,126.6067618,45.7941340
3481,126.6290368,45.7627202
3482,126.6304119,45.7628796
3483,126.7111764,45.7917717
3484,126.7111655,45.7916268
3485,126.7062360,45.7916159
3486,126.7079579,45.7914638
3487,126.5613041,45.7010123
3488,126.5643355,45.6991289
3489,126.5639334,45.6993663
3490,126.5640557,45.6992968
3491,126.6174337,45.7479873
3492,126.6180347,45.7485867
3493,126.5774141,45.8075488
3494,126.5769552,45.8077436
3495,126.6857069,45.6779786
3496,126.6365486,45.7559528
3497,126.6360776,45.7557414
3498,126.6972422,45.7540213
3499,126.6969827,45.7541100
3500,126.5645486,45.6998549
3501,126.5590037,45.6938437
3502,126.5613510,45.6963642
3503,126.5609667,45.6959665
3504,126.5445107,45.8146611
3505,126.6432520,45.7515642
3506,126.6435544,45.7513108
3507,126.6651884,45.7064494
3508,126.6670547,45.7098083
3509,126.6651647,45.7072171
3510,126.6658622,45.7081737
3511,126.6667563,45.7093999
3512,126.6771301,45.7523423
3513,126.6756177,45.7582538
3514,126.6770152,45.7527886
3515,126.6762857,45.7554501
3516,126.6758210,45.7574737
3517,126.6220955,45.7409216
3518,126.6240185,45.7439345
3519,126.6221148,45.7424754
3520,126.7225480,45.7726382
3521,126.7229336,45.7711414
3522,126.6802463,45.7319047
3523,126.6671691,45.7292562
3524,126.6799669,45.7318580
3525,126.6772088,45.7312916
3526,126.6745473,45.7307451
3527,126.6728094,45.7303841
3528,126.6698475,45.7297909
3529,126.6030592,45.7366633
3530,126.6043931,45.7354410
3531,126.6036460,45.7363958
3532,126.6090475,45.7309184
3533,126.6092414,45.7304166
3534,126.6228759,45.7621833
3535,126.6229780,45.7614341
3536,126.6658178,45.8354105
3537,126.6656334,45.8352799
3538,126.7540544,45.7482440
3539,126.7523654,45.7521757
3540,126.7539295,45.7485947
3541,126.6268881,45.7172618
3542,126.6276698,45.7183885
3543,126.6184004,45.7689914
3544,126.6184696,45.7687136
3545,126.6997651,45.7338018
3546,126.6981411,45.7305186
3547,126.6995497,45.7328934
3548,126.6995334,45.7328385
3549,126.6991089,45.7314585
3550,126.6982435,45.7305983
3551,126.5620801,45.7707074
3552,126.5620805,45.7693539
3553,126.5620803,45.7699880
3554,126.6683796,45.7833606
3555,126.6674709,45.7812558
3556,126.6679332,45.7824151
3557,126.6677892,45.7820497
3558,126.6677700,45.7820032
3559,126.6674847,45.7812886
3560,126.5845752,45.8084932
3561,126.5846533,45.8087238
3562,126.7536138,45.6600754
3563,126.7508651,45.6552563
3564,126.7525968,45.6582924
3565,126.7518625,45.6570057
3566,126.5782935,45.6974769
3567,126.5777591,45.6975285
3568,126.5759926,45.7408817
3569,126.5831206,45.7409335
3570,126.5776837,45.7411098
3571,126.5992957,45.8064752
3572,126.6122309,45.8071049
3573,126.5997681,45.8064174
3574,126.5999699,45.8064065
3575,126.6114675,45.8070959
3576,126.6729860,45.7779021
3577,126.6728663,45.7789553
3578,126.6729348,45.7786595
3579,126.5546779,45.8160775
3580,126.5541753,45.8201346
3581,126.5546520,45.8162954
3582,126.5544581,45.8179305
3583,126.6221294,45.7082440
3584,126.6198898,45.7072666
3585,126.6222958,45.7075146
3586,126.6550603,45.7244517
3587,126.6535245,45.7249972
3588,126.5755969,45.7876203
3589,126.5746205,45.7884945
3590,126.6792277,45.7301412
3591,126.6339025,45.6979508
3592,126.6435382,45.6990236
3593,126.6371115,45.6982560
3594,126.6372881,45.6982788
3595,126.6374539,45.6983011
3596,126.6404450,45.6986615
3597,126.6779058,45.8256955
3598,126.5088921,45.7142462
3599,126.5005269,45.7131407
3600,126.5087364,45.7142153
3601,126.5032185,45.7134925
3602,126.5028093,45.7134490
3603,126.6331777,45.7160913
3604,126.6322336,45.7147483
3605,126.6327651,45.7154337
3606,126.6325188,45.7151171
3607,126.5261085,45.6862583
3608,126.5273087,45.6829469
3609,126.5267156,45.6841246
3610,126.6666917,45.7035611
3611,126.6686794,45.7028832
3612,126.6331129,45.8371430
3613,126.6331525,45.8369845
3614,126.6333207,45.8366700
3615,126.6334027,45.8365168
3616,126.6574607,45.7602126
3617,126.6589039,45.7616479
3618,126.6575495,45.7602943
3619,126.5744293,45.7448878
3620,126.5765839,45.7455562
3621,126.6216898,45.7501922
3622,126.6205211,45.7491665
3623,126.6193997,45.7482631
3624,126.6190862,45.7479904
3625,126.6183373,45.7470695
3626,126.6177192,45.7458258
3627,126.6176235,45.7445871
3628,126.6183634,45.7426947
3629,126.6616470,45.7764646
3630,126.7496574,45.8414452
3631,126.7510083,45.8407072
3632,126.7596735,45.8359387
3633,126.5795632,45.7766366
3634,126.5795571,45.7770784
3635,126.7069457,45.7796346
3636,126.6973823,45.7786274
3637,126.7061949,45.7796284
3638,126.7060570,45.7796515
3639,126.7045268,45.7795968
3640,126.7026519,45.7793529
3641,126.7010359,45.7791221
3642,126.6673206,45.6856475
3643,126.6669897,45.6854502
3644,126.5557573,45.8060309
3645,126.5551474,45.8113545
3646,126.5557127,45.8069733
3647,126.5554077,45.8095546
3648,126.6878722,45.7561307
3649,126.6859330,45.7552262
3650,126.6879620,45.7554752
3651,126.5832517,45.7408884
3652,126.6227368,45.7371734
3653,126.6226590,45.7370925
3654,126.6212370,45.7357999
3655,126.6784787,45.7211098
3656,126.6783381,45.7178659
3657,126.6785212,45.7202714
3658,126.6786052,45.7190702
3659,126.7492076,45.7636338
3660,126.7529788,45.7640740
3661,126.6752217,45.7067146
3662,126.6740415,45.7069169
3663,126.5928085,45.7049069
3664,126.5884005,45.7044142
3665,126.5927350,45.7048987
3666,126.7114842,45.7143038
3667,126.7123019,45.7138165
3668,126.5115820,45.7985318
3669,126.5103250,45.7982532
3670,126.6942508,45.8072310
3671,126.6776133,45.8263314
3672,126.5555071,45.8077413
3673,126.5546707,45.8076936
3674,126.5998470,45.8064992
3675,126.5911234,45.8110774
3676,126.5881008,45.8120211
3677,126.5855851,45.8126579
3678,126.5839193,45.8130751
3679,126.6631400,45.7732814
3680,126.6642117,45.7733113
3681,126.6731744,45.7091668
3682,126.6745257,45.7117108
3683,126.6275068,45.7394391
3684,126.6279944,45.7391632
3685,126.6281407,45.7391604
3686,126.6281773,45.7391178
3687,126.6280066,45.7390469
3688,126.5999169,45.7576699
3689,126.6003372,45.7580384
3690,126.5384195,45.8404670
3691,126.5428137,45.8347289
3692,126.5384823,45.8403839
3693,126.5420398,45.8357759
3694,126.5421322,45.8356512
3695,126.6870504,45.7875381
3696,126.6869897,45.7876313
3697,126.7874687,45.8175099
3698,126.7666482,45.8322233
3699,126.6514228,45.7155352
3700,126.6516263,45.7157984
3701,126.6853655,45.7464699
3702,126.6849909,45.7452621
3703,126.6853545,45.7463968
3704,126.6593722,45.7591705
3705,126.6594244,45.7592437
3706,126.6162835,45.7786218
3707,126.6178662,45.7788164
3708,126.5253922,45.6955976
3709,126.5254535,45.6941138
3710,126.5256905,45.6947515
3711,126.7184454,45.8000986
3712,126.7179906,45.8005344
3713,126.6698313,45.7687300
3714,126.6723424,45.7688211
3715,126.7511968,45.8149606
3716,126.7539863,45.8150504
3717,126.6080881,45.8281337
3718,126.6076063,45.8287766
3719,126.6378113,45.8204970
3720,126.6379431,45.8202720
3721,126.7507327,45.7095704
3722,126.7503642,45.7095812
3723,126.6222480,45.7983642
3724,126.6159664,45.7958941
3725,126.6201010,45.7969996
3726,126.5236311,45.6979761
3727,126.5236863,45.6979927
3728,126.6081757,45.7503026
3729,126.6104250,45.7528391
3730,126.6096465,45.7519884
3731,126.6467368,45.7541570
3732,126.6480775,45.7533148
3733,126.6489803,45.7527774
3734,126.6494128,45.7525324
3735,126.6508679,45.7517082
3736,126.6524524,45.7508379
3737,126.6537585,45.7501206
3738,126.6550357,45.7490792
3739,126.6562881,45.7480585
3740,126.6786377,45.7705394
3741,126.6787732,45.7690755
3742,126.6787223,45.7696248
3743,126.6787293,45.7695495
3744,126.6103402,45.7387644
3745,126.6512007,45.7689982
3746,126.6518749,45.7686284
3747,126.6268926,45.8122586
3748,126.6236793,45.8104787
3749,126.6268444,45.8122008
3750,126.6273506,45.6621809
3751,126.6270399,45.6621423
3752,126.5390381,45.7376762
3753,126.6804133,45.7835091
3754,126.6854170,45.7851277
3755,126.6809661,45.7836924
3756,126.6814156,45.7838414
3757,126.6827740,45.7842917
3758,126.6035054,45.7557910
3759,126.6070378,45.7542961
3760,126.6040630,45.7554977
3761,126.6188136,45.7712309
3762,126.6210927,45.7717217
3763,126.6352177,45.7685516
3764,126.6360552,45.7687719
3765,126.6384453,45.7113796
3766,126.6276077,45.7253811
3767,126.6292622,45.7252050
3768,126.6287753,45.7253677
3769,126.6961720,45.8030593
3770,126.6922813,45.8018558
3771,126.4964207,45.6883704
3772,126.5023892,45.6902097
3773,126.5027845,45.6903244
3774,126.5033245,45.6904856
3775,126.5087789,45.6921912
3776,126.5090473,45.6922855
3777,126.6999844,45.7345894
3778,126.7257700,45.7913271
3779,126.7257138,45.7904183
3780,126.5524876,45.7264694
3781,126.5529611,45.7260943
3782,126.6569174,45.7201726
3783,126.6559638,45.7188321
3784,126.5402855,45.6835109
3785,126.5402055,45.6834210
3786,126.5379852,45.6813990
3787,126.6728390,45.6895909
3788,126.6311492,45.7242392
3789,126.6776891,45.6713060
3790,126.6736828,45.6707604
3791,126.5626977,45.6919119
3792,126.6026709,45.6303711
3793,126.5634174,45.6854313
3794,126.5671263,45.6810651
3795,126.5673245,45.6699821
3796,126.5759694,45.6611942
3797,126.5824900,45.6553114
3798,126.5835448,45.6551541
3799,126.5874038,45.6546846
3800,126.7465003,45.7235802
3801,126.7551052,45.7223451
3802,126.7523662,45.7227449
3803,126.7494883,45.7231359
3804,126.7494155,45.7231458
3805,126.7493270,45.7231589
3806,126.7466303,45.7235588
3807,126.6787180,45.7357234
3808,126.6795500,45.7386058
3809,126.6787441,45.7358096
3810,126.6795412,45.7385689
3811,126.5663552,45.6820191
3812,126.5558483,45.6789083
3813,126.5637918,45.6812284
3814,126.6849093,45.7221833
3815,126.6845558,45.7221275
3816,126.7213408,45.7373878
3817,126.7213408,45.7372829
3818,126.6752807,45.7693542
3819,126.6751390,45.7711399
3820,126.6751716,45.7707290
3821,126.6752385,45.7698857
3822,126.6752684,45.7695094
3823,126.6214420,45.7403688
3824,126.6225377,45.7412957
3825,126.6223534,45.7411398
3826,126.7004431,45.7419476
3827,126.7014136,45.7419175
3828,126.6086678,45.7561651
3829,126.6053504,45.7521459
3830,126.6471609,45.7254746
3831,126.6499533,45.7245270
3832,126.7551424,45.7937378
3833,126.7569123,45.7940961
3834,126.6353756,45.7290637
3835,126.6364844,45.7305975
3836,126.6359036,45.7298225
3837,126.6360419,45.7300070
3838,126.6358634,45.7673669
3839,126.6361060,45.7669440
3840,126.6740743,45.7473276
3841,126.6742007,45.7465068
3842,126.6740920,45.7472109
3843,126.6741274,45.7469938
3844,126.6741817,45.7466330
3845,126.7069478,45.6942319
3846,126.7177174,45.6916143
3847,126.7106373,45.6929242
3848,126.7107320,45.6928992
3849,126.7139789,45.6921621
3850,126.7140800,45.6921434
3851,126.7172575,45.6916816
3852,126.7722281,45.7686049
3853,126.6126610,45.7520199
3854,126.6221722,45.7464224
3855,126.6388395,45.7666663
3856,126.6312694,45.7800393
3857,126.6315536,45.7795349
3858,126.6316246,45.7794099
3859,126.6352854,45.7729807
3860,126.6353276,45.7729004
3861,126.6360525,45.7715125
3862,126.6367704,45.7702833
3863,126.6368609,45.7701365
3864,126.6383155,45.7675704
3865,126.6383491,45.7675069
3866,126.7026851,45.7894499
3867,126.7028490,45.7888224
3868,126.7027620,45.7891467
3869,126.6275541,45.7445201
3870,126.6809169,45.7979590
3871,126.6839311,45.7964745
3872,126.6743555,45.7711104
3873,126.6721546,45.7710290
3874,126.6739788,45.7710962
3875,126.6732653,45.7710693
3876,126.6724136,45.7710372
3877,126.5545103,45.7463874
3878,126.5601172,45.7477234
3879,126.6991247,45.7718401
3880,126.7061849,45.7727175
3881,126.6529720,45.7002618
3882,126.6366737,45.6984952
3883,126.6271561,45.7041006
3884,126.6286701,45.7047295
3885,126.6139150,45.6760357
3886,126.6129611,45.6749879
3887,126.6129503,45.6750310
3888,126.5855440,45.8079744
3889,126.5834410,45.8084641
3890,126.5843893,45.8085117
3891,126.5746856,45.6756283
3892,126.5728615,45.6760385
3893,126.6589021,45.7533095
3894,126.6436013,45.7438237
3895,126.6574144,45.7523652
3896,126.6562291,45.7516581
3897,126.6549661,45.7508747
3898,126.6538133,45.7501548
3899,126.6527031,45.7494803
3900,126.6506565,45.7482281
3901,126.6491343,45.7472847
3902,126.6490461,45.7472369
3903,126.6489128,45.7471564
3904,126.6488414,45.7471118
3905,126.6473419,45.7461759
3906,126.6461139,45.7454094
3907,126.6437335,45.7439071
3908,126.5132805,45.7046002
3909,126.5135899,45.7044282
3910,126.6023444,45.8316473
3911,126.6030820,45.8306279
3912,126.6025964,45.8312989
3913,126.6029592,45.8307969
3914,126.7107672,45.7149614
3915,126.7102230,45.7142580
3916,126.7111354,45.7142104
3917,126.5842860,45.7418666
3918,126.5838370,45.7413353
3919,126.5109971,45.6979771
3920,126.5120954,45.6983150
3921,126.5113317,45.6978859
3922,126.5115178,45.6979355
3923,126.5118097,45.6980290
3924,126.6595912,45.7663605
3925,126.6584348,45.7670168
3926,126.6591881,45.7665916
3927,126.7219193,45.6779077
3928,126.7177086,45.6770658
3929,126.7204267,45.6775938
3930,126.7189899,45.6773147
3931,126.5945572,45.7190102
3932,126.5936447,45.7188777
3933,126.5945088,45.7199830
3934,126.5935539,45.7199542
3935,126.6060909,45.6986108
3936,126.6068280,45.6953681
3937,126.6065851,45.6964414
3938,126.7837771,45.6992357
3939,126.7694881,45.7003483
3940,126.7756193,45.6999743
3941,126.7753733,45.6999823
3942,126.7120573,45.7158135
3943,126.6320295,45.7772849
3944,126.6291628,45.7782876
3945,126.6294492,45.7777808
3946,126.6367587,45.7350557
3947,126.6382189,45.7340850
3948,126.6372764,45.7345191
3949,126.6380085,45.7406420
3950,126.6388078,45.7406196
3951,126.5662265,45.7801034
3952,126.5660760,45.7804054
3953,126.6452466,45.7367389
3954,126.6560709,45.6985419
3955,126.6510214,45.6980244
3956,126.6559917,45.6985344
3957,126.6538005,45.6983268
3958,126.5450818,45.7354231
3959,126.5455191,45.7346984
3960,126.5469457,45.7323081
3961,126.5474219,45.7316075
3962,126.5477095,45.7312758
3963,126.5519450,45.7269168
3964,126.5520426,45.7268380
3965,126.5756503,45.7243523
3966,126.5764633,45.7237575
3967,126.6133548,45.6785640
3968,126.6127051,45.6784880
3969,126.5560287,45.8070009
3970,126.6389191,45.7383357
3971,126.6475027,45.7307187
3972,126.6484623,45.7304146
3973,126.6848068,45.7515067
3974,126.6171533,45.8306757
3975,126.7705095,45.7022405
3976,126.7999354,45.7004124
3977,126.7762508,45.7019508
3978,126.7765023,45.7019394
3979,126.7663731,45.7113315
3980,126.7694155,45.7192310
3981,126.7679601,45.7154711
3982,126.7679188,45.7153709
3983,126.7669062,45.7127416
3984,126.6390751,45.7817721
3985,126.6404470,45.7802767
3986,126.6568744,45.6526070
3987,126.6550051,45.6545419
3988,126.6562681,45.6547157
3989,126.6002306,45.7544916
3990,126.6015200,45.7537281
3991,126.6861432,45.7951706
3992,126.6874774,45.7965485
3993,126.6864953,45.7956208
3994,126.6867877,45.7959085
3995,126.6871598,45.7962976
3996,126.6801859,45.7027845
3997,126.6346885,45.7538083
3998,126.6268730,45.7572481
3999,126.6334130,45.7544812
4000,126.6302998,45.7558471
4001,126.6285735,45.7565569
4002,126.6276760,45.7569227
4003,126.6273005,45.7570757
4004,126.6453244,45.7098444
4005,126.6453637,45.7099024
4006,126.6988940,45.7711723
4007,126.6996718,45.7685561
4008,126.6905020,45.7486534
4009,126.6882695,45.7401687
4010,126.6905023,45.7485939
4011,126.6905031,45.7484598
4012,126.6898819,45.7458447
4013,126.6898704,45.7457864
4014,126.6890852,45.7430065
4015,126.7401747,45.7499170
4016,126.6483767,45.7706717
4017,126.6477694,45.7709277
4018,126.6873486,45.7050355
4019,126.6872309,45.7046608
4020,126.6464972,45.7272920
4021,126.6458911,45.7264008
4022,126.5914535,45.6806657
4023,126.5915366,45.6809117
4024,126.5805623,45.7787861
4025,126.5816383,45.7782930
4026,126.5805611,45.7781654
4027,126.5809621,45.7780392
4028,126.6142921,45.7716625
4029,126.6508201,45.7425918
4030,126.6561580,45.7458809
4031,126.6529534,45.7438866
4032,126.7093516,45.6825266
4033,126.7074434,45.6811220
4034,126.6267810,45.8198337
4035,126.6226648,45.8183075
4036,126.6227965,45.8183569
4037,126.6265669,45.8197523
4038,126.5518639,45.8312839
4039,126.5503284,45.8333178
4040,126.6778058,45.6708018
4041,126.5095532,45.7975463
4042,126.5095565,45.7975640
4043,126.5096824,45.7975897
4044,126.5096767,45.7975041
4045,126.5905747,45.7301946
4046,126.5935119,45.7288899
4047,126.7374840,45.8337966
4048,126.7693217,45.8021234
4049,126.7375955,45.8337445
4050,126.7465529,45.8205329
4051,126.6845003,45.7528020
4052,126.6849882,45.7508126
4053,126.6846277,45.7522249
4054,126.6847360,45.7517682
4055,126.5085014,45.6930396
4056,126.4984280,45.7091150
4057,126.5082382,45.6934280
4058,126.5063113,45.6965096
4059,126.5042564,45.6998270
4060,126.5034539,45.7010788
4061,126.5028419,45.7020574
4062,126.5006932,45.7054965
4063,126.5856173,45.7087075
4064,126.5876467,45.7077063
4065,126.5871186,45.7078291
4066,126.5873749,45.7077547
4067,126.5671096,45.7761114
4068,126.5673891,45.7758950
4069,126.5737027,45.7846636
4070,126.5737834,45.7846048
4071,126.5742578,45.7846230
4072,126.5738210,45.7850307
4073,126.5736526,45.7847372
4074,126.6382424,45.6642112
4075,126.6323661,45.6799060
4076,126.6778226,45.7699807
4077,126.6668302,45.7289010
4078,126.6684749,45.7248944
4079,126.6678241,45.7264725
4080,126.6681331,45.7257041
4081,126.7099200,45.7290179
4082,126.7124325,45.7368932
4083,126.7106652,45.7313387
4084,126.7112127,45.7330595
4085,126.6644051,45.7724512
4086,126.6646107,45.7693650
4087,126.6644871,45.7712157
4088,126.6158092,45.7135737
4089,126.6242300,45.7144364
4090,126.6159490,45.7135880
4091,126.6190213,45.7139028
4092,126.6473832,45.7538645
4093,126.6503716,45.7565326
4094,126.6485943,45.7549294
4095,126.6495401,45.7557572
4096,126.5849079,45.7588147
4097,126.5881155,45.7582336
4098,126.5867793,45.7584107
4099,126.5879338,45.7583560
4100,126.6848747,45.7259228
4101,126.6249100,45.7160205
4102,126.6269735,45.7188312
4103,126.6264817,45.7181969
4104,126.6265624,45.7183085
4105,126.5674679,45.7457911
4106,126.5264633,45.7403282
4107,126.5671495,45.7457984
4108,126.5615845,45.7450589
4109,126.5612368,45.7450092
4110,126.5545780,45.7441153
4111,126.5530092,45.7439049
4112,126.5433733,45.7426126
4113,126.5427821,45.7425333
4114,126.5422629,45.7424636
4115,126.5376584,45.7418446
4116,126.5349890,45.7414852
4117,126.5344345,45.7414105
4118,126.5340752,45.7413552
4119,126.5335459,45.7412862
4120,126.5322242,45.7411140
4121,126.5294224,45.7407372
4122,126.5291024,45.7406942
4123,126.5289067,45.7406665
4124,126.5285665,45.7406222
4125,126.6167112,45.7771122
4126,126.6156047,45.7801969
4127,126.6166855,45.7772245
4128,126.6160295,45.7794778
4129,126.6160024,45.7795693
4130,126.6396862,45.6879987
4131,126.6118740,45.6850128
4132,126.6395162,45.6879815
4133,126.6393591,45.6879695
4134,126.6391728,45.6879436
4135,126.6341333,45.6874063
4136,126.6309058,45.6870449
4137,126.6304873,45.6870042
4138,126.6221048,45.6861060
4139,126.6217476,45.6860702
4140,126.6140659,45.6852438
4141,126.6121927,45.6850471
4142,126.6585975,45.7852904
4143,126.6567622,45.7828821
4144,126.6568831,45.7830887
4145,126.6095430,45.7394955
4146,126.6099870,45.7391998
4147,126.6938840,45.7917603
4148,126.6881174,45.7966957
4149,126.6909170,45.7952799
4150,126.6887677,45.7961349
4151,126.7525132,45.7936142
4152,126.7724927,45.7129942
4153,126.6348715,45.7663015
4154,126.6351465,45.7657139
4155,126.6349266,45.7661838
4156,126.6349640,45.7661038
4157,126.6350064,45.7660132
4158,126.6350655,45.7658871
4159,126.6988639,45.7189737
4160,126.6990391,45.7196477
4161,126.6925448,45.7792946
4162,126.6930813,45.7774189
4163,126.6987830,45.7260467
4164,126.7032416,45.7256889
4165,126.6413356,45.7714437
4166,126.6454414,45.7718676
4167,126.6045160,45.7435594
4168,126.6021485,45.7446881
4169,126.6860505,45.7053489
4170,126.6843857,45.7065951
4171,126.6858700,45.7053782
4172,126.7556094,45.7236512
4173,126.7648896,45.7216994
4174,126.7556986,45.7236306
4175,126.7579719,45.7231317
4176,126.6603589,45.7139762
4177,126.6536717,45.7162752
4178,126.6586230,45.7145803
4179,126.6579581,45.7148091
4180,126.6557541,45.7155700
4181,126.6539398,45.7161841
4182,126.6787998,45.7900727
4183,126.6781936,45.7911238
4184,126.6784693,45.7906458
4185,126.6621924,45.7086713
4186,126.6631254,45.7083667
4187,126.6636639,45.7081716
4188,126.6611804,45.7494226
4189,126.6559969,45.7460383
4190,126.5598022,45.7781942
4191,126.5600266,45.7777227
4192,126.7610678,45.7744448
4193,126.7666240,45.7751239
4194,126.5569966,45.8208868
4195,126.5561815,45.8222693
4196,126.6805234,45.7304587
4197,126.6809746,45.7293544
4198,126.6586945,45.7513508
4199,126.6587634,45.7516890
4200,126.6589623,45.7540856
4201,126.6590658,45.7553296
4202,126.6591215,45.7558713
4203,126.6591658,45.7563887
4204,126.6591839,45.7565996
4205,126.7111671,45.7385044
4206,126.7102802,45.7383562
4207,126.7034176,45.7456116
4208,126.7078764,45.7505858
4209,126.7056697,45.7497277
4210,126.7003922,45.7654442
4211,126.7049959,45.7660314
4212,126.7009895,45.7655228
4213,126.5417586,45.7988868
4214,126.5476001,45.7993317
4215,126.6066063,45.7662448
4216,126.6084597,45.7653745
4217,126.6080166,45.7656843
4218,126.6641948,45.7627042
4219,126.6625293,45.7637643
4220,126.6908029,45.7518756
4221,126.6908525,45.7509434
4222,126.5767310,45.7053629
4223,126.5770390,45.7054641
4224,126.6720786,45.7950604
4225,126.6768260,45.7964561
4226,126.6769116,45.7964804
4227,126.6252729,45.7625013
4228,126.5659873,45.7848181
4229,126.5673006,45.7836022
4230,126.5434637,45.7352162
4231,126.6934682,45.8082946
4232,126.6954871,45.8063376
4233,126.5634998,45.7343160
4234,126.7652134,45.7651732
4235,126.7658375,45.7658150
4236,126.6286851,45.7084387
4237,126.6321223,45.7477585
4238,126.6357850,45.7508453
4239,126.6332853,45.7487512
4240,126.6146374,45.6911394
4241,126.6164154,45.6911820
4242,126.6380796,45.7375438
4243,126.6373199,45.7378878
4244,126.6379075,45.7376333
4245,126.7847410,45.7523191
4246,126.7601654,45.7687019
4247,126.7634035,45.7669214
4248,126.7065176,45.7143819
4249,126.7069437,45.7146411
4250,126.5429277,45.7351928
4251,126.5847620,45.6601501
4252,126.5850277,45.6569422
4253,126.5850356,45.6585617
4254,126.5850337,45.6581722
4255,126.5850316,45.6577545
4256,126.5850296,45.6573340
4257,126.6968565,45.7075285
4258,126.6936454,45.7072297
4259,126.7039592,45.7495693
4260,126.7024643,45.7437030
4261,126.7039073,45.7493395
4262,126.7034503,45.7474329
4263,126.7025900,45.7441503
4264,126.7025759,45.7441012
4265,126.7195698,45.7448677
4266,126.7206652,45.7448166
4267,126.7205156,45.7448667
4268,126.6973313,45.7130954
4269,126.6865231,45.7916100
4270,126.6832448,45.7906592
4271,126.5304056,45.8132229
4272,126.5304704,45.8141298
4273,126.5304251,45.8134963
4274,126.6299145,45.7238425
4275,126.6313490,45.7232241
4276,126.5917992,45.7848724
4277,126.5930118,45.7843100
4278,126.5921169,45.7845271
4279,126.6684845,45.8316226
4280,126.6816610,45.7029311
4281,126.6814834,45.7023724
4282,126.6920660,45.7455583
4283,126.6920482,45.7454948
4284,126.6920216,45.7454002
4285,126.6915699,45.7437906
4286,126.6927807,45.7580364
4287,126.6185642,45.8316029
4288,126.7166795,45.7689790
4289,126.7208614,45.7524923
4290,126.6198547,45.7301435
4291,126.6201841,45.7299490
4292,126.6205288,45.7297453
4293,126.6433268,45.7015540
4294,126.6452829,45.7017158
4295,126.6443343,45.7016367
4296,126.5217961,45.7017486
4297,126.5199569,45.7046526
4298,126.6188737,45.8317171
4299,126.6123913,45.8397697
4300,126.6157963,45.8353264
4301,126.6157184,45.8354330
4302,126.6126204,45.8394798
4303,126.5792473,45.6992238
4304,126.5682728,45.6920769
4305,126.5717101,45.6943541
4306,126.5719253,45.6944546
4307,126.5755462,45.6967790
4308,126.5758180,45.6969657
4309,126.5762166,45.6972585
4310,126.5771450,45.6978964
4311,126.5772095,45.6979407
4312,126.6452456,45.7861704
4313,126.6442725,45.7877731
4314,126.6447947,45.7868655
4315,126.5616078,45.7707046
4316,126.5612529,45.7710033
4317,126.5610048,45.7709995
4318,126.5602039,45.7706896
4319,126.5590116,45.7700200
4320,126.5587352,45.7699010
4321,126.5579665,45.7693864
4322,126.5579683,45.7688928
4323,126.5597087,45.7675416
4324,126.5610112,45.7675444
4325,126.5630897,45.7675550
4326,126.5650768,45.7685966
4327,126.5648425,45.7693328
4328,126.5629614,45.7706981
4329,126.5888914,45.6721500
4330,126.6154580,45.6687278
4331,126.6019387,45.6713991
4332,126.5060692,45.7962411
4333,126.5150785,45.7959243
4334,126.5062381,45.7961749
4335,126.5100063,45.7950137
4336,126.5140034,45.7956343
4337,126.5286756,45.8066897
4338,126.5289952,45.8044507
4339,126.6457922,45.7430705
4340,126.6457828,45.7432031
4341,126.6474513,45.7443827
4342,126.6486853,45.7451117
4343,126.7042706,45.7524958
4344,126.7048985,45.7517076
4345,126.7045773,45.7526487
4346,126.7055268,45.7527461
4347,126.7082361,45.7533827
4348,126.7084478,45.7520584
4349,126.7059455,45.7519389
4350,126.5083217,45.7297499
4351,126.5103368,45.7225812
4352,126.5084244,45.7293746
4353,126.5084440,45.7293031
4354,126.5089331,45.7275152
4355,126.5090281,45.7272109
4356,126.5563257,45.7165843
4357,126.5543903,45.7156875
4358,126.6625604,45.7628737
4359,126.6625004,45.7642338
4360,126.6625031,45.7641931
4361,126.6402849,45.7802219
4362,126.6409010,45.7788761
4363,126.6403166,45.7801569
4364,126.6617538,45.7675752
4365,126.6617752,45.7672416
4366,126.6934159,45.6721310
4367,126.6957132,45.6668964
4368,126.6938365,45.6711722
4369,126.6943385,45.6700291
4370,126.6952823,45.6678783
4371,126.6774839,45.8262458
4372,126.6940612,45.8071623
4373,126.6659784,45.7626977
4374,126.6703468,45.8375799
4375,126.6766702,45.8309408
4376,126.6118181,45.7965981
4377,126.6124103,45.7985213
4378,126.6123589,45.7981095
4379,126.6688988,45.7249849
4380,126.6157271,45.7178927
4381,126.6171667,45.7199322
4382,126.6739414,45.6863098
4383,126.6744875,45.6863751
4384,126.5387348,45.6986086
4385,126.5411487,45.6947835
4386,126.5403374,45.6962678
4387,126.6014096,45.8300226
4388,126.6071124,45.8320972
4389,126.6016770,45.8301175
4390,126.6020815,45.8302606
4391,126.6037031,45.8308474
4392,126.6040200,45.8309697
4393,126.6042527,45.8310608
4394,126.6053309,45.8314480
4395,126.6061183,45.8317490
4396,126.6443681,45.6504337
4397,126.6412521,45.6495296
4398,126.6427675,45.6500124
4399,126.6051529,45.7416541
4400,126.6045750,45.7410133
4401,126.6622846,45.7331160
4402,126.6611075,45.7313709
4403,126.6517037,45.7452653
4404,126.6438829,45.7514805
4405,126.6480346,45.7481441
4406,126.6467767,45.7491554
4407,126.6455418,45.7501516
4408,126.6445146,45.7509806
4409,126.6435366,45.7531244
4410,126.6403714,45.7549558
4411,126.6404690,45.7548997
4412,126.6416841,45.7542016
4413,126.6427961,45.7535483
4414,126.5859332,45.8183181
4415,126.5857573,45.8183884
4416,126.5854762,45.8184942
4417,126.5852622,45.8185807
4418,126.5781194,45.8217016
4419,126.5684984,45.8259574
4420,126.5645035,45.8260698
4421,126.5642032,45.8260708
4422,126.7051056,45.6805623
4423,126.7055444,45.6796015
4424,126.6274857,45.7141831
4425,126.6272849,45.7144448
4426,126.6271080,45.7144620
4427,126.6268478,45.7143342
4428,126.6268170,45.7141807
4429,126.6271643,45.7139889
4430,126.7064660,45.7195668
4431,126.5058897,45.6749860
4432,126.5063689,45.6799036
4433,126.5201051,45.7451793
4434,126.5691646,45.7520013
4435,126.5208941,45.7449234
4436,126.5214278,45.7449997
4437,126.5224025,45.7451388
4438,126.5237284,45.7453282
4439,126.5296446,45.7462037
4440,126.5472455,45.7484495
4441,126.5838077,45.7571425
4442,126.5845147,45.7571334
4443,126.6437205,45.6763691
4444,126.6438638,45.6757059
4445,126.6400278,45.7078540
4446,126.6408779,45.7090153
4447,126.6402674,45.7082060
4448,126.6300244,45.7621208
4449,126.7211085,45.7784664
4450,126.7230522,45.7381193
4451,126.7232096,45.7375862
4452,126.5088450,45.7972554
4453,126.5088583,45.7973080
4454,126.6199425,45.7603749
4455,126.6380391,45.7768723
4456,126.6404744,45.7772565
4457,126.6324453,45.7403772
4458,126.6328981,45.7401157
4459,126.7135983,45.7515633
4460,126.7040298,45.7503551
4461,126.7103082,45.7511400
4462,126.7046404,45.7504109
4463,126.5843576,45.7830178
4464,126.5838693,45.7834810
4465,126.5800848,45.7129469
4466,126.7133098,45.7142044
4467,126.7130890,45.7139860
4468,126.7132375,45.7141328
4469,126.5880591,45.7019029
4470,126.5886049,45.7020718
4471,126.7181323,45.6547695
4472,126.7190772,45.6526886
4473,126.6825082,45.6742860
4474,126.6814076,45.6741634
4475,126.6855884,45.6972778
4476,126.6393040,45.7370610
4477,126.6331413,45.7403907
4478,126.6389382,45.7371574
4479,126.6375051,45.7379379
4480,126.6373527,45.7380125
4481,126.6358718,45.7388280
4482,126.6353888,45.7391104
4483,126.7330404,45.7252972
4484,126.7282286,45.7259929
4485,126.6858027,45.7536678
4486,126.6856375,45.7543806
4487,126.6863602,45.7537408
4488,126.6866447,45.7537737
4489,126.6872590,45.7538449
4490,126.6874199,45.7536652
4491,126.6877686,45.7537064
4492,126.6874950,45.7543464
4493,126.6872676,45.7543220
4494,126.6864489,45.7542341
4495,126.6863953,45.7544700
4496,126.7036163,45.6817578
4497,126.6572204,45.7741876
4498,126.6608586,45.7719221
4499,126.6195773,45.7615684
4500,126.6196739,45.7616938
4501,126.5746292,45.7206086
4502,126.5098918,45.7958255
4503,126.5099042,45.7958154
4504,126.6789944,45.7040083
4505,126.6795576,45.7045102
4506,126.6183742,45.6959468
4507,126.6190639,45.6928330
4508,126.6187871,45.6940829
4509,126.5841169,45.6585558
4510,126.5819927,45.6584873
4511,126.5832428,45.6585922
4512,126.6451901,45.7395276
4513,126.6417319,45.7373022
4514,126.6525539,45.7717274
4515,126.6544381,45.7706656
4516,126.6529601,45.7714935
4517,126.6538028,45.7710084
4518,126.6542507,45.7707672
4519,126.6271012,45.7046010
4520,126.6412194,45.7224159
4521,126.6401970,45.7209372
4522,126.6406812,45.7216351
4523,126.5322139,45.8140607
4524,126.6937265,45.7661641
4525,126.6957803,45.7664428
4526,126.6984745,45.7181705
4527,126.6904306,45.7190681
4528,126.6950782,45.7185602
4529,126.5025188,45.6918125
4530,126.5006465,45.6947320
4531,126.4984895,45.6980778
4532,126.4958610,45.7023538
4533,126.4949864,45.7037142
4534,126.5829656,45.7830813
4535,126.5673802,45.7745084
4536,126.5828461,45.7829760
4537,126.5796515,45.7816078
4538,126.5756821,45.7796056
4539,126.5754799,45.7794925
4540,126.5731105,45.7780318
4541,126.5704856,45.7763929
4542,126.5703053,45.7762833
4543,126.5702552,45.7762528
4544,126.5552457,45.7146850
4545,126.5242390,45.7111471
4546,126.5514951,45.7129563
4547,126.5465859,45.7116641
4548,126.5399914,45.7113800
4549,126.5398744,45.7113763
4550,126.5343446,45.7111082
4551,126.5342009,45.7111048
4552,126.5270967,45.7112264
4553,126.6199010,45.7620753
4554,126.6199238,45.7619077
4555,126.7101382,45.7155792
4556,126.7105849,45.7155505
4557,126.5823270,45.7402704
4558,126.5867804,45.7385020
4559,126.5838008,45.7396941
4560,126.6864115,45.7236056
4561,126.6895700,45.7239030
4562,126.6788035,45.7695524
4563,126.6347116,45.7293579
4564,126.6344121,45.7287810
4565,126.5146293,45.8004664
4566,126.5140462,45.8013921
4567,126.5131569,45.8028038
4568,126.5584023,45.7059982
4569,126.5547563,45.7105178
4570,126.5568626,45.7082466
4571,126.7566309,45.6607048
4572,126.7531738,45.6522141
4573,126.7565957,45.6606421
4574,126.7009692,45.7385494
4575,126.7003034,45.7358907
4576,126.7002854,45.7358180
4577,126.5321614,45.7255719
4578,126.7278163,45.7263532
4579,126.7310068,45.7373865
4580,126.7286465,45.7292489
4581,126.7288352,45.7298150
4582,126.5208822,45.7182582
4583,126.5202586,45.7196046
4584,126.6319754,45.7572837
4585,126.6324719,45.7577101
4586,126.5519844,45.6639212
4587,126.5508185,45.6645798
4588,126.5778548,45.7266313
4589,126.6820369,45.7483437
4590,126.6211182,45.7824553
4591,126.6221859,45.7808740
4592,126.6333584,45.8235396
4593,126.6165415,45.8456961
4594,126.6333171,45.8235935
4595,126.6315942,45.8258471
4596,126.6314513,45.8260247
4597,126.6280651,45.8305138
4598,126.6264969,45.8325413
4599,126.6264585,45.8325961
4600,126.6256811,45.8336530
4601,126.6255733,45.8337988
4602,126.6254572,45.8339560
4603,126.6253467,45.8341056
4604,126.6225475,45.8377903
4605,126.6224714,45.8378905
4606,126.6193670,45.8419768
4607,126.5483634,45.7949651
4608,126.5477944,45.7998778
4609,126.5478885,45.7989376
4610,126.5478415,45.7993477
4611,126.5097791,45.7953830
4612,126.5098077,45.7954450
4613,126.6867181,45.6860814
4614,126.6679086,45.7469541
4615,126.6609084,45.7430692
4616,126.6653661,45.7455894
4617,126.5315462,45.8377797
4618,126.5266319,45.8405276
4619,126.6924617,45.7597511
4620,126.6505262,45.6669643
4621,126.6510296,45.6669687
4622,126.6116114,45.7336557
4623,126.6099167,45.7314057
4624,126.6288341,45.7335846
4625,126.6292518,45.7333529
4626,126.6903397,45.7486545
4627,126.6864092,45.7652418
4628,126.6870675,45.7625271
4629,126.6870778,45.7624832
4630,126.6873316,45.7614812
4631,126.6877034,45.7600444
4632,126.6877373,45.7599129
4633,126.6878844,45.7593427
4634,126.6880067,45.7588543
4635,126.6885168,45.7567618
4636,126.6888869,45.7553974
4637,126.6890223,45.7548304
4638,126.6891951,45.7541080
4639,126.6893429,45.7535263
4640,126.6893747,45.7534008
4641,126.6897373,45.7518895
4642,126.6902246,45.7499158
4643,126.6903339,45.7488065
4644,126.6903385,45.7486862
4645,126.6050685,45.7516479
4646,126.6072979,45.7541792
4647,126.6051983,45.7517567
4648,126.6053147,45.7518510
4649,126.6066297,45.7533953
4650,126.5966218,45.6939892
4651,126.5970183,45.6940301
4652,126.5671610,45.7743632
4653,126.5563399,45.7711445
4654,126.5659903,45.7736235
4655,126.5659269,45.7735836
4656,126.5640951,45.7725344
4657,126.5640111,45.7724983
4658,126.5622077,45.7718790
4659,126.5612087,45.7716530
4660,126.5609910,45.7716107
4661,126.5593882,45.7714338
4662,126.5574289,45.7712724
4663,126.6174947,45.7685760
4664,126.6192909,45.7688259
4665,126.6180895,45.7686617
4666,126.6182709,45.7686865
4667,126.6186421,45.7687372
4668,126.6188509,45.7687658
4669,126.6503757,45.7513581
4670,126.6516368,45.7503406
4671,126.6539983,45.7484352
4672,126.6552495,45.7474257
4673,126.7016189,45.7384625
4674,126.7030643,45.7436179
4675,126.7016542,45.7385883
4676,126.7023744,45.7411504
4677,126.7024558,45.7414475
4678,126.5339481,45.7082746
4679,126.5338528,45.7083890
4680,126.5336638,45.7083994
4681,126.5336054,45.7083729
4682,126.5337452,45.7081258
4683,126.5715504,45.7344821
4684,126.6748440,45.7707199
4685,126.6738535,45.6703271
4686,126.6813683,45.6743482
4687,126.6696809,45.7228071
4688,126.6724908,45.7233534
4689,126.6620793,45.7421008
4690,126.6644717,45.7419720
4691,126.6828711,45.7288118
4692,126.6056435,45.8162151
4693,126.6074375,45.8138869
4694,126.7309480,45.7203503
4695,126.7311195,45.7184814
4696,126.6736121,45.7529804
4697,126.6728948,45.7528593
4698,126.6415156,45.7371574
4699,126.6241851,45.7452753
4700,126.6267847,45.7437855
4701,126.6110159,45.7999135
4702,126.6154278,45.7998822
4703,126.5499859,45.8332007
4704,126.5515220,45.8311560
4705,126.6201144,45.7062043
4706,126.6652242,45.7332123
4707,126.6658040,45.7314506
4708,126.6658734,45.7312704
4709,126.6659821,45.7309788
4710,126.6667048,45.7291634
4711,126.5749746,45.7008215
4712,126.5732549,45.7015512
4713,126.5734702,45.7014589
4714,126.7000264,45.7682889
4715,126.6220596,45.7440776
4716,126.6168240,45.7421188
4717,126.6212451,45.7437729
4718,126.6203687,45.7434450
4719,126.6194742,45.7431103
4720,126.5154913,45.6849242
4721,126.7722094,45.7688575
4722,126.5385915,45.8316316
4723,126.5395557,45.8303725
4724,126.7229253,45.7270506
4725,126.7273243,45.7264244
4726,126.7271013,45.7264593
4727,126.5734979,45.8325842
4728,126.5679671,45.8329357
4729,126.6371325,45.7517515
4730,126.6364666,45.7511911
4731,126.6442627,45.7161987
4732,126.6443993,45.7151708
4733,126.6408383,45.7534802
4734,126.6499015,45.7612099
4735,126.6426844,45.7550548
4736,126.6437115,45.7559308
4737,126.6437732,45.7559834
4738,126.6449060,45.7569495
4739,126.6473124,45.7590019
4740,126.6486488,45.7601416
4741,126.6663114,45.7643978
4742,126.6638263,45.7643073
4743,126.6645227,45.7643326
4744,126.6653600,45.7643631
4745,126.6307173,45.7718231
4746,126.6323581,45.7687228
4747,126.6315604,45.7703849
4748,126.6311647,45.7709645
4749,126.6307548,45.7717390
4750,126.5174720,45.7283083
4751,126.5173853,45.7286623
4752,126.5245074,45.7986189
4753,126.5260843,45.7958658
4754,126.5256542,45.7966152
4755,126.5256816,45.7965613
4756,126.5260170,45.7959763
4757,126.6991672,45.6851144
4758,126.6994170,45.6852621
4759,126.7041916,45.6876782
4760,126.6993911,45.7691547
4761,126.6861070,45.7675314
4762,126.6931608,45.7684168
4763,126.6862683,45.7675425
4764,126.5297300,45.6958874
4765,126.5258597,45.6952034
4766,126.5273488,45.6957104
4767,126.6812097,45.7353803
4768,126.6797462,45.7646053
4769,126.6812341,45.7354669
4770,126.6820089,45.7382170
4771,126.6820216,45.7382618
4772,126.6823443,45.7393685
4773,126.6827633,45.7408714
4774,126.6827794,45.7409292
4775,126.6835422,45.7437857
4776,126.6836948,45.7442973
4777,126.6840327,45.7454274
4778,126.6842765,45.7465488
4779,126.6842624,45.7466250
4780,126.6839367,45.7479585
4781,126.6839168,45.7480807
4782,126.6838848,45.7481885
4783,126.6838594,45.7483058
4784,126.6835050,45.7497113
4785,126.6832797,45.7506005
4786,126.6831008,45.7513097
4787,126.6827765,45.7525949
4788,126.6827489,45.7527040
4789,126.6827179,45.7528267
4790,126.6822028,45.7548637
4791,126.6818666,45.7561932
4792,126.6811523,45.7590875
4793,126.6811173,45.7592548
4794,126.6805238,45.7616518
4795,126.6805095,45.7617101
4796,126.6798046,45.7644035
4797,126.7264363,45.6837855
4798,126.7291267,45.6845889
4799,126.6519845,45.7471847
4800,126.6575165,45.7506194
4801,126.6562401,45.7498269
4802,126.6551105,45.7491256
4803,126.5970363,45.7355046
4804,126.5940335,45.7321556
4805,126.5955022,45.7337256
4806,126.6393728,45.7496859
4807,126.6399387,45.7492693
4808,126.6395930,45.7494578
4809,126.6121131,45.7021647
4810,126.6126283,45.7002566
4811,126.6121973,45.7018549
4812,126.6122898,45.7015117
4813,126.6124284,45.7009976
4814,126.7191309,45.7520439
4815,126.7223872,45.7524293
4816,126.7725499,45.7455342
4817,126.7712527,45.7506593
4818,126.7718378,45.7483995
4819,126.7716647,45.7490765
4820,126.7713175,45.7504085
4821,126.6292926,45.7423599
4822,126.6372505,45.7378199
4823,126.5911114,45.7520176
4824,126.5923366,45.7524452
4825,126.6288121,45.7428727
4826,126.6287613,45.7428362
4827,126.6188387,45.6624184
4828,126.6174965,45.6619217
4829,126.5310922,45.8391041
4830,126.5343281,45.8347115
4831,126.5336268,45.8355902
4832,126.6976172,45.7147186
4833,126.6886074,45.7159207
4834,126.7391053,45.7682906
4835,126.7474544,45.7594944
4836,126.7425338,45.7651492
4837,126.7431587,45.7634207
4838,126.6922807,45.7053504
4839,126.6903218,45.7056538
4840,126.6927853,45.7071078
4841,126.6799778,45.7841747
4842,126.6810475,45.7825399
4843,126.5380279,45.7310788
4844,126.6519718,45.7324695
4845,126.6519974,45.7326975
4846,126.6486858,45.7942480
4847,126.4794829,45.7101358
4848,126.5605200,45.7779490
4849,126.5607051,45.7775350
4850,126.5607809,45.7776775
4851,126.6276728,45.6999568
4852,126.6280586,45.6999923
4853,126.6488101,45.6983097
4854,126.6493702,45.6984416
4855,126.6759473,45.7283264
4856,126.6768238,45.7263727
4857,126.6761447,45.7278864
4858,126.5102619,45.8125838
4859,126.5102705,45.8129140
4860,126.5102667,45.8127678
4861,126.5776049,45.7827622
4862,126.5767090,45.7828637
4863,126.7126298,45.7159216
4864,126.6421915,45.8382149
4865,126.6310665,45.8502836
4866,126.6420963,45.8383269
4867,126.6420521,45.8383776
4868,126.6411280,45.8393732
4869,126.6409911,45.8395066
4870,126.6408326,45.8396655
4871,126.6374893,45.8432870
4872,126.6374216,45.8433599
4873,126.6337030,45.8473471
4874,126.5327270,45.8147933
4875,126.5204970,45.8137361
4876,126.5273999,45.8137549
4877,126.5205160,45.8163426
4878,126.5205250,45.8174876
4879,126.5272484,45.8175042
4880,126.5272952,45.8163461
4881,126.5302994,45.8132123
4882,126.6545087,45.7620182
4883,126.6456825,45.7670759
4884,126.6539334,45.7623257
4885,126.6510178,45.7639980
4886,126.6509193,45.7640549
4887,126.6483231,45.7655561
4888,126.6461911,45.7667836
4889,126.6541881,45.7362479
4890,126.6506383,45.7375624
4891,126.6537043,45.7364258
4892,126.6519300,45.7370905
4893,126.7166816,45.7895801
4894,126.7188859,45.7898404
4895,126.5330721,45.7288553
4896,126.5328942,45.7291495
4897,126.5432774,45.8212981
4898,126.5467532,45.8222497
4899,126.5438408,45.8215003
4900,126.5436574,45.8214359
4901,126.5434781,45.8213676
4902,126.7969632,45.8377716
4903,126.7657065,45.8336150
4904,126.6948658,45.7542073
4905,126.6913158,45.7537683
4906,126.6933498,45.7544051
4907,126.6919058,45.7539867
4908,126.6611217,45.7459528
4909,126.6089209,45.7399235
4910,126.6800524,45.7742567
4911,126.6824835,45.7747064
4912,126.6420097,45.7370379
4913,126.6461074,45.7396733
4914,126.6435414,45.7379948
4915,126.6436719,45.7380757
4916,126.6448567,45.7388269
4917,126.6454706,45.7392187
4918,126.6643592,45.7109314
4919,126.6672203,45.7099466
4920,126.6669656,45.7100259
4921,126.6825263,45.6567950
4922,126.6887904,45.6504973
4923,126.5330133,45.6654889
4924,126.5336939,45.6662752
4925,126.6318625,45.7512196
4926,126.7096546,45.7463414
4927,126.7073177,45.7376431
4928,126.7096294,45.7462475
4929,126.7095235,45.7458534
4930,126.7092622,45.7448811
4931,126.7090912,45.7442444
4932,126.7080506,45.7403715
4933,126.6623786,45.7497642
4934,126.6681374,45.7494686
4935,126.6642288,45.7496684
4936,126.5538574,45.7372422
4937,126.5473712,45.7363969
4938,126.5836436,45.7477172
4939,126.5740616,45.7465887
4940,126.5809502,45.7473907
4941,126.5770777,45.7469575
4942,126.5755026,45.7467721
4943,126.6141124,45.6752022
4944,126.6224245,45.8260801
4945,126.6864680,45.7962625
4946,126.6860649,45.7962529
4947,126.6787784,45.8250058
4948,126.6786945,45.8250722
4949,126.6916294,45.7290134
4950,126.6916551,45.7313251
4951,126.6914234,45.7302151
4952,126.5864519,45.7349589
4953,126.5845731,45.7344728
4954,126.5855138,45.7347162
4955,126.6964044,45.8030340
4956,126.6971884,45.8055267
4957,126.6979597,45.7611741
4958,126.6984414,45.7580150
4959,126.5818269,45.7007223
4960,126.5794023,45.7007851
4961,126.5561372,45.7397759
4962,126.5563175,45.7404009
4963,126.5965694,45.7482571
4964,126.5983839,45.7474413
4965,126.6111174,45.8364863
4966,126.6081649,45.8353871
4967,126.6095580,45.8359057
4968,126.6108171,45.8363745
4969,126.6009360,45.7901055
4970,126.7088993,45.7510852
4971,126.5824174,45.8206778
4972,126.5844664,45.8223012
4973,126.6268022,45.7388529
4974,126.6291478,45.7409766
4975,126.6283101,45.7401546
4976,126.6566233,45.7736250
4977,126.6561315,45.7732004
4978,126.5737223,45.8239395
4979,126.5757811,45.8262288
4980,126.5746025,45.8249184
4981,126.6528869,45.7383961
4982,126.6503564,45.7350733
4983,126.6515023,45.7364614
4984,126.6511578,45.7359540
4985,126.6314627,45.7613377
4986,126.6287768,45.7262383
4987,126.6296625,45.7275378
4988,126.6290097,45.7266627
4989,126.6970041,45.6682434
4990,126.6323178,45.6807129
4991,126.6410774,45.6816524
4992,126.6356155,45.6810642
4993,126.6405823,45.6816054
4994,126.6407469,45.6816215
4995,126.6408975,45.6816342
4996,126.5722646,45.7020584
4997,126.5718811,45.7018412
4998,126.6793889,45.6901461
4999,126.6792701,45.6900834
5000,126.5879506,45.6693206
5001,126.5879759,45.6693835
5002,126.5451128,45.7369545
5003,126.6594911,45.7085923
5004,126.6615397,45.7078845
5005,126.6616162,45.7078581
5006,126.6631796,45.7073386
5007,126.5749868,45.7053648
5008,126.5771799,45.7053977
5009,126.6946792,45.7365390
5010,126.6895788,45.6724000
5011,126.6894069,45.6726401
5012,126.6890992,45.6730698
5013,126.6857347,45.6779030
5014,126.6338170,45.7270412
5015,126.6349653,45.7286011
5016,126.5339913,45.8011507
5017,126.5876256,45.7144865
5018,126.5874702,45.7171641
5019,126.5876309,45.7146555
5020,126.5829790,45.7509625
5021,126.5786556,45.7506092
5022,126.7179359,45.7395626
5023,126.7199567,45.7395561
5024,126.7220578,45.7395495
5025,126.5143641,45.8000971
5026,126.5264594,45.8234575
5027,126.5317494,45.8235553
5028,126.5320249,45.8236150
5029,126.5394157,45.8263752
5030,126.5398213,45.8265261
5031,126.5400467,45.8266069
5032,126.5404346,45.8267672
5033,126.5427653,45.8276434
5034,126.5470320,45.8291942
5035,126.5472353,45.8292744
5036,126.5497589,45.8302134
5037,126.5516889,45.8309492
5038,126.5520259,45.8310711
5039,126.5559810,45.8326930
5040,126.5582350,45.8347831
5041,126.5605891,45.6906340
5042,126.6364739,45.7316336
5043,126.7674018,45.7860236
5044,126.6310914,45.7228756
5045,126.6356764,45.7212988
5046,126.6315054,45.7227332
5047,126.6328379,45.7222750
5048,126.6342700,45.7217824
5049,126.5606224,45.8160999
5050,126.5596095,45.8160273
5051,126.7340739,45.7025617
5052,126.7300055,45.7028101
5053,126.7230546,45.7120998
5054,126.7222504,45.7092697
5055,126.5054247,45.7267273
5056,126.5065666,45.7224482
5057,126.6641567,45.6853177
5058,126.6654020,45.6835428
5059,126.5623214,45.7462777
5060,126.5632208,45.7465717
5061,126.6336091,45.8369732
5062,126.6186932,45.8314510
5063,126.6253118,45.8339024
5064,126.5692460,45.7857563
5065,126.5689547,45.7863586
5066,126.5689681,45.7862903
5067,126.6288413,45.6964289
5068,126.6284416,45.6964210
5069,126.5116578,45.6985367
5070,126.5096808,45.7015151
5071,126.5083129,45.7037122
5072,126.5060993,45.7071662
5073,126.6145607,45.7475707
5074,126.5197546,45.7241696
5075,126.5198031,45.7265240
5076,126.5011245,45.7926013
5077,126.5008161,45.7930844
5078,126.5188399,45.6967137
5079,126.5169061,45.6997787
5080,126.5148005,45.7030984
5081,126.5895476,45.7486930
5082,126.6077855,45.7401846
5083,126.5899234,45.7485239
5084,126.5915056,45.7478958
5085,126.5924107,45.7475194
5086,126.5936458,45.7470165
5087,126.5947940,45.7465531
5088,126.5949172,45.7464976
5089,126.5987228,45.7448093
5090,126.6033939,45.7426088
5091,126.6056067,45.7414023
5092,126.6063398,45.7409858
5093,126.6075963,45.7402889
5094,126.6633957,45.7436096
5095,126.6633860,45.7435380
5096,126.6702689,45.7241901
5097,126.6751285,45.7252808
5098,126.6978268,45.7306530
5099,126.6932640,45.7312494
5100,126.6931144,45.7312676
5101,126.6890766,45.7317591
5102,126.5395262,45.8051528
5103,126.5378926,45.8033117
5104,126.5392841,45.8048799
5105,126.5193594,45.8059553
5106,126.5619905,45.6808386
5107,126.5619888,45.6852838
5108,126.5721932,45.8192628
5109,126.5732599,45.8165476
5110,126.5731096,45.8178997
5111,126.7259048,45.7373463
5112,126.6956262,45.8059313
5113,126.6784435,45.7472290
5114,126.6787070,45.7472543
5115,126.6380289,45.6633024
5116,126.6390604,45.6661244
5117,126.6388553,45.6659709
5118,126.5250624,45.7986791
5119,126.5340140,45.8006863
5120,126.6919967,45.7906900
5121,126.6928753,45.7895555
5122,126.6927096,45.7896773
5123,126.5841640,45.7568919
5124,126.5707298,45.7460951
5125,126.5707355,45.7463788
5126,126.5844697,45.8087569
5127,126.6174693,45.7619979
5128,126.6171013,45.7609643
5129,126.6174506,45.7619031
5130,126.6737959,45.6980206
5131,126.6723006,45.6933817
5132,126.7045417,45.7485628
5133,126.7088275,45.7506673
5134,126.7235293,45.7119811
5135,126.7277164,45.7266559
5136,126.7240196,45.7136875
5137,126.5565724,45.6689402
5138,126.5590276,45.6600333
5139,126.5565983,45.6636287
5140,126.5960960,45.7091257
5141,126.5956449,45.7091151
5142,126.6707743,45.7048945
5143,126.6773253,45.7022184
5144,126.6732925,45.7038658
5145,126.7254564,45.8290307
5146,126.7264083,45.8296425
5147,126.6690676,45.8418027
5148,126.6674976,45.8387819
5149,126.4995343,45.7938703
5150,126.5024094,45.7946996
5151,126.5011473,45.7953373
5152,126.6223643,45.6832481
5153,126.6498242,45.7131854
5154,126.6473907,45.7096097
5155,126.6484811,45.7112175
5156,126.6482448,45.7108697
5157,126.6481936,45.7107942
5158,126.6371761,45.7638696
5159,126.6369948,45.7637236
5160,126.6515396,45.7334778
5161,126.6502789,45.7317086
5162,126.6510768,45.7328227
5163,126.6526390,45.7122248
5164,126.6407152,45.7162938
5165,126.6450692,45.7148080
5166,126.6457540,45.7145743
5167,126.6468194,45.7142107
5168,126.6480070,45.7138055
5169,126.6525336,45.7122608
5170,126.6632105,45.7564381
5171,126.6630912,45.7551521
5172,126.6428672,45.7041375
5173,126.6437630,45.6991019
5174,126.6436345,45.6998241
5175,126.6200538,45.7270802
5176,126.6208539,45.7269582
5177,126.6277422,45.7160980
5178,126.6271181,45.7173461
5179,126.6858194,45.7052149
5180,126.6418196,45.7183675
5181,126.6381973,45.7117968
5182,126.6407307,45.7167718
5183,126.6389763,45.7142720
5184,126.5659553,45.7394197
5185,126.5700572,45.7399891
5186,126.6321553,45.6798817
5187,126.6380444,45.6642301
5188,126.5526646,45.8263622
5189,126.5585186,45.8289719
5190,126.5546189,45.8271191
5191,126.5549582,45.8272478
5192,126.7651318,45.7646701
5193,126.7654676,45.7650609
5194,126.6988231,45.7675286
5195,126.6973808,45.7672897
5196,126.5751503,45.7005484
5197,126.5755750,45.6971572
5198,126.5751724,45.6976491
5199,126.5748383,45.6999262
5200,126.6219104,45.7325340
5201,126.6227540,45.7332287
5202,126.5945681,45.7406191
5203,126.5924899,45.7384753
5204,126.5934707,45.7395361
5205,126.6686909,45.7410499
5206,126.6683887,45.7413482
5207,126.6345534,45.7662215
5208,126.6348266,45.7656404
5209,126.5355972,45.7358154
5210,126.5359426,45.7358585
5211,126.7572435,45.8368689
5212,126.7579033,45.8374523
5213,126.5891455,45.7505794
5214,126.5832451,45.7497875
5215,126.5889525,45.7505045
5216,126.5881300,45.7503047
5217,126.6863683,45.7484941
5218,126.6857692,45.7509061
5219,126.6863294,45.7487189
5220,126.6861847,45.7494050
5221,126.6860666,45.7498571
5222,126.6859411,45.7502998
5223,126.6515052,45.6640103
5224,126.6420474,45.7714290
5225,126.6439119,45.7680876
5226,126.6428216,45.7700633
5227,126.6859851,45.7318553
5228,126.5908007,45.8216070
5229,126.6042121,45.8262917
5230,126.5988047,45.8247566
5231,126.5936410,45.8230132
5232,126.5924034,45.8224485
5233,126.5923311,45.8224119
5234,126.7220252,45.7419950
5235,126.7208249,45.7522378
5236,126.7220447,45.7425008
5237,126.7220450,45.7432521
5238,126.7219245,45.7454814
5239,126.7218650,45.7458913
5240,126.7217638,45.7465854
5241,126.7213835,45.7491148
5242,126.7211692,45.7505748
5243,126.7210672,45.7512277
5244,126.6700901,45.8431902
5245,126.7179241,45.7373099
5246,126.7220512,45.7373503
5247,126.7180986,45.7373087
5248,126.7186793,45.7373046
5249,126.7193111,45.7372987
5250,126.7199314,45.7372930
5251,126.7207498,45.7372873
5252,126.6303557,45.7678715
5253,126.6316091,45.7657210
5254,126.6483277,45.7500579
5255,126.6532377,45.7462000
5256,126.6495711,45.7490810
5257,126.6404097,45.7774224
5258,126.6421797,45.7780866
5259,126.5247150,45.7095198
5260,126.5245869,45.7102230
5261,126.5860177,45.8082198
5262,126.5846928,45.8075334
5263,126.6169278,45.7167158
5264,126.7463726,45.7893548
5265,126.7440693,45.7884965
5266,126.6534607,45.6798124
5267,126.6711416,45.6911983
5268,126.6537934,45.6799830
5269,126.6591206,45.6839500
5270,126.6591705,45.6839876
5271,126.6811829,45.6897083
5272,126.6806852,45.6894961
5273,126.5672028,45.6909066
5274,126.5639662,45.6921664
5275,126.6483899,45.7278951
5276,126.6481523,45.7275509
5277,126.6920961,45.6881021
5278,126.6892248,45.6885777
5279,126.6666705,45.7215813
5280,126.6635868,45.7172161
5281,126.6629588,45.7163831
5282,126.6602102,45.7125030
5283,126.6225801,45.7368791
5284,126.6152562,45.7291838
5285,126.6191461,45.7338552
5286,126.6190514,45.7337698
5287,126.6184003,45.7332076
5288,126.6175994,45.7325161
5289,126.6168177,45.7314234
5290,126.6162991,45.7306983
5291,126.6158569,45.7300630
5292,126.5657200,45.7047970
5293,126.5681945,45.7037397
5294,126.5680832,45.7037875
5295,126.6790199,45.7356104
5296,126.6794525,45.7348358
5297,126.6790083,45.7355139
5298,126.6169725,45.7296737
5299,126.6174113,45.7303306
5300,126.6104174,45.7532273
5301,126.6155080,45.7506020
5302,126.6147885,45.7510250
5303,126.6142210,45.7513759
5304,126.6125400,45.7523705
5305,126.6123576,45.7524598
5306,126.6773172,45.7840815
5307,126.6866445,45.7654712
5308,126.6829674,45.7781013
5309,126.6820148,45.7794017
5310,126.6797891,45.7812070
5311,126.6796596,45.7813026
5312,126.6178685,45.7210195
5313,126.6194082,45.7232512
5314,126.6207868,45.7252110
5315,126.6088823,45.7644206
5316,126.6090286,45.7643501
5317,126.5167677,45.7096090
5318,126.5126891,45.7229048
5319,126.5156603,45.7129504
5320,126.5149223,45.7150288
5321,126.5148051,45.7152639
5322,126.5137372,45.7190903
5323,126.5137063,45.7191830
5324,126.5127609,45.7226896
5325,126.6602891,45.7315737
5326,126.7181507,45.7502007
5327,126.6395200,45.7438842
5328,126.6399591,45.7440941
5329,126.6398534,45.7441565
5330,126.6336038,45.6898165
5331,126.6355938,45.6811418
5332,126.6348217,45.6844906
5333,126.6348051,45.6845738
5334,126.5591848,45.8136151
5335,126.5598036,45.8149601
5336,126.5590248,45.8137527
5337,126.5587043,45.8109734
5338,126.5418512,45.6505822
5339,126.5452246,45.6547371
5340,126.5451597,45.6546528
5341,126.6436495,45.7128189
5342,126.6461370,45.7123532
5343,126.6911475,45.7587741
5344,126.6885893,45.7584371
5345,126.6888118,45.7584667
5346,126.6896715,45.7585798
5347,126.6903722,45.7586720
5348,126.6366967,45.6983846
5349,126.6529954,45.7001554
5350,126.5840598,45.7578953
5351,126.6715264,45.6750331
5352,126.6665753,45.6732895
5353,126.6691158,45.6748232
5354,126.5177533,45.7948120
5355,126.5806885,45.7292771
5356,126.5802272,45.7289607
5357,126.6059762,45.7715994
5358,126.6014952,45.7700788
5359,126.6033084,45.7709063
5360,126.6026664,45.7707425
5361,126.6020780,45.7705932
5362,126.6040456,45.7691753
5363,126.6130550,45.7716134
5364,126.6069364,45.7699355
5365,126.6090590,45.7704991
5366,126.5933576,45.8147862
5367,126.5966511,45.8143217
5368,126.6007156,45.8320632
5369,126.6013119,45.8312599
5370,126.6015683,45.8309277
5371,126.6019535,45.8304274
5372,126.6041736,45.8275046
5373,126.6062319,45.8274541
5374,126.6069852,45.8277231
5375,126.6092041,45.8293560
5376,126.6085124,45.8302642
5377,126.6076075,45.8314667
5378,126.6069760,45.8322796
5379,126.6064466,45.8329827
5380,126.6057449,45.8339018
5381,126.6029023,45.8354174
5382,126.6018276,45.8350093
5383,126.6308324,45.7075300
5384,126.5571351,45.7190064
5385,126.5606588,45.7167494
5386,126.5575150,45.7186878
5387,126.6505800,45.6931969
5388,126.6508472,45.6931462
5389,126.5430152,45.8348003
5390,126.5386311,45.8405095
5391,126.5428764,45.8349699
5392,126.5423058,45.8357162
5393,126.5422027,45.8358380
5394,126.5410246,45.8374079
5395,126.5386909,45.8404268
5396,126.6755441,45.7053776
5397,126.6789095,45.7035270
5398,126.4940872,45.7977292
5399,126.5002720,45.7878338
5400,126.4954264,45.7954999
5401,126.4954765,45.7954218
5402,126.4983658,45.7908310
5403,126.4984220,45.7907409
5404,126.4997668,45.7885680
5405,126.4998116,45.7885031
5406,126.5001655,45.7879447
5407,126.5322175,45.7320486
5408,126.5313626,45.7322542
5409,126.5907791,45.7366895
5410,126.5880470,45.7378948
5411,126.5869479,45.7384232
5412,126.6141903,45.7492902
5413,126.6121115,45.7486115
5414,126.6089581,45.7498760
5415,126.6070076,45.7509264
5416,126.6063160,45.7513043
5417,126.7221438,45.7762326
5418,126.7221135,45.7768284
5419,126.6399880,45.7465815
5420,126.6230616,45.7545687
5421,126.6369212,45.7467196
5422,126.6351035,45.7477062
5423,126.6311459,45.7500186
5424,126.6307370,45.7502608
5425,126.6306367,45.7503170
5426,126.6284395,45.7515503
5427,126.6269443,45.7523895
5428,126.6265417,45.7526155
5429,126.6261149,45.7528550
5430,126.6260363,45.7528991
5431,126.6244632,45.7537821
5432,126.6231673,45.7545094
5433,126.6908389,45.7573457
5434,126.6908932,45.7578057
5435,126.7199053,45.7352465
5436,126.7212905,45.7352435
5437,126.6677408,45.7454693
5438,126.6671615,45.7455049
5439,126.4881044,45.7016092
5440,126.4944946,45.7035644
5441,126.5004909,45.7054364
5442,126.5056229,45.7070220
5443,126.5153306,45.7997376
5444,126.5149375,45.8003756
5445,126.6824611,45.6899494
5446,126.6818110,45.6890497
5447,126.6816664,45.6894554
5448,126.6816271,45.6892603
5449,126.5296721,45.8386336
5450,126.7571531,45.7873228
5451,126.7592006,45.7876682
5452,126.6064092,45.7751999
5453,126.6055741,45.7766713
5454,126.6266762,45.6507817
5455,126.6368475,45.6518898
5456,126.6365726,45.6518586
5457,126.5804089,45.7424565
5458,126.5795164,45.7423558
5459,126.5947711,45.6925180
5460,126.5968121,45.6927038
5461,126.7215699,45.6685875
5462,126.7255207,45.6618698
5463,126.6346174,45.7198110
5464,126.6369240,45.7190293
5465,126.6353100,45.7195711
5466,126.5528057,45.7998586
5467,126.6415222,45.7455916
5468,126.6402134,45.7444026
5469,126.5931671,45.7527003
5470,126.5926899,45.7544819
5471,126.5933088,45.7534154
5472,126.5927408,45.7543751
5473,126.6546448,45.7916377
5474,126.6626013,45.7844786
5475,126.6580848,45.7860930
5476,126.6659503,45.7627938
5477,126.6365174,45.6657402
5478,126.6377875,45.6658828
5479,126.6884022,45.7957347
5480,126.6877151,45.7960435
5481,126.6238066,45.7617884
5482,126.6239842,45.7622641
5483,126.6239259,45.7621079
5484,126.5442826,45.7372073
5485,126.5439385,45.7367913
5486,126.6967045,45.8056437
5487,126.6957461,45.8060344
5488,126.6384001,45.8123907
5489,126.6378400,45.8133219
5490,126.5022286,45.7935990
5491,126.5024833,45.7930178
5492,126.5022073,45.7935154
5493,126.5815907,45.7786369
5494,126.5812953,45.7785292
5495,126.5596002,45.7208493
5496,126.5530595,45.7261568
5497,126.5586369,45.7216457
5498,126.5577775,45.7223248
5499,126.5559514,45.7238581
5500,126.5558083,45.7239734
5501,126.5807051,45.7376964
5502,126.5820812,45.7385845
5503,126.5539402,45.7181431
5504,126.7189412,45.7442996
5505,126.7183780,45.7442996
5506,126.7184749,45.7442996
5507,126.6148597,45.7293162
5508,126.6140240,45.7294837
5509,126.7521717,45.6604826
5510,126.7494145,45.6556565
5511,126.7511516,45.6586971
5512,126.7504186,45.6574141
5513,126.6914266,45.7054786
5514,126.6905315,45.7028645
5515,126.6910748,45.7044455
5516,126.7969749,45.8375667
5517,126.7657314,45.8333407
5518,126.6287534,45.7532471
5519,126.7515786,45.6620468
5520,126.7508904,45.6608444
5521,126.6447991,45.7221682
5522,126.6466662,45.7215114
5523,126.6493791,45.7204735
5524,126.6522446,45.7197793
5525,126.6787643,45.7477955
5526,126.6787430,45.7479301
5527,126.6209624,45.7584196
5528,126.6217398,45.7592943
5529,126.6211374,45.7586165
5530,126.6614431,45.7120418
5531,126.6612316,45.7117385
5532,126.6789518,45.7734811
5533,126.6794930,45.7735697
5534,126.6791498,45.7735110
5535,126.5791623,45.7438060
5536,126.5789437,45.7446457
5537,126.5901811,45.7282976
5538,126.5955261,45.7250631
5539,126.5929397,45.7265433
5540,126.5873267,45.7001130
5541,126.5847129,45.6982021
5542,126.5876656,45.6985262
5543,126.6360973,45.7241818
5544,126.6372450,45.7258675
5545,126.5362740,45.6565276
5546,126.5362393,45.6565287
5547,126.5362485,45.6563806
5548,126.6831783,45.6997070
5549,126.6873499,45.6959282
5550,126.6856358,45.6974472
5551,126.5673516,45.6699925
5552,126.5679160,45.6702098
5553,126.5428791,45.8164735
5554,126.5451306,45.8167243
5555,126.6516627,45.7326113
5556,126.6516220,45.7323657
5557,126.6434717,45.6993507
5558,126.6342971,45.6983773
5559,126.6403784,45.6990053
5560,126.6373834,45.6987156
5561,126.6372348,45.6987008
5562,126.6370405,45.6986765
5563,126.6299380,45.7375850
5564,126.6296183,45.7378507
5565,126.5591652,45.8171587
5566,126.5597919,45.8178678
5567,126.5952913,45.7864579
5568,126.6079294,45.7401554
5569,126.6861291,45.7961765
5570,126.6953588,45.7436344
5571,126.6963762,45.7434883
5572,126.6957250,45.7435840
5573,126.6747235,45.7871397
5574,126.6649172,45.7447319
5575,126.6647035,45.7448902
5576,126.5757329,45.7160907
5577,126.5796768,45.7130665
5578,126.5759659,45.7159126
5579,126.5760881,45.7158165
5580,126.5782970,45.7141091
5581,126.5479164,45.7312201
5582,126.5480228,45.7316803
5583,126.6956681,45.7447200
5584,126.6963185,45.7446375
5585,126.6542416,45.7685693
5586,126.6552433,45.7679701
5587,126.5530726,45.8134042
5588,126.5468620,45.8147146
5589,126.5504005,45.8133123
5590,126.5876368,45.7173164
5591,126.5870750,45.7171003
5592,126.7784182,45.7462939
5593,126.7560647,45.7434781
5594,126.7723810,45.7455153
5595,126.7699497,45.7452098
5596,126.7644929,45.7445345
5597,126.7611244,45.7441114
5598,126.5484537,45.6736583
5599,126.5472927,45.6734528
5600,126.5482019,45.6734831
5601,126.6178012,45.7390691
5602,126.6178659,45.7391264
5603,126.6615549,45.7539596
5604,126.6614981,45.7533074
5605,126.5950080,45.7844377
5606,126.5969258,45.7857652
5607,126.5971426,45.7855288
5608,126.5200118,45.8126171
5609,126.5200128,45.8124750
5610,126.5200142,45.8102935
5611,126.5200203,45.8092523
5612,126.5200209,45.8091795
5613,126.5200333,45.8067648
5614,126.5201280,45.8063465
5615,126.5964422,45.6650075
5616,126.5927069,45.6607489
5617,126.5946543,45.6630817
5618,126.6798537,45.7053599
5619,126.6797529,45.7050452
5620,126.6791710,45.7053261
5621,126.5143962,45.7413802
5622,126.5076685,45.7403957
5623,126.5120382,45.7410672
5624,126.5119380,45.7410564
5625,126.5095624,45.7406990
5626,126.5072086,45.7974706
5627,126.6746064,45.7809740
5628,126.6771305,45.7801900
5629,126.6750267,45.7808005
5630,126.6756146,45.7805460
5631,126.6760221,45.7803895
5632,126.6610796,45.7751764
5633,126.6612940,45.7753643
5634,126.6492894,45.7354351
5635,126.6506686,45.7385263
5636,126.6502890,45.7368675
5637,126.6188265,45.7987027
5638,126.6230749,45.7998875
5639,126.6064025,45.7535099
5640,126.6031511,45.7550848
5641,126.6033460,45.7549658
5642,126.6848047,45.6914075
5643,126.6827415,45.6916406
5644,126.6845211,45.6918074
5645,126.6814322,45.6914953
5646,126.6135314,45.7339365
5647,126.6122995,45.7322101
5648,126.6497128,45.7802977
5649,126.6519218,45.7770587
5650,126.6509078,45.7781132
5651,126.5312202,45.7096643
5652,126.6996384,45.7445513
5653,126.6993441,45.7433616
5654,126.6996280,45.7445071
5655,126.6734512,45.7542190
5656,126.6726852,45.7541664
5657,126.6343236,45.6982454
5658,126.7020196,45.7531480
5659,126.7007568,45.7500940
5660,126.7023652,45.7529851
5661,126.7025847,45.7528254
5662,126.6881022,45.7549902
5663,126.6880756,45.7551016
5664,126.6885907,45.7550385
5665,126.6885622,45.7551520
5666,126.6885096,45.7959694
5667,126.6922616,45.7934826
5668,126.5713042,45.6892911
5669,126.5711875,45.6893321
5670,126.6534299,45.6798876
5671,126.6526911,45.6796974
5672,126.5157130,45.6845846
5673,126.5200257,45.6846086
5674,126.6807940,45.7340197
5675,126.6807835,45.7339779
5676,126.6805093,45.7328814
5677,126.5278561,45.7032273
5678,126.5198924,45.7269719
5679,126.5278016,45.7033520
5680,126.5276348,45.7037267
5681,126.5263447,45.7066245
5682,126.5262988,45.7067277
5683,126.5231485,45.7134856
5684,126.5218118,45.7161967
5685,126.5217043,45.7164657
5686,126.5211917,45.7176484
5687,126.5202374,45.7200016
5688,126.5199247,45.7236684
5689,126.5199211,45.7238922
5690,126.5104764,45.8113428
5691,126.5201439,45.8102932
5692,126.6262465,45.8317274
5693,126.6275434,45.8300433
5694,126.5876717,45.7110067
5695,126.5957778,45.7118602
5696,126.5919153,45.7114433
5697,126.5920346,45.7114534
5698,126.5957181,45.7118526
5699,126.6623394,45.7642296
5700,126.6621312,45.7671902
5701,126.6681774,45.6992312
5702,126.6684156,45.6998628
5703,126.7166307,45.6712027
5704,126.7221258,45.6580059
5705,126.7169022,45.6705928
5706,126.7180064,45.6680320
5707,126.7192354,45.6652486
5708,126.6820405,45.7022832
5709,126.6721475,45.6718086
5710,126.6682209,45.6714068
5711,126.7005500,45.7423133
5712,126.7009797,45.7423909
5713,126.6398860,45.8171329
5714,126.6417119,45.8176369
5715,126.7750366,45.6930354
5716,126.7912337,45.6892278
5717,126.7788972,45.6899025
5718,126.7040228,45.7500829
5719,126.7065442,45.7505062
5720,126.7046485,45.7501482
5721,126.5177061,45.8180684
5722,126.5200204,45.8180547
5723,126.6980094,45.7498392
5724,126.6937366,45.7335950
5725,126.6980236,45.7497583
5726,126.6980282,45.7496098
5727,126.6980064,45.7494835
5728,126.6979673,45.7493400
5729,126.6970585,45.7460240
5730,126.6967858,45.7449293
5731,126.6967698,45.7448721
5732,126.6962192,45.7429036
5733,126.6959796,45.7420440
5734,126.6952458,45.7392658
5735,126.6952250,45.7391867
5736,126.6945367,45.7365783
5737,126.6945276,45.7365452
5738,126.6937547,45.7336767
5739,126.6179893,45.7308401
5740,126.6429608,45.7196134
5741,126.5895907,45.7862928
5742,126.5889314,45.7859959
5743,126.7341166,45.7252071
5744,126.6423784,45.7326030
5745,126.6431702,45.7319463
5746,126.6430555,45.7320623
5747,126.7281845,45.7182417
5748,126.7283486,45.7188192
5749,126.7182221,45.7440484
5750,126.7182212,45.7441077
5751,126.6992742,45.7861293
5752,126.7003568,45.7862658
5753,126.6997466,45.7861889
5754,126.6046305,45.8260414
5755,126.5629242,45.8136890
5756,126.5698546,45.8140404
5757,126.5753405,45.8143614
5758,126.5784790,45.8148814
5759,126.5856231,45.8183199
5760,126.6044468,45.8259810
5761,126.7004895,45.7420578
5762,126.6985233,45.7423322
5763,126.6992392,45.7422346
5764,126.3134505,45.6446451
5765,126.5280171,45.6912117
5766,126.5238153,45.6890819
5767,126.5201414,45.6872033
5768,126.5198439,45.6870474
5769,126.5174585,45.6858293
5770,126.5158321,45.6852058
5771,126.5108820,45.6826194
5772,126.5096690,45.6819780
5773,126.5080870,45.6811439
5774,126.5013657,45.6775993
5775,126.6451746,45.7585893
5776,126.6458187,45.7591622
5777,126.6456239,45.7589889
5778,126.6142204,45.6631299
5779,126.6083698,45.6623552
5780,126.5971939,45.6611551
5781,126.5302153,45.8154172
5782,126.5313469,45.8154962
5783,126.6591180,45.6840840
5784,126.6564798,45.6890718
5785,126.6562749,45.6892389
5786,126.6550652,45.6935386
5787,126.6555841,45.6962382
5788,126.5912057,45.7640134
5789,126.5914134,45.7639257
5790,126.5930069,45.7631128
5791,126.5949329,45.7618464
5792,126.5965911,45.7599113
5793,126.5966623,45.7598017
5794,126.5972435,45.7592090
5795,126.5985913,45.7583674
5796,126.6279036,45.7584189
5797,126.6511739,45.7154992
5798,126.6459819,45.7172803
5799,126.5837078,45.7409964
5800,126.5849247,45.7423415
5801,126.5853199,45.7428633
5802,126.5865947,45.7443833
5803,126.5878608,45.7458395
5804,126.5702881,45.7338409
5805,126.5707998,45.7343604
5806,126.5681777,45.7094153
5807,126.5689084,45.7090742
5808,126.5683377,45.7093434
5809,126.5859127,45.6572231
5810,126.5869564,45.6571947
5811,126.6521109,45.6875375
5812,126.6555191,45.6831145
5813,126.6522613,45.6873433
5814,126.7131984,45.7461716
5815,126.7146575,45.7396186
5816,126.7132133,45.7460969
5817,126.7134532,45.7448894
5818,126.6950618,45.7776579
5819,126.6910472,45.7771734
5820,126.6925406,45.7773536
5821,126.7324516,45.7174904
5822,126.7324872,45.7176069
5823,126.7233096,45.7437689
5824,126.7233238,45.7424897
5825,126.7233186,45.7432599
5826,126.6576270,45.6647567
5827,126.6610708,45.6651340
5828,126.6587774,45.6648760
5829,126.6749030,45.7551279
5830,126.6799989,45.7559168
5831,126.6750745,45.7552840
5832,126.6776312,45.7556028
5833,126.6427329,45.7658390
5834,126.5697448,45.7348875
5835,126.6391095,45.7221604
5836,126.6386137,45.7214295
5837,126.6248478,45.7167650
5838,126.6245273,45.7161517
5839,126.6857085,45.6689022
5840,126.6805600,45.6702177
5841,126.6849245,45.6688351
5842,126.6817500,45.6694558
5843,126.6815861,45.6695532
5844,126.4112636,45.8618929
5845,126.4877577,45.8372516
5846,126.6629816,45.7873066
5847,126.6481866,45.7826997
5848,126.6615178,45.7868781
5849,126.6614405,45.7868513
5850,126.6585217,45.7859419
5851,126.6581258,45.7857854
5852,126.6549269,45.7848116
5853,126.6532265,45.7842837
5854,126.6515720,45.7837723
5855,126.6502976,45.7833575
5856,126.6483652,45.7827570
5857,126.5406982,45.8052255
5858,126.5400978,45.8059557
5859,126.6992220,45.7203685
5860,126.6894430,45.7216072
5861,126.6910498,45.7214030
5862,126.6934569,45.7210971
5863,126.6953896,45.7208601
5864,126.6991113,45.7203812
5865,126.6707433,45.7968982
5866,126.6703904,45.7977447
5867,126.5733025,45.7090424
5868,126.5739038,45.7097044
5869,126.7582397,45.6601953
5870,126.7557894,45.6609493
5871,126.7476536,45.6632492
5872,126.7475570,45.6632712
5873,126.7450097,45.6640061
5874,126.7416639,45.6649685
5875,126.7368425,45.6662988
5876,126.7323519,45.6675028
5877,126.7303421,45.6680655
5878,126.7242772,45.6697635
5879,126.7238391,45.6698798
5880,126.6176452,45.7391855
5881,126.6202193,45.7380862
5882,126.6643734,45.7512939
5883,126.6619460,45.7497889
5884,126.6615465,45.7495063
5885,126.6613350,45.7492344
5886,126.6304247,45.7581548
5887,126.6287707,45.7567271
5888,126.6292061,45.7571029
5889,126.5804885,45.6954815
5890,126.5770091,45.6980859
5891,126.5781233,45.6972554
5892,126.5859773,45.7513261
5893,126.5904652,45.7554301
5894,126.5902224,45.7553435
5895,126.5889653,45.7549008
5896,126.5877616,45.7544622
5897,126.5866179,45.7540285
5898,126.5864460,45.7539582
5899,126.5854593,45.7532817
5900,126.5857914,45.7520236
5901,126.6695626,45.7304982
5902,126.6768944,45.7320452
5903,126.6725090,45.7311084
5904,126.6762076,45.7318966
5905,126.6359843,45.7383379
5906,126.6359082,45.7370426
5907,126.6862936,45.7242878
5908,126.6872912,45.7244405
5909,126.6153416,45.7471454
5910,126.6157989,45.7478242
5911,126.5902899,45.7495426
5912,126.5898350,45.7495782
5913,126.5952200,45.7000488
5914,126.5944951,45.6990229
5915,126.5946954,45.6999982
5916,126.6969692,45.8052729
5917,126.6986696,45.8026408
5918,126.7070953,45.7590605
5919,126.6855719,45.7563494
5920,126.7062143,45.7589518
5921,126.7050945,45.7588250
5922,126.7027734,45.7585518
5923,126.7021912,45.7584833
5924,126.6972730,45.7578691
5925,126.6960451,45.7577161
5926,126.6909166,45.7570769
5927,126.6901236,45.7569780
5928,126.6891972,45.7568534
5929,126.6889719,45.7568231
5930,126.6887121,45.7567881
5931,126.6877161,45.7566672
5932,126.6167773,45.7241533
5933,126.6211271,45.7226618
5934,126.6171094,45.7240394
5935,126.7027596,45.7529735
5936,126.5982100,45.7236898
5937,126.5978847,45.7230471
5938,126.5633126,45.6930120
5939,126.5629030,45.6926650
5940,126.5344072,45.8017050
5941,126.5343502,45.8021772
5942,126.5764346,45.7057795
5943,126.5754678,45.7059060
5944,126.6254839,45.7408712
5945,126.6264632,45.7402948
5946,126.5691313,45.7397118
5947,126.5690215,45.7401239
5948,126.5699970,45.7398779
5949,126.6139798,45.7510644
5950,126.6108197,45.7502646
5951,126.6120728,45.7498639
5952,126.6115920,45.7500018
5953,126.6705109,45.7281566
5954,126.6678077,45.7275854
5955,126.7015312,45.7869674
5956,126.6516468,45.7691582
5957,126.6781679,45.6972207
5958,126.6691813,45.6988419
5959,126.7453360,45.7532763
5960,126.7515088,45.7541118
5961,126.7491305,45.7537483
5962,126.7510787,45.7540484
5963,126.6590377,45.7659502
5964,126.6601576,45.7653226
5965,126.6597389,45.7655599
5966,126.6736169,45.7528853
5967,126.6748918,45.7548888
5968,126.6743367,45.7529625
5969,126.6751859,45.7536618
5970,126.6750016,45.7544307
5971,126.5479438,45.8002801
5972,126.6083550,45.8208736
5973,126.6085799,45.8209545
5974,126.6111300,45.8218946
5975,126.6112108,45.8219242
5976,126.6140904,45.8229883
5977,126.6182410,45.8245377
5978,126.6183261,45.8245692
5979,126.6220214,45.8259304
5980,126.5240986,45.6981162
5981,126.5229743,45.6998255
5982,126.6341195,45.7726007
5983,126.6348687,45.7712166
5984,126.5474582,45.8069119
5985,126.5485842,45.8057465
5986,126.6971308,45.7118713
5987,126.6972845,45.7045077
5988,126.6989541,45.7083200
5989,126.7743535,45.7865998
5990,126.7744570,45.7860531
5991,126.6798455,45.6923096
5992,126.6811263,45.6912308
5993,126.6804246,45.6918218
5994,126.6807698,45.6915311
5995,126.6810692,45.6912789
5996,126.6475055,45.7360414
5997,126.6474659,45.7359769
5998,126.6466914,45.7348096
5999,126.5287720,45.6983722
6000,126.5294869,45.6976913
6001,126.5295368,45.6940292
6002,126.5358005,45.6905356
6003,126.6462117,45.7545746
6004,126.6312008,45.7631165
6005,126.6460696,45.7546652
6006,126.6457423,45.7548569
6007,126.6456134,45.7549330
6008,126.6425356,45.7566823
6009,126.6424390,45.7567369
6010,126.6397931,45.7582426
6011,126.6376791,45.7594525
6012,126.6357773,45.7605264
6013,126.6356828,45.7605826
6014,126.6338926,45.7616023
6015,126.6322789,45.7625155
6016,126.6314840,45.7629737
6017,126.6753286,45.7656027
6018,126.6765960,45.7651322
6019,126.6763537,45.7662837
6020,126.6764615,45.7657383
6021,126.6955789,45.7845621
6022,126.7268331,45.7395245
6023,126.7256716,45.7395306
6024,126.7265276,45.7395261
6025,126.6624766,45.7002840
6026,126.6562800,45.7004682
6027,126.6621215,45.7003085
6028,126.6600893,45.7003641
6029,126.6566367,45.7004408
6030,126.6564239,45.7004572
6031,126.5547601,45.7200498
6032,126.5540640,45.7191195
6033,126.5547376,45.7186272
6034,126.5543482,45.7183908
6035,126.5554388,45.7801637
6036,126.5578498,45.7783608
6037,126.5554745,45.7801065
6038,126.6352717,45.7170307
6039,126.6346456,45.7161362
6040,126.5278197,45.7445493
6041,126.5327710,45.7290974
6042,126.5278569,45.7444181
6043,126.5288319,45.7409474
6044,126.5289604,45.7404780
6045,126.5290315,45.7401815
6046,126.5303100,45.7355201
6047,126.5303382,45.7354246
6048,126.5309322,45.7332561
6049,126.5314044,45.7316156
6050,126.5315005,45.7312936
6051,126.5317491,45.7307932
6052,126.5911659,45.7367221
6053,126.5926830,45.7383906
6054,126.6027289,45.7544934
6055,126.6028497,45.7546157
6056,126.6035451,45.7558830
6057,126.6043670,45.7575041
6058,126.6049770,45.7585779
6059,126.6065393,45.7608888
6060,126.6073826,45.7620442
6061,126.6077906,45.7626487
6062,126.6083859,45.7634618
6063,126.6089709,45.7534772
6064,126.6080323,45.7538903
6065,126.6087943,45.7535490
6066,126.6447641,45.7576946
6067,126.6449843,45.7578790
6068,126.6898137,45.7437501
6069,126.6899153,45.7440985
6070,126.6900538,45.7445740
6071,126.6900781,45.7446574
6072,126.6909536,45.7455464
6073,126.6568611,45.7582542
6074,126.6536765,45.7600885
6075,126.6558692,45.7588255
6076,126.6616462,45.7693419
6077,126.6373071,45.7523160
6078,126.6609033,45.7693108
6079,126.6601170,45.7692779
6080,126.6580750,45.7691924
6081,126.6560757,45.7685107
6082,126.6546483,45.7672772
6083,126.6545530,45.7671949
6084,126.6544756,45.7671279
6085,126.6533973,45.7661962
6086,126.6521733,45.7651385
6087,126.6508540,45.7639984
6088,126.6497295,45.7630267
6089,126.6485305,45.7619906
6090,126.6472892,45.7609180
6091,126.6459603,45.7597701
6092,126.6451423,45.7590655
6093,126.6449619,45.7589101
6094,126.6446460,45.7586380
6095,126.6445306,45.7585386
6096,126.6443904,45.7584179
6097,126.6435790,45.7577189
6098,126.6423705,45.7566779
6099,126.6413470,45.7557962
6100,126.6394865,45.7541963
6101,126.6392937,45.7540274
6102,126.6385865,45.7534182
6103,126.6383263,45.7531940
6104,126.6379522,45.7528717
6105,126.7507177,45.7092081
6106,126.6152456,45.7503136
6107,126.6882879,45.7044850
6108,126.6882734,45.7032423
6109,126.5618691,45.8030780
6110,126.5623610,45.8032524
6111,126.6467861,45.7852747
6112,126.6500497,45.7862459
6113,126.6483396,45.7857471
6114,126.7506393,45.7061760
6115,126.7071027,45.7291628
6116,126.7138562,45.7281845
6117,126.6296048,45.7403677
6118,126.6449632,45.7031527
6119,126.5623477,45.7379774
6120,126.5621411,45.7388398
6121,126.6216123,45.6905308
6122,126.7118946,45.6841804
6123,126.7113263,45.6845449
6124,126.7040703,45.7014994
6125,126.7091165,45.6983351
6126,126.6965994,45.7437283
6127,126.7022490,45.7429639
6128,126.6973309,45.7436340
6129,126.6984188,45.7434868
6130,126.7002614,45.7432374
6131,126.7007989,45.7431647
6132,126.7013556,45.7430893
6133,126.7798785,45.6768123
6134,126.7829864,45.6767942
6135,126.6638272,45.7752000
6136,126.6621880,45.7761576
6137,126.6624215,45.7760176
6138,126.6210627,45.7522728
6139,126.6281732,45.7482208
6140,126.6211836,45.7522039
6141,126.6220326,45.7517201
6142,126.6229323,45.7512130
6143,126.6237470,45.7507432
6144,126.6244624,45.7503355
6145,126.6254288,45.7497848
6146,126.6260023,45.7494580
6147,126.6340721,45.7529219
6148,126.7651066,45.7173742
6149,126.5333456,45.7452624
6150,126.5331175,45.7456970
6151,126.5296921,45.7039099
6152,126.5294694,45.7043066
6153,126.6480338,45.6943971
6154,126.6467205,45.7056167
6155,126.6484653,45.6985341
6156,126.6218820,45.6636560
6157,126.5332829,45.6542995
6158,126.5453500,45.6490697
6159,126.5334437,45.6542703
6160,126.5417245,45.6506372
6161,126.5428453,45.6501463
6162,126.5443040,45.6495067
6163,126.6981132,45.7423830
6164,126.6991769,45.7420348
6165,126.7057233,45.7414574
6166,126.6738027,45.6870946
6167,126.6739872,45.6864015
6168,126.6315472,45.7577861
6169,126.6360540,45.7560657
6170,126.6340570,45.7569262
6171,126.6769472,45.6839296
6172,126.6771967,45.6830371
6173,126.6770378,45.6836056
6174,126.6770838,45.6834408
6175,126.6118474,45.8391039
6176,126.6081883,45.8376906
6177,126.6082406,45.8377098
6178,126.6115146,45.8389626
6179,126.6040635,45.7556722
6180,126.6033686,45.7559546
6181,126.6022586,45.7564613
6182,126.6007444,45.7571908
6183,126.5357307,45.7090796
6184,126.5346627,45.7086868
6185,126.7108555,45.7375632
6186,126.7106960,45.7380539
6187,126.6117289,45.7527860
6188,126.6089741,45.7538054
6189,126.6106829,45.7531945
6190,126.6103057,45.7533509
6191,126.5908199,45.7195497
6192,126.5885916,45.7149235
6193,126.5901624,45.7190450
6194,126.6250521,45.7143813
6195,126.6254591,45.7143127
6196,126.6782340,45.6856394
6197,126.6779103,45.6869484
6198,126.4982525,45.6854340
6199,126.5158308,45.6906367
6200,126.5046172,45.6874177
6201,126.5051688,45.6875786
6202,126.5078966,45.6884118
6203,126.5106172,45.6892520
6204,126.5108648,45.6893254
6205,126.5977511,45.7153309
6206,126.6050786,45.7161291
6207,126.5991322,45.7154630
6208,126.5988603,45.7154365
6209,126.6404755,45.7757233
6210,126.6393795,45.7744527
6211,126.5076946,45.7983608
6212,126.5075207,45.7981093
6213,126.6158744,45.6682972
6214,126.6144014,45.6751420
6215,126.6316427,45.6933665
6216,126.6374195,45.6939991
6217,126.6323901,45.6934483
6218,126.6324963,45.6934600
6219,126.6340270,45.6936276
6220,126.5481872,45.7995553
6221,126.5471762,45.7994958
6222,126.5274131,45.7169070
6223,126.5272052,45.7248459
6224,126.5272902,45.7246514
6225,126.5279029,45.7215278
6226,126.5274370,45.7171636
6227,126.6986779,45.7271894
6228,126.6990741,45.7228824
6229,126.6872091,45.7025516
6230,126.5829023,45.7339711
6231,126.5879076,45.7301077
6232,126.6910389,45.7284785
6233,126.6921707,45.7251085
6234,126.6808134,45.7527990
6235,126.6805182,45.7527642
6236,126.6797017,45.7526679
6237,126.6786993,45.7526402
6238,126.6783822,45.7526175
6239,126.6780899,45.7525678
6240,126.6847745,45.6696862
6241,126.6884400,45.6951248
6242,126.6921907,45.6971774
6243,126.6741644,45.7584249
6244,126.6740444,45.7583965
6245,126.6792039,45.6936026
6246,126.6710583,45.7346404
6247,126.6710462,45.7372907
6248,126.6710811,45.7347409
6249,126.6710438,45.7348031
6250,126.6708528,45.7366033
6251,126.6710070,45.7371512
6252,126.5720561,45.7079326
6253,126.6126958,45.7390921
6254,126.6115240,45.7381040
6255,126.6115953,45.7381629
6256,126.6009891,45.7746344
6257,126.6002079,45.7746421
6258,126.6463773,45.7889402
6259,126.6447679,45.7884794
6260,126.7086370,45.7443038
6261,126.6382968,45.7113660
6262,126.5704663,45.7128689
6263,126.4982305,45.7090536
6264,126.5026365,45.7020017
6265,126.5040310,45.6997621
6266,126.5061073,45.6964460
6267,126.5080290,45.6933698
6268,126.6438451,45.7215107
6269,126.6353118,45.7244526
6270,126.6379771,45.7235337
6271,126.6388373,45.7232372
6272,126.6391096,45.7231433
6273,126.6395388,45.7229953
6274,126.6420632,45.7221250
6275,126.5708956,45.7068431
6276,126.5716357,45.7074219
6277,126.7100906,45.7213731
6278,126.7105708,45.7209309
6279,126.7100049,45.7210604
6280,126.7351487,45.7614738
6281,126.7402734,45.7548430
6282,126.7355855,45.7600068
6283,126.7359296,45.7588509
6284,126.7372793,45.7544018
6285,126.7226930,45.8176178
6286,126.6692271,45.7235781
6287,126.6700632,45.7214381
6288,126.7290836,45.7310797
6289,126.6569967,45.7583730
6290,126.6578612,45.7578782
6291,126.7596785,45.8390833
6292,126.6688763,45.7577632
6293,126.6551502,45.7616558
6294,126.6655514,45.7578320
6295,126.6649869,45.7578597
6296,126.6623870,45.7585202
6297,126.6619806,45.7586231
6298,126.6585505,45.7597385
6299,126.6116847,45.8352399
6300,126.6573158,45.7870532
6301,126.6593593,45.7646083
6302,126.6593097,45.7644905
6303,126.6937913,45.6742593
6304,126.6907063,45.6785197
6305,126.6906077,45.6784141
6306,126.5224500,45.7395942
6307,126.5230559,45.7393266
6308,126.6084601,45.7042372
6309,126.6152580,45.7049565
6310,126.6091132,45.7043074
6311,126.6109903,45.7045092
6312,126.6125686,45.7046789
6313,126.6146111,45.7048898
6314,126.6546209,45.7693283
6315,126.6571982,45.7704139
6316,126.6551511,45.7697212
6317,126.5758463,45.7064350
6318,126.5778303,45.7086279
6319,126.5774862,45.7082204
6320,126.5423501,45.7024191
6321,126.5417869,45.7011663
6322,126.5853320,45.7554664
6323,126.5855366,45.7555272
6324,126.5866926,45.7559339
6325,126.5878806,45.7563479
6326,126.5891590,45.7568204
6327,126.5894387,45.7569239
6328,126.5412569,45.7363487
6329,126.5413755,45.7360688
6330,126.5516803,45.7889385
6331,126.5532114,45.7890406
6332,126.7179252,45.7374013
6333,126.7179160,45.7366254
6334,126.5355910,45.8324583
6335,126.5323374,45.8367304
6336,126.5345747,45.8337764
6337,126.6247444,45.6640025
6338,126.6263869,45.6642865
6339,126.7047029,45.7454447
6340,126.7060543,45.7452624
6341,126.7037337,45.7409567
6342,126.6502417,45.7421455
6343,126.6823555,45.6749019
6344,126.6810876,45.6751042
6345,126.5414342,45.7551723
6346,126.5483167,45.7472674
6347,126.5413926,45.7547758
6348,126.5412626,45.7536774
6349,126.5423999,45.7524946
6350,126.5447572,45.7505342
6351,126.5463989,45.7491522
6352,126.6734150,45.8013984
6353,126.6787144,45.7937323
6354,126.6755023,45.7983741
6355,126.6755823,45.7982582
6356,126.6767799,45.7965229
6357,126.6786616,45.7937965
6358,126.6143725,45.7613847
6359,126.6131414,45.7587037
6360,126.6115175,45.7554458
6361,126.6108796,45.7543973
6362,126.6550692,45.6666296
6363,126.6539377,45.6665000
6364,126.5650088,45.6991222
6365,126.6816870,45.7012945
6366,126.6872471,45.7009017
6367,126.6820538,45.7015066
6368,126.6834019,45.7016107
6369,126.6862677,45.7010823
6370,126.6865660,45.7010273
6371,126.6866948,45.7010036
6372,126.5860046,45.6614700
6373,126.5859077,45.6585672
6374,126.5859789,45.6609654
6375,126.5859797,45.6604085
6376,126.5859951,45.6592492
6377,126.5859088,45.6582887
6378,126.5859092,45.6581666
6379,126.5859101,45.6579421
6380,126.5859107,45.6577688
6381,126.5859123,45.6573226
6382,126.5850597,45.6569416
6383,126.5841819,45.6569589
6384,126.5841665,45.6573368
6385,126.5841502,45.6577371
6386,126.5841329,45.6581637
6387,126.5890439,45.7858537
6388,126.5897597,45.7861619
6389,126.5269614,45.7049809
6390,126.5259568,45.7072393
6391,126.6111745,45.8277158
6392,126.7091187,45.7138932
6393,126.6407838,45.7301096
6394,126.6441847,45.7436102
6395,126.6408272,45.7301689
6396,126.6432134,45.7342017
6397,126.6435381,45.7368006
6398,126.6435529,45.7369662
6399,126.6437191,45.7387335
6400,126.6437404,45.7388780
6401,126.6438344,45.7398081
6402,126.6438787,45.7403748
6403,126.6439099,45.7408948
6404,126.6439692,45.7416049
6405,126.6440458,45.7422320
6406,126.7505160,45.7110914
6407,126.7510111,45.7109850
6408,126.6801285,45.7853799
6409,126.6442963,45.7270223
6410,126.6394765,45.7286205
6411,126.6633422,45.7016957
6412,126.6636578,45.7021575
6413,126.6626485,45.7436128
6414,126.6674895,45.7426861
6415,126.6640581,45.7435149
6416,126.6642781,45.7435052
6417,126.6651626,45.7434942
6418,126.6662761,45.7429062
6419,126.6667226,45.7427418
6420,126.6734774,45.7832476
6421,126.5587150,45.8118852
6422,126.7304218,45.7902144
6423,126.7281290,45.7911798
6424,126.7284224,45.7896628
6425,126.7281259,45.7903865
6426,126.5734697,45.7016292
6427,126.5822743,45.7437245
6428,126.5809465,45.7434374
6429,126.5823274,45.7437763
6430,126.5816930,45.7439850
6431,126.6040055,45.7555926
6432,126.6006629,45.7571109
6433,126.6022219,45.7563545
6434,126.6033187,45.7558661
6435,126.5417614,45.7046269
6436,126.5464010,45.7047166
6437,126.6207289,45.7035178
6438,126.6200903,45.7022981
6439,126.6488950,45.7275208
6440,126.6497704,45.7294189
6441,126.7039808,45.7510307
6442,126.7040260,45.7502232
6443,126.7199317,45.7373909
6444,126.7199497,45.7407284
6445,126.7199531,45.7401093
6446,126.7290954,45.7479133
6447,126.7282416,45.7514148
6448,126.6213826,45.7228893
6449,126.6216653,45.7228069
6450,126.7047827,45.7433260
6451,126.7048606,45.7435811
6452,126.7059611,45.7431583
6453,126.6899978,45.6697739
6454,126.6874570,45.6692596
6455,126.6034534,45.7219341
6456,126.6243114,45.7147893
6457,126.6056557,45.7211995
6458,126.6057702,45.7211607
6459,126.6088293,45.7200766
6460,126.6107504,45.7194151
6461,126.6129324,45.7186591
6462,126.6172381,45.7171943
6463,126.6173885,45.7171491
6464,126.5376605,45.6952506
6465,126.5443537,45.6976709
6466,126.7233235,45.8217646
6467,126.7235527,45.8226886
6468,126.7247696,45.8285106
6469,126.6430533,45.7197573
6470,126.6484763,45.7274428
6471,126.6433282,45.7201648
6472,126.6471992,45.7255277
6473,126.6795908,45.7456708
6474,126.6791620,45.7458588
6475,126.6796879,45.7459036
6476,126.6878370,45.7475147
6477,126.6889840,45.7478635
6478,126.6616126,45.7665844
6479,126.6604818,45.7662201
6480,126.6600600,45.7658462
6481,126.6698242,45.7448461
6482,126.6698953,45.7444282
6483,126.6928106,45.6740738
6484,126.6233435,45.7722191
6485,126.7310544,45.7002569
6486,126.7290055,45.6953091
6487,126.5023296,45.7284608
6488,126.5150513,45.7301642
6489,126.5024469,45.7284823
6490,126.5085339,45.7293038
6491,126.5095325,45.7294340
6492,126.5149435,45.7301521
6493,126.5357218,45.7366707
6494,126.5533546,45.7392433
6495,126.5440389,45.7379881
6496,126.6548646,45.7365788
6497,126.6548901,45.7368225
6498,126.7343960,45.7162025
6499,126.7300673,45.7167949
6500,126.7341591,45.7162349
6501,126.7304991,45.7167358
6502,126.7301324,45.7167860
6503,126.6252752,45.6765065
6504,126.6227174,45.6832812
6505,126.6252023,45.6766907
6506,126.6240212,45.6797985
6507,126.6239846,45.6798844
6508,126.6227492,45.6831886
6509,126.7108058,45.7443259
6510,126.7106454,45.7440370
6511,126.7106860,45.7441102
6512,126.7100879,45.7435804
6513,126.5828649,45.7840523
6514,126.5836067,45.7833516
6515,126.6930644,45.6906237
6516,126.6990241,45.6852354
6517,126.6938913,45.6898761
6518,126.6161585,45.6670879
6519,126.6142827,45.6751301
6520,126.6143318,45.6752578
6521,126.6128775,45.6820983
6522,126.6128569,45.6821952
6523,126.6126298,45.6832633
6524,126.6110057,45.6907655
6525,126.6103240,45.6939205
6526,126.6099874,45.6954785
6527,126.6053452,45.7442584
6528,126.6080777,45.7429859
6529,126.6061952,45.7438477
6530,126.6064603,45.7437235
6531,126.6073845,45.7432932
6532,126.5828758,45.8081495
6533,126.6896257,45.7303737
6534,126.6904713,45.7302849
6535,126.6702382,45.7242710
6536,126.6971361,45.7298847
6537,126.6756236,45.7254283
6538,126.6795763,45.7262476
6539,126.5137787,45.8021687
6540,126.7287654,45.7157224
6541,126.7288700,45.7179045
6542,126.6936780,45.7916331
6543,126.7270027,45.6882509
6544,126.7312209,45.6865752
6545,126.7290804,45.6886500
6546,126.7309852,45.6871112
6547,126.6905706,45.6784936
6548,126.6936394,45.6742306
6549,126.6904841,45.6784048
6550,126.6362558,45.7487410
6551,126.6441686,45.7587358
6552,126.5304257,45.8257296
6553,126.5375592,45.8158357
6554,126.5360940,45.8184303
6555,126.5359583,45.8185925
6556,126.5339010,45.8211509
6557,126.5318984,45.8237806
6558,126.5976171,45.7558947
6559,126.6473105,45.6542970
6560,126.6503971,45.6547454
6561,126.6475354,45.6543321
6562,126.6483244,45.6544584
6563,126.6484123,45.6544717
6564,126.5238515,45.7208090
6565,126.5257290,45.7212284
6566,126.5749333,45.7767645
6567,126.5822525,45.7798967
6568,126.5765952,45.7777452
6569,126.5774727,45.7779245
6570,126.5779787,45.7780094
6571,126.5793063,45.7784708
6572,126.5803545,45.7789881
6573,126.5804495,45.7790332
6574,126.5807204,45.7791677
6575,126.5812780,45.7794280
6576,126.6847912,45.7961790
6577,126.6848931,45.7964454
6578,126.6655937,45.6965697
6579,126.6658362,45.6967902
6580,126.6521794,45.6695055
6581,126.6498600,45.6701380
6582,126.6508068,45.6693602
6583,126.6642634,45.7189684
6584,126.6592274,45.7202934
6585,126.6634684,45.7192409
6586,126.6612792,45.7199911
6587,126.7557961,45.7543016
6588,126.6044795,45.7458751
6589,126.6061258,45.7451301
6590,126.6054519,45.7454351
6591,126.5876935,45.7391040
6592,126.5878633,45.7390212
6593,126.6750323,45.7281393
6594,126.5844190,45.7099426
6595,126.5840264,45.7096478
6596,126.6932419,45.7311330
6597,126.6938749,45.7335764
6598,126.6444386,45.7589823
6599,126.5599322,45.7291748
6600,126.5624946,45.7314341
6601,126.5339718,45.7417276
6602,126.5393081,45.8125321
6603,126.5393002,45.8126643
6604,126.5392408,45.8128297
6605,126.5392114,45.8129952
6606,126.5889455,45.7600051
6607,126.5883598,45.7608752
6608,126.6307547,45.7609330
6609,126.6307300,45.7604808
6610,126.6306543,45.7609749
6611,126.6305675,45.7610086
6612,126.6298720,45.7608288
6613,126.6301989,45.7606854
6614,126.6303663,45.7606205
6615,126.5803921,45.7243620
6616,126.5811977,45.7237603
6617,126.5846357,45.7589512
6618,126.5662441,45.6979395
6619,126.5634960,45.6931673
6620,126.5537086,45.7214678
6621,126.5573013,45.7193527
6622,126.5543149,45.7215333
6623,126.5559136,45.7203660
6624,126.6845816,45.7248407
6625,126.6845326,45.7240666
6626,126.6619791,45.7496088
6627,126.6603963,45.7936984
6628,126.6619519,45.7917175
6629,126.6604648,45.7935894
6630,126.6808391,45.7492591
6631,126.6811089,45.7492750
6632,126.6819518,45.7493846
6633,126.6823004,45.7494562
6634,126.6833091,45.7496698
6635,126.7148885,45.7513472
6636,126.7153819,45.7485928
6637,126.5473474,45.8034453
6638,126.5470429,45.8060623
6639,126.5921503,45.7241508
6640,126.5931413,45.7249958
6641,126.6046929,45.8323137
6642,126.6435501,45.7517508
6643,126.6845977,45.6683944
6644,126.6847207,45.6700589
6645,126.6364608,45.7047100
6646,126.5296679,45.7002814
6647,126.5288718,45.7008627
6648,126.6859055,45.7532018
6649,126.6838816,45.7529714
6650,126.7035223,45.6772493
6651,126.7051292,45.6778886
6652,126.7565890,45.7260926
6653,126.7481431,45.7278637
6654,126.7539048,45.7266254
6655,126.7510490,45.7272628
6656,126.5804627,45.7066921
6657,126.5791456,45.7075309
6658,126.6370913,45.8158196
6659,126.5963416,45.7490965
6660,126.5953346,45.7480098
6661,126.5315711,45.6922969
6662,126.7132451,45.7166353
6663,126.5759265,45.8142698
6664,126.5022024,45.6907517
6665,126.5020701,45.6910035
6666,126.5256488,45.7402270
6667,126.7013820,45.7616195
6668,126.7019706,45.7616590
6669,126.7045129,45.7619728
6670,126.5268294,45.6496962
6671,126.5444806,45.6739663
6672,126.5289857,45.6531515
6673,126.5403778,45.6686338
6674,126.6122954,45.6832232
6675,126.6137217,45.6833941
6676,126.5559097,45.6787511
6677,126.5665018,45.6818203
6678,126.5638114,45.6810697
6679,126.5663711,45.6817923
6680,126.6270372,45.7472371
6681,126.6331598,45.7524578
6682,126.6330010,45.7523177
6683,126.6294098,45.7492774
6684,126.6402412,45.6853886
6685,126.6412309,45.7398177
6686,126.6407229,45.7394178
6687,126.5784615,45.7846896
6688,126.5830625,45.7829078
6689,126.5785297,45.7845626
6690,126.5801059,45.7838702
6691,126.5242948,45.8124856
6692,126.5244095,45.8094221
6693,126.5244204,45.8093546
6694,126.5245294,45.8077123
6695,126.6164135,45.7038668
6696,126.6154028,45.7043019
6697,126.6742190,45.7582088
6698,126.6787690,45.7588037
6699,126.7242319,45.7579087
6700,126.7240314,45.7586540
6701,126.7253691,45.7592982
6702,126.5778633,45.8235202
6703,126.5789573,45.8248234
6704,126.6318054,45.8173649
6705,126.6357908,45.8185201
6706,126.6338970,45.8179650
6707,126.6353301,45.8184310
6708,126.5593327,45.7785465
6709,126.5950675,45.7589243
6710,126.5953246,45.7585600
6711,126.5970466,45.7565579
6712,126.6690310,45.6723853
6713,126.6691677,45.6719295
6714,126.5729649,45.7460216
6715,126.6171443,45.7075090
6716,126.6549128,45.8407424
6717,126.6645731,45.8341165
6718,126.7136358,45.7147291
6719,126.5568703,45.7820741
6720,126.5709107,45.7716264
6721,126.5576157,45.7814988
6722,126.5579066,45.7812804
6723,126.5579988,45.7812104
6724,126.5616031,45.7785362
6725,126.5619517,45.7782784
6726,126.5672427,45.7743036
6727,126.6106671,45.7156900
6728,126.6118741,45.7157500
6729,126.6107307,45.7154143
6730,126.6113480,45.7153588
6731,126.6119160,45.7155452
6732,126.6670986,45.7729433
6733,126.6674586,45.7729442
6734,126.6680904,45.7376761
6735,126.6688346,45.7400473
6736,126.6683395,45.7385528
6737,126.6313352,45.7567348
6738,126.6826749,45.7025984
6739,126.5652119,45.8318114
6740,126.5622864,45.8331040
6741,126.5598080,45.8341713
6742,126.6174638,45.7686792
6743,126.6179352,45.7687421
6744,126.6620198,45.7642152
6745,126.6618045,45.7667514
6746,126.6619462,45.7648280
6747,126.6619607,45.7646364
6748,126.5054742,45.8019828
6749,126.5074362,45.7987823
6750,126.5074937,45.7986812
6751,126.5076160,45.7984890
6752,126.6350969,45.7388854
6753,126.6331144,45.7365673
6754,126.7584651,45.7489018
6755,126.5655966,45.7127674
6756,126.5680986,45.7144888
6757,126.5656602,45.7128223
6758,126.5657451,45.7128914
6759,126.5100289,45.8127672
6760,126.5098395,45.8127666
6761,126.6807877,45.7017863
6762,126.6828343,45.6999284
6763,126.6604358,45.7722095
6764,126.6617512,45.7693238
6765,126.6615662,45.7703440
6766,126.5874951,45.7525317
6767,126.5977357,45.7558269
6768,126.5876745,45.7525912
6769,126.5900227,45.7534405
6770,126.5913078,45.7538705
6771,126.5915315,45.7539474
6772,126.5939657,45.7547752
6773,126.5952204,45.7552390
6774,126.6761326,45.7377061
6775,126.6742138,45.7375825
6776,126.6735335,45.7376770
6777,126.6724278,45.7378307
6778,126.6011450,45.7696696
6779,126.6022970,45.7691337
6780,126.7503504,45.7092129
6781,126.6357154,45.6714035
6782,126.6152875,45.6723539
6783,126.6174866,45.6721844
6784,126.5308157,45.6701626
6785,126.5326114,45.6693317
6786,126.6858849,45.6915340
6787,126.6851232,45.6911623
6788,126.5264711,45.8236335
6789,126.5579333,45.8349146
6790,126.5556730,45.8328498
6791,126.5496217,45.8304261
6792,126.5470867,45.8294653
6793,126.5468776,45.8293917
6794,126.5403329,45.8269054
6795,126.5399342,45.8267506
6796,126.5397127,45.8266670
6797,126.5393138,45.8265208
6798,126.5316218,45.8237196
6799,126.7067402,45.7180147
6800,126.7072096,45.7178377
6801,126.7073315,45.7172993
6802,126.6465031,45.7887419
6803,126.6481725,45.7892338
6804,126.6515641,45.7902330
6805,126.6188122,45.7000598
6806,126.6274547,45.7010516
6807,126.6188657,45.7000659
6808,126.6224582,45.7004755
6809,126.5576935,45.8317977
6810,126.5597630,45.8341206
6811,126.5577492,45.8318577
6812,126.6267852,45.7461836
6813,126.6257649,45.7455394
6814,126.6348426,45.7886267
6815,126.7170123,45.7420353
6816,126.7179558,45.7420251
6817,126.7189482,45.7420207
6818,126.7195446,45.7420180
6819,126.7205021,45.7420136
6820,126.7210639,45.7419982
6821,126.5321248,45.8183655
6822,126.5356545,45.8185655
6823,126.6978915,45.7146841
6824,126.6269400,45.7372423
6825,126.6264099,45.7368216
6826,126.6284764,45.7358148
6827,126.5837603,45.6557717
6828,126.5824371,45.6570577
6829,126.5825458,45.6562687
6830,126.5282238,45.8162521
6831,126.5301933,45.8163628
6832,126.5875751,45.7605805
6833,126.5887862,45.7601122
6834,126.6608724,45.7565357
6835,126.6607123,45.7552570
6836,126.6533392,45.6373379
6837,126.6446543,45.6637781
6838,126.6478519,45.6523564
6839,126.6487917,45.6490877
6840,126.6889896,45.7419698
6841,126.6924011,45.7415384
6842,126.6908893,45.7417339
6843,126.6550588,45.6543600
6844,126.6576014,45.6527132
6845,126.6525840,45.6540076
6846,126.6491218,45.6525658
6847,126.6531129,45.6520466
6848,126.6555988,45.6524207
6849,126.7195387,45.7523365
6850,126.7190427,45.7520338
6851,126.7172796,45.7521760
6852,126.7147308,45.7518661
6853,126.7186343,45.7518397
6854,126.7310122,45.7395170
6855,126.7299189,45.7341942
6856,126.6793649,45.7290686
6857,126.6792522,45.7293187
6858,126.6923441,45.7935194
6859,126.7157213,45.7866736
6860,126.7093896,45.7858822
6861,126.7125120,45.7862678
6862,126.7123060,45.7862417
6863,126.6790454,45.7036549
6864,126.6756569,45.7055050
6865,126.6787592,45.7038038
6866,126.6778688,45.7042919
6867,126.6772936,45.7046164
6868,126.6111112,45.6958246
6869,126.6109991,45.6963815
6870,126.6182186,45.6562812
6871,126.6375008,45.6621778
6872,126.6318393,45.6609272
6873,126.6803577,45.6903721
6874,126.6808352,45.6899880
6875,126.6804797,45.6902739
6876,126.6104270,45.6950674
6877,126.6118968,45.6952300
6878,126.6128168,45.6953318
6879,126.6139276,45.6954548
6880,126.6158318,45.6956655
6881,126.6297117,45.7091753
6882,126.6305353,45.7101640
6883,126.7130246,45.7176772
6884,126.7133326,45.7181033
6885,126.5721071,45.7461687
6886,126.5729041,45.7462657
6887,126.5741783,45.7464341
6888,126.7114666,45.7373395
6889,126.7125871,45.7375414
6890,126.6160666,45.7609355
6891,126.6150202,45.7583291
6892,126.6133728,45.7549084
6893,126.6125369,45.7538120
6894,126.6905692,45.6835174
6895,126.6914401,45.6860643
6896,126.6437926,45.7836064
6897,126.6468768,45.7847806
6898,126.6447806,45.7839825
6899,126.6455858,45.7842891
6900,126.5338364,45.8069629
6901,126.5331881,45.8125202
6902,126.5334838,45.8096457
6903,126.5334736,45.8097448
6904,126.5333359,45.8110831
6905,126.6675421,45.6855927
6906,126.6661733,45.6859815
6907,126.6398493,45.7404850
6908,126.6400202,45.7401291
6909,126.6125633,45.6923685
6910,126.6121547,45.6941228
6911,126.6123240,45.6933958
6912,126.6125452,45.6924460
6913,126.4640572,45.6583014
6914,126.5161490,45.6850355
6915,126.5080027,45.6808377
6916,126.6526814,45.7122906
6917,126.6525804,45.7123257
6918,126.6501868,45.7131581
6919,126.6480684,45.7138948
6920,126.6459944,45.7146161
6921,126.6451434,45.7149121
6922,126.6437039,45.7154127
6923,126.6408038,45.7164212
6924,126.5629301,45.7734044
6925,126.5756231,45.8154282
6926,126.5743987,45.8199493
6927,126.5754969,45.8166834
6928,126.5752561,45.8185503
6929,126.6734925,45.7539256
6930,126.6727161,45.7538697
6931,126.6164665,45.6644645
6932,126.6109945,45.6628378
6933,126.5863759,45.7330187
6934,126.5830692,45.7359010
6935,126.5834137,45.7355738
6936,126.7141657,45.8040741
6937,126.6966076,45.8055842
6938,126.7065874,45.8079423
6939,126.6989465,45.7668926
6940,126.7012522,45.7670914
6941,126.5556764,45.7672916
6942,126.5719879,45.7691600
6943,126.5577453,45.7671004
6944,126.5610189,45.7671545
6945,126.5658203,45.7675241
6946,126.5719087,45.7691334
6947,126.7248564,45.7156009
6948,126.7257443,45.7154661
6949,126.6287388,45.7656213
6950,126.7063616,45.7156710
6951,126.5413842,45.8323243
6952,126.6311358,45.7425481
6953,126.6306391,45.7433017
6954,126.6130596,45.7152040
6955,126.6133324,45.7140263
6956,126.5318777,45.6685627
6957,126.5350426,45.6702864
6958,126.5328859,45.6680627
6959,126.6604922,45.7064111
6960,126.6642718,45.7051630
6961,126.6605949,45.7063772
6962,126.6344925,45.8127348
6963,126.6341953,45.8126509
6964,126.5679758,45.7774665
6965,126.5686206,45.7777817
6966,126.7242363,45.7130918
6967,126.7248288,45.7154948
6968,126.7005476,45.7647425
6969,126.7008029,45.7638531
6970,126.7011729,45.7625642
6971,126.7013577,45.7617296
6972,126.6135460,45.7353628
6973,126.6156719,45.7341479
6974,126.6145856,45.7347607
6975,126.5806233,45.7782057
6976,126.5378932,45.7306442
6977,126.5470700,45.7211880
6978,126.5389686,45.7289951
6979,126.5393101,45.7284955
6980,126.5395720,45.7281820
6981,126.5448828,45.7229843
6982,126.5452938,45.7226280
6983,126.5453933,45.7225560
6984,126.5457543,45.7222699
6985,126.5362450,45.6559120
6986,126.5362397,45.6551996
6987,126.5352521,45.6551971
6988,126.6807456,45.7036639
6989,126.6815311,45.7035395
6990,126.6141548,45.7154060
6991,126.6142197,45.7148042
6992,126.7224687,45.7904492
6993,126.7212896,45.7903031
6994,126.6790583,45.7738325
6995,126.6785674,45.7776328
6996,126.6788669,45.7748596
6997,126.6786704,45.7772510
6998,126.6734423,45.7475280
6999,126.6745561,45.7476136
7000,126.5934464,45.7634404
7001,126.5955424,45.7622068
7002,126.5283410,45.8126457
7003,126.5423124,45.8126446
7004,126.5389993,45.8126589
7005,126.6242730,45.8297186
7006,126.6240550,45.8296434
7007,126.7229140,45.7091410
7008,126.7229353,45.7092243
7009,126.7257435,45.7186146
7010,126.7268067,45.7227475
7011,126.6140793,45.8098232
7012,126.6161720,45.8105966
7013,126.6574472,45.7405704
7014,126.6582718,45.7411457
7015,126.5481534,45.7430656
7016,126.7247974,45.8280204
7017,126.7231481,45.8217734
7018,126.7233605,45.8224958
7019,126.6615207,45.7203345
7020,126.6607060,45.7191763
7021,126.6328487,45.7436296
7022,126.7268309,45.7401354
7023,126.7256716,45.7401332
7024,126.7261659,45.7401356
7025,126.7012620,45.7637076
7026,126.6996588,45.7691006
7027,126.7007665,45.7656405
7028,126.7001295,45.7674526
7029,126.6998907,45.7682331
7030,126.5143285,45.7383758
7031,126.5156829,45.7334066
7032,126.5763376,45.7731761
7033,126.5778071,45.7720811
7034,126.5202712,45.6870823
7035,126.5164422,45.6907336
7036,126.6381342,45.7368823
7037,126.6377981,45.7362274
7038,126.6994426,45.7468896
7039,126.6987722,45.7469823
7040,126.5313517,45.6918736
7041,126.5466945,45.7044993
7042,126.5328480,45.6941717
7043,126.5329462,45.6942529
7044,126.5367490,45.6971462
7045,126.5369078,45.6972632
7046,126.5407135,45.7001447
7047,126.5416508,45.7008229
7048,126.5441732,45.7026085
7049,126.5755442,45.8083720
7050,126.5753542,45.8084585
7051,126.6091603,45.7018208
7052,126.6178924,45.7028378
7053,126.6103467,45.7019590
7054,126.6133458,45.7023083
7055,126.6151390,45.7025171
7056,126.6596958,45.7699152
7057,126.6606161,45.7702421
7058,126.6601877,45.7700938
7059,126.6315520,45.7635867
7060,126.6319505,45.7636264
7061,126.6927475,45.8079926
7062,126.6925323,45.8079117
7063,126.6647038,45.7176218
7064,126.6673347,45.7157368
7065,126.6361565,45.7133254
7066,126.6345628,45.7156630
7067,126.6362909,45.7135542
7068,126.6337288,45.7144794
7069,126.6345315,45.7156186
7070,126.6128137,45.7151278
7071,126.6130580,45.7139994
7072,126.6403450,45.7465501
7073,126.6382206,45.7477832
7074,126.7200369,45.8132766
7075,126.7205295,45.8116566
7076,126.6244670,45.7400411
7077,126.6243365,45.7399305
7078,126.6242092,45.7398228
7079,126.6240766,45.7397104
7080,126.6573409,45.7677845
7081,126.6536631,45.7698724
7082,126.6537765,45.7698073
7083,126.6543294,45.7694897
7084,126.6549436,45.7691492
7085,126.6561810,45.7684509
7086,126.6288312,45.6555762
7087,126.6289466,45.6553538
7088,126.5307627,45.6991184
7089,126.5302498,45.7000831
7090,126.5285136,45.6984728
7091,126.5306157,45.6988238
7092,126.7040340,45.7141626
7093,126.7048315,45.7123280
7094,126.7045278,45.7138039
7095,126.6244703,45.7624926
7096,126.6194401,45.7620569
7097,126.6565536,45.7409673
7098,126.6567337,45.7396818
7099,126.5622271,45.7466024
7100,126.5610762,45.7463611
7101,126.6811468,45.7301046
7102,126.6814417,45.7302230
7103,126.5232255,45.7455934
7104,126.7163555,45.7915333
7105,126.7176359,45.7869101
7106,126.7164123,45.7908217
7107,126.7168023,45.7891525
7108,126.7169082,45.7887772
7109,126.7174305,45.7876212
7110,126.6188304,45.7639772
7111,126.6149529,45.7770858
7112,126.6187059,45.7644423
7113,126.6184303,45.7653633
7114,126.6178564,45.7673543
7115,126.6173784,45.7689643
7116,126.6173607,45.7690235
7117,126.6168354,45.7707830
7118,126.6166714,45.7713321
7119,126.6164959,45.7719199
7120,126.6161617,45.7730386
7121,126.6149901,45.7769611
7122,126.7672498,45.7484984
7123,126.6083700,45.7287639
7124,126.6569498,45.7571128
7125,126.6550001,45.7554297
7126,126.6531052,45.7537327
7127,126.6519955,45.7527627
7128,126.6509386,45.7517733
7129,126.6399335,45.7205371
7130,126.6373072,45.7321105
7131,126.6377230,45.7324484
7132,126.6017674,45.8324623
7133,126.6028950,45.8328797
7134,126.6039637,45.8332681
7135,126.6638476,45.7646700
7136,126.5704134,45.6742044
7137,126.5703507,45.6701992
7138,126.5706984,45.6711911
7139,126.6733929,45.7391909
7140,126.6736154,45.7391634
7141,126.6738436,45.7391351
7142,126.5314173,45.8183369
7143,126.5200206,45.8182202
7144,126.5282258,45.8182250
7145,126.5268329,45.8182033
7146,126.5207639,45.8182184
7147,126.5202077,45.8182198
7148,126.5899638,45.6772119
7149,126.5904455,45.6771551
7150,126.6551372,45.7374470
7151,126.6499818,45.7416211
7152,126.6529478,45.7392717
7153,126.6516976,45.7402649
7154,126.5865048,45.7369303
7155,126.5848383,45.7381950
7156,126.5855092,45.7376953
7157,126.5856520,45.7375855
7158,126.5649402,45.6943901
7159,126.5717309,45.6895812
7160,126.5681944,45.6921400
7161,126.5716545,45.6896416
7162,126.5084399,45.6863029
7163,126.5056988,45.6839126
7164,126.5070411,45.6844539
7165,126.5069490,45.6860907
7166,126.6287511,45.6950080
7167,126.6291386,45.6950755
7168,126.6294172,45.7699052
7169,126.6299198,45.7688864
7170,126.5462837,45.7341945
7171,126.5526436,45.7330457
7172,126.5499124,45.7327333
7173,126.5503221,45.7327492
7174,126.5504587,45.7327598
7175,126.5524008,45.7350791
7176,126.6390407,45.8157193
7177,126.6379950,45.8154289
7178,126.6477673,45.7293509
7179,126.6497932,45.7318729
7180,126.6482048,45.7300294
7181,126.6181251,45.7778459
7182,126.6180980,45.7786476
7183,126.5076541,45.7980653
7184,126.5078943,45.7984216
7185,126.7205210,45.7454905
7186,126.6993233,45.7308564
7187,126.6992192,45.7304550
7188,126.7241720,45.7130959
7189,126.7349847,45.7122863
7190,126.7195559,45.7143631
7191,126.7229730,45.7140803
7192,126.7234602,45.7132420
7193,126.7233879,45.7132463
7194,126.6748496,45.7504849
7195,126.6751102,45.7487475
7196,126.5498999,45.8132101
7197,126.5423108,45.8129465
7198,126.5455613,45.8129576
7199,126.6030393,45.7037122
7200,126.6077368,45.7041172
7201,126.6047046,45.7038851
7202,126.6059999,45.7039953
7203,126.7233433,45.7415186
7204,126.5296115,45.7168608
7205,126.5270777,45.7111213
7206,126.5278724,45.7137285
7207,126.7504801,45.7092112
7208,126.7502524,45.7015527
7209,126.5592207,45.8100112
7210,126.5595187,45.8093596
7211,126.7238210,45.7172286
7212,126.7237956,45.7171239
7213,126.6810117,45.7013537
7214,126.5116357,45.7421867
7215,126.5199051,45.7433513
7216,126.5117326,45.7422042
7217,126.5140616,45.7425438
7218,126.5141147,45.7425505
7219,126.5192836,45.7432771
7220,126.6064894,45.8077465
7221,126.6072686,45.8077688
7222,126.6073522,45.8077732
7223,126.6153850,45.8079705
7224,126.6155767,45.8079758
7225,126.6181414,45.8080241
7226,126.6184358,45.8080317
7227,126.6225573,45.8079956
7228,126.6320689,45.8102862
7229,126.7149415,45.7517166
7230,126.5001092,45.7211927
7231,126.5028609,45.7132479
7232,126.5001634,45.7210103
7233,126.5011382,45.7174983
7234,126.5011606,45.7174153
7235,126.5018040,45.7155302
7236,126.7635076,45.7856946
7237,126.7635059,45.7857806
7238,126.6002468,45.7670066
7239,126.5906974,45.7574143
7240,126.5995361,45.7658354
7241,126.5987787,45.7646479
7242,126.5973810,45.7624363
7243,126.5970397,45.7605443
7244,126.5966787,45.7599934
7245,126.5930479,45.7582909
7246,126.6112189,45.6918198
7247,126.5654374,45.7849574
7248,126.5652906,45.7851930
7249,126.5654016,45.7850149
7250,126.6655140,45.7332072
7251,126.6863386,45.7343289
7252,126.6710544,45.7345501
7253,126.6740876,45.7352965
7254,126.6754037,45.7356177
7255,126.6763583,45.7357889
7256,126.6765457,45.7358010
7257,126.6796095,45.7354288
7258,126.6811239,45.7352158
7259,126.6833311,45.7349102
7260,126.4828956,45.8129280
7261,126.5017288,45.8127444
7262,126.5015500,45.8127486
7263,126.6459731,45.7262987
7264,126.7212419,45.7905439
7265,126.7224090,45.7906729
7266,126.7082365,45.7164175
7267,126.6074641,45.7578670
7268,126.6064127,45.7581624
7269,126.6795869,45.7531002
7270,126.6622788,45.7371892
7271,126.6658581,45.7335522
7272,126.6636537,45.7358816
7273,126.6853316,45.7502152
7274,126.5742407,45.7408996
7275,126.5737354,45.7429285
7276,126.5734658,45.7440108
7277,126.5733100,45.7446363
7278,126.5870097,45.6582656
7279,126.6344574,45.7370351
7280,126.6351315,45.7369864
7281,126.6344358,45.7367560
7282,126.6349172,45.7367165
7283,126.5874530,45.7395115
7284,126.6044564,45.7353744
7285,126.5438070,45.7218595
7286,126.5575119,45.7297343
7287,126.5448809,45.7222979
7288,126.5456974,45.7227203
7289,126.5460573,45.7229537
7290,126.5521402,45.7269059
7291,126.6275262,45.7467813
7292,126.7443114,45.7489772
7293,126.7537639,45.7485716
7294,126.7478052,45.7482360
7295,126.7473364,45.7483067
7296,126.5396265,45.8078455
7297,126.5398759,45.8078198
7298,126.5704861,45.7400509
7299,126.5703142,45.7400254
7300,126.5998088,45.7899811
7301,126.6011517,45.7893794
7302,126.6226660,45.7401271
7303,126.6219351,45.7405305
7304,126.6706420,45.7427173
7305,126.6724422,45.7424562
7306,126.6716344,45.7425716
7307,126.6412470,45.6946653
7308,126.6370483,45.7396873
7309,126.6367157,45.7397959
7310,126.7087195,45.7538442
7311,126.6268561,45.8318917
7312,126.6281032,45.8302812
7313,126.6247021,45.8313417
7314,126.6246026,45.8313050
7315,126.6240482,45.8300197
7316,126.6359258,45.7216492
7317,126.6324432,45.7167560
7318,126.6353172,45.7207941
7319,126.6350247,45.7203832
7320,126.6344187,45.7195317
7321,126.6341623,45.7191715
7322,126.6327448,45.7171797
7323,126.6142528,45.6629988
7324,126.6196697,45.6636257
7325,126.6198954,45.7820837
7326,126.6619004,45.7537486
7327,126.6437593,45.7514285
7328,126.6434415,45.7516805
7329,126.5652962,45.7467034
7330,126.5624611,45.7457239
7331,126.6749987,45.6827592
7332,126.6788060,45.6836822
7333,126.6788229,45.6836147
7334,126.6898396,45.7820513
7335,126.6960237,45.7827832
7336,126.6301416,45.7838158
7337,126.6554065,45.6650844
7338,126.6628232,45.7719922
7339,126.6628035,45.7724252
7340,126.7198264,45.7239954
7341,126.7197618,45.7236157
7342,126.6564344,45.6651099
7343,126.6577089,45.6644529
7344,126.6298312,45.7533730
7345,126.5567667,45.7378186
7346,126.5569545,45.7372009
7347,126.5568986,45.7373848
7348,126.6124910,45.7738516
7349,126.6156802,45.7743086
7350,126.6749388,45.7058590
7351,126.5045975,45.6874528
7352,126.5682359,45.7145763
7353,126.5697035,45.7135949
7354,126.5689491,45.7140993
7355,126.7031548,45.7269100
7356,126.6408593,45.7465759
7357,126.5124075,45.6965332
7358,126.6114085,45.7524275
7359,126.6101270,45.7529627
7360,126.6420964,45.7428408
7361,126.6444494,45.7888629
7362,126.6409003,45.7922537
7363,126.6436084,45.7896315
7364,126.6427472,45.7904232
7365,126.6518871,45.7327377
7366,126.6491207,45.6487442
7367,126.6712365,45.6555815
7368,126.6587494,45.6504310
7369,126.6589246,45.6505036
7370,126.5326672,45.8140532
7371,126.5344037,45.8140886
7372,126.6384061,45.6503154
7373,126.6424285,45.6520387
7374,126.6399886,45.6508216
7375,126.6033276,45.7331079
7376,126.6718125,45.7844988
7377,126.6684634,45.7834516
7378,126.6709985,45.7840783
7379,126.6685200,45.7834656
7380,126.6439116,45.7079648
7381,126.6387334,45.7097623
7382,126.5009221,45.7563401
7383,126.6889985,45.7577431
7384,126.6898770,45.7578516
7385,126.6264986,45.7146262
7386,126.6444872,45.7578566
7387,126.6451260,45.7577972
7388,126.6446033,45.7577887
7389,126.6910436,45.7488790
7390,126.6900590,45.7487768
7391,126.6907948,45.7488537
7392,126.6034194,45.7332187
7393,126.6062836,45.7321020
7394,126.6660344,45.7313380
7395,126.6668726,45.7291782
7396,126.6664180,45.7303265
7397,126.6668172,45.7293182
7398,126.5421375,45.7988178
7399,126.5476550,45.7989183
7400,126.5240813,45.6972445
7401,126.5321851,45.8211929
7402,126.5314492,45.8211453
7403,126.6791228,45.7704932
7404,126.6811561,45.7702268
7405,126.6201667,45.7384856
7406,126.6982127,45.7427426
7407,126.6963906,45.7429812
7408,126.6977079,45.7428098
7409,126.7055526,45.6804590
7410,126.6012272,45.7914314
7411,126.6014812,45.7910733
7412,126.6015740,45.7909424
7413,126.6105393,45.7403130
7414,126.6127609,45.7424104
7415,126.6118146,45.7414932
7416,126.7213382,45.6688719
7417,126.7239234,45.6697227
7418,126.6742026,45.7582814
7419,126.6728366,45.7637774
7420,126.6734955,45.7610064
7421,126.6734803,45.7610628
7422,126.6729145,45.7635710
7423,126.6029881,45.7213561
7424,126.6013706,45.7214162
7425,126.5281748,45.7302439
7426,126.5204852,45.7293850
7427,126.5258278,45.7297772
7428,126.5256520,45.7297503
7429,126.5218830,45.7291997
7430,126.6072198,45.8227623
7431,126.6129041,45.8248744
7432,126.6097551,45.8237190
7433,126.6098240,45.8237428
7434,126.5947816,45.7870515
7435,126.7199569,45.7236387
7436,126.7200735,45.7242465
7437,126.6549051,45.7143590
7438,126.6566220,45.7168023
7439,126.6576674,45.7182457
7440,126.6586530,45.7195940
7441,126.6588134,45.7198134
7442,126.6012436,45.7188295
7443,126.6045564,45.7186496
7444,126.6013983,45.7187803
7445,126.6854094,45.7925814
7446,126.6858809,45.7927172
7447,126.6852635,45.7474020
7448,126.6859355,45.7469084
7449,126.5456222,45.7467825
7450,126.5456455,45.7461185
7451,126.5841366,45.7007404
7452,126.5844476,45.7009022
7453,126.6113547,45.7153287
7454,126.7264858,45.7584926
7455,126.7257858,45.7609802
7456,126.6082243,45.7060763
7457,126.7443330,45.7554513
7458,126.7391851,45.7591869
7459,126.5987631,45.7235411
7460,126.6854736,45.7784605
7461,126.6828768,45.7823613
7462,126.6844573,45.7806150
7463,126.6855395,45.7590490
7464,126.6853861,45.7596282
7465,126.5803480,45.7341582
7466,126.5809249,45.7345197
7467,126.5815969,45.7349407
7468,126.5817072,45.7350134
7469,126.6924679,45.7290846
7470,126.6914330,45.7288220
7471,126.5030522,45.7922600
7472,126.5025670,45.7930435
7473,126.6306266,45.7173650
7474,126.6501116,45.7861546
7475,126.6517508,45.7866337
7476,126.6482609,45.7268111
7477,126.6475537,45.7270611
7478,126.5858813,45.7600867
7479,126.7005647,45.8002621
7480,126.6489655,45.7703086
7481,126.6461274,45.7667258
7482,126.6491173,45.7701006
7483,126.6469734,45.7675037
7484,126.7280505,45.6710446
7485,126.7318836,45.6718559
7486,126.7299762,45.6714531
7487,126.6906263,45.7903125
7488,126.6891418,45.7924828
7489,126.6899219,45.7913657
7490,126.6323913,45.7577407
7491,126.5977395,45.7152232
7492,126.5990714,45.7153731
7493,126.6050996,45.7160335
7494,126.7678774,45.7752787
7495,126.7935540,45.7773496
7496,126.7700862,45.7755399
7497,126.7701785,45.7755508
7498,126.7728784,45.7758793
7499,126.7731517,45.7759133
7500,126.7757287,45.7762305
7501,126.7768264,45.7763903
7502,126.7769656,45.7764101
7503,126.6743116,45.7200418
7504,126.6739118,45.7194744
7505,126.6505758,45.6930454
7506,126.6549555,45.6935290
7507,126.6508446,45.6930616
7508,126.7584784,45.7685559
7509,126.7609675,45.7691458
7510,126.7013221,45.7672076
7511,126.7037791,45.7674182
7512,126.5231355,45.8415556
7513,126.5285041,45.8395568
7514,126.5887301,45.7597724
7515,126.6292717,45.7587509
7516,126.6300488,45.7629291
7517,126.6288710,45.7602016
7518,126.6291690,45.7607256
7519,126.6294905,45.7609513
7520,126.6301118,45.7616640
7521,126.6304536,45.7628423
7522,126.6400154,45.7249719
7523,126.6391148,45.7236439
7524,126.6470332,45.7407290
7525,126.6455983,45.7408181
7526,126.6447613,45.7408452
7527,126.6696524,45.7495700
7528,126.6698142,45.7483695
7529,126.6331956,45.7264272
7530,126.6351695,45.7292031
7531,126.7045809,45.7367404
7532,126.7038004,45.7341981
7533,126.7041420,45.7352933
7534,126.7013353,45.7845956
7535,126.6825817,45.7917671
7536,126.5042157,45.7217447
7537,126.5024162,45.7285522
7538,126.7825610,45.7497600
7539,126.7774021,45.7490958
7540,126.7774982,45.7491041
7541,126.5100057,45.8124502
7542,126.5100154,45.8125827
7543,126.6619510,45.7671662
7544,126.6999753,45.7667024
7545,126.7005031,45.7668130
7546,126.6901155,45.7484322
7547,126.6911164,45.7484997
7548,126.6903374,45.7484480
7549,126.6906781,45.7484691
7550,126.6236699,45.6797631
7551,126.6319885,45.6805011
7552,126.7348669,45.7250908
7553,126.6090765,45.8341918
7554,126.5971782,45.7089187
7555,126.7188730,45.7509490
7556,126.6227970,45.8311659
7557,126.6228795,45.8311954
7558,126.6242876,45.8317221
7559,126.6243801,45.8317567
7560,126.6263767,45.8325014
7561,126.6304185,45.8339903
7562,126.6304965,45.8340170
7563,126.6846336,45.7236475
7564,126.6613854,45.7502647
7565,126.6456504,45.7125141
7566,126.6458910,45.7128632
7567,126.5482832,45.6734489
7568,126.5496902,45.6753724
7569,126.7079026,45.7679153
7570,126.7162373,45.7689254
7571,126.7239110,45.7698854
7572,126.5930510,45.7647444
7573,126.5939671,45.7637624
7574,126.5933100,45.7644425
7575,126.6691607,45.7919183
7576,126.6692736,45.7919136
7577,126.6716452,45.7918136
7578,126.6720250,45.7919007
7579,126.6787811,45.7937507
7580,126.6850515,45.7960636
7581,126.6643071,45.7509351
7582,126.7036377,45.7551476
7583,126.6683052,45.7511529
7584,126.6712216,45.7513288
7585,126.6724921,45.7514999
7586,126.6733279,45.7515565
7587,126.6753103,45.7516982
7588,126.6756172,45.7517192
7589,126.6759624,45.7517466
7590,126.6798406,45.7522300
7591,126.6812845,45.7524090
7592,126.6826061,45.7525733
7593,126.6835103,45.7526870
7594,126.6873247,45.7531570
7595,126.6895452,45.7534211
7596,126.6898199,45.7534544
7597,126.6913116,45.7536352
7598,126.6917901,45.7536919
7599,126.6969293,45.7543313
7600,126.6998098,45.7546763
7601,126.7029705,45.7550595
7602,126.5535829,45.6578000
7603,126.5551147,45.6538297
7604,126.6006988,45.7345714
7605,126.5989173,45.7352786
7606,126.5979095,45.7356981
7607,126.5960747,45.7364178
7608,126.5923017,45.7377912
7609,126.6998930,45.7665890
7610,126.5124392,45.7981457
7611,126.5123900,45.7982177
7612,126.6224858,45.7464908
7613,126.6182257,45.7489590
7614,126.6209710,45.7473619
7615,126.6202235,45.7477884
7616,126.6183609,45.7488815
7617,126.6890328,45.7983970
7618,126.6310570,45.7212820
7619,126.6304408,45.7204435
7620,126.6442174,45.6672442
7621,126.5948417,45.7843636
7622,126.6092451,45.7649125
7623,126.6093905,45.7648489
7624,126.6107634,45.7641939
7625,126.6122487,45.7635056
7626,126.6136243,45.7628695
7627,126.6137943,45.7627995
7628,126.6142813,45.7625975
7629,126.6154535,45.7621029
7630,126.7001295,45.7423714
7631,126.5856152,45.7266538
7632,126.5800429,45.7229591
7633,126.5814837,45.7239426
7634,126.5470215,45.8340159
7635,126.5480809,45.8325499
7636,126.6438313,45.7472374
7637,126.6462590,45.7470342
7638,126.6468980,45.7881000
7639,126.6519503,45.7896182
7640,126.6485641,45.7886006
7641,126.6581485,45.7066284
7642,126.6599030,45.7091535
7643,126.6090031,45.7564118
7644,126.6134759,45.7623253
7645,126.6111542,45.7591393
7646,126.6131205,45.7617903
7647,126.5698468,45.7343148
7648,126.5734188,45.7296736
7649,126.5699465,45.7337633
7650,126.5705815,45.7323707
7651,126.5706845,45.7322068
7652,126.5732405,45.7298003
7653,126.5809427,45.7337043
7654,126.5682738,45.7038136
7655,126.5648177,45.7001449
7656,126.5682455,45.7037872
7657,126.5654614,45.7008376
7658,126.7194320,45.7883433
7659,126.7222447,45.7758025
7660,126.5874758,45.7852003
7661,126.4934444,45.7948104
7662,126.4955763,45.7954551
7663,126.5018420,45.7973660
7664,126.5019264,45.7973917
7665,126.5034056,45.7978396
7666,126.5034979,45.7978676
7667,126.7097107,45.7167866
7668,126.7095297,45.7159001
7669,126.6688092,45.7240393
7670,126.6584084,45.7128289
7671,126.6107749,45.6997469
7672,126.6126361,45.6993401
7673,126.6953705,45.7863070
7674,126.6937593,45.7916678
7675,126.6764783,45.7502309
7676,126.6465094,45.7399160
7677,126.6491921,45.7395341
7678,126.6449417,45.7903521
7679,126.6369914,45.7861731
7680,126.6391658,45.7872944
7681,126.6406131,45.7880572
7682,126.6421089,45.7888165
7683,126.6435005,45.7895741
7684,126.5423290,45.8124659
7685,126.5467616,45.8125407
7686,126.5203990,45.8337553
7687,126.4891216,45.8338486
7688,126.5201248,45.8337518
7689,126.5101634,45.8338021
7690,126.5018644,45.8338011
7691,126.5017259,45.8337963
7692,126.6376867,45.7391594
7693,126.6551773,45.7424355
7694,126.6582628,45.7437465
7695,126.6570707,45.7435469
7696,126.6350852,45.7849641
7697,126.6370513,45.7828138
7698,126.6353406,45.7846847
7699,126.6356777,45.7842270
7700,126.6353844,45.7302445
7701,126.5900187,45.7429352
7702,126.5925759,45.7453693
7703,126.5330597,45.8346975
7704,126.5343585,45.8336086
7705,126.6133819,45.7703159
7706,126.6167064,45.7707726
7707,126.5679323,45.7146315
7708,126.6112642,45.8274521
7709,126.6114096,45.8270230
7710,126.6114417,45.8269526
7711,126.6140667,45.8230481
7712,126.6155039,45.8201011
7713,126.6156003,45.8199136
7714,126.6175866,45.8170391
7715,126.6202332,45.8143303
7716,126.6203865,45.8142214
7717,126.6218101,45.8131424
7718,126.6227908,45.8121226
7719,126.6236500,45.8105982
7720,126.6227706,45.8090601
7721,126.6225859,45.8081381
7722,126.6968891,45.7544657
7723,126.6952014,45.7608389
7724,126.6958083,45.7585798
7725,126.6954012,45.7601370
7726,126.7394372,45.6442718
7727,126.7256551,45.6619008
7728,126.6608036,45.7122747
7729,126.6563339,45.7138780
7730,126.6583466,45.7131918
7731,126.6170158,45.7628187
7732,126.5697972,45.7136832
7733,126.5468547,45.8095726
7734,126.5472574,45.7367464
7735,126.5471988,45.7369397
7736,126.7024895,45.7901987
7737,126.7025452,45.7900026
7738,126.6697650,45.7451937
7739,126.6699291,45.7440331
7740,126.7122701,45.7179191
7741,126.7122097,45.7179043
7742,126.7124312,45.7177718
7743,126.7124359,45.7178447
7744,126.7123109,45.7179189
7745,126.6658638,45.7235475
7746,126.6648632,45.7259055
7747,126.6651972,45.7250917
7748,126.6655041,45.7243223
7749,126.5780035,45.7225961
7750,126.5738041,45.7200947
7751,126.7061874,45.7678283
7752,126.6377457,45.7402291
7753,126.6376062,45.7405934
7754,126.7217150,45.7067102
7755,126.7211475,45.7050991
7756,126.6305248,45.8174591
7757,126.6359614,45.8181703
7758,126.6335942,45.8184678
7759,126.6351024,45.8189042
7760,126.5916761,45.7261175
7761,126.5914293,45.7259293
7762,126.5118287,45.7984971
7763,126.5435259,45.8338077
7764,126.5485566,45.8272098
7765,126.5499764,45.8253599
7766,126.5851488,45.7586309
7767,126.5887739,45.7531065
7768,126.5855883,45.7575156
7769,126.5880456,45.7583969
7770,126.7155366,45.7330074
7771,126.7155149,45.7343542
7772,126.7154651,45.7338395
7773,126.6638155,45.7652134
7774,126.6648644,45.7649364
7775,126.6947266,45.7254266
7776,126.6917057,45.7250506
7777,126.6622911,45.7615119
7778,126.6619756,45.7585270
7779,126.6617989,45.7565018
7780,126.6616793,45.7552136
7781,126.7010778,45.7426288
7782,126.7016331,45.7427743
7783,126.5367557,45.7177745
7784,126.5395880,45.7153118
7785,126.7510326,45.7949158
7786,126.7578069,45.7950605
7787,126.7551102,45.7947514
7788,126.5912211,45.7310165
7789,126.5604820,45.8064467
7790,126.5314869,45.8011192
7791,126.5318475,45.8018456
7792,126.6034957,45.8320749
7793,126.6041271,45.8312289
7794,126.5821850,45.7770212
7795,126.5823971,45.7771070
7796,126.5855931,45.7595522
7797,126.5887115,45.7857263
7798,126.5876391,45.7852916
7799,126.6138385,45.7685225
7800,126.6172462,45.7689448
7801,126.6135386,45.7014682
7802,126.6152585,45.7016783
7803,126.6407229,45.7404436
7804,126.6406961,45.7400917
7805,126.5905030,45.6933462
7806,126.5908022,45.6933724
7807,126.5914100,45.6934316
7808,126.5943282,45.6937595
7809,126.5944981,45.6937753
7810,126.5961244,45.6939366
7811,126.6641916,45.7737081
7812,126.6288891,45.7530457
7813,126.5964973,45.6951047
7814,126.5968861,45.6965126
7815,126.5970770,45.6957178
7816,126.5066502,45.7220810
7817,126.5088072,45.7139973
7818,126.5067244,45.7218742
7819,126.5076939,45.7183860
7820,126.5077204,45.7182932
7821,126.6398970,45.7821797
7822,126.6385139,45.7834573
7823,126.5393476,45.8281868
7824,126.5381190,45.8291359
7825,126.6852230,45.6720174
7826,126.6817373,45.6716167
7827,126.7022723,45.7481280
7828,126.7021324,45.7476142
7829,126.7093756,45.7138717
7830,126.6240191,45.7403433
7831,126.6230106,45.7404152
7832,126.5431764,45.8226236
7833,126.5422507,45.8235874
7834,126.6332477,45.7365182
7835,126.6319401,45.7370316
7836,126.5666195,45.7502677
7837,126.5678240,45.7444746
7838,126.5676874,45.7449720
7839,126.5676719,45.7450371
7840,126.5674925,45.7456705
7841,126.5673073,45.7464275
7842,126.5664601,45.7495432
7843,126.6189804,45.7619956
7844,126.5248482,45.8236469
7845,126.4897100,45.8237268
7846,126.5202782,45.8236586
7847,126.5200248,45.8236572
7848,126.5109907,45.8236876
7849,126.5100884,45.8236843
7850,126.5094448,45.8236874
7851,126.5018242,45.8237231
7852,126.5016701,45.8237199
7853,126.6077768,45.7278523
7854,126.6998361,45.7405999
7855,126.7001353,45.7415724
7856,126.5820151,45.7424328
7857,126.5820910,45.7428559
7858,126.5830175,45.7428230
7859,126.5827663,45.7427983
7860,126.6791165,45.7705550
7861,126.6742565,45.7377389
7862,126.6272101,45.8200603
7863,126.6267419,45.8198908
7864,126.7273651,45.7405373
7865,126.7263694,45.7419665
7866,126.7263953,45.7406581
7867,126.6261096,45.7169550
7868,126.6253701,45.7162817
7869,126.6377482,45.7374034
7870,126.5714418,45.6893865
7871,126.5774149,45.6870780
7872,126.6248959,45.6764622
7873,126.6224030,45.6831539
7874,126.6235729,45.6800166
7875,126.6236385,45.6798410
7876,126.6237073,45.6796573
7877,126.6248354,45.6766407
7878,126.7014843,45.7403020
7879,126.6619119,45.7675699
7880,126.5200013,45.8196899
7881,126.5200214,45.8186050
7882,126.5699078,45.7205829
7883,126.5745719,45.7170142
7884,126.5729054,45.7182893
7885,126.5730802,45.7181556
7886,126.6049247,45.7665335
7887,126.6065779,45.7682896
7888,126.6661433,45.7315701
7889,126.6659608,45.7315161
7890,126.6336169,45.7469215
7891,126.6309699,45.7446910
7892,126.6321475,45.7456836
7893,126.6564887,45.7823067
7894,126.6526477,45.7884761
7895,126.6564094,45.7824331
7896,126.6562720,45.7826520
7897,126.6561744,45.7828074
7898,126.6549954,45.7847152
7899,126.6544904,45.7855181
7900,126.6541235,45.7861167
7901,126.6537807,45.7866814
7902,126.5809142,45.6621925
7903,126.5925650,45.6605986
7904,126.7465409,45.7728114
7905,126.7518052,45.7532274
7906,126.7502732,45.7588848
7907,126.5944803,45.7221185
7908,126.5951661,45.7226582
7909,126.6725214,45.7573018
7910,126.6722493,45.7569687
7911,126.6723851,45.7559777
7912,126.6052380,45.6996568
7913,126.6055430,45.6985485
7914,126.7461101,45.7152859
7915,126.7402434,45.7163863
7916,126.7459610,45.7153146
7917,126.7405206,45.7163428
7918,126.6488174,45.7422026
7919,126.6409713,45.7461888
7920,126.6475332,45.7426121
7921,126.6425270,45.7448053
7922,126.6089242,45.7562176
7923,126.6141034,45.7546968
7924,126.6103193,45.7557929
7925,126.6124033,45.7551787
7926,126.5459289,45.8151125
7927,126.5364864,45.8312712
7928,126.5451539,45.8180827
7929,126.5437143,45.8213195
7930,126.6114566,45.6908119
7931,126.6125694,45.6909265
7932,126.6129382,45.6909644
7933,126.6139356,45.6910671
7934,126.6619872,45.7084095
7935,126.6619281,45.7084306
7936,126.6624536,45.7628697
7937,126.6149411,45.7154854
7938,126.6152802,45.7138453
7939,126.6151169,45.7146350
7940,126.6152213,45.7141301
7941,126.6781013,45.7470776
7942,126.6791597,45.7472349
7943,126.6932847,45.7459079
7944,126.5048695,45.7954720
7945,126.5033976,45.7950378
7946,126.5033035,45.7950086
7947,126.5025272,45.7947678
7948,126.7296081,45.7148791
7949,126.7352316,45.7140641
7950,126.7316286,45.7145837
7951,126.7327275,45.7144231
7952,126.7335872,45.7142974
7953,126.5631520,45.8145646
7954,126.5688954,45.8176296
7955,126.6038992,45.8206790
7956,126.5639403,45.8140698
7957,126.5631772,45.8143454
7958,126.6259143,45.7454466
7959,126.5775478,45.6710541
7960,126.5787219,45.6735268
7961,126.6621759,45.7628595
7962,126.6614615,45.7624982
7963,126.6613781,45.7221549
7964,126.6604841,45.7208900
7965,126.6856072,45.7952091
7966,126.6858067,45.7950830
7967,126.7498303,45.7588290
7968,126.7512768,45.7530211
7969,126.6246178,45.7181909
7970,126.6218627,45.7191421
7971,126.5865159,45.8250380
7972,126.6131868,45.7134450
7973,126.6132165,45.7132732
7974,126.7608787,45.7858269
7975,126.8011281,45.7801442
7976,126.7699868,45.7861677
7977,126.7700591,45.7861768
7978,126.7789379,45.7865158
7979,126.6817643,45.7017715
7980,126.6835310,45.7019624
7981,126.5609183,45.8236252
7982,126.5572995,45.8225893
7983,126.5585076,45.8229351
7984,126.5299735,45.6880324
7985,126.5298095,45.6878189
7986,126.6686318,45.7549078
7987,126.6748119,45.7551189
7988,126.6733287,45.7550726
7989,126.6722575,45.7550351
7990,126.6894346,45.6891936
7991,126.6861686,45.6912081
7992,126.6260480,45.7706880
7993,126.6259029,45.7706575
7994,126.6241526,45.7702900
7995,126.6219086,45.7698187
7996,126.6195906,45.7693442
7997,126.6194398,45.7693202
7998,126.6364740,45.6750422
7999,126.6321456,45.6810325
8000,126.6346681,45.6763091
8001,126.6335367,45.6773943
8002,126.6323009,45.6808105
8003,126.6874740,45.6959946
8004,126.6611221,45.6691553
8005,126.5400206,45.8125275
8006,126.5461999,45.8095346
8007,126.5829897,45.7340208
8008,126.5814810,45.7351327
8009,126.5820923,45.7347214
8010,126.6534866,45.7384845
8011,126.5912452,45.7539632
8012,126.5925068,45.7544045
8013,126.5914669,45.7540371
8014,126.5358643,45.7235019
8015,126.5347879,45.7260895
8016,126.6273938,45.6943134
8017,126.6288646,45.6944649
8018,126.6716747,45.7485023
8019,126.6714168,45.7502168
8020,126.6715201,45.7495307
8021,126.5396367,45.7140444
8022,126.5336138,45.7139282
8023,126.5337537,45.7139227
8024,126.6835966,45.7834258
8025,126.6840838,45.7827468
8026,126.6308760,45.7228687
8027,126.6302398,45.7230574
8028,126.5832676,45.7497065
8029,126.5109877,45.8235141
8030,126.7101300,45.7454868
8031,126.7110018,45.7446190
8032,126.7100384,45.7451128
8033,126.6253814,45.7119528
8034,126.6064932,45.7098886
8035,126.6251175,45.7119266
8036,126.6202457,45.7113714
8037,126.6164963,45.7109666
8038,126.6163946,45.7109556
8039,126.6121250,45.7104996
8040,126.6115105,45.7104295
8041,126.6107117,45.7281909
8042,126.6178842,45.7257610
8043,126.6138507,45.7271275
8044,126.6157130,45.7264966
8045,126.6144129,45.7336209
8046,126.6120797,45.7302673
8047,126.6140348,45.7330718
8048,126.6132116,45.7318831
8049,126.6125769,45.7309771
8050,126.6839226,45.7757914
8051,126.6908058,45.7487250
8052,126.6901834,45.7520372
8053,126.6897872,45.7535815
8054,126.6881990,45.7599682
8055,126.6881659,45.7600975
8056,126.6875280,45.7625397
8057,126.6875167,45.7625843
8058,126.6868413,45.7652942
8059,126.6868019,45.7654850
8060,126.6848502,45.7732327
8061,126.5979691,45.7621853
8062,126.5991760,45.7641184
8063,126.6194670,45.8389858
8064,126.6262105,45.7414759
8065,126.6109271,45.6893775
8066,126.6046974,45.6878664
8067,126.6062514,45.6883086
8068,126.6241992,45.7149402
8069,126.6057631,45.7213324
8070,126.6174534,45.7172489
8071,126.6173084,45.7172912
8072,126.6130315,45.7188062
8073,126.6108447,45.7195624
8074,126.6089349,45.7202307
8075,126.6058448,45.7212935
8076,126.6800893,45.6905862
8077,126.6873810,45.7030531
8078,126.6902166,45.7025532
8079,126.6886630,45.7028271
8080,126.6889913,45.7027692
8081,126.7073155,45.6853826
8082,126.5806830,45.7512655
8083,126.5835857,45.7525684
8084,126.5827747,45.7522887
8085,126.5825166,45.7521676
8086,126.7123054,45.7573847
8087,126.7092910,45.7626213
8088,126.6796349,45.7355246
8089,126.6792668,45.7342197
8090,126.5678548,45.6870261
8091,126.5934508,45.6975389
8092,126.5680668,45.6871589
8093,126.5752258,45.6918770
8094,126.5754315,45.6920211
8095,126.5789025,45.6942537
8096,126.5791691,45.6944252
8097,126.5805390,45.6953580
8098,126.5805980,45.6953990
8099,126.5848843,45.6966743
8100,126.5850443,45.6966939
8101,126.5896901,45.6971970
8102,126.5899113,45.6972226
8103,126.7029745,45.7857262
8104,126.7011155,45.7854839
8105,126.7018858,45.7855843
8106,126.5448128,45.8407358
8107,126.5539869,45.8365914
8108,126.5471431,45.8396358
8109,126.5495418,45.8385803
8110,126.5497530,45.8384944
8111,126.5523217,45.8373576
8112,126.6042845,45.7268990
8113,126.5802475,45.6788576
8114,126.5812444,45.6769137
8115,126.5801195,45.6780874
8116,126.5800200,45.6774886
8117,126.5810071,45.6769345
8118,126.6080971,45.7024621
8119,126.6180646,45.7032138
8120,126.7157768,45.8307151
8121,126.7197227,45.8293820
8122,126.7218758,45.8288430
8123,126.7246601,45.8285240
8124,126.6823873,45.7315974
8125,126.6813637,45.7317426
8126,126.5437355,45.7219227
8127,126.6195827,45.8300569
8128,126.6192611,45.8299401
8129,126.6986534,45.7260390
8130,126.6989599,45.7228957
8131,126.5815573,45.7449460
8132,126.5721164,45.7438545
8133,126.5776523,45.7444960
8134,126.5744723,45.7441275
8135,126.6732892,45.8294269
8136,126.6814031,45.7031500
8137,126.6815247,45.7030468
8138,126.6340977,45.8176318
8139,126.5721040,45.7464582
8140,126.5712786,45.7472431
8141,126.5719458,45.7465686
8142,126.5717619,45.7466970
8143,126.6877592,45.7920380
8144,126.6900466,45.7928020
8145,126.6352759,45.7684310
8146,126.6369333,45.7676724
8147,126.5599253,45.8222091
8148,126.5601699,45.8204904
8149,126.5894432,45.7479659
8150,126.5927692,45.7520918
8151,126.5897108,45.7482535
8152,126.5899798,45.7486079
8153,126.5919154,45.7510451
8154,126.5926994,45.7520248
8155,126.6751965,45.8415417
8156,126.6787107,45.8303457
8157,126.6783070,45.8347398
8158,126.6553339,45.7313151
8159,126.6941319,45.7110488
8160,126.6968661,45.7106411
8161,126.5550670,45.8125752
8162,126.6572530,45.7541636
8163,126.6531650,45.7564589
8164,126.6568865,45.7543586
8165,126.6541767,45.7559027
8166,126.5461137,45.6737819
8167,126.5447464,45.6744930
8168,126.6219994,45.7415957
8169,126.6223629,45.7413933
8170,126.6314743,45.6841371
8171,126.6398575,45.6849940
8172,126.5889878,45.7609848
8173,126.5891777,45.7612409
8174,126.5902364,45.7625536
8175,126.5914735,45.7639985
8176,126.5920322,45.7646358
8177,126.5934254,45.7662244
8178,126.5951903,45.7682501
8179,126.5958626,45.7690178
8180,126.5980201,45.7714162
8181,126.5981123,45.7714971
8182,126.6015972,45.7733540
8183,126.6033746,45.7741859
8184,126.6064906,45.7750555
8185,126.6123050,45.7766835
8186,126.6129619,45.7767529
8187,126.6148844,45.7769519
8188,126.6195901,45.7773863
8189,126.6211579,45.7776927
8190,126.6419633,45.8381269
8191,126.6603474,45.7654863
8192,126.6548818,45.7917190
8193,126.6542047,45.7928401
8194,126.6548077,45.7918421
8195,126.6547380,45.7919520
8196,126.6811450,45.7703775
8197,126.6812276,45.7692613
8198,126.6811469,45.7703521
8199,126.6811533,45.7702652
8200,126.6811990,45.7696480
8201,126.6209067,45.7756722
8202,126.6698544,45.7399717
8203,126.6701044,45.7407149
8204,126.6701222,45.7407814
8205,126.6703084,45.7414750
8206,126.6704900,45.7421511
8207,126.6706769,45.7428473
8208,126.6662495,45.6735187
8209,126.6663799,45.6720607
8210,126.7032431,45.7846147
8211,126.7018497,45.7844462
8212,126.7278114,45.7888550
8213,126.5808721,45.6793766
8214,126.5869560,45.6786945
8215,126.5807852,45.6788098
8216,126.5813095,45.6787671
8217,126.5815425,45.6787481
8218,126.5850891,45.6784588
8219,126.5868835,45.6783124
8220,126.6832864,45.6997566
8221,126.6809797,45.7018781
8222,126.6830015,45.7000147
8223,126.6693055,45.7495484
8224,126.6705224,45.7501544
8225,126.6469577,45.7753040
8226,126.5435148,45.7383288
8227,126.5417798,45.7380738
8228,126.6723930,45.6833169
8229,126.6878784,45.6847084
8230,126.6747831,45.6837159
8231,126.6514521,45.8196782
8232,126.6487528,45.8188372
8233,126.6498227,45.8191755
8234,126.7266991,45.7576425
8235,126.7323717,45.7583251
8236,126.7347438,45.7586755
8237,126.6623300,45.7416414
8238,126.6627952,45.7417792
8239,126.5806367,45.7119958
8240,126.5809970,45.7124376
8241,126.5869487,45.7172868
8242,126.5874919,45.7176108
8243,126.5485649,45.7371217
8244,126.5484682,45.7374033
8245,126.7088445,45.7538496
8246,126.7122679,45.7543783
8247,126.6773700,45.7747370
8248,126.6345716,45.8355447
8249,126.6418540,45.8382347
8250,126.7193111,45.7373937
8251,126.5119473,45.8040181
8252,126.5122959,45.8034650
8253,126.5124947,45.8031396
8254,126.5131452,45.8020748
8255,126.5141297,45.8004633
8256,126.5142184,45.8003385
8257,126.7460967,45.7235216
8258,126.7806094,45.7170061
8259,126.6785518,45.7444796
8260,126.6786016,45.7446606
8261,126.6790228,45.7458492
8262,126.5439356,45.7365264
8263,126.5447209,45.7361941
8264,126.5469328,45.8088057
8265,126.5466692,45.8111056
8266,126.5467119,45.8120659
8267,126.6947603,45.7421995
8268,126.6950772,45.7433041
8269,126.6949523,45.7428819
8270,126.7085478,45.7461125
8271,126.4787655,45.7144657
8272,126.6188234,45.8312977
8273,126.6337466,45.8368244
8274,126.6226010,45.8326974
8275,126.6254307,45.8337435
8276,126.7226179,45.8199532
8277,126.7225466,45.8209586
8278,126.6538548,45.7727993
8279,126.6530073,45.7721010
8280,126.6874897,45.7033703
8281,126.7721031,45.7821373
8282,126.7812291,45.7828566
8283,126.7722087,45.7821474
8284,126.7749544,45.7823785
8285,126.7751518,45.7823952
8286,126.5963427,45.6951146
8287,126.6414363,45.7270561
8288,126.6020405,45.7471202
8289,126.6028118,45.7467921
8290,126.7195467,45.7221868
8291,126.6834857,45.7273283
8292,126.6821710,45.7305635
8293,126.6824990,45.7296661
8294,126.6456668,45.7394146
8295,126.6490685,45.7414775
8296,126.6192896,45.7618528
8297,126.6195195,45.7603338
8298,126.6002726,45.7231744
8299,126.6891469,45.7316360
8300,126.6887642,45.7296957
8301,126.7283460,45.7260645
8302,126.7330596,45.7253759
8303,126.5312327,45.6916333
8304,126.7043575,45.7861905
8305,126.7025350,45.7875154
8306,126.7039985,45.7876850
8307,126.7027176,45.7875366
8308,126.6163710,45.7719083
8309,126.6183928,45.7722170
8310,126.6181750,45.7721821
8311,126.6510021,45.6975594
8312,126.6506781,45.6975717
8313,126.6687465,45.7632815
8314,126.6687850,45.7630658
8315,126.6692413,45.7612330
8316,126.6688538,45.7575450
8317,126.5528669,45.7164833
8318,126.5458869,45.7144696
8319,126.5397823,45.7146299
8320,126.5326292,45.7163121
8321,126.5312029,45.7166804
8322,126.5275720,45.7171555
8323,126.5472566,45.6690843
8324,126.5475647,45.6676676
8325,126.5024424,45.7995956
8326,126.5015970,45.8009820
8327,126.5017108,45.8007992
8328,126.6506663,45.7607744
8329,126.6459050,45.7634857
8330,126.6486268,45.7619358
8331,126.7480558,45.7147974
8332,126.7465957,45.7114584
8333,126.7466158,45.7115376
8334,126.5042882,45.7935841
8335,126.5042050,45.7935580
8336,126.5285039,45.8395170
8337,126.5288104,45.8389786
8338,126.5285970,45.8392333
8339,126.6429096,45.7198071
8340,126.6484035,45.7274671
8341,126.6470748,45.7255432
8342,126.5902891,45.7827883
8343,126.6039242,45.7889014
8344,126.5932136,45.7840917
8345,126.5938028,45.7843570
8346,126.5943248,45.7845920
8347,126.5987708,45.7865973
8348,126.5991563,45.7867712
8349,126.6016085,45.7878772
8350,126.6311676,45.7278878
8351,126.6332853,45.7272144
8352,126.5116027,45.7422924
8353,126.4764742,45.7345847
8354,126.4963631,45.7391033
8355,126.6789178,45.7773535
8356,126.6813391,45.7777831
8357,126.7046317,45.7853101
8358,126.7048449,45.7844835
8359,126.7057358,45.7809478
8360,126.6257425,45.7461481
8361,126.6235701,45.7473886
8362,126.6249360,45.7466360
8363,126.6925260,45.7929691
8364,126.5993837,45.7063828
8365,126.6014933,45.7066210
8366,126.6701901,45.7243842
8367,126.5973245,45.7855747
8368,126.5987149,45.7862943
8369,126.6487074,45.7417472
8370,126.6473867,45.7409362
8371,126.6462766,45.7402721
8372,126.7076878,45.6789092
8373,126.6459040,45.7864285
8374,126.6444487,45.7886667
8375,126.6449448,45.7879560
8376,126.6455117,45.7870794
8377,126.6373555,45.7522887
8378,126.6370017,45.7519618
8379,126.6366799,45.7518907
8380,126.6370393,45.7518008
8381,126.5809626,45.7394273
8382,126.5795852,45.7385561
8383,126.5062566,45.8378060
8384,126.5073990,45.8377572
8385,126.5957473,45.6957314
8386,126.5957021,45.6964863
8387,126.5963566,45.6972282
8388,126.5998338,45.6968156
8389,126.5999065,45.6964899
8390,126.6340556,45.7530680
8391,126.6341691,45.7530005
8392,126.6306022,45.7203834
8393,126.6299114,45.7193499
8394,126.6304230,45.7201124
8395,126.6301438,45.7196900
8396,126.6470933,45.7161513
8397,126.5909781,45.7422721
8398,126.5849670,45.7430058
8399,126.5908276,45.7423265
8400,126.6539626,45.7938321
8401,126.6345905,45.7190261
8402,126.5486388,45.7771957
8403,126.5555614,45.7802202
8404,126.6000271,45.7035623
8405,126.6020899,45.7037866
8406,126.7229292,45.8185040
8407,126.7227733,45.8185229
8408,126.6429132,45.7518417
8409,126.5151543,45.7996463
8410,126.5846454,45.7319215
8411,126.5826165,45.7333832
8412,126.6412164,45.7805440
8413,126.6418901,45.7790653
8414,126.6412614,45.7804878
8415,126.5328375,45.8461580
8416,126.6637080,45.7109122
8417,126.6634671,45.7105940
8418,126.6606531,45.7066382
8419,126.6600708,45.7058097
8420,126.6579987,45.7028526
8421,126.5628623,45.7733600
8422,126.5640882,45.7724528
8423,126.7036034,45.7552667
8424,126.7029282,45.7551866
8425,126.6895137,45.7535481
8426,126.6892783,45.7535181
8427,126.6859337,45.7530824
8428,126.6839181,45.7528508
8429,126.6825790,45.7526824
8430,126.6785021,45.7521755
8431,126.6759381,45.7518495
8432,126.6755875,45.7518220
8433,126.6724807,45.7516218
8434,126.6683113,45.7513930
8435,126.6648746,45.7514841
8436,126.6865438,45.7017715
8437,126.5292193,45.7043868
8438,126.5917371,45.7872544
8439,126.5898620,45.7863735
8440,126.5716122,45.7217195
8441,126.5746631,45.7194650
8442,126.5678568,45.7458291
8443,126.6955279,45.7665579
8444,126.6454352,45.7387810
8445,126.6452565,45.7368549
8446,126.6438100,45.7544150
8447,126.6232084,45.7622075
8448,126.6251587,45.7623297
8449,126.5853369,45.7319022
8450,126.5882203,45.7298169
8451,126.5872716,45.7304701
8452,126.6334510,45.7169258
8453,126.6412394,45.7170599
8454,126.6417127,45.7185053
8455,126.6409841,45.7173858
8456,126.6403652,45.7165170
8457,126.6400462,45.7160691
8458,126.6396188,45.7154759
8459,126.6387974,45.7143198
8460,126.6380309,45.7131469
8461,126.6380028,45.7130057
8462,126.5614373,45.8261016
8463,126.5612534,45.8260565
8464,126.5568539,45.8247631
8465,126.5565046,45.8246601
8466,126.5544368,45.8240913
8467,126.5517342,45.8233620
8468,126.5309243,45.8162004
8469,126.5282284,45.8161689
8470,126.5302083,45.8161786
8471,126.6142176,45.6983595
8472,126.6145598,45.6967651
8473,126.6849171,45.7869501
8474,126.7180748,45.8002960
8475,126.7155493,45.8028805
8476,126.7481100,45.6679694
8477,126.7421310,45.6696566
8478,126.7475472,45.6681277
8479,126.7457591,45.6686484
8480,126.7446791,45.6689545
8481,126.7440067,45.6691415
8482,126.5616273,45.8300226
8483,126.5600797,45.8306840
8484,126.5919979,45.7374399
8485,126.5925074,45.7373060
8486,126.7359995,45.7545784
8487,126.6425541,45.7659221
8488,126.6426462,45.7659581
8489,126.7172726,45.7343449
8490,126.7172787,45.7352390
8491,126.5486727,45.7198945
8492,126.5486401,45.7193427
8493,126.6878277,45.7461327
8494,126.6877658,45.7467134
8495,126.6879407,45.7465018
8496,126.6879951,45.7466796
8497,126.6880681,45.7469181
8498,126.6881233,45.7470982
8499,126.6886471,45.7464042
8500,126.6887046,45.7465799
8501,126.6497745,45.7924316
8502,126.5550202,45.7457976
8503,126.5560951,45.7459880
8504,126.5576297,45.7459441
8505,126.5602900,45.7463084
8506,126.6552685,45.7913241
8507,126.6571723,45.7918755
8508,126.5167560,45.6997339
8509,126.5186740,45.6966626
8510,126.7710884,45.7506391
8511,126.7622903,45.7495592
8512,126.7607141,45.7493589
8513,126.7555845,45.7487928
8514,126.5188244,45.7279735
8515,126.5192316,45.7265171
8516,126.5654288,45.7808665
8517,126.5640840,45.7823672
8518,126.5647006,45.7846499
8519,126.6833902,45.7833540
8520,126.7559246,45.7688022
8521,126.7549671,45.7704033
8522,126.6957359,45.7839475
8523,126.6958526,45.7837794
8524,126.5539099,45.8201243
8525,126.5529138,45.8214931
8526,126.6271816,45.7409037
8527,126.6244650,45.7386142
8528,126.6256051,45.7395589
8529,126.6544729,45.7140740
8530,126.5342715,45.7017525
8531,126.5328983,45.7013627
8532,126.5338820,45.7016419
8533,126.6719330,45.8300237
8534,126.6664928,45.8331483
8535,126.6718165,45.8300758
8536,126.6715911,45.8301764
8537,126.5648207,45.7473324
8538,126.5632651,45.7472500
8539,126.6415475,45.7213455
8540,126.6409718,45.7205197
8541,126.6796320,45.7666190
8542,126.6795745,45.7668342
8543,126.5264253,45.7048496
8544,126.6538732,45.7622578
8545,126.6475615,45.7677309
8546,126.6522739,45.7650813
8547,126.6495708,45.7666185
8548,126.6290744,45.7426859
8549,126.6251258,45.7450064
8550,126.6265916,45.7441755
8551,126.6257517,45.7446507
8552,126.6252988,45.7449114
8553,126.6175266,45.7390840
8554,126.6228202,45.7368531
8555,126.6177062,45.7389848
8556,126.6201413,45.7380186
8557,126.5370306,45.6914755
8558,126.6674278,45.7668420
8559,126.6671667,45.7694694
8560,126.7251604,45.6576135
8561,126.7245762,45.6574120
8562,126.6127604,45.7521068
8563,126.6111419,45.7528337
8564,126.6124694,45.7522817
8565,126.6122839,45.7523741
8566,126.7011289,45.7636895
8567,126.6970373,45.7299768
8568,126.7035718,45.7539412
8569,126.7019222,45.7408498
8570,126.6447985,45.7397709
8571,126.6442889,45.7403550
8572,126.6405194,45.7188999
8573,126.6378325,45.7216868
8574,126.6380811,45.7216049
8575,126.6093537,45.7146027
8576,126.6093072,45.7147873
8577,126.6967371,45.7586893
8578,126.6974889,45.7929180
8579,126.6976561,45.7921435
8580,126.5951337,45.7227846
8581,126.5931518,45.7209912
8582,126.7516884,45.6787017
8583,126.7536188,45.6767375
8584,126.6543915,45.7726802
8585,126.6542905,45.7727378
8586,126.6626518,45.7845967
8587,126.6558494,45.7898873
8588,126.6111452,45.7289933
8589,126.6092114,45.7296649
8590,126.6195770,45.6640195
8591,126.6141612,45.6633700
8592,126.5874348,45.7177267
8593,126.5878021,45.7146575
8594,126.6725320,45.7665914
8595,126.6825601,45.7687089
8596,126.6555199,45.6962403
8597,126.6561324,45.6891910
8598,126.6562400,45.6889991
8599,126.6590683,45.6840455
8600,126.5679622,45.7457293
8601,126.5342422,45.7110345
8602,126.5343910,45.7110358
8603,126.5399267,45.7112861
8604,126.5400405,45.7112899
8605,126.6712150,45.7168958
8606,126.6679551,45.7105496
8607,126.6708050,45.7160028
8608,126.6692437,45.7130526
8609,126.6288148,45.6947034
8610,126.6273573,45.6945344
8611,126.6624851,45.7608019
8612,126.8011266,45.7802403
8613,126.7608823,45.7859303
8614,126.7788898,45.7866162
8615,126.7700357,45.7862740
8616,126.6284951,45.7685357
8617,126.6123195,45.7662892
8618,126.6142643,45.7668136
8619,126.7065914,45.7973083
8620,126.5201257,45.8357240
8621,126.5201214,45.8336409
8622,126.5200885,45.8301119
8623,126.5200859,45.8299614
8624,126.5200650,45.8268542
8625,126.5200650,45.8267390
8626,126.5200267,45.8234791
8627,126.5100396,45.8129132
8628,126.5579731,45.7784268
8629,126.5957464,45.7359964
8630,126.6070623,45.7369406
8631,126.6119536,45.7342384
8632,126.6071373,45.7369019
8633,126.6077975,45.7365612
8634,126.6089817,45.7359235
8635,126.6510412,45.6852349
8636,126.6510965,45.6986208
8637,126.6507092,45.6867006
8638,126.6507043,45.6869002
8639,126.6509692,45.6963700
8640,126.6529319,45.7593792
8641,126.6551001,45.7581555
8642,126.6464876,45.7588733
8643,126.6462328,45.7586486
8644,126.5769360,45.7052506
8645,126.6967101,45.7798068
8646,126.6979836,45.7748550
8647,126.6898513,45.6934492
8648,126.5982152,45.6768440
8649,126.5796724,45.6797805
8650,126.5902610,45.6781639
8651,126.5907332,45.6780767
8652,126.5980035,45.6768782
8653,126.6811270,45.7706206
8654,126.6777807,45.7705114
8655,126.6147002,45.7654625
8656,126.6160294,45.7650142
8657,126.6158712,45.7650524
8658,126.5358635,45.7349945
8659,126.5353193,45.7337383
8660,126.5371633,45.6915766
8661,126.6756675,45.7982811
8662,126.6839449,45.7965641
8663,126.6122383,45.7521024
8664,126.6121304,45.7521645
8665,126.6121593,45.7521480
8666,126.6552648,45.8409234
8667,126.6647913,45.8343266
8668,126.6222008,45.7631977
8669,126.6244423,45.7640205
8670,126.5457193,45.7041336
8671,126.5474438,45.7050658
8672,126.6821275,45.7794680
8673,126.7018767,45.7899173
8674,126.7019708,45.7895741
8675,126.7027153,45.7896719
8676,126.5778501,45.7805460
8677,126.6888590,45.7987081
8678,126.6219857,45.7459612
8679,126.6171270,45.7474372
8680,126.6201923,45.7465060
8681,126.6192967,45.7467781
8682,126.6583224,45.7349615
8683,126.5056582,45.8020411
8684,126.5143041,45.8047293
8685,126.5110529,45.8037350
8686,126.5121382,45.8040766
8687,126.5124713,45.8041759
8688,126.5131525,45.8043746
8689,126.5927385,45.8415297
8690,126.6183382,45.8081864
8691,126.6170054,45.8099772
8692,126.6151964,45.8123261
8693,126.6151030,45.8124558
8694,126.6107320,45.8181094
8695,126.6105780,45.8183054
8696,126.6085465,45.8209998
8697,126.6056200,45.8248796
8698,126.6047209,45.8260709
8699,126.6015510,45.8302848
8700,126.5986114,45.8341882
8701,126.5984995,45.8343283
8702,126.5955099,45.8382357
8703,126.5952323,45.8386098
8704,126.6781134,45.7659360
8705,126.6782574,45.7653311
8706,126.7001704,45.7891236
8707,126.6145819,45.6722516
8708,126.6151976,45.6720595
8709,126.5106908,45.8379620
8710,126.5288559,45.8389451
8711,126.6683827,45.7524298
8712,126.6619143,45.7527264
8713,126.6663189,45.7525244
8714,126.6644901,45.7526083
8715,126.7016835,45.7906832
8716,126.6890180,45.7941331
8717,126.7015961,45.7910609
8718,126.7013127,45.7922080
8719,126.7010114,45.7933520
8720,126.6647336,45.7667122
8721,126.6646579,45.7661298
8722,126.6646255,45.7663465
8723,126.7584233,45.7490219
8724,126.7495344,45.7480913
8725,126.5146502,45.6929677
8726,126.6643956,45.7510673
8727,126.6908735,45.7572259
8728,126.6376023,45.7593864
8729,126.6449742,45.7657330
8730,126.6427270,45.7637985
8731,126.6425347,45.7636329
8732,126.6411937,45.7624784
8733,126.6400461,45.7614904
8734,126.6388496,45.7604603
8735,126.5882865,45.8157000
8736,126.5881953,45.8138755
8737,126.5847535,45.8143509
8738,126.5861275,45.8136397
8739,126.6382066,45.7208577
8740,126.6346280,45.7157559
8741,126.6350522,45.7163607
8742,126.6354388,45.7169119
8743,126.6363119,45.7181566
8744,126.6367774,45.7188202
8745,126.6428135,45.7198439
8746,126.6209663,45.7577594
8747,126.6220490,45.7602168
8748,126.6213756,45.7579462
8749,126.6215418,45.7581509
8750,126.6223179,45.7590488
8751,126.6926762,45.7580272
8752,126.5959656,45.7151330
8753,126.5934681,45.7180650
8754,126.7262382,45.7833647
8755,126.7272621,45.7792105
8756,126.7262536,45.7832958
8757,126.7272392,45.7792797
8758,126.5362021,45.7059840
8759,126.6420953,45.7183677
8760,126.5917403,45.7559085
8761,126.6456135,45.7580203
8762,126.6456897,45.7580893
8763,126.5838274,45.7284112
8764,126.5860875,45.7297189
8765,126.5500363,45.7149881
8766,126.5539686,45.7103662
8767,126.5515431,45.7128801
8768,126.7223559,45.8244909
8769,126.6132626,45.6982584
8770,126.6151890,45.6984623
8771,126.6829485,45.6995633
8772,126.6844548,45.6981694
8773,126.6847483,45.7273914
8774,126.5995452,45.7056748
8775,126.6016451,45.7058999
8776,126.7114448,45.7954110
8777,126.7114853,45.7916243
8778,126.7114793,45.7917733
8779,126.5610534,45.7456342
8780,126.5665321,45.7480084
8781,126.5653238,45.7474146
8782,126.5653340,45.7477567
8783,126.5979355,45.7499363
8784,126.6018528,45.7481592
8785,126.5980777,45.7498753
8786,126.5999246,45.7490373
8787,126.6017079,45.7482255
8788,126.6580743,45.7131287
8789,126.6643837,45.7514099
8790,126.6582347,45.7517151
8791,126.6618196,45.7515372
8792,126.6612841,45.7515638
8793,126.5722291,45.7009211
8794,126.5694198,45.6992185
8795,126.6740521,45.7353842
8796,126.6747964,45.7333031
8797,126.5988972,45.7646125
8798,126.5981034,45.7647919
8799,126.5931008,45.7631855
8800,126.5926129,45.7627063
8801,126.5925007,45.7625905
8802,126.6818546,45.7011020
8803,126.6824812,45.7013980
8804,126.5388631,45.7282496
8805,126.6179327,45.7486445
8806,126.6173687,45.7480100
8807,126.6800084,45.7558796
8808,126.6770910,45.7576260
8809,126.6745925,45.7888839
8810,126.6788401,45.7898036
8811,126.6257068,45.7575395
8812,126.6465802,45.7261002
8813,126.6459613,45.7249654
8814,126.5437246,45.8338856
8815,126.6123245,45.7520496
8816,126.5656811,45.7047611
8817,126.6739813,45.7235673
8818,126.6753807,45.7238439
8819,126.6409343,45.7767959
8820,126.5194022,45.8062210
8821,126.5273444,45.7248588
8822,126.5752007,45.7056057
8823,126.5775452,45.7052147
8824,126.6326240,45.7632658
8825,126.6307536,45.7630660
8826,126.6325624,45.7632567
8827,126.6310279,45.7630979
8828,126.6495146,45.7683948
8829,126.6507740,45.7676586
8830,126.6535000,45.7661387
8831,126.6486883,45.7698381
8832,126.6635478,45.7841251
8833,126.6502783,45.7725836
8834,126.6519761,45.7740400
8835,126.6540645,45.7758164
8836,126.6577311,45.7790167
8837,126.6620737,45.7828240
8838,126.6265181,45.7111983
8839,126.6260704,45.7118520
8840,126.5353210,45.8323661
8841,126.5958050,45.7866854
8842,126.5975681,45.7870101
8843,126.5970938,45.7868043
8844,126.5281961,45.8167608
8845,126.5310428,45.8169136
8846,126.5301503,45.8168916
8847,126.5922357,45.7516741
8848,126.5931939,45.7533339
8849,126.7245934,45.7261566
8850,126.7233942,45.7224088
8851,126.7239571,45.7241680
8852,126.6739159,45.7466143
8853,126.6736699,45.7464873
8854,126.6735902,45.7461398
8855,126.6712066,45.7854730
8856,126.6682476,45.7852422
8857,126.6893179,45.7601077
8858,126.6910398,45.7595664
8859,126.6895102,45.7593775
8860,126.6906614,45.7595197
8861,126.7142813,45.7905796
8862,126.7154675,45.7907000
8863,126.7149818,45.7906447
8864,126.5439293,45.8137172
8865,126.5456629,45.8136230
8866,126.6685730,45.7542737
8867,126.6646748,45.7544927
8868,126.6665899,45.7543909
8869,126.6663702,45.7544026
8870,126.6657431,45.7544359
8871,126.6529627,45.7003415
8872,126.6522252,45.7002604
8873,126.5577820,45.7130949
8874,126.5479034,45.7209154
8875,126.5567491,45.7138775
8876,126.5546021,45.7155236
8877,126.5533053,45.7165009
8878,126.5531187,45.7166416
8879,126.5498253,45.7193314
8880,126.5494798,45.7196191
8881,126.5493368,45.7197378
8882,126.6045237,45.7331423
8883,126.6104116,45.7497640
8884,126.6120902,45.7493487
8885,126.6145386,45.7507470
8886,126.6658047,45.7370568
8887,126.6639575,45.7387934
8888,126.6639965,45.7387542
8889,126.6409919,45.7440010
8890,126.6396501,45.7447126
8891,126.6402902,45.7443603
8892,126.6407299,45.8156024
8893,126.6439405,45.8165218
8894,126.6424073,45.8158062
8895,126.6427213,45.8158801
8896,126.6574790,45.7656984
8897,126.6589489,45.7674474
8898,126.7274007,45.7214272
8899,126.7267531,45.7209311
8900,126.7290050,45.7212044
8901,126.7307714,45.7203736
8902,126.7288304,45.7206120
8903,126.7272443,45.7208573
8904,126.5029528,45.7987360
8905,126.6641168,45.7754592
8906,126.6736764,45.7755605
8907,126.6736954,45.7753017
8908,126.6699044,45.7753574
8909,126.6643214,45.7753919
8910,126.6970772,45.7115005
8911,126.6512259,45.7907752
8912,126.5918812,45.7597947
8913,126.5931090,45.7582102
8914,126.6188171,45.7774709
8915,126.6187728,45.7776790
8916,126.6194835,45.7786677
8917,126.6194889,45.7785865
8918,126.6685986,45.7577006
8919,126.6243945,45.8233899
8920,126.6030537,45.8154936
8921,126.6240417,45.8232607
8922,126.6203476,45.8219063
8923,126.6202584,45.8218738
8924,126.6132241,45.8192626
8925,126.6131398,45.8192312
8926,126.6103287,45.8182203
8927,126.6082649,45.8174255
8928,126.6081828,45.8174004
8929,126.6031442,45.8155248
8930,126.6222323,45.7465123
8931,126.5367556,45.6772359
8932,126.5389389,45.6763322
8933,126.5411906,45.6754701
8934,126.6143846,45.7059289
8935,126.7370121,45.7883473
8936,126.7365645,45.7960754
8937,126.7370530,45.7884241
8938,126.6845012,45.7171823
8939,126.6606490,45.7615779
8940,126.6584604,45.7596551
8941,126.5432209,45.7024846
8942,126.7782513,45.7366504
8943,126.7801503,45.7291722
8944,126.6433307,45.7227619
8945,126.6444862,45.7223650
8946,126.7079274,45.6790476
8947,126.6078310,45.7480949
8948,126.6093506,45.7473714
8949,126.6085342,45.7477590
8950,126.5624097,45.8276178
8951,126.5627468,45.8283470
8952,126.5623176,45.8274115
8953,126.5642147,45.8263610
8954,126.5645092,45.8263533
8955,126.5664523,45.8274560
8956,126.5664810,45.8281363
8957,126.5665165,45.8288170
8958,126.5659483,45.8288310
8959,126.5283351,45.7341560
8960,126.5290268,45.7345483
8961,126.5345402,45.8151000
8962,126.5345174,45.8154913
8963,126.5382246,45.8141642
8964,126.5390348,45.8125259
8965,126.5389012,45.8129940
8966,126.5389483,45.8128272
8967,126.5403292,45.6834283
8968,126.5329304,45.6883425
8969,126.5361676,45.6862166
8970,126.5360832,45.6862725
8971,126.6446720,45.6754779
8972,126.6439104,45.6757105
8973,126.6428334,45.8452663
8974,126.6155628,45.8352418
8975,126.6372110,45.8431839
8976,126.6309849,45.8408779
8977,126.6308189,45.8408165
8978,126.6223879,45.8377318
8979,126.6998981,45.6980424
8980,126.7047391,45.6922426
8981,126.5340729,45.6928234
8982,126.5339196,45.6929217
8983,126.5329545,45.6923539
8984,126.5330561,45.6922711
8985,126.5331992,45.6921544
8986,126.6248064,45.7630666
8987,126.5781910,45.7215965
8988,126.5683618,45.7146714
8989,126.5684889,45.7147565
8990,126.6360636,45.7662504
8991,126.6354187,45.7661057
8992,126.7003510,45.7337390
8993,126.7000768,45.7328116
8994,126.6431152,45.7501366
8995,126.6654481,45.7649291
8996,126.6654655,45.7659588
8997,126.6654215,45.7653327
8998,126.6654965,45.7655494
8999,126.6743060,45.7378959
9000,126.6998996,45.8011353
9001,126.6989368,45.8024568
9002,126.6740772,45.7582622
9003,126.6748405,45.7553990
9004,126.6740915,45.7581956
9005,126.6741782,45.7577909
9006,126.7227394,45.8183555
9007,126.7479695,45.7678412
9008,126.7519122,45.7683169
9009,126.6386417,45.7085957
9010,126.6220570,45.7534264
9011,126.6272349,45.7504997
9012,126.6221782,45.7533571
9013,126.6232205,45.7527612
9014,126.6249057,45.7518119
9015,126.6257190,45.7513537
9016,126.6305578,45.7172762
9017,126.6293419,45.7155508
9018,126.6303500,45.7169813
9019,126.6301466,45.7166927
9020,126.6299413,45.7164013
9021,126.6297014,45.7160610
9022,126.6294443,45.7156961
9023,126.6339954,45.8365552
9024,126.6362347,45.8233740
9025,126.6353301,45.8325014
9026,126.6345463,45.8355950
9027,126.6218598,45.7592429
9028,126.6212229,45.7585181
9029,126.6072382,45.7274243
9030,126.6034838,45.7220938
9031,126.6063800,45.7261706
9032,126.5630767,45.7744877
9033,126.5630297,45.7758132
9034,126.5622936,45.7744565
9035,126.5621213,45.7745841
9036,126.5618834,45.7747602
9037,126.6032375,45.7740680
9038,126.6410577,45.6817448
9039,126.6408803,45.6817271
9040,126.6407262,45.6817157
9041,126.6405626,45.6817029
9042,126.7578382,45.8374908
9043,126.5531180,45.8215943
9044,126.5518331,45.8232058
9045,126.5501847,45.8254383
9046,126.5487688,45.8272938
9047,126.5454230,45.8316527
9048,126.5442826,45.8331521
9049,126.6320517,45.7416657
9050,126.6441086,45.7134622
9051,126.6448083,45.7132304
9052,126.6307437,45.8501698
9053,126.6334521,45.8472609
9054,126.6371427,45.8432571
9055,126.6405899,45.8395843
9056,126.6407446,45.8394189
9057,126.6408589,45.8392884
9058,126.6418158,45.8382856
9059,126.6370605,45.7636540
9060,126.6383127,45.7641152
9061,126.6402253,45.7649826
9062,126.6407924,45.7652218
9063,126.6408564,45.7652476
9064,126.5194772,45.7362609
9065,126.5192413,45.7313940
9066,126.6346919,45.7529739
9067,126.6345076,45.7530754
9068,126.6351860,45.7533934
9069,126.6767145,45.7768390
9070,126.6768078,45.7775620
9071,126.6768672,45.7770812
9072,126.6884655,45.7544587
9073,126.6271548,45.7421207
9074,126.6263263,45.7414077
9075,126.6899780,45.7498877
9076,126.5799879,45.7559276
9077,126.6595025,45.7737913
9078,126.6592852,45.7736005
9079,126.7061518,45.7456324
9080,126.7059476,45.7460544
9081,126.7515764,45.7897842
9082,126.7473022,45.8017130
9083,126.6747750,45.7694929
9084,126.6760163,45.7695344
9085,126.6771674,45.7695728
9086,126.6778517,45.7695957
9087,126.6368867,45.7848146
9088,126.7513831,45.7932300
9089,126.7563426,45.7935621
9090,126.7535313,45.7933863
9091,126.7551628,45.7933018
9092,126.5540506,45.8366379
9093,126.6680879,45.7210411
9094,126.6672916,45.7213078
9095,126.5126033,45.7999924
9096,126.5127486,45.7997504
9097,126.5126722,45.7998728
9098,126.7095585,45.7810929
9099,126.7097819,45.7802902
9100,126.5589129,45.8393235
9101,126.5289498,45.7346004
9102,126.5282694,45.7342236
9103,126.6857695,45.7318774
9104,126.6357171,45.7201504
9105,126.6331716,45.7165282
9106,126.6347002,45.7187034
9107,126.6783044,45.7754481
9108,126.5937668,45.7840504
9109,126.5940560,45.7837081
9110,126.7171408,45.7158959
9111,126.7197508,45.7159038
9112,126.4994738,45.7937539
9113,126.5025006,45.7946815
9114,126.5023021,45.7935444
9115,126.6219627,45.6684529
9116,126.6226295,45.6656196
9117,126.6221201,45.6676133
9118,126.4853725,45.7190310
9119,126.5016936,45.7212103
9120,126.5069054,45.7218986
9121,126.5865224,45.7128025
9122,126.5873618,45.7128023
9123,126.6413499,45.7713487
9124,126.6477096,45.7708463
9125,126.6785126,45.7472886
9126,126.6786428,45.7472956
9127,126.5342286,45.8035074
9128,126.5470708,45.8020420
9129,126.6902243,45.7464408
9130,126.6920430,45.7466641
9131,126.6909850,45.7464512
9132,126.6745726,45.7583721
9133,126.6951318,45.7609442
9134,126.6878614,45.7600617
9135,126.6839630,45.7595716
9136,126.6813971,45.7592862
9137,126.6809400,45.7592301
9138,126.6787452,45.7589159
9139,126.6707120,45.6912533
9140,126.6657337,45.6920580
9141,126.6208797,45.7574518
9142,126.6209690,45.7562677
9143,126.6210753,45.7574024
9144,126.5099961,45.7970941
9145,126.5101525,45.7971283
9146,126.5937770,45.7597102
9147,126.5399211,45.7282897
9148,126.5400519,45.7289087
9149,126.5157468,45.7334163
9150,126.5143888,45.7383869
9151,126.8004963,45.8133708
9152,126.7742755,45.7995392
9153,126.5098562,45.8129127
9154,126.4804391,45.8135675
9155,126.5017236,45.8128884
9156,126.5015578,45.8128860
9157,126.5329212,45.6923852
9158,126.5325082,45.6911647
9159,126.5320339,45.6914883
9160,126.5321887,45.6913818
9161,126.6897788,45.7228660
9162,126.6951609,45.7231552
9163,126.6921221,45.7229942
9164,126.6933880,45.7230635
9165,126.6219700,45.7232873
9166,126.6231705,45.7229065
9167,126.7019493,45.7671042
9168,126.6676727,45.7878209
9169,126.6684157,45.7834622
9170,126.6676876,45.7877689
9171,126.6144064,45.7397035
9172,126.6121463,45.7378655
9173,126.6132389,45.7387846
9174,126.6619742,45.6808023
9175,126.6660291,45.6841792
9176,126.6127280,45.6957675
9177,126.6161942,45.7976437
9178,126.6133436,45.7979968
9179,126.6700063,45.7830020
9180,126.6689676,45.7804926
9181,126.6694598,45.7817139
9182,126.6373739,45.7375839
9183,126.6392507,45.7354723
9184,126.6383792,45.7370552
9185,126.6595500,45.6942831
9186,126.6594550,45.6937032
9187,126.7074703,45.7376206
9188,126.7098587,45.7463143
9189,126.7093608,45.7445120
9190,126.7096455,45.7455500
9191,126.7097223,45.7458296
9192,126.7098269,45.7462193
9193,126.5608019,45.7774608
9194,126.5192111,45.7230494
9195,126.5193937,45.7204694
9196,126.6150223,45.7288368
9197,126.6115648,45.7238990
9198,126.6127074,45.7255487
9199,126.6963113,45.7938322
9200,126.6966602,45.7928622
9201,126.6330915,45.7226291
9202,126.6284519,45.7161489
9203,126.6322687,45.7214799
9204,126.6319066,45.7209742
9205,126.6317565,45.7207646
9206,126.6313106,45.7201417
9207,126.6311132,45.7198660
9208,126.6305785,45.7191192
9209,126.6299804,45.7182839
9210,126.6295776,45.7177213
9211,126.6293011,45.7173351
9212,126.6291010,45.7170555
9213,126.6288904,45.7167614
9214,126.6386880,45.7796068
9215,126.6356191,45.7821919
9216,126.6581994,45.7027812
9217,126.6601966,45.7057672
9218,126.6764896,45.7404768
9219,126.6786455,45.7401821
9220,126.6292776,45.7334531
9221,126.7817848,45.6765004
9222,126.7800252,45.6751930
9223,126.7798492,45.6764649
9224,126.7768234,45.6761554
9225,126.7767773,45.6757329
9226,126.6420307,45.7510784
9227,126.6409352,45.7517256
9228,126.6384263,45.7531378
9229,126.5710681,45.7836609
9230,126.6738896,45.7497311
9231,126.6418716,45.6780026
9232,126.6415685,45.6779988
9233,126.6417085,45.6780109
9234,126.7062575,45.7338358
9235,126.7075046,45.7336404
9236,126.6642223,45.7443168
9237,126.6659863,45.7453707
9238,126.6645436,45.7440713
9239,126.6653773,45.7445838
9240,126.6656884,45.7447859
9241,126.6662842,45.7451461
9242,126.7262112,45.7892139
9243,126.7267664,45.7882864
9244,126.7264911,45.7887724
9245,126.5659122,45.7395651
9246,126.5290028,45.7304997
9247,126.5625509,45.7391702
9248,126.5570672,45.7385207
9249,126.5536532,45.7380968
9250,126.5490571,45.7374821
9251,126.5444205,45.7368576
9252,126.5406136,45.7361767
9253,126.5372414,45.7347977
9254,126.5364434,45.7343571
9255,126.5361323,45.7341858
9256,126.5315371,45.7316894
9257,126.5911504,45.6805772
9258,126.5907357,45.6790496
9259,126.6123482,45.7057158
9260,126.6511799,45.7710414
9261,126.6555451,45.7749544
9262,126.6519323,45.7716365
9263,126.6535994,45.7731326
9264,126.5912763,45.7640995
9265,126.5986815,45.7584434
9266,126.5973446,45.7592732
9267,126.5967475,45.7598859
9268,126.5962979,45.7605888
9269,126.5950415,45.7619099
9270,126.5922200,45.7636340
9271,126.5872261,45.7179309
9272,126.5854514,45.7204635
9273,126.5360766,45.6585311
9274,126.5336173,45.6595229
9275,126.7627003,45.7661608
9276,126.7639139,45.7674845
9277,126.5723162,45.7689175
9278,126.5736959,45.7679032
9279,126.5729017,45.7684766
9280,126.7007558,45.6898896
9281,126.6939439,45.6902064
9282,126.6966781,45.6903037
9283,126.6117471,45.7001214
9284,126.5925308,45.6839884
9285,126.5922367,45.6841596
9286,126.5894678,45.6863193
9287,126.5893418,45.6864237
9288,126.5839866,45.6906543
9289,126.5837804,45.6908285
9290,126.5812109,45.6928773
9291,126.5810878,45.6929755
9292,126.5790304,45.6945204
9293,126.5762069,45.6966614
9294,126.5303062,45.7328786
9295,126.6056122,45.7327029
9296,126.6779700,45.7665775
9297,126.6134923,45.7016698
9298,126.6105431,45.7012820
9299,126.6093384,45.7011236
9300,126.6887264,45.7953835
9301,126.5580531,45.8147299
9302,126.5587067,45.8143829
9303,126.7122003,45.7146410
9304,126.7128706,45.7142375
9305,126.6185501,45.7296594
9306,126.6176579,45.7283912
9307,126.6259840,45.7133571
9308,126.6272634,45.7134863
9309,126.6685164,45.6702074
9310,126.6651866,45.6664854
9311,126.6634007,45.6694094
9312,126.6279075,45.7196040
9313,126.6290297,45.7203186
9314,126.6213188,45.7584078
9315,126.6219785,45.7591921
9316,126.5798338,45.6800529
9317,126.5728218,45.6844365
9318,126.5730570,45.6842689
9319,126.7025249,45.6824827
9320,126.6949896,45.6792152
9321,126.6950904,45.6792283
9322,126.6450996,45.7395667
9323,126.5681176,45.7422104
9324,126.5675822,45.7420687
9325,126.6411894,45.7869574
9326,126.6425235,45.7851591
9327,126.6418032,45.7863376
9328,126.5890419,45.7343940
9329,126.6307022,45.7581491
9330,126.6365586,45.7634314
9331,126.6319409,45.7591422
9332,126.6330077,45.7605164
9333,126.6338446,45.7615448
9334,126.6348045,45.7626886
9335,126.7192969,45.7463730
9336,126.7192338,45.7454986
9337,126.5846756,45.7844222
9338,126.5857759,45.7834209
9339,126.6943614,45.7452551
9340,126.6941261,45.7443613
9341,126.6943436,45.7451877
9342,126.6942443,45.7448102
9343,126.6942220,45.7447257
9344,126.7139045,45.7733787
9345,126.7220430,45.7742260
9346,126.7167689,45.7735894
9347,126.7189504,45.7738476
9348,126.7209678,45.7740936
9349,126.6268083,45.6908755
9350,126.6266306,45.6915808
9351,126.5018751,45.8377235
9352,126.5018172,45.8268170
9353,126.5018188,45.8269242
9354,126.5018308,45.8300531
9355,126.5018315,45.8301954
9356,126.5018630,45.8336829
9357,126.5018636,45.8374043
9358,126.5018563,45.8375253
9359,126.6028036,45.7048785
9360,126.6074778,45.7053500
9361,126.5480816,45.8087897
9362,126.5482324,45.8089222
9363,126.6074601,45.7543776
9364,126.6072054,45.7544785
9365,126.5402022,45.6687044
9366,126.5433345,45.6674442
9367,126.5070057,45.6821643
9368,126.6410991,45.8397567
9369,126.6511052,45.7721115
9370,126.6405595,45.7647693
9371,126.7070171,45.7556724
9372,126.6512893,45.7106668
9373,126.6478653,45.7084871
9374,126.6495138,45.7108606
9375,126.6493035,45.7105111
9376,126.6492531,45.7104401
9377,126.5878529,45.6725702
9378,126.6223987,45.7398136
9379,126.5555563,45.7161123
9380,126.5575788,45.7148674
9381,126.6546826,45.7703395
9382,126.6017035,45.7293322
9383,126.6006246,45.7280829
9384,126.6283914,45.7140701
9385,126.6276027,45.7139921
9386,126.6280999,45.7140391
9387,126.5104582,45.8124514
9388,126.5104168,45.8129145
9389,126.5104463,45.8125841
9390,126.5104299,45.8127681
9391,126.6456661,45.7416055
9392,126.6465259,45.7418039
9393,126.6779762,45.6869610
9394,126.6887861,45.6925962
9395,126.2855672,45.6486019
9396,126.6742510,45.7049934
9397,126.6782487,45.7032870
9398,126.6754235,45.7045178
9399,126.6076753,45.8325035
9400,126.6082735,45.8317087
9401,126.6098611,45.8296136
9402,126.6108443,45.8283163
9403,126.6196754,45.6787248
9404,126.6232105,45.6797692
9405,126.5486347,45.7116586
9406,126.5467335,45.7095297
9407,126.7261066,45.6841917
9408,126.7292608,45.6853309
9409,126.5832378,45.7411301
9410,126.5883192,45.7393948
9411,126.5881234,45.7394631
9412,126.5854461,45.7403655
9413,126.5834612,45.7410755
9414,126.6240457,45.7032269
9415,126.6219805,45.7025143
9416,126.7010820,45.7674373
9417,126.7025947,45.7872975
9418,126.7024449,45.7878440
9419,126.7024197,45.7879361
9420,126.7021995,45.7887396
9421,126.6749737,45.7254806
9422,126.6738630,45.7278892
9423,126.5224998,45.8144739
9424,126.5225916,45.8163645
9425,126.6780983,45.7222167
9426,126.5408000,45.6641361
9427,126.5510659,45.6592555
9428,126.5498167,45.6604571
9429,126.5496923,45.6605090
9430,126.6449360,45.7522657
9431,126.5918337,45.7145628
9432,126.5921562,45.7083958
9433,126.5921579,45.7082399
9434,126.5927493,45.7048178
9435,126.5927819,45.7009844
9436,126.5927721,45.7008542
9437,126.5934340,45.6975883
9438,126.5942478,45.6939823
9439,126.5957989,45.6871132
9440,126.5958297,45.6869933
9441,126.5965518,45.6835756
9442,126.5965827,45.6834334
9443,126.5971967,45.6806004
9444,126.5972488,45.6803598
9445,126.5979644,45.6770583
9446,126.5963495,45.7012574
9447,126.5969970,45.7013345
9448,126.6358461,45.8115184
9449,126.6356944,45.8116575
9450,126.6346272,45.8127729
9451,126.6303411,45.7235476
9452,126.6275941,45.7194355
9453,126.6288194,45.7211344
9454,126.6282556,45.7391853
9455,126.6771522,45.7651987
9456,126.6770071,45.7658036
9457,126.6865560,45.7652575
9458,126.6666506,45.7627753
9459,126.6727455,45.7635496
9460,126.6796069,45.7643941
9461,126.6825957,45.7647702
9462,126.6457310,45.7423595
9463,126.6465849,45.7421483
9464,126.6258571,45.7577029
9465,126.6275648,45.7587602
9466,126.6715722,45.7962400
9467,126.6716904,45.7949918
9468,126.6715800,45.7919387
9469,126.5034093,45.8053510
9470,126.5033071,45.8043268
9471,126.5028346,45.8050786
9472,126.6044097,45.7329874
9473,126.6065867,45.7321309
9474,126.5696410,45.7867305
9475,126.5692935,45.7870677
9476,126.6533286,45.7358738
9477,126.5574817,45.8148548
9478,126.6107101,45.7668481
9479,126.6299610,45.7215757
9480,126.5214145,45.7456633
9481,126.6556738,45.6568241
9482,126.6544738,45.6566882
9483,126.5449191,45.7357694
9484,126.7030417,45.7894945
9485,126.7035299,45.7895555
9486,126.7027744,45.7894611
9487,126.6131224,45.7137334
9488,126.5104649,45.7225986
9489,126.5084038,45.7297559
9490,126.5091195,45.7272271
9491,126.5090447,45.7275296
9492,126.5085118,45.7293808
9493,126.6056956,45.6963510
9494,126.6366104,45.7047117
9495,126.4875271,45.6496583
9496,126.5025368,45.6648736
9497,126.5822066,45.7365405
9498,126.5835953,45.7374135
9499,126.5103213,45.7379551
9500,126.5117165,45.7328732
9501,126.5255148,45.6940444
9502,126.5254762,45.6956237
9503,126.5257834,45.6949213
9504,126.5406214,45.6760326
9505,126.6441939,45.7763706
9506,126.6420479,45.7750772
9507,126.6438732,45.7761704
9508,126.6430793,45.7757089
9509,126.7009441,45.7357772
9510,126.7104295,45.7343802
9511,126.7065772,45.7349342
9512,126.7077941,45.7347592
9513,126.5772368,45.6806037
9514,126.7487729,45.7333050
9515,126.7540033,45.7322880
9516,126.7500916,45.7330486
9517,126.6910909,45.7486354
9518,126.6843175,45.7545041
9519,126.6859467,45.7553102
9520,126.6845555,45.7547943
9521,126.7513209,45.6732865
9522,126.7502398,45.6714963
9523,126.7492769,45.6699019
9524,126.6559086,45.7461394
9525,126.6960927,45.7590243
9526,126.6963682,45.7580370
9527,126.6967630,45.7585931
9528,126.5647833,45.6852484
9529,126.5672251,45.6823733
9530,126.5675808,45.6840549
9531,126.5675532,45.6839858
9532,126.6843352,45.7594943
9533,126.6845107,45.7589115
9534,126.5722358,45.7750343
9535,126.6301398,45.7620719
9536,126.6321516,45.7689230
9537,126.6645065,45.7418231
9538,126.6660320,45.7421720
9539,126.6660832,45.7425696
9540,126.6195470,45.7600347
9541,126.5411486,45.7006144
9542,126.5405960,45.7002274
9543,126.5377987,45.6981069
9544,126.5367703,45.6973509
9545,126.5366155,45.6972376
9546,126.6723012,45.8294083
9547,126.6679979,45.7482399
9548,126.6614557,45.7491538
9549,126.6614679,45.7491382
9550,126.6615108,45.7491133
9551,126.6641190,45.7484342
9552,126.7178954,45.7276989
9553,126.7195611,45.7334947
9554,126.7184743,45.7297629
9555,126.7190521,45.7317099
9556,126.6924025,45.7929307
9557,126.6928277,45.7923806
9558,126.5344406,45.8132552
9559,126.5344286,45.8135262
9560,126.5329927,45.7452153
9561,126.5377501,45.7308955
9562,126.5330446,45.7450658
9563,126.5341249,45.7411157
9564,126.5342341,45.7407577
9565,126.5353561,45.7366737
9566,126.5353779,45.7365835
9567,126.5362455,45.7338683
9568,126.5365028,45.7333161
9569,126.5657873,45.7048948
9570,126.5652411,45.7051234
9571,126.6427782,45.7500358
9572,126.6435187,45.7508824
9573,126.6377581,45.7505806
9574,126.6382141,45.7509773
9575,126.6397805,45.7500790
9576,126.7147568,45.7555617
9577,126.7029024,45.7860245
9578,126.6831403,45.7703397
9579,126.5343350,45.8006881
9580,126.5344860,45.8010635
9581,126.6220563,45.7777861
9582,126.7275695,45.7266811
9583,126.7238935,45.7137014
9584,126.6165717,45.6925733
9585,126.6162744,45.6938158
9586,126.6116268,45.7113275
9587,126.6026857,45.6875288
9588,126.6805431,45.7843008
9589,126.6829850,45.7850849
9590,126.6387607,45.7737929
9591,126.6393050,45.7739124
9592,126.7188333,45.6940870
9593,126.7196055,45.6904679
9594,126.6644361,45.7205040
9595,126.5734485,45.7455844
9596,126.5736361,45.7449486
9597,126.5924345,45.7384153
9598,126.5872099,45.7335555
9599,126.5839034,45.7314075
9600,126.5833819,45.7310815
9601,126.6988969,45.7446491
9602,126.6990049,45.7450477
9603,126.6701707,45.7777297
9604,126.7407272,45.8410505
9605,126.5890848,45.8135881
9606,126.6427792,45.8124253
9607,126.6444633,45.8128996
9608,126.6217733,45.7629890
9609,126.6237260,45.7610679
9610,126.6601158,45.7667915
9611,126.6597014,45.7670318
9612,126.5193646,45.6955213
9613,126.5212037,45.6925725
9614,126.5211654,45.6926365
9615,126.6452737,45.6661557
9616,126.6451370,45.6667300
9617,126.7195802,45.6796414
9618,126.7199406,45.6787698
9619,126.7185482,45.6785636
9620,126.6693412,45.7042870
9621,126.6674385,45.7002509
9622,126.6692864,45.7041707
9623,126.6676272,45.7006512
9624,126.4791737,45.7124462
9625,126.6309705,45.7146236
9626,126.6318977,45.7143290
9627,126.6800782,45.7460908
9628,126.6797855,45.7460738
9629,126.5764552,45.6614367
9630,126.5837016,45.6555909
9631,126.6113189,45.7154765
9632,126.5555065,45.7831010
9633,126.5542309,45.7840430
9634,126.6182985,45.7653396
9635,126.6321790,45.7686534
9636,126.6289637,45.7676442
9637,126.6278786,45.7673496
9638,126.6277146,45.7673108
9639,126.6256355,45.7668244
9640,126.6234076,45.7663745
9641,126.6210367,45.7658655
9642,126.6209127,45.7658406
9643,126.6804137,45.7732993
9644,126.6828501,45.7737548
9645,126.6741128,45.6866931
9646,126.6563733,45.6819929
9647,126.7026579,45.7877668
9648,126.6554646,45.7140385
9649,126.6523467,45.7152258
9650,126.7210589,45.7412390
9651,126.7189424,45.7412484
9652,126.5116054,45.7973010
9653,126.6424155,45.7928494
9654,126.6455553,45.7897968
9655,126.6440944,45.7911624
9656,126.6082621,45.7553681
9657,126.5802876,45.7118105
9658,126.5782578,45.7109287
9659,126.6571664,45.6682222
9660,126.6814623,45.7411083
9661,126.6773709,45.7434982
9662,126.6796361,45.7434064
9663,126.5213773,45.6926280
9664,126.5195199,45.6955686
9665,126.5213341,45.6926908
9666,126.7057438,45.7410376
9667,126.7349057,45.7252155
9668,126.7248503,45.7656239
9669,126.7277883,45.7531109
9670,126.7277369,45.7533169
9671,126.5935726,45.8143214
9672,126.5894825,45.8169041
9673,126.5906001,45.8133583
9674,126.6079959,45.7776314
9675,126.6089449,45.7759474
9676,126.5761168,45.7055623
9677,126.5759711,45.7059593
9678,126.6245680,45.7451471
9679,126.6236780,45.7450155
9680,126.6241428,45.7450821
9681,126.6960759,45.6703782
9682,126.6877099,45.6686973
9683,126.6922825,45.6696163
9684,126.6902149,45.6692012
9685,126.7181396,45.8000199
9686,126.7194497,45.7963545
9687,126.7182706,45.7997104
9688,126.6803987,45.7532019
9689,126.6701662,45.7244350
9690,126.6687078,45.7250519
9691,126.6605512,45.7119726
9692,126.6677992,45.7222408
9693,126.6623872,45.7143528
9694,126.6631905,45.7154817
9695,126.6654041,45.7187090
9696,126.5574341,45.7362185
9697,126.5691727,45.7377444
9698,126.5625223,45.7368779
9699,126.5626244,45.7368901
9700,126.6258097,45.7735223
9701,126.5735629,45.7775999
9702,126.5737730,45.7775280
9703,126.5735952,45.7776537
9704,126.6479478,45.7731676
9705,126.5574552,45.7298087
9706,126.5561298,45.7292936
9707,126.5520444,45.7269774
9708,126.5460193,45.7230691
9709,126.5455833,45.7228028
9710,126.5448930,45.7224221
9711,126.5927498,45.7382855
9712,126.6548858,45.7710529
9713,126.6552921,45.7713664
9714,126.6557844,45.7717462
9715,126.6574015,45.7730812
9716,126.6580009,45.7735886
9717,126.7384442,45.7120097
9718,126.6235254,45.7375268
9719,126.6693293,45.6990370
9720,126.6993637,45.7426339
9721,126.6993015,45.7424342
9722,126.6983429,45.7748958
9723,126.6975930,45.7778067
9724,126.6970760,45.7798813
9725,126.7098057,45.7255397
9726,126.7086774,45.7258955
9727,126.7605767,45.7149967
9728,126.7589611,45.7111285
9729,126.7601663,45.7140006
9730,126.7596454,45.7127898
9731,126.7592768,45.7118843
9732,126.6898724,45.7315517
9733,126.6907384,45.7314397
9734,126.6930815,45.7311520
9735,126.5816876,45.7915777
9736,126.5943027,45.7883525
9737,126.5869860,45.7936085
9738,126.5888963,45.7925145
9739,126.5935909,45.7911180
9740,126.6246283,45.7274063
9741,126.6244681,45.7285193
9742,126.6000816,45.7677070
9743,126.6007337,45.7674158
9744,126.6387175,45.8183568
9745,126.6816250,45.7268670
9746,126.6809651,45.7266625
9747,126.7147900,45.7149289
9748,126.7146149,45.7148074
9749,126.7148544,45.7147062
9750,126.5906822,45.7279866
9751,126.5893770,45.7288893
9752,126.5118774,45.7978888
9753,126.5123855,45.7980273
9754,126.6844283,45.7866773
9755,126.6869944,45.7786350
9756,126.6863815,45.7810026
9757,126.5579004,45.7197453
9758,126.5565388,45.7207668
9759,126.6863622,45.7000566
9760,126.6877175,45.7020286
9761,126.6869496,45.7017027
9762,126.6897910,45.7166323
9763,126.6977898,45.7153152
9764,126.6943679,45.7157318
9765,126.5975186,45.6926719
9766,126.5973317,45.6925857
9767,126.5475420,45.7999070
9768,126.7078610,45.7861741
9769,126.7087049,45.7852682
9770,126.7081668,45.7852175
9771,126.6755340,45.7505360
9772,126.6754733,45.7508514
9773,126.6235164,45.7263974
9774,126.6241116,45.7277369
9775,126.6242163,45.7287249
9776,126.6245353,45.7309379
9777,126.6246843,45.7320864
9778,126.6248150,45.7331158
9779,126.6248721,45.7338280
9780,126.6249223,45.7342264
9781,126.5565773,45.8135897
9782,126.5558551,45.8135558
9783,126.6032112,45.8152906
9784,126.6245144,45.8232029
9785,126.6033010,45.8153215
9786,126.6057206,45.8162451
9787,126.6083392,45.8172208
9788,126.6084126,45.8172540
9789,126.6104741,45.8180209
9790,126.6132619,45.8190381
9791,126.6133958,45.8190908
9792,126.6203592,45.8216673
9793,126.6205015,45.8217207
9794,126.6241709,45.8230789
9795,126.6851530,45.7440930
9796,126.6843898,45.7441999
9797,126.6299751,45.6894258
9798,126.6303675,45.6894806
9799,126.6639718,45.7016311
9800,126.6664159,45.7031841
9801,126.5536129,45.6811902
9802,126.5552961,45.6788431
9803,126.6449126,45.7587326
9804,126.6447428,45.7581819
9805,126.6453268,45.7578238
9806,126.6452278,45.7577385
9807,126.6444124,45.7578336
9808,126.6446977,45.7581459
9809,126.6504196,45.6867825
9810,126.6504486,45.6866022
9811,126.5459004,45.8118722
9812,126.6803804,45.6897678
9813,126.6323649,45.7850017
9814,126.5786231,45.6991543
9815,126.5892803,45.7003292
9816,126.5841538,45.6997673
9817,126.5843689,45.6997956
9818,126.5889972,45.7002997
9819,126.5566111,45.6695914
9820,126.5283460,45.8124956
9821,126.5330579,45.8125195
9822,126.6319640,45.7160621
9823,126.6309598,45.7164103
9824,126.6255392,45.8145237
9825,126.5156688,45.6908757
9826,126.4982296,45.6854774
9827,126.5108378,45.6893694
9828,126.5105898,45.6892959
9829,126.5051452,45.6876157
9830,126.6304563,45.8340799
9831,126.6303792,45.8340522
9832,126.6263457,45.8325575
9833,126.6228349,45.8312576
9834,126.6227513,45.8312252
9835,126.5512766,45.8282283
9836,126.5532065,45.8289532
9837,126.5535533,45.8290747
9838,126.5379806,45.7147422
9839,126.5387466,45.7145822
9840,126.5909251,45.6928731
9841,126.6120014,45.7523351
9842,126.6266348,45.7173540
9843,126.6324925,45.7254507
9844,126.6318717,45.7245831
9845,126.7189375,45.7455009
9846,126.7189369,45.7448142
9847,126.7189409,45.7443913
9848,126.7189443,45.7433244
9849,126.5468080,45.8081252
9850,126.5460056,45.8146275
9851,126.6266559,45.6644645
9852,126.6247045,45.6643613
9853,126.6812223,45.7728836
9854,126.6834964,45.7730468
9855,126.6829853,45.7729908
9856,126.5753343,45.7683933
9857,126.5710621,45.7717519
9858,126.5717631,45.7712140
9859,126.6985861,45.8023508
9860,126.6996320,45.8010221
9861,126.6016637,45.7538617
9862,126.6082457,45.7635280
9863,126.6076206,45.7626675
9864,126.6063819,45.7609168
9865,126.6047885,45.7586172
9866,126.6041978,45.7575497
9867,126.6019051,45.7540536
9868,126.5925950,45.7384292
9869,126.5014955,45.8084726
9870,126.5033767,45.8054042
9871,126.5053592,45.8021705
9872,126.5322111,45.8148250
9873,126.5283117,45.8146400
9874,126.5302222,45.8146558
9875,126.5538169,45.7397812
9876,126.5533379,45.7393227
9877,126.6423176,45.8128384
9878,126.6833432,45.9304033
9879,126.6851460,45.8308487
9880,126.6438572,45.7131099
9881,126.6468149,45.7121290
9882,126.5798691,45.6885326
9883,126.5834744,45.6906469
9884,126.5801310,45.6886848
9885,126.5692760,45.7389563
9886,126.6407449,45.7406872
9887,126.6400351,45.7404762
9888,126.6082333,45.7052783
9889,126.6088967,45.7053488
9890,126.6107495,45.7055459
9891,126.6148452,45.7645525
9892,126.6284289,45.8171775
9893,126.6351512,45.8113196
9894,126.6336628,45.8124948
9895,126.6319380,45.8137520
9896,126.6305183,45.8149710
9897,126.5634092,45.7253410
9898,126.5612987,45.7231743
9899,126.5611460,45.7230696
9900,126.5721202,45.7714577
9901,126.5857535,45.7088227
9902,126.5843016,45.7098583
9903,126.6329654,45.7617946
9904,126.7496455,45.6611959
9905,126.7557485,45.6608779
9906,126.7550567,45.6596680
9907,126.7540323,45.6578906
9908,126.7532897,45.6566019
9909,126.7468485,45.6563644
9910,126.7478752,45.6581380
9911,126.7486107,45.6594084
9912,126.6822520,45.6805709
9913,126.6836197,45.6784892
9914,126.6824235,45.6798231
9915,126.6825861,45.6791141
9916,126.5408299,45.7359135
9917,126.5937620,45.7669295
9918,126.5925969,45.7673985
9919,126.6574594,45.7402960
9920,126.6609147,45.7425341
9921,126.6576162,45.7404285
9922,126.6584133,45.7409976
9923,126.7131877,45.7107874
9924,126.7130893,45.7110677
9925,126.7366874,45.7510547
9926,126.6589747,45.6639672
9927,126.6612799,45.6642074
9928,126.6903154,45.7398776
9929,126.6290197,45.7066628
9930,126.6286556,45.7082785
9931,126.6289732,45.7068671
9932,126.6288767,45.7072951
9933,126.5099772,45.7391851
9934,126.5160527,45.7400299
9935,126.5123585,45.7395093
9936,126.5124547,45.7395210
9937,126.5148527,45.7398511
9938,126.5149084,45.7398580
9939,126.5202087,45.8185709
9940,126.6398058,45.7191358
9941,126.7092072,45.7133699
9942,126.7087946,45.7129032
9943,126.7573354,45.7406952
9944,126.7656557,45.7417175
9945,126.7599660,45.7410076
9946,126.5283303,45.8129727
9947,126.5201928,45.8129463
9948,126.5200123,45.8129457
9949,126.5168639,45.8129354
9950,126.6535845,45.7143826
9951,126.6560691,45.7135109
9952,126.6539654,45.7142522
9953,126.6540445,45.7142251
9954,126.7375025,45.8340764
9955,126.7374884,45.8338310
9956,126.5544010,45.7371013
9957,126.5539165,45.7370024
9958,126.6028929,45.8347343
9959,126.5457356,45.8151126
9960,126.5458204,45.8146235
9961,126.6665239,45.7437861
9962,126.7103539,45.6830066
9963,126.7093082,45.6826459
9964,126.5482302,45.6730608
9965,126.5514480,45.6766218
9966,126.5486142,45.6734989
9967,126.5486375,45.6735272
9968,126.6852727,45.6718702
9969,126.6895339,45.6728595
9970,126.6012817,45.8301919
9971,126.6059921,45.8319178
9972,126.6052074,45.8316225
9973,126.6186285,45.7716442
9974,126.6184276,45.7716119
9975,126.5689008,45.7855718
9976,126.6447214,45.7580307
9977,126.5869926,45.7585929
9978,126.5867720,45.7579342
9979,126.5899680,45.7535223
9980,126.5916984,45.7512459
9981,126.6909428,45.7527276
9982,126.6908503,45.7531251
9983,126.6260080,45.7092515
9984,126.6249587,45.7138096
9985,126.6254516,45.7116700
9986,126.6253996,45.7118615
9987,126.6386019,45.7113939
9988,126.6502361,45.7726052
9989,126.6490193,45.7704226
9990,126.5564520,45.7187963
9991,126.5550531,45.7198327
9992,126.5540839,45.7205508
9993,126.6514905,45.7853308
9994,126.6524085,45.7855819
9995,126.6353311,45.7662874
9996,126.6131686,45.7431574
9997,126.6018091,45.7292958
9998,126.6125849,45.7424773
9999,126.6116703,45.7415711
10000,126.6912815,45.7505703
10001,126.6913981,45.7504359
10002,126.6915612,45.7503098
10003,126.6918393,45.7501353
10004,126.6922798,45.7499098
10005,126.6926101,45.7497864
10006,126.6929154,45.7496956
10007,126.6930205,45.7498759
10008,126.6933455,45.7504070
10009,126.7167079,45.7166593
10010,126.7195934,45.7148912
10011,126.7196751,45.7154222
10012,126.7198724,45.7166479
10013,126.7058640,45.7445401
10014,126.7048034,45.7458081
10015,126.7045022,45.7447181
10016,126.7046027,45.7450819
10017,126.5406470,45.7409556
10018,126.5390018,45.7411759
10019,126.6112902,45.8392818
10020,126.6144597,45.8349749
10021,126.6114386,45.8390657
10022,126.6638129,45.7844710
10023,126.6303722,45.7603765
10024,126.6303377,45.7600019
10025,126.6301242,45.7600924
10026,126.7408841,45.7528767
10027,126.7447977,45.7534538
10028,126.6865966,45.7583397
10029,126.6865709,45.7584442
10030,126.6863039,45.7591509
10031,126.7164247,45.7474875
10032,126.7153233,45.7500480
10033,126.5641567,45.7724831
10034,126.6748083,45.7251433
10035,126.6762045,45.7219954
10036,126.6754990,45.7235739
10037,126.6285649,45.7639549
10038,126.5334925,45.6673800
10039,126.5351869,45.6667460
10040,126.7206198,45.7464734
10041,126.7208044,45.7454887
10042,126.6286344,45.8172528
10043,126.6291108,45.8174347
10044,126.5645130,45.7054477
10045,126.5646637,45.7053827
10046,126.5137842,45.8014393
10047,126.6390814,45.7400355
10048,126.5738266,45.7670717
10049,126.5736926,45.7678364
10050,126.6926277,45.8078215
10051,126.6924836,45.8079837
10052,126.5826790,45.7772319
10053,126.5830078,45.7777138
10054,126.6465186,45.6509756
10055,126.6441537,45.6508694
10056,126.5907279,45.6936147
10057,126.5898985,45.6972757
10058,126.5895058,45.6992152
10059,126.5892400,45.7005534
10060,126.7062012,45.7083455
10061,126.7053927,45.7089429
10062,126.5668373,45.7253549
10063,126.5672062,45.7250775
10064,126.5671060,45.7244906
10065,126.7094048,45.7511741
10066,126.6519283,45.7740639
10067,126.5311995,45.8392602
10068,126.5605149,45.8421929
10069,126.7665591,45.6937659
10070,126.7728070,45.7065793
10071,126.7693744,45.7001224
10072,126.7718041,45.7046731
10073,126.7256616,45.7388735
10074,126.7256766,45.7398601
10075,126.7003244,45.6843111
10076,126.6397374,45.8134474
10077,126.6356335,45.8130852
10078,126.6395198,45.8138024
10079,126.7069437,45.7459321
10080,126.7086115,45.7463348
10081,126.5301902,45.6901362
10082,126.5253935,45.7080512
10083,126.5196618,45.7212191
10084,126.5196096,45.7224099
10085,126.5196873,45.7373237
10086,126.6329269,45.6773311
10087,126.5885495,45.7607809
10088,126.5126074,45.8220701
10089,126.5125998,45.8209104
10090,126.5589381,45.8147372
10091,126.5592902,45.8147689
10092,126.5605639,45.8165824
10093,126.5605370,45.8167841
10094,126.5591744,45.8182583
10095,126.5573233,45.8181456
10096,126.5563524,45.8163801
10097,126.5564489,45.8158717
10098,126.5567415,45.8153352
10099,126.6660046,45.7671122
10100,126.7227088,45.7373458
10101,126.7240628,45.7362158
10102,126.7233766,45.7361950
10103,126.5760679,45.6974606
10104,126.6033942,45.7474490
10105,126.6874915,45.7615007
10106,126.6811372,45.7604404
10107,126.6836619,45.7607896
10108,126.7005438,45.7364455
10109,126.6711051,45.7453091
10110,126.6723787,45.7466224
10111,126.6710620,45.7455726
10112,126.6709870,45.7459273
10113,126.6718774,45.7459956
10114,126.6717701,45.7465721
10115,126.6644446,45.7421702
10116,126.5300765,45.6693878
10117,126.5321957,45.6716091
10118,126.5314699,45.6708483
10119,126.5846172,45.7035272
10120,126.5850760,45.7031810
10121,126.5860345,45.7038457
10122,126.7697828,45.7151397
10123,126.7656462,45.7158957
10124,126.6846483,45.7271440
10125,126.6432626,45.7793398
10126,126.6446018,45.7781577
10127,126.6433125,45.7792957
10128,126.5779637,45.7261780
10129,126.5805152,45.7287640
10130,126.5321653,45.8182314
10131,126.5433366,45.8211960
10132,126.5357323,45.8183925
10133,126.6461135,45.6766102
10134,126.6429909,45.6756192
10135,126.5819406,45.7544205
10136,126.5781282,45.7543742
10137,126.6174112,45.6993309
10138,126.6166476,45.7015076
10139,126.5044197,45.7661791
10140,126.5050146,45.7646206
10141,126.7150339,45.8034540
10142,126.6379006,45.7646266
10143,126.6743253,45.6804132
10144,126.6740646,45.6859433
10145,126.6741880,45.6855862
10146,126.6743406,45.6851443
10147,126.6748638,45.6833579
10148,126.6753201,45.6812457
10149,126.5017932,45.6915794
10150,126.5701624,45.7343386
10151,126.5735110,45.7299757
10152,126.5710582,45.7323246
10153,126.5709362,45.7324951
10154,126.5282543,45.6675086
10155,126.5299894,45.6658169
10156,126.5286798,45.6668270
10157,126.5685379,45.7820711
10158,126.5669319,45.7812087
10159,126.5715867,45.7076697
10160,126.6667073,45.7837901
10161,126.6685258,45.7834378
10162,126.5616018,45.8274827
10163,126.5612808,45.8258960
10164,126.6191137,45.6972556
10165,126.6188559,45.6984341
10166,126.6186313,45.6994604
10167,126.6181500,45.7016606
10168,126.6705725,45.7599241
10169,126.6697707,45.7599781
10170,126.7211199,45.7525232
10171,126.7174580,45.7520592
10172,126.6720791,45.7950943
10173,126.6637242,45.7933194
10174,126.6710588,45.7948197
10175,126.6709391,45.7947832
10176,126.6651936,45.7934029
10177,126.6219464,45.8322835
10178,126.6322609,45.8185670
10179,126.6243927,45.8290682
10180,126.6277447,45.8246369
10181,126.6278735,45.8244672
10182,126.6295609,45.8222111
10183,126.6296065,45.8221501
10184,126.6303237,45.8212187
10185,126.6303630,45.8211658
10186,126.6321542,45.8186985
10187,126.6852632,45.7957262
10188,126.5330475,45.8067498
10189,126.5336669,45.8062797
10190,126.6318749,45.6809975
10191,126.6306538,45.6806196
10192,126.5399268,45.7549702
10193,126.5428665,45.7550675
10194,126.6620355,45.7495519
10195,126.6615703,45.7492481
10196,126.5857551,45.8334295
10197,126.5700224,45.8308000
10198,126.5760963,45.8310719
10199,126.5745139,45.8308247
10200,126.5967449,45.6834147
10201,126.7560973,45.7434070
10202,126.7610934,45.7440282
10203,126.7645237,45.7444600
10204,126.7724083,45.7454128
10205,126.7216912,45.6686421
10206,126.6573015,45.7288130
10207,126.6578010,45.7295377
10208,126.5992668,45.7682014
10209,126.6151403,45.7611750
10210,126.6129036,45.7618537
10211,126.6104308,45.7626356
10212,126.6067234,45.7641827
10213,126.6052133,45.7648321
10214,126.6039084,45.7653961
10215,126.6024304,45.7660288
10216,126.6014710,45.7664492
10217,126.6003372,45.7669460
10218,126.6120381,45.7589379
10219,126.6140719,45.7585151
10220,126.6982438,45.7902829
10221,126.6991089,45.7868546
10222,126.6987491,45.7883271
10223,126.6989000,45.7877296
10224,126.6989595,45.7874938
10225,126.7031798,45.7541714
10226,126.7034040,45.7532896
10227,126.7034742,45.7530584
10228,126.7039559,45.7512012
10229,126.6383750,45.7511233
10230,126.6375993,45.7515155
10231,126.6386701,45.7513816
10232,126.6242165,45.7025540
10233,126.6238672,45.7038529
10234,126.5103000,45.7963931
10235,126.5104752,45.7964172
10236,126.6035147,45.7333334
10237,126.5844612,45.7416764
10238,126.5981857,45.7353587
10239,126.5655132,45.7129202
10240,126.5656815,45.7130407
10241,126.5655721,45.7129634
10242,126.6407570,45.6664076
10243,126.6545912,45.6680840
10244,126.6535804,45.6679557
10245,126.6768237,45.7756411
10246,126.7286942,45.7311181
10247,126.7282036,45.7296717
10248,126.6457006,45.7420060
10249,126.6452314,45.7420337
10250,126.5948309,45.7011841
10251,126.5956378,45.7091149
10252,126.7385975,45.7093747
10253,126.7316958,45.7035979
10254,126.6235642,45.7327458
10255,126.6244893,45.7321921
10256,126.6246056,45.7321261
10257,126.6843395,45.6909300
10258,126.6827121,45.6911067
10259,126.5238094,45.8336190
10260,126.7752774,45.6997625
10261,126.7755016,45.6997484
10262,126.6673280,45.7283658
10263,126.7265306,45.7398582
10264,126.6229816,45.7262408
10265,126.6232538,45.7259960
10266,126.5573921,45.7716081
10267,126.5593578,45.7717181
10268,126.6304025,45.8212477
10269,126.6251779,45.7408764
10270,126.6562834,45.7894016
10271,126.6248573,45.7342630
10272,126.5618079,45.6914534
10273,126.5355221,45.7334715
10274,126.5062005,45.8088725
10275,126.5098329,45.8085536
10276,126.7006893,45.7870519
10277,126.6998366,45.7904637
10278,126.7005263,45.7876949
10279,126.7004780,45.7878890
10280,126.7003248,45.7885039
10281,126.6999818,45.7898808
10282,126.6999068,45.7901819
10283,126.5949660,45.8385134
10284,126.6029154,45.8414198
10285,126.6013599,45.8408189
10286,126.6015398,45.8408837
10287,126.7167147,45.7356145
10288,126.7179129,45.7356145
10289,126.6974249,45.7130871
10290,126.6075921,45.7398030
10291,126.6016268,45.7354222
10292,126.5221081,45.7289368
10293,126.6142894,45.6628503
10294,126.6196969,45.6634748
10295,126.6156656,45.6630092
10296,126.6181192,45.6633152
10297,126.6683799,45.8315370
10298,126.5570554,45.8203013
10299,126.5589583,45.8204152
10300,126.5613125,45.8205613
10301,126.5618970,45.8206002
10302,126.5621100,45.8206051
10303,126.6181986,45.7394212
10304,126.6988367,45.8046706
10305,126.5466209,45.7115800
10306,126.7066398,45.7708316
10307,126.5700461,45.7348921
10308,126.5771091,45.8096408
10309,126.5772436,45.8094241
10310,126.6018857,45.7481956
10311,126.6067724,45.7458545
10312,126.6026601,45.7478120
10313,126.6029327,45.7476834
10314,126.6052458,45.7465693
10315,126.6060607,45.7461861
10316,126.5061299,45.8461461
10317,126.5104194,45.8382627
10318,126.7511686,45.7114465
10319,126.7526511,45.7152504
10320,126.7516005,45.7125862
10321,126.7522658,45.7141924
10322,126.7633728,45.7473540
10323,126.7714834,45.7490528
10324,126.6089081,45.7564631
10325,126.6658978,45.7629351
10326,126.6646428,45.7627697
10327,126.6399104,45.6853567
10328,126.6415238,45.6781805
10329,126.6417560,45.6771179
10330,126.6419664,45.6760474
10331,126.6420375,45.6756860
10332,126.6949035,45.6792742
10333,126.6549949,45.7335115
10334,126.6564580,45.7355915
10335,126.6820174,45.7919790
10336,126.6806452,45.7912659
10337,126.6942203,45.7452740
10338,126.6971925,45.7460060
10339,126.5868349,45.7796020
10340,126.5864906,45.7797392
10341,126.6900924,45.7485617
10342,126.6722424,45.7471908
10343,126.6767842,45.7475457
10344,126.6769523,45.7475594
10345,126.6837261,45.7480672
10346,126.5368397,45.7334378
10347,126.5365695,45.7340425
10348,126.5362240,45.7349652
10349,126.5350527,45.7390969
10350,126.5345990,45.7407941
10351,126.5344962,45.7411686
10352,126.5343428,45.7417482
10353,126.5333928,45.7451214
10354,126.5730235,45.7532027
10355,126.5787945,45.7556145
10356,126.5790984,45.8080942
10357,126.5794095,45.8084442
10358,126.6057054,45.6619191
10359,126.6084232,45.6622428
10360,126.6690885,45.7235874
10361,126.6687613,45.7233593
10362,126.5883043,45.6559615
10363,126.5882277,45.6551856
10364,126.5503914,45.6469490
10365,126.5535283,45.6512855
10366,126.5535919,45.6513747
10367,126.5593791,45.6598402
10368,126.7399532,45.6900671
10369,126.7410084,45.6859055
10370,126.5099234,45.7976744
10371,126.5115327,45.7978793
10372,126.5975509,45.7073545
10373,126.5986126,45.7015875
10374,126.7253668,45.7886630
10375,126.6782277,45.6973717
10376,126.6738391,45.6981844
10377,126.7576057,45.7741572
10378,126.7291328,45.7706791
10379,126.7532503,45.7736268
10380,126.7466355,45.7728243
10381,126.7361919,45.7715562
10382,126.6806538,45.7017245
10383,126.6814460,45.7008919
10384,126.6826398,45.6998333
10385,126.6832496,45.7044261
10386,126.6285000,45.7655662
10387,126.6287553,45.7655394
10388,126.5809585,45.7815372
10389,126.5777178,45.7087006
10390,126.5868760,45.7174102
10391,126.6293469,45.7422534
10392,126.6682022,45.7097985
10393,126.7275203,45.7159573
10394,126.7269040,45.7146690
10395,126.7279349,45.7145442
10396,126.7285204,45.7145692
10397,126.5918006,45.7873313
10398,126.7226675,45.6843327
10399,126.7227353,45.6847290
10400,126.5817011,45.7765713
10401,126.5816038,45.7766772
10402,126.6550701,45.7615784
10403,126.6519164,45.7581291
10404,126.6521965,45.7587284
10405,126.6196379,45.6637606
10406,126.6383264,45.7224221
10407,126.6428558,45.7209083
10408,126.6385723,45.7223399
10409,126.6389738,45.7222057
10410,126.6236691,45.7315114
10411,126.7341255,45.7161239
10412,126.6705792,45.7045306
10413,126.7249204,45.7488878
10414,126.7247644,45.7488683
10415,126.5163043,45.6911064
10416,126.6443694,45.7058664
10417,126.7430727,45.6512738
10418,126.5016556,45.8085194
10419,126.5017061,45.8154626
10420,126.5016778,45.8087620
10421,126.5017049,45.8099476
10422,126.5017168,45.8109543
10423,126.5017292,45.8124312
10424,126.5017309,45.8125751
10425,126.6438259,45.7262788
10426,126.6402535,45.7273859
10427,126.6389391,45.7278127
10428,126.5712932,45.7402999
10429,126.7254166,45.6845425
10430,126.7299545,45.6860596
10431,126.7194920,45.7221927
10432,126.7184921,45.7223106
10433,126.5099960,45.8167871
10434,126.5102145,45.8380584
10435,126.5102129,45.8379281
10436,126.5101721,45.8336606
10437,126.5101760,45.8301377
10438,126.5101667,45.8300036
10439,126.5101160,45.8268830
10440,126.5101236,45.8267717
10441,126.5100932,45.8241052
10442,126.5100997,45.8235065
10443,126.5101089,45.8230798
10444,126.5100492,45.8182607
10445,126.5100381,45.8180615
10446,126.6461917,45.7892475
10447,126.6476006,45.7869718
10448,126.6471028,45.7877627
10449,126.6321739,45.7163661
10450,126.6311640,45.7167067
10451,126.6936827,45.7663155
10452,126.6971171,45.7126264
10453,126.5884212,45.7339109
10454,126.5885269,45.7321140
10455,126.6708705,45.7978405
10456,126.6155408,45.6996916
10457,126.6153022,45.7013709
10458,126.6016376,45.7536540
10459,126.6050815,45.7519596
10460,126.6665252,45.7827000
10461,126.6667843,45.7834724
10462,126.5179048,45.8151523
10463,126.5187926,45.8135595
10464,126.6954139,45.7392451
10465,126.6490629,45.7936256
10466,126.6524156,45.7946545
10467,126.6777253,45.7652674
10468,126.6806487,45.7656174
10469,126.6775683,45.7658707
10470,126.6774136,45.7664772
10471,126.6785328,45.7666790
10472,126.6791416,45.7667705
10473,126.6803813,45.7667011
10474,126.6804437,45.7664483
10475,126.6091842,45.7673779
10476,126.6138684,45.7657513
10477,126.6155479,45.6968715
10478,126.6150496,45.6990802
10479,126.6152819,45.6980505
10480,126.7036988,45.7889305
10481,126.6951112,45.7878725
10482,126.6995420,45.7884189
10483,126.6978023,45.7882088
10484,126.6963472,45.7880270
10485,126.6957661,45.7879544
10486,126.6831993,45.6903495
10487,126.6822583,45.6903885
10488,126.6745679,45.7058461
10489,126.6754674,45.7053120
10490,126.6748931,45.7056481
10491,126.5482485,45.8379273
10492,126.5494430,45.8363719
10493,126.6261590,45.7260983
10494,126.6263802,45.7269978
10495,126.6256327,45.7271429
10496,126.6370260,45.7391802
10497,126.6411846,45.7390142
10498,126.6436265,45.7388847
10499,126.6439558,45.7388669
10500,126.6365521,45.7306883
10501,126.6400863,45.7295196
10502,126.6642746,45.6630585
10503,126.6555595,45.6650252
10504,126.6555843,45.6650139
10505,126.6965494,45.7598849
10506,126.6977832,45.7600506
10507,126.5866633,45.7270972
10508,126.6643084,45.7108301
10509,126.7459685,45.6576847
10510,126.7482205,45.6615983
10511,126.7464604,45.6585396
10512,126.7471894,45.6598064
10513,126.5239973,45.7101238
10514,126.5244829,45.7095089
10515,126.6703058,45.7241120
10516,126.6810751,45.7264351
10517,126.6720215,45.7245139
10518,126.6734797,45.7248530
10519,126.6827896,45.6899246
10520,126.6839349,45.6888250
10521,126.6835516,45.6891461
10522,126.6335376,45.7197946
10523,126.5612417,45.6964197
10524,126.6057531,45.8280867
10525,126.6795606,45.7645822
10526,126.6810210,45.7354060
10527,126.6803247,45.7616878
10528,126.6803397,45.7616303
10529,126.6809790,45.7590684
10530,126.6830942,45.7505777
10531,126.6836437,45.7482914
10532,126.6836886,45.7481735
10533,126.6837573,45.7479480
10534,126.6840574,45.7466267
10535,126.6840680,45.7465690
10536,126.6834136,45.7438035
10537,126.6826179,45.7409487
10538,126.6826022,45.7408937
10539,126.6818563,45.7382849
10540,126.6818428,45.7382409
10541,126.6810459,45.7354929
10542,126.6272521,45.8200046
10543,126.6843550,45.6908936
10544,126.6311189,45.7613761
10545,126.6720922,45.6720997
10546,126.6760648,45.6724020
10547,126.6019143,45.7653553
10548,126.6032901,45.7646868
10549,126.6044905,45.7641121
10550,126.6059947,45.7634235
10551,126.5908077,45.6783197
10552,126.5913924,45.6805109
10553,126.5149524,45.7995814
10554,126.5299682,45.6901282
10555,126.5193822,45.7223808
10556,126.5194151,45.7212402
10557,126.6358461,45.7513230
10558,126.6360848,45.7511955
10559,126.6510507,45.7692050
10560,126.6522746,45.7685151
10561,126.6559368,45.7733154
10562,126.6548785,45.7724036
10563,126.6555732,45.7730021
10564,126.6552341,45.7727100
10565,126.6248736,45.7148286
10566,126.6139680,45.7679897
10567,126.6174046,45.7684598
10568,126.6903389,45.7485811
10569,126.6897804,45.7458567
10570,126.6897645,45.7458011
10571,126.6889456,45.7430261
10572,126.6884171,45.7411647
10573,126.6881361,45.7401877
10574,126.6881195,45.7401288
10575,126.6876943,45.7386290
10576,126.6873643,45.7375242
10577,126.6873509,45.7374751
10578,126.6865025,45.7349585
10579,126.6864400,45.7346692
10580,126.6864126,45.7345700
10581,126.6860504,45.7332817
10582,126.6857193,45.7321345
10583,126.6215898,45.7640960
10584,126.6218284,45.7641436
10585,126.6241475,45.7646310
10586,126.6263728,45.7650915
10587,126.6493943,45.7597159
10588,126.6473839,45.7608640
10589,126.6446593,45.7624196
10590,126.6406678,45.7647058
10591,126.6936640,45.7663905
10592,126.7018578,45.7620755
10593,126.6700943,45.7582543
10594,126.6960767,45.7450260
10595,126.7514651,45.7898141
10596,126.6259930,45.7317934
10597,126.6267233,45.7312667
10598,126.5470316,45.8080646
10599,126.5238259,45.6976500
10600,126.2855567,45.6487000
10601,126.5303619,45.6936460
10602,126.6448244,45.7579712
10603,126.5723352,45.7026039
10604,126.6410518,45.7196644
10605,126.6175986,45.7598894
10606,126.6175796,45.7598201
10607,126.6170230,45.7577663
10608,126.6168293,45.7570478
10609,126.7222072,45.7914011
10610,126.7227940,45.7890363
10611,126.5257744,45.6951294
10612,126.6288164,45.7482652
10613,126.6292156,45.7489338
10614,126.5388149,45.8150077
10615,126.6956180,45.7445486
10616,126.6289585,45.7348091
10617,126.5926523,45.7524151
10618,126.5925145,45.7522452
10619,126.5899295,45.7491301
10620,126.5874385,45.7461490
10621,126.5861158,45.7445604
10622,126.7246886,45.7240624
10623,126.7256365,45.7239255
10624,126.5842591,45.7369001
10625,126.5434642,45.7217289
10626,126.5280421,45.7215272
10627,126.5341089,45.7210177
10628,126.5405599,45.7209449
10629,126.6639369,45.7286651
10630,126.7181265,45.8002452
10631,126.7248703,45.7398656
10632,126.6997526,45.7908370
10633,126.6994863,45.7920475
10634,126.5011298,45.7039779
10635,126.4986635,45.7032177
10636,126.6385423,45.8149229
10637,126.6401847,45.8153471
10638,126.6393500,45.8151432
10639,126.6395337,45.8151858
10640,126.6168906,45.7701488
10641,126.6013162,45.7535172
10642,126.6004789,45.7526896
10643,126.5993138,45.7514023
10644,126.5979992,45.7500002
10645,126.5969128,45.7488507
10646,126.5959139,45.7477421
10647,126.5948813,45.7466458
10648,126.5932747,45.7449121
10649,126.5909835,45.7425039
10650,126.4933855,45.7948943
10651,126.5034426,45.7979558
10652,126.5033498,45.7979274
10653,126.4955315,45.7955302
10654,126.6808370,45.7908906
10655,126.6655372,45.6844347
10656,126.6655013,45.6844103
10657,126.6618168,45.7758226
10658,126.6620274,45.7760072
10659,126.5297379,45.8265779
10660,126.6510916,45.7159860
10661,126.6529843,45.7153326
10662,126.6572641,45.7138656
10663,126.7113153,45.7380511
10664,126.7122185,45.7382071
10665,126.6471562,45.7327988
10666,126.6476153,45.7323933
10667,126.6234462,45.7375277
10668,126.7479094,45.7586024
10669,126.6248516,45.6685199
10670,126.5826340,45.6938651
10671,126.5825284,45.6939446
10672,126.5574538,45.7181320
10673,126.5384102,45.6565821
10674,126.5400203,45.6558534
10675,126.5958154,45.7001612
10676,126.7139101,45.7283082
10677,126.7069792,45.7293104
10678,126.6482046,45.7267179
10679,126.7586842,45.7372666
10680,126.7586250,45.7313147
10681,126.6854894,45.7548991
10682,126.6784618,45.7475345
10683,126.6785719,45.7475519
10684,126.5923928,45.7528103
10685,126.5882561,45.7584711
10686,126.6728629,45.7897669
10687,126.6731200,45.7892869
10688,126.5918446,45.7871376
10689,126.5918013,45.7871535
10690,126.5920578,45.7872389
10691,126.5919717,45.7871442
10692,126.7505114,45.7057591
10693,126.6180289,45.6416657
10694,126.6952662,45.7027189
10695,126.6878858,45.6985480
10696,126.7004317,45.7899358
10697,126.7009289,45.7899966
10698,126.7008498,45.7903043
10699,126.7007451,45.7902912
10700,126.7003512,45.7902420
10701,126.6906914,45.7486063
10702,126.5588958,45.6938802
10703,126.5644728,45.6999638
10704,126.6563000,45.7895620
10705,126.6313698,45.7800979
10706,126.6332901,45.7811852
10707,126.6340123,45.7815732
10708,126.6347310,45.7818632
10709,126.6355363,45.7821651
10710,126.6376258,45.7830713
10711,126.6394244,45.7838563
10712,126.6412774,45.7846623
10713,126.6460294,45.7864765
10714,126.6492876,45.7874721
10715,126.6558369,45.7894243
10716,126.6469403,45.7710746
10717,126.6458881,45.7708692
10718,126.7042995,45.7461404
10719,126.7051667,45.7461503
10720,126.6793338,45.7233013
10721,126.6795118,45.7225152
10722,126.5254434,45.8145003
10723,126.5252689,45.8163721
10724,126.6588014,45.7700229
10725,126.6597632,45.7697327
10726,126.6099192,45.6996719
10727,126.6116720,45.7002769
10728,126.5531312,45.7199662
10729,126.6810375,45.7019168
10730,126.6807571,45.7021110
10731,126.5871343,45.7080962
10732,126.5869155,45.7082914
10733,126.5840762,45.7101913
10734,126.5836845,45.7103160
10735,126.5816681,45.7117540
10736,126.6511760,45.7692465
10737,126.5023227,45.7965962
10738,126.5033493,45.7949453
10739,126.7196058,45.6707104
10740,126.7214030,45.6687989
10741,126.7205396,45.6812604
10742,126.7208759,45.6823859
10743,126.6243145,45.7453836
10744,126.6449285,45.7591841
10745,126.6554486,45.7809586
10746,126.6520154,45.7861804
10747,126.6520330,45.7861513
10748,126.6527873,45.7850146
10749,126.6532909,45.7841801
10750,126.6545185,45.7822808
10751,126.6545872,45.7821706
10752,126.6552934,45.7810133
10753,126.5991252,45.7642629
10754,126.6413622,45.8394520
10755,126.6461360,45.8416263
10756,126.7629223,45.7115977
10757,126.7661976,45.7113450
10758,126.6142383,45.6632962
10759,126.6159731,45.6619916
10760,126.5405557,45.7406006
10761,126.5385564,45.7406862
10762,126.5357204,45.7234649
10763,126.6901418,45.6935926
10764,126.6875581,45.6959189
10765,126.6423676,45.6757231
10766,126.6418350,45.6781712
10767,126.5855795,45.7469172
10768,126.5852863,45.7465390
10769,126.5855039,45.7468174
10770,126.5726237,45.7016652
10771,126.5679715,45.6971051
10772,126.5700739,45.6994237
10773,126.5710250,45.7004608
10774,126.5712088,45.7006612
10775,126.5717834,45.7012906
10776,126.6857116,45.7311304
10777,126.6884473,45.7401432
10778,126.6867746,45.7345225
10779,126.6868009,45.7346206
10780,126.6876459,45.7374378
10781,126.6876597,45.7374853
10782,126.6884303,45.7400857
10783,126.6440557,45.7436586
10784,126.6406931,45.7301428
10785,126.6436051,45.7386609
10786,126.6434391,45.7369712
10787,126.6434223,45.7368058
10788,126.6407331,45.7302020
10789,126.7020654,45.7674337
10790,126.7012081,45.7673790
10791,126.6508878,45.6430360
10792,126.6480785,45.6523912
10793,126.6471634,45.6556209
10794,126.6448486,45.6638116
10795,126.6446239,45.6648113
10796,126.6082716,45.7287951
10797,126.6075643,45.7278712
10798,126.5279950,45.7445708
10799,126.5316310,45.7313534
10800,126.5304666,45.7354869
10801,126.5304513,45.7355843
10802,126.5291548,45.7405032
10803,126.5290355,45.7409198
10804,126.5280337,45.7444433
10805,126.6968424,45.8051842
10806,126.6753188,45.7260496
10807,126.6759183,45.7261783
10808,126.6764824,45.7262994
10809,126.5626574,45.8144339
10810,126.5614967,45.8239349
10811,126.5621577,45.8183218
10812,126.6106774,45.6939596
10813,126.6113409,45.6913725
10814,126.6282588,45.7066045
10815,126.6269262,45.7439049
10816,126.5423319,45.8128131
10817,126.5283356,45.8128128
10818,126.7033026,45.7843698
10819,126.7064047,45.6802385
10820,126.7027299,45.6773980
10821,126.6887629,45.7984879
10822,126.6878117,45.7386110
10823,126.6831571,45.7392717
10824,126.7006993,45.7803276
10825,126.7004218,45.7813654
10826,126.6999739,45.7831905
10827,126.6997668,45.7840341
10828,126.6996015,45.7847078
10829,126.6994714,45.7852642
10830,126.6993657,45.7857282
10831,126.6632677,45.7356697
10832,126.6709907,45.7372979
10833,126.6709345,45.7373052
10834,126.6671312,45.7378014
10835,126.6156417,45.7225206
10836,126.6134350,45.7232667
10837,126.6084451,45.7249537
10838,126.6083382,45.7249898
10839,126.6274699,45.7355158
10840,126.6233897,45.7374189
10841,126.6139509,45.7293787
10842,126.6266070,45.7249844
10843,126.6147791,45.7290873
10844,126.6178751,45.7280101
10845,126.6250140,45.7255284
10846,126.5202197,45.8198031
10847,126.5203751,45.8357164
10848,126.5202821,45.8234789
10849,126.5203427,45.8267386
10850,126.5203440,45.8268534
10851,126.5203747,45.8283789
10852,126.5203593,45.8299547
10853,126.5203648,45.8301072
10854,126.5203933,45.8336404
10855,126.6455303,45.7872746
10856,126.5693211,45.7103939
10857,126.5644284,45.7053611
10858,126.5682693,45.7095090
10859,126.7766704,45.7765077
10860,126.7720468,45.7822334
10861,126.7730650,45.7805234
10862,126.5773904,45.7117431
10863,126.5770954,45.7120203
10864,126.5722450,45.8366003
10865,126.5811919,45.8405496
10866,126.6815949,45.7063549
10867,126.6950689,45.6657435
10868,126.6532700,45.7698104
10869,126.6512960,45.7692917
10870,126.6161260,45.8106529
10871,126.6140376,45.8098781
10872,126.6282297,45.7284260
10873,126.6292769,45.7288411
10874,126.6291080,45.7296497
10875,126.6282388,45.7299518
10876,126.6273736,45.7302524
10877,126.5601261,45.8307348
10878,126.6290442,45.8119990
10879,126.6290764,45.8120611
10880,126.7079882,45.7146012
10881,126.7055399,45.7154570
10882,126.7050411,45.7147193
10883,126.7048759,45.7147772
10884,126.7048719,45.7149849
10885,126.5199840,45.7204840
10886,126.5826909,45.8276086
10887,126.5751789,45.8323093
10888,126.6323767,45.6980444
10889,126.6095544,45.6956595
10890,126.6285675,45.6976756
10891,126.6281679,45.6976326
10892,126.6248620,45.6972827
10893,126.6195744,45.6967276
10894,126.6194627,45.6967159
10895,126.5700090,45.6990965
10896,126.5743727,45.6992452
10897,126.7209343,45.7448177
10898,126.5964063,45.7151802
10899,126.6651884,45.7015062
10900,126.7031199,45.7851245
10901,126.6249057,45.7750789
10902,126.6248535,45.7751773
10903,126.6237714,45.7773447
10904,126.6237487,45.7774078
10905,126.6803324,45.7502342
10906,126.6800703,45.7512999
10907,126.6801708,45.7509152
10908,126.7192754,45.7337772
10909,126.7198520,45.7337797
10910,126.6305758,45.7602983
10911,126.6313911,45.7612640
10912,126.6435355,45.7258198
10913,126.6414415,45.7227428
10914,126.6418176,45.7232954
10915,126.6424128,45.7241701
10916,126.6480543,45.7732700
10917,126.6672447,45.7403223
10918,126.6677995,45.7460711
10919,126.6677229,45.7450301
10920,126.6676123,45.7438649
10921,126.6675536,45.7432706
10922,126.6674728,45.7425463
10923,126.6673810,45.7414667
10924,126.6673326,45.7410525
10925,126.6017850,45.7582647
10926,126.6023977,45.7593928
10927,126.6022213,45.7619334
10928,126.7224824,45.6556781
10929,126.7258280,45.6579582
10930,126.6820016,45.7278533
10931,126.6789278,45.7271714
10932,126.6991987,45.6853327
10933,126.6755759,45.8356652
10934,126.6801335,45.8298726
10935,126.6811027,45.8338387
10936,126.6938969,45.7336574
10937,126.6953933,45.7391677
10938,126.6958939,45.7411515
10939,126.6961352,45.7420222
10940,126.6969029,45.7448549
10941,126.6969219,45.7449116
10942,126.6970185,45.7453038
10943,126.6978076,45.7481873
10944,126.7433591,45.6716370
10945,126.7469007,45.6706193
10946,126.7458013,45.6709352
10947,126.7446089,45.6712776
10948,126.7245624,45.7882349
10949,126.7273441,45.7912754
10950,126.7254129,45.7883402
10951,126.7272826,45.7904083
10952,126.6632930,45.7437986
10953,126.6631529,45.7439192
10954,126.6309238,45.7793680
10955,126.6310024,45.7792387
10956,126.6554017,45.7182932
10957,126.6526233,45.7192319
10958,126.6238324,45.8299405
10959,126.5531863,45.7066786
10960,126.7120805,45.7282771
10961,126.7138107,45.7280210
10962,126.5790396,45.6775708
10963,126.5864747,45.6769411
10964,126.5810811,45.6773996
10965,126.5813201,45.6773796
10966,126.5865978,45.6921592
10967,126.5875191,45.6926134
10968,126.5884978,45.6929621
10969,126.5899705,45.6932835
10970,126.6678573,45.7725072
10971,126.6677704,45.7742971
10972,126.6270841,45.7044412
10973,126.6314537,45.6842343
10974,126.6296379,45.6928022
10975,126.6286292,45.6974408
10976,126.6271339,45.7041952
10977,126.5260487,45.6720225
10978,126.5283589,45.6695544
10979,126.6128026,45.7726150
10980,126.7369747,45.7515199
10981,126.5448757,45.8194260
10982,126.5491343,45.8196572
10983,126.5617156,45.8239637
10984,126.6549324,45.7953970
10985,126.6591734,45.7890504
10986,126.6567036,45.7925630
10987,126.6567806,45.7924512
10988,126.7230153,45.8190521
10989,126.6338326,45.7632551
10990,126.6130883,45.7714810
10991,126.7066396,45.7294827
10992,126.7116929,45.7311917
10993,126.6731694,45.7779155
10994,126.6734695,45.7779361
10995,126.6741910,45.7779855
10996,126.5329399,45.7288123
10997,126.6774640,45.7734433
10998,126.6774243,45.7739898
10999,126.6784861,45.7735003
11000,126.6486350,45.7433857
11001,126.7066830,45.7973938
11002,126.7066188,45.7974218
11003,126.7057418,45.7977711
11004,126.5257363,45.7400215
11005,126.5126968,45.7382971
11006,126.5128096,45.7383140
11007,126.5192612,45.7391684
11008,126.5199312,45.7392441
11009,126.5229634,45.7396679
11010,126.5230937,45.7396830
11011,126.5236192,45.7397562
11012,126.6569371,45.7396254
11013,126.6579671,45.7398568
11014,126.7093544,45.7169851
11015,126.5672566,45.6820454
11016,126.6408624,45.7352554
11017,126.6413785,45.7366594
11018,126.7128716,45.7710804
11019,126.6373777,45.7779000
11020,126.6448348,45.7738491
11021,126.6374249,45.7778267
11022,126.6382300,45.7766490
11023,126.6390340,45.7762876
11024,126.5098126,45.6838181
11025,126.5090678,45.6849835
11026,126.6564439,45.7413882
11027,126.6533526,45.7439758
11028,126.6528669,45.7443637
11029,126.6279771,45.7381599
11030,126.6168641,45.7281697
11031,126.6146023,45.7248990
11032,126.6129327,45.7720985
11033,126.5617149,45.8168630
11034,126.5610426,45.8226590
11035,126.5610932,45.8222662
11036,126.6315675,45.7200836
11037,126.5978355,45.7714969
11038,126.5994638,45.7707835
11039,126.5534547,45.6651660
11040,126.5451092,45.6547837
11041,126.5450408,45.6547008
11042,126.6286632,45.7197985
11043,126.6288170,45.7197451
11044,126.6684613,45.7533306
11045,126.6726011,45.7534798
11046,126.5281536,45.8180496
11047,126.7021636,45.7086715
11048,126.5803397,45.8241851
11049,126.6939390,45.7909752
11050,126.6941841,45.7899392
11051,126.6942159,45.7897903
11052,126.6951108,45.7863472
11053,126.5792220,45.6789500
11054,126.5857398,45.7594219
11055,126.6868326,45.6999559
11056,126.6874368,45.7013561
11057,126.6870098,45.7003602
11058,126.5092778,45.7976181
11059,126.5094408,45.7975781
11060,126.5093294,45.7976084
11061,126.7313482,45.7139603
11062,126.7312244,45.7133141
11063,126.7005862,45.7655863
11064,126.6749319,45.7554136
11065,126.6742881,45.7579733
11066,126.5518458,45.7673117
11067,126.5521302,45.7687150
11068,126.6052220,45.8211726
11069,126.6052690,45.8211269
11070,126.6067462,45.8192236
11071,126.6067900,45.8191680
11072,126.6102640,45.8147099
11073,126.6126163,45.8115694
11074,126.6127088,45.8114393
11075,126.6152885,45.8080955
11076,126.6394108,45.8171646
11077,126.6390086,45.8178719
11078,126.5094978,45.7118657
11079,126.7288097,45.7472195
11080,126.7300633,45.7428552
11081,126.6598598,45.7665812
11082,126.6609191,45.7659811
11083,126.6106880,45.7488224
11084,126.6104893,45.7486225
11085,126.6077046,45.7450707
11086,126.5639646,45.6854388
11087,126.5636664,45.6854571
11088,126.5379188,45.8290400
11089,126.5383879,45.8277462
11090,126.6754049,45.6812319
11091,126.6563601,45.7716953
11092,126.6561447,45.7715203
11093,126.5642452,45.7839051
11094,126.5671584,45.7854319
11095,126.6361074,45.7318334
11096,126.6481884,45.7802761
11097,126.6453244,45.7785599
11098,126.6259953,45.7625653
11099,126.6195419,45.7775525
11100,126.6234517,45.7662716
11101,126.6226662,45.7680781
11102,126.6219305,45.7697677
11103,126.6210606,45.7717965
11104,126.6200367,45.7755503
11105,126.6157102,45.7108145
11106,126.6157579,45.7106099
11107,126.5499517,45.8173513
11108,126.5445016,45.8253814
11109,126.5454940,45.8239459
11110,126.5468219,45.8221355
11111,126.5659986,45.7735351
11112,126.5722340,45.7688908
11113,126.5728278,45.7684469
11114,126.6078672,45.7494641
11115,126.6073548,45.7496453
11116,126.6357620,45.7126410
11117,126.6377445,45.7130504
11118,126.6547705,45.6684824
11119,126.6546073,45.6684611
11120,126.6459089,45.6674457
11121,126.6163206,45.6904708
11122,126.5102412,45.7963850
11123,126.6222100,45.7418044
11124,126.5629376,45.7164344
11125,126.5610166,45.7179237
11126,126.6565917,45.7882243
11127,126.5848461,45.7832665
11128,126.5843453,45.7837163
11129,126.6503410,45.7539745
11130,126.6495847,45.7543767
11131,126.5690243,45.7819515
11132,126.5691859,45.7818310
11133,126.6283846,45.7392966
11134,126.6031217,45.7212806
11135,126.6037410,45.7211000
11136,126.6023297,45.6874695
11137,126.7518953,45.7532488
11138,126.7020049,45.7299344
11139,126.7038755,45.7296044
11140,126.6427003,45.7198871
11141,126.6467127,45.7254664
11142,126.6462837,45.7248577
11143,126.6451199,45.7232646
11144,126.6223981,45.7246669
11145,126.6188325,45.7193510
11146,126.5928003,45.7383391
11147,126.5947337,45.7405485
11148,126.5931238,45.7386824
11149,126.5858247,45.7594892
11150,126.5874704,45.7605361
11151,126.6334140,45.7196963
11152,126.7733469,45.7752680
11153,126.6393506,45.7444735
11154,126.6820354,45.7504473
11155,126.6821137,45.7501545
11156,126.6822330,45.7497080
11157,126.5881778,45.7146580
11158,126.6856061,45.7311394
11159,126.6141870,45.6751210
11160,126.6140860,45.6751106
11161,126.7093052,45.7140537
11162,126.6805061,45.7029251
11163,126.6809602,45.7042565
11164,126.6814847,45.7059095
11165,126.6192748,45.7620891
11166,126.5302193,45.6974956
11167,126.5349184,45.6986622
11168,126.5336432,45.6978534
11169,126.5748623,45.7766110
11170,126.5747343,45.7766325
11171,126.5747320,45.7767735
11172,126.5749229,45.7766368
11173,126.6443031,45.7508454
11174,126.6442158,45.7507943
11175,126.6330830,45.6771252
11176,126.6137993,45.7765972
11177,126.6927893,45.7930696
11178,126.6785697,45.7987047
11179,126.6792786,45.8025288
11180,126.6106310,45.7515238
11181,126.6074588,45.7530322
11182,126.6082043,45.7526713
11183,126.5631233,45.7086310
11184,126.5660542,45.7099374
11185,126.5659645,45.7099313
11186,126.5633561,45.7088733
11187,126.5632161,45.7087416
11188,126.6358853,45.7309256
11189,126.6616184,45.7697673
11190,126.6616519,45.7692534
11191,126.6617365,45.7678887
11192,126.6447559,45.7590235
11193,126.6716940,45.7826146
11194,126.6714340,45.7822106
11195,126.5847801,45.7811254
11196,126.5675599,45.7241681
11197,126.5013600,45.6989422
11198,126.5293408,45.8271005
11199,126.5295481,45.8268277
11200,126.5294669,45.8269346
11201,126.6110397,45.7135067
11202,126.6134402,45.7134676
11203,126.6358065,45.7456953
11204,126.6295304,45.7492099
11205,126.6299303,45.7489860
11206,126.6328378,45.7473578
11207,126.6344055,45.7464799
11208,126.6464199,45.7858472
11209,126.6497044,45.7868123
11210,126.6480036,45.7862972
11211,126.5699633,45.7109308
11212,126.6086763,45.7124606
11213,126.7014561,45.7016920
11214,126.5844253,45.7572983
11215,126.5438735,45.6651687
11216,126.5469217,45.6647860
11217,126.6424953,45.6503803
11218,126.6431420,45.6494400
11219,126.6483723,45.6490463
11220,126.6713810,45.7061775
11221,126.6034542,45.7426912
11222,126.6040659,45.7431913
11223,126.6042763,45.7433587
11224,126.6054133,45.7443377
11225,126.6096334,45.7489986
11226,126.6098403,45.7492417
11227,126.6899956,45.7814131
11228,126.6772125,45.7690137
11229,126.6417276,45.8138778
11230,126.6419812,45.8134340
11231,126.6422648,45.8129352
11232,126.5346118,45.8135093
11233,126.5365123,45.8134643
11234,126.5418872,45.7076547
11235,126.5055424,45.8022285
11236,126.5035810,45.8054032
11237,126.5035486,45.8054556
11238,126.6827129,45.7549199
11239,126.6838046,45.7532513
11240,126.5681384,45.7421325
11241,126.6754042,45.7891151
11242,126.6735249,45.7387850
11243,126.6214582,45.7650012
11244,126.6211578,45.7657691
11245,126.6203102,45.7675769
11246,126.6196040,45.7692825
11247,126.6188821,45.7710637
11248,126.6187813,45.7713207
11249,126.7166333,45.7417086
11250,126.7165113,45.7412484
11251,126.5152992,45.6919288
11252,126.5504640,45.6285002
11253,126.5802611,45.7343262
11254,126.5771664,45.7367193
11255,126.5784330,45.7357399
11256,126.6900901,45.8051519
11257,126.5547950,45.7177105
11258,126.6191770,45.7278747
11259,126.6541131,45.6583161
11260,126.5982358,45.8342438
11261,126.6384988,45.7351603
11262,126.5104888,45.7959935
11263,126.5106950,45.7957010
11264,126.5357926,45.6688345
11265,126.5363651,45.6696656
11266,126.5370072,45.6704084
11267,126.5411069,45.6753682
11268,126.6661457,45.7103923
11269,126.6640803,45.7111376
11270,126.6681224,45.6718065
11271,126.6720599,45.6722699
11272,126.6720379,45.7892246
11273,126.6492111,45.7701536
11274,126.6677620,45.7878654
11275,126.6634979,45.7841366
11276,126.6576972,45.7790368
11277,126.6540084,45.7758488
11278,126.5647802,45.6988702
11279,126.5675698,45.6970615
11280,126.5716058,45.6944298
11281,126.5750972,45.6919597
11282,126.6993629,45.7967367
11283,126.6999038,45.7980971
11284,126.6986175,45.7962231
11285,126.6987228,45.7975970
11286,126.5835902,45.7412245
11287,126.5832057,45.7419454
11288,126.5375802,45.6772589
11289,126.5687959,45.7396688
11290,126.6993116,45.7667703
11291,126.7003459,45.7662787
11292,126.6444442,45.7422126
11293,126.7179155,45.7365650
11294,126.6309800,45.7219332
11295,126.5945091,45.7615238
11296,126.6436487,45.7513571
11297,126.6572895,45.7404318
11298,126.6608019,45.7375332
11299,126.6611342,45.7372641
11300,126.6611945,45.7372143
11301,126.6623238,45.7362262
11302,126.6644375,45.7342905
11303,126.6651789,45.7333115
11304,126.6807682,45.7300297
11305,126.6450492,45.7173050
11306,126.7002070,45.7469429
11307,126.7021925,45.7470668
11308,126.5459624,45.8162130
11309,126.5457684,45.8168136
11310,126.5455162,45.8175946
11311,126.5439169,45.8213669
11312,126.5429348,45.8230669
11313,126.5420669,45.8245786
11314,126.5376416,45.8303945
11315,126.5375834,45.8304746
11316,126.6891041,45.7030989
11317,126.6903346,45.7028921
11318,126.4897344,45.8235924
11319,126.5248051,45.8234781
11320,126.5016742,45.8235677
11321,126.5059048,45.8235640
11322,126.5068908,45.8235566
11323,126.5094286,45.8235170
11324,126.5122865,45.8235196
11325,126.6384084,45.7442848
11326,126.6370575,45.7444714
11327,126.6196399,45.6639116
11328,126.6224288,45.6641603
11329,126.5078154,45.7985494
11330,126.6236968,45.7169444
11331,126.6243056,45.7162277
11332,126.6096123,45.6954380
11333,126.6324128,45.6978810
11334,126.6195018,45.6965104
11335,126.6196179,45.6965229
11336,126.6260343,45.6972119
11337,126.6282294,45.6973972
11338,126.6315534,45.6977721
11339,126.5633330,45.7086648
11340,126.5634612,45.7088048
11341,126.6655274,45.7577448
11342,126.5981764,45.6770240
11343,126.5903428,45.6783991
11344,126.5799771,45.6799816
11345,126.5966286,45.7676542
11346,126.7775195,45.7304316
11347,126.7715610,45.7373945
11348,126.6266600,45.7080491
11349,126.6275688,45.7091453
11350,126.7517311,45.7142055
11351,126.6392769,45.7797904
11352,126.6482543,45.7825952
11353,126.6425899,45.7809640
11354,126.6443817,45.7815443
11355,126.7234439,45.7131517
11356,126.6925254,45.7501647
11357,126.5768300,45.8068719
11358,126.6801732,45.7263223
11359,126.7107838,45.6833254
11360,126.7162388,45.6879595
11361,126.6530385,45.7341624
11362,126.6552097,45.7372606
11363,126.5350037,45.7019777
11364,126.5327447,45.7018495
11365,126.5335973,45.7021135
11366,126.6455136,45.7398345
11367,126.6455542,45.7403051
11368,126.6261678,45.7624572
11369,126.5411240,45.7033927
11370,126.5347616,45.7011127
11371,126.5314266,45.7000998
11372,126.7104810,45.7374925
11373,126.7125591,45.7378673
11374,126.7114167,45.7376691
11375,126.5086961,45.6927780
11376,126.5874135,45.6547846
11377,126.6501400,45.7537976
11378,126.6511394,45.7532420
11379,126.6538828,45.7517101
11380,126.6575082,45.7488018
11381,126.5713290,45.7401747
11382,126.6264593,45.6923272
11383,126.6267440,45.6921929
11384,126.6266675,45.6924116
11385,126.6264822,45.6923599
11386,126.6250856,45.7145861
11387,126.6255679,45.7144968
11388,126.6780188,45.7771407
11389,126.6285158,45.8173970
11390,126.6069407,45.8084759
11391,126.6283152,45.8173260
11392,126.6246384,45.8159482
11393,126.6244943,45.8158984
11394,126.6181546,45.8135755
11395,126.6180119,45.8135263
11396,126.6148272,45.8123598
11397,126.6126935,45.8116290
11398,126.6069980,45.8084846
11399,126.6414994,45.7763310
11400,126.6138375,45.7129763
11401,126.6891997,45.7941559
11402,126.7015928,45.7906726
11403,126.7009196,45.7933383
11404,126.7012051,45.7921956
11405,126.7014906,45.7910481
11406,126.6253544,45.7137958
11407,126.6274048,45.7128695
11408,126.7330918,45.7254836
11409,126.6723426,45.7088299
11410,126.6816305,45.7070882
11411,126.6745356,45.7084187
11412,126.6344075,45.7365683
11413,126.6340750,45.7363559
11414,126.6867452,45.7934787
11415,126.6901128,45.7886659
11416,126.6879637,45.7917367
11417,126.6885732,45.7909099
11418,126.7211606,45.7272274
11419,126.7239555,45.7309820
11420,126.6109708,45.7669704
11421,126.6105165,45.7678155
11422,126.6100490,45.7687428
11423,126.6095490,45.7696298
11424,126.6085431,45.7714144
11425,126.6080428,45.7723020
11426,126.6075298,45.7732119
11427,126.6069174,45.7742983
11428,126.5565971,45.8245280
11429,126.5569437,45.8246271
11430,126.5614699,45.8259262
11431,126.5956300,45.7509586
11432,126.7747960,45.7688014
11433,126.7496678,45.7356775
11434,126.5772554,45.6869856
11435,126.6637721,45.7108881
11436,126.6987336,45.7668658
11437,126.5505978,45.8348394
11438,126.5514733,45.8337089
11439,126.7584856,45.7561194
11440,126.7585307,45.7562333
11441,126.6791012,45.7893425
11442,126.6787032,45.7900454
11443,126.7012066,45.7648868
11444,126.6844787,45.6785807
11445,126.6832433,45.6801608
11446,126.6834567,45.6792129
11447,126.6430335,45.8158594
11448,126.6531474,45.8161948
11449,126.6457885,45.8141379
11450,126.6508421,45.8155058
11451,126.7340677,45.7022712
11452,126.7503965,45.7013429
11453,126.5928524,45.7327299
11454,126.5994747,45.7297385
11455,126.5958429,45.7313015
11456,126.5553374,45.7146153
11457,126.5348593,45.6542125
11458,126.6153179,45.7615331
11459,126.6115503,45.7541675
11460,126.5426903,45.7428749
11461,126.6846628,45.7240612
11462,126.6848020,45.7248373
11463,126.6765971,45.7842529
11464,126.6738024,45.7833598
11465,126.7013614,45.6761489
11466,126.5899577,45.7411300
11467,126.5950024,45.7465872
11468,126.5981352,45.7499431
11469,126.6006207,45.7526354
11470,126.7475831,45.7695230
11471,126.6295873,45.7424150
11472,126.6317607,45.7442481
11473,126.6329308,45.7452356
11474,126.6648506,45.7563679
11475,126.5422125,45.7422673
11476,126.5429351,45.7419865
11477,126.6332906,45.7162101
11478,126.6921143,45.7503777
11479,126.6920042,45.7502806
11480,126.6722443,45.7579867
11481,126.6725121,45.7561339
11482,126.6878437,45.7588316
11483,126.6881634,45.7588759
11484,126.6189387,45.6994864
11485,126.6776297,45.6711446
11486,126.6906127,45.7518522
11487,126.6913316,45.7516946
11488,126.5065603,45.7220686
11489,126.5067080,45.7224629
11490,126.6192338,45.7501109
11491,126.6209607,45.7506255
11492,126.6194559,45.7501771
11493,126.5888323,45.7806771
11494,126.5874945,45.7801069
11495,126.5716872,45.7126636
11496,126.5708453,45.7131978
11497,126.6964653,45.7975732
11498,126.7023958,45.7946198
11499,126.6980821,45.7983210
11500,126.6996408,45.7963567
11501,126.6997987,45.7961363
11502,126.7016679,45.7955892
11503,126.6422700,45.7231210
11504,126.6619721,45.7412965
11505,126.6611575,45.7413414
11506,126.6696174,45.7725357
11507,126.6699222,45.7664491
11508,126.6697768,45.7695760
11509,126.6758903,45.7656699
11510,126.6760414,45.7650658
11511,126.6089744,45.8200515
11512,126.6014569,45.8172690
11513,126.6068114,45.8192503
11514,126.6015472,45.8173003
11515,126.6148725,45.7334555
11516,126.6190408,45.7370655
11517,126.6179475,45.7361187
11518,126.6168419,45.7351612
11519,126.6167633,45.7350931
11520,126.6753821,45.7883391
11521,126.5410323,45.7403733
11522,126.5409407,45.7406553
11523,126.7242449,45.7664480
11524,126.7308310,45.7395493
11525,126.7243386,45.7659939
11526,126.7211233,45.7313934
11527,126.7183978,45.6955249
11528,126.7173081,45.6918837
11529,126.5771548,45.7790598
11530,126.7100518,45.6776352
11531,126.7092585,45.6781626
11532,126.6782590,45.7387858
11533,126.6801045,45.7476598
11534,126.6790029,45.7413927
11535,126.6790219,45.7414570
11536,126.6799002,45.7442918
11537,126.6804443,45.7462611
11538,126.6804247,45.7463416
11539,126.6866990,45.7505088
11540,126.6867401,45.7503429
11541,126.7018387,45.7415240
11542,126.6951958,45.7436590
11543,126.6930677,45.7435821
11544,126.6942733,45.7434142
11545,126.6954497,45.7439487
11546,126.5720582,45.8164670
11547,126.5722518,45.8163361
11548,126.5653937,45.8032245
11549,126.5740061,45.8047625
11550,126.5873292,45.8067936
11551,126.5950689,45.7378328
11552,126.6465855,45.8223436
11553,126.6495536,45.8175449
11554,126.6477616,45.8204399
11555,126.6467160,45.8221291
11556,126.6247226,45.7399001
11557,126.6243192,45.7395708
11558,126.6244544,45.7396806
11559,126.5322175,45.6832579
11560,126.5321243,45.6833950
11561,126.5305366,45.6865198
11562,126.5304529,45.6880411
11563,126.5308888,45.6907748
11564,126.5751814,45.7468222
11565,126.5749026,45.7467904
11566,126.5750499,45.7473115
11567,126.6397598,45.6853762
11568,126.6386945,45.6903583
11569,126.6396235,45.6859385
11570,126.5465600,45.8151147
11571,126.5984056,45.7255722
11572,126.6308365,45.8170613
11573,126.7014214,45.7842471
11574,126.7003791,45.7841129
11575,126.7825031,45.7722107
11576,126.7768044,45.7765267
11577,126.5845708,45.6979964
11578,126.6267767,45.7252399
11579,126.6265131,45.7253338
11580,126.6234487,45.7264206
11581,126.6205459,45.7274116
11582,126.6105486,45.7308105
11583,126.6097184,45.7311011
11584,126.6092707,45.7312460
11585,126.5623728,45.8183305
11586,126.5627175,45.8183486
11587,126.5692930,45.8187655
11588,126.5768141,45.8207706
11589,126.5780174,45.8216043
11590,126.5792204,45.8229383
11591,126.5803568,45.8242041
11592,126.6567026,45.7659396
11593,126.6570659,45.7657343
11594,126.6832247,45.6903245
11595,126.5567509,45.8007223
11596,126.6095827,45.7005897
11597,126.6106977,45.7007495
11598,126.5643497,45.7169673
11599,126.5683731,45.7142359
11600,126.5338610,45.8066562
11601,126.7078386,45.7137092
11602,126.7017153,45.7125640
11603,126.7019232,45.7141589
11604,126.5784944,45.6993862
11605,126.5760001,45.7003733
11606,126.5752679,45.7006927
11607,126.6142569,45.6737401
11608,126.6143665,45.6737510
11609,126.6611562,45.6966684
11610,126.6612222,45.6970555
11611,126.6659226,45.6966697
11612,126.7132700,45.8043899
11613,126.7136651,45.8048097
11614,126.7229035,45.8183495
11615,126.6910713,45.7487477
11616,126.7295623,45.7142359
11617,126.7343742,45.7135204
11618,126.7315554,45.7139305
11619,126.7325673,45.7137851
11620,126.7334057,45.7136646
11621,126.6265310,45.7290148
11622,126.6273698,45.7287239
11623,126.6513829,45.7559498
11624,126.6483221,45.7532869
11625,126.6505196,45.7551972
11626,126.5211394,45.8064661
11627,126.5201988,45.8067545
11628,126.5804179,45.7126620
11629,126.5885699,45.6727025
11630,126.5876229,45.6690511
11631,126.5883765,45.6720294
11632,126.5876948,45.6694300
11633,126.5876822,45.6693638
11634,126.6596710,45.7739391
11635,126.6598818,45.7741241
11636,126.6600573,45.7742781
11637,126.6602509,45.7744499
11638,126.6604533,45.7746273
11639,126.6608948,45.7750144
11640,126.6614571,45.7755073
11641,126.6616654,45.7756899
11642,126.5312292,45.8196702
11643,126.5302658,45.8220230
11644,126.5322913,45.8196015
11645,126.5335380,45.8204354
11646,126.5321851,45.8219172
11647,126.5327337,45.8131917
11648,126.5366786,45.8134191
11649,126.5345999,45.8132499
11650,126.5365108,45.8131930
11651,126.5367317,45.8131864
11652,126.6846945,45.7248390
11653,126.6692666,45.7187613
11654,126.6685917,45.7177048
11655,126.6656987,45.7131948
11656,126.6717692,45.6799576
11657,126.6723666,45.6704120
11658,126.6719267,45.6729714
11659,126.6719646,45.6727717
11660,126.6937512,45.7427011
11661,126.6035193,45.7217032
11662,126.5372107,45.7343874
11663,126.6407355,45.7352287
11664,126.6756244,45.7002075
11665,126.5587160,45.8106353
11666,126.7447280,45.7537484
11667,126.5743062,45.7447565
11668,126.6527236,45.6796309
11669,126.6403045,45.7384631
11670,126.6474821,45.7269610
11671,126.5870402,45.7178493
11672,126.5851654,45.7203382
11673,126.5554928,45.8135422
11674,126.5549729,45.8135012
11675,126.5547140,45.8134875
11676,126.5539475,45.8134486
11677,126.6586512,45.7777215
11678,126.5705607,45.7759161
11679,126.6566357,45.7827211
11680,126.6542031,45.7796239
11681,126.6530848,45.7781832
11682,126.6522292,45.7773407
11683,126.6513932,45.7765962
11684,126.6499250,45.7752438
11685,126.6485479,45.7737445
11686,126.6362901,45.7046857
11687,126.6392034,45.7142112
11688,126.6463702,45.7115049
11689,126.6434261,45.7125059
11690,126.6416355,45.7133032
11691,126.7129760,45.8055013
11692,126.7061659,45.8099677
11693,126.7065952,45.8096910
11694,126.6779479,45.6870296
11695,126.7309370,45.7905009
11696,126.5158739,45.6911163
11697,126.5156723,45.6909157
11698,126.5161733,45.6905872
11699,126.5164881,45.6908479
11700,126.5162238,45.6911352
11701,126.5140305,45.7426561
11702,126.7199261,45.7344360
11703,126.7190808,45.7337914
11704,126.6307602,45.7161206
11705,126.6317664,45.7157760
11706,126.7765832,45.7035269
11707,126.5998864,45.7600527
11708,126.6392048,45.7396125
11709,126.7443250,45.6732044
11710,126.7516354,45.6710932
11711,126.7455132,45.6728613
11712,126.7467018,45.6725180
11713,126.7480162,45.6721385
11714,126.5249765,45.8067347
11715,126.7272183,45.7120038
11716,126.7285091,45.7074072
11717,126.5776598,45.7264029
11718,126.6442246,45.7269090
11719,126.6468247,45.7260196
11720,126.6427273,45.7225539
11721,126.6392885,45.7861490
11722,126.6396765,45.7858326
11723,126.6410972,45.7370643
11724,126.6726553,45.7454422
11725,126.5122745,45.7983303
11726,126.5878555,45.6756425
11727,126.5701594,45.6767567
11728,126.5200027,45.7444389
11729,126.4754107,45.7352421
11730,126.5182660,45.7441850
11731,126.6448770,45.7189445
11732,126.6182918,45.7534287
11733,126.6264044,45.7207512
11734,126.6234018,45.7165376
11735,126.6257997,45.7198237
11736,126.6250005,45.7187195
11737,126.6272703,45.7250684
11738,126.7730388,45.7807016
11739,126.7721554,45.7822419
11740,126.5718633,45.8398494
11741,126.5717206,45.8412030
11742,126.7045787,45.7510176
11743,126.7045435,45.7512550
11744,126.7043200,45.7523362
11745,126.7038475,45.7542299
11746,126.7024908,45.7596707
11747,126.5283713,45.7299776
11748,126.5291248,45.7302089
11749,126.7622813,45.8346379
11750,126.7220547,45.7384574
11751,126.7254738,45.7260255
11752,126.5857170,45.7596287
11753,126.5856579,45.7364015
11754,126.6494035,45.6583142
11755,126.6505658,45.6541039
11756,126.6495334,45.6578220
11757,126.6497688,45.6569852
11758,126.6500402,45.6560204
11759,126.6532441,45.7443419
11760,126.6529064,45.7442745
11761,126.6162561,45.7459891
11762,126.6250752,45.7568495
11763,126.6246068,45.7563303
11764,126.6242242,45.7559227
11765,126.6240395,45.7557006
11766,126.6200559,45.7511092
11767,126.6190943,45.7499345
11768,126.5851393,45.8185065
11769,126.5784161,45.8152381
11770,126.5728845,45.8145562
11771,126.5698112,45.8144057
11772,126.5628703,45.8140142
11773,126.5618181,45.8139456
11774,126.5936536,45.7488034
11775,126.5947964,45.7482628
11776,126.6007224,45.7280500
11777,126.6620246,45.7416716
11778,126.6612104,45.7417727
11779,126.5623120,45.7258331
11780,126.6409771,45.8188604
11781,126.7384505,45.7121097
11782,126.7446052,45.7117137
11783,126.7444800,45.7117239
11784,126.7392056,45.7120687
11785,126.7389606,45.7120841
11786,126.6221486,45.7629028
11787,126.6177120,45.7732760
11788,126.6186826,45.7710350
11789,126.6194689,45.7692543
11790,126.6201815,45.7675618
11791,126.6209410,45.7657217
11792,126.6212409,45.7649608
11793,126.7078180,45.7446445
11794,126.7070741,45.7447486
11795,126.7059600,45.7449045
11796,126.6600481,45.7370165
11797,126.4953754,45.7404908
11798,126.5164043,45.7252192
11799,126.5122417,45.7276162
11800,126.5118368,45.7278893
11801,126.5094565,45.7294947
11802,126.4964267,45.7390141
11803,126.6608111,45.7489870
11804,126.5419446,45.8315891
11805,126.6181886,45.7032279
11806,126.6267915,45.7041548
11807,126.7231754,45.7460173
11808,126.7450222,45.6589483
11809,126.6635478,45.7105666
11810,126.7798632,45.7708551
11811,126.7755649,45.7763507
11812,126.6742261,45.6872215
11813,126.6758340,45.6871079
11814,126.6748243,45.6870923
11815,126.5969603,45.7429229
11816,126.7063817,45.7193414
11817,126.6763610,45.7786617
11818,126.6195896,45.6500490
11819,126.6168411,45.6627047
11820,126.6170484,45.6617307
11821,126.5544160,45.8160628
11822,126.5541856,45.8178955
11823,126.5543887,45.8162823
11824,126.6816237,45.7510916
11825,126.5850661,45.7465453
11826,126.5843223,45.7454868
11827,126.5841469,45.7453541
11828,126.5853678,45.7464324
11829,126.6214251,45.7582854
11830,126.7566389,45.7704128
11831,126.7550097,45.7720264
11832,126.6660402,45.6736659
11833,126.6652596,45.6720359
11834,126.6250839,45.6913224
11835,126.6249806,45.6916252
11836,126.5306387,45.6847772
11837,126.5590934,45.6972688
11838,126.7058876,45.7147764
11839,126.7065465,45.7172591
11840,126.7062267,45.7169120
11841,126.7061182,45.7166503
11842,126.7062655,45.7160414
11843,126.7010257,45.7668893
11844,126.5475145,45.7208384
11845,126.6015163,45.8172101
11846,126.6090133,45.8199939
11847,126.6016042,45.8172423
11848,126.6068555,45.8191950
11849,126.6271097,45.7248139
11850,126.5759321,45.7411431
11851,126.5721704,45.7405877
11852,126.5224780,45.8020719
11853,126.6977992,45.7941724
11854,126.6978787,45.7929321
11855,126.5695819,45.8163346
11856,126.5782685,45.8168309
11857,126.5711215,45.8164268
11858,126.5724637,45.8164989
11859,126.7164714,45.6879922
11860,126.7177517,45.6918207
11861,126.7214579,45.7043706
11862,126.7215294,45.7045741
11863,126.7215902,45.7047648
11864,126.7014095,45.6832705
11865,126.7019118,45.6828847
11866,126.6412354,45.8395965
11867,126.5909143,45.8265827
11868,126.6364849,45.6523761
11869,126.6367585,45.6523980
11870,126.7066240,45.7170629
11871,126.5889895,45.7504604
11872,126.6275204,45.7266787
11873,126.6321123,45.7255772
11874,126.6287451,45.7266814
11875,126.6300332,45.7263076
11876,126.6311852,45.7259101
11877,126.5419840,45.7076865
11878,126.5387050,45.7066351
11879,126.6262408,45.6962545
11880,126.5754142,45.7786012
11881,126.5721775,45.7484947
11882,126.5765929,45.7490485
11883,126.5755279,45.7488178
11884,126.5398446,45.6688462
11885,126.5929785,45.7251515
11886,126.6880226,45.7962975
11887,126.6878077,45.7966332
11888,126.6189663,45.7635633
11889,126.6196416,45.7636917
11890,126.7118554,45.7204089
11891,126.6806341,45.7021542
11892,126.6686324,45.7467771
11893,126.5702402,45.7275815
11894,126.5745228,45.7240347
11895,126.6780796,45.7235755
11896,126.6783381,45.7222674
11897,126.6252592,45.7457338
11898,126.6247729,45.7457437
11899,126.6048250,45.7198237
11900,126.6054791,45.7196546
11901,126.5784700,45.7041445
11902,126.6990841,45.7417081
11903,126.5191426,45.7313947
11904,126.5191699,45.7303756
11905,126.6709260,45.7347771
11906,126.6709603,45.7347088
11907,126.6104438,45.7016247
11908,126.7201333,45.7826668
11909,126.5628145,45.8276139
11910,126.5482048,45.7994570
11911,126.5544113,45.8000736
11912,126.5647513,45.8030352
11913,126.6413429,45.8144816
11914,126.6428984,45.8148885
11915,126.6416355,45.8145560
11916,126.6534089,45.7144435
11917,126.6816791,45.7039902
11918,126.6063963,45.8078821
11919,126.6364719,45.7635164
11920,126.6421733,45.7602868
11921,126.6381037,45.7625914
11922,126.6380481,45.7626172
11923,126.6035742,45.7925358
11924,126.6328033,45.7525469
11925,126.6308397,45.7536615
11926,126.5879608,45.7916846
11927,126.6760229,45.7385634
11928,126.6743527,45.7380614
11929,126.5953114,45.7835219
11930,126.5933833,45.7856131
11931,126.5946308,45.7842681
11932,126.5948942,45.7839744
11933,126.5535145,45.8337865
11934,126.5681910,45.7859275
11935,126.5961401,45.7143780
11936,126.5968480,45.7144488
11937,126.7850078,45.7520785
11938,126.7608012,45.7491313
11939,126.7625975,45.7493648
11940,126.7711552,45.7503893
11941,126.7767278,45.7510813
11942,126.7768257,45.7510933
11943,126.6389940,45.7667218
11944,126.6412648,45.7673545
11945,126.5452799,45.8162361
11946,126.5449498,45.8150750
11947,126.6797713,45.7660094
11948,126.6809150,45.7018472
11949,126.6796990,45.7031498
11950,126.6019927,45.7729977
11951,126.6001009,45.7747409
11952,126.6014737,45.7734653
11953,126.6009211,45.7739800
11954,126.6004795,45.7743913
11955,126.5200899,45.7435160
11956,126.5910031,45.7367962
11957,126.5864219,45.7329716
11958,126.7054026,45.7757029
11959,126.6918289,45.7740986
11960,126.6933399,45.7742843
11961,126.6958831,45.7745969
11962,126.6802065,45.7022779
11963,126.6804314,45.7020187
11964,126.6238188,45.7748651
11965,126.6248283,45.7750637
11966,126.7179419,45.7407359
11967,126.5458570,45.6737177
11968,126.5026488,45.7962393
11969,126.5041123,45.7966903
11970,126.7715709,45.6759426
11971,126.7490055,45.6655739
11972,126.7522003,45.6710673
11973,126.7600954,45.6730450
11974,126.7554905,45.7610121
11975,126.7023531,45.7805312
11976,126.5805204,45.7246357
11977,126.7750687,45.7753065
11978,126.6838314,45.7138219
11979,126.6835273,45.7128916
11980,126.6639729,45.7668253
11981,126.6657037,45.7657029
11982,126.6642704,45.7667811
11983,126.6656501,45.7661669
11984,126.6117383,45.7336149
11985,126.6123350,45.7343612
11986,126.6145903,45.7363140
11987,126.6146709,45.7363894
11988,126.6157706,45.7373513
11989,126.6168756,45.7383026
11990,126.5130569,45.8046140
11991,126.5120952,45.8047879
11992,126.6900790,45.7486634
11993,126.6906935,45.7487154
11994,126.6904998,45.7487003
11995,126.6455880,45.7670406
11996,126.6544452,45.7619345
11997,126.6482560,45.7654951
11998,126.6509523,45.7639415
11999,126.6529652,45.7627668
12000,126.7440565,45.7581479
12001,126.6378263,45.6633172
12002,126.7234025,45.7721359
12003,126.7225181,45.7752218
12004,126.6716876,45.7589422
12005,126.6696628,45.7589413
12006,126.6714669,45.7598851
12007,126.6712914,45.7603551
12008,126.6027719,45.7696209
12009,126.6075019,45.8139067
12010,126.7373608,45.6786023
12011,126.7432781,45.6768524
12012,126.7460629,45.6760078
12013,126.7394683,45.6555927
12014,126.7427579,45.6566082
12015,126.6947267,45.7920936
12016,126.6982603,45.7929427
12017,126.6287569,45.7476232
12018,126.6285961,45.7483905
12019,126.5927105,45.7852985
12020,126.5339560,45.7205244
12021,126.5337484,45.7197446
12022,126.5331900,45.7177251
12023,126.6994146,45.7676380
12024,126.7595649,45.7941677
12025,126.7551864,45.7927018
12026,126.7570338,45.7931844
12027,126.5578324,45.7815769
12028,126.5584864,45.7819197
12029,126.5644885,45.7848204
12030,126.5749918,45.7906145
12031,126.5755027,45.7906285
12032,126.6192337,45.6757575
12033,126.6197967,45.6731306
12034,126.5872308,45.7525754
12035,126.6364320,45.7348194
12036,126.5615283,45.6916027
12037,126.6436339,45.7663259
12038,126.6438361,45.7664035
12039,126.6291095,45.7628304
12040,126.6260975,45.7625760
12041,126.6534079,45.7718760
12042,126.6542218,45.7725999
12043,126.6537627,45.7721915
12044,126.6863323,45.7503757
12045,126.6878697,45.7500666
12046,126.5725517,45.7732536
12047,126.5719178,45.7733086
12048,126.7000580,45.7850209
12049,126.7011983,45.7851501
12050,126.7006656,45.7850898
12051,126.6262332,45.7175002
12052,126.6246255,45.7141405
12053,126.6251174,45.7159494
12054,126.6250511,45.7158525
12055,126.6245890,45.7146561
12056,126.6280398,45.7416127
12057,126.5544624,45.8157016
12058,126.6284240,45.7097506
12059,126.6219321,45.8193096
12060,126.6220592,45.8193582
12061,126.6258451,45.8207557
12062,126.5271895,45.8002125
12063,126.6243808,45.7558344
12064,126.5374563,45.7456789
12065,126.6666724,45.7836555
12066,126.6720659,45.7825852
12067,126.6682368,45.7833904
12068,126.6710954,45.7827713
12069,126.6822525,45.7481881
12070,126.6822066,45.7483636
12071,126.5010826,45.8439811
12072,126.5622419,45.7449647
12073,126.5820923,45.7347248
12074,126.7074630,45.7557281
12075,126.7058052,45.7555296
12076,126.5346394,45.8141112
12077,126.5201919,45.8126177
12078,126.5192648,45.7401407
12079,126.6467135,45.7714592
12080,126.6979645,45.7418459
12081,126.6982748,45.7429665
12082,126.6439305,45.7236624
12083,126.6450643,45.7252830
12084,126.5756352,45.7909334
12085,126.5753999,45.7908208
12086,126.5962690,45.7218233
12087,126.6566533,45.7541643
12088,126.5621754,45.7155198
12089,126.6523474,45.7685687
12090,126.7073776,45.6853378
12091,126.6221123,45.7591348
12092,126.4956073,45.8124113
12093,126.5098032,45.8124497
12094,126.5015501,45.8124303
12095,126.7699371,45.7206530
12096,126.6431996,45.7519981
12097,126.6734635,45.7541313
12098,126.6733879,45.7546627
12099,126.6733985,45.7545885
12100,126.6735466,45.7535497
12101,126.6736589,45.7520854
12102,126.6742404,45.7535938
12103,126.6741518,45.7541750
12104,126.6578573,45.7728312
12105,126.6575069,45.7720462
12106,126.7004600,45.7858694
12107,126.7007963,45.7866787
12108,126.7004002,45.7860990
12109,126.6742086,45.7787202
12110,126.5628358,45.7357210
12111,126.5628645,45.7356360
12112,126.5620936,45.7361038
12113,126.5623994,45.7349955
12114,126.6677782,45.7878096
12115,126.7169922,45.6896497
12116,126.7229165,45.7098590
12117,126.6283430,45.7442455
12118,126.6276933,45.7444333
12119,126.6604358,45.7655682
12120,126.6785681,45.7783921
12121,126.6805641,45.7728435
12122,126.6787524,45.7778378
12123,126.6792424,45.7764035
12124,126.6618446,45.7707836
12125,126.6631568,45.7690330
12126,126.6628977,45.7708030
12127,126.6134145,45.7405841
12128,126.6418898,45.6756840
12129,126.6398045,45.6852044
12130,126.6398350,45.6850848
12131,126.6413441,45.6782065
12132,126.6415223,45.6773861
12133,126.6416495,45.6767968
12134,126.6417729,45.6762253
12135,126.6623740,45.7655011
12136,126.6640944,45.7655681
12137,126.6626936,45.7655135
12138,126.6151747,45.7064249
12139,126.5834705,45.7449982
12140,126.6488205,45.6577234
12141,126.6493394,45.6559279
12142,126.6490646,45.6568764
12143,126.5015526,45.8125766
12144,126.5015201,45.8099471
12145,126.5805566,45.7064556
12146,126.5820546,45.7054805
12147,126.5832989,45.7038240
12148,126.5838378,45.7012594
12149,126.5840899,45.7000065
12150,126.5844061,45.6986959
12151,126.6483023,45.7705959
12152,126.6485985,45.7704718
12153,126.6490834,45.7702562
12154,126.6189291,45.8311651
12155,126.6338706,45.8366902
12156,126.6220383,45.8323161
12157,126.6231737,45.8327451
12158,126.6255354,45.8336071
12159,126.5772880,45.7324098
12160,126.6168543,45.6618502
12161,126.5810013,45.8094255
12162,126.5823358,45.8089634
12163,126.5100102,45.8074415
12164,126.5100391,45.8073660
12165,126.5114604,45.8047260
12166,126.5118179,45.8042059
12167,126.5464101,45.8135792
12168,126.6701187,45.7589415
12169,126.6812410,45.7268581
12170,126.6813903,45.7264990
12171,126.6648648,45.7299587
12172,126.6476360,45.7359208
12173,126.6491971,45.7353878
12174,126.6527293,45.7341602
12175,126.6528564,45.7341160
12176,126.6529773,45.7340787
12177,126.6530820,45.7340462
12178,126.6575485,45.7325263
12179,126.6621491,45.7308772
12180,126.7510097,45.7354156
12181,126.5548939,45.7443948
12182,126.5541392,45.7463259
12183,126.5019862,45.6916467
12184,126.4980228,45.6979354
12185,126.5001751,45.6946005
12186,126.6111526,45.6623915
12187,126.7522722,45.7521585
12188,126.5436818,45.8383669
12189,126.5333979,45.6843180
12190,126.5381021,45.6813239
12191,126.5335256,45.6842353
12192,126.7800424,45.6755588
12193,126.5925472,45.7260787
12194,126.5930033,45.7253714
12195,126.5925042,45.7260212
12196,126.7181253,45.7223618
12197,126.5652334,45.7245495
12198,126.5529149,45.7479041
12199,126.5617712,45.7277212
12200,126.5616648,45.7278024
12201,126.5576019,45.7329705
12202,126.5573177,45.7374809
12203,126.5571426,45.7382416
12204,126.5546292,45.7439385
12205,126.5536112,45.7462506
12206,126.5532961,45.7467511
12207,126.5529563,45.7477364
12208,126.6278298,45.6992512
12209,126.5671302,45.6822625
12210,126.6728112,45.7437594
12211,126.6740191,45.7439703
12212,126.6291009,45.7391277
12213,126.5489798,45.6727382
12214,126.6244965,45.7312590
12215,126.6227406,45.7320644
12216,126.6101338,45.7163374
12217,126.5800784,45.7362045
12218,126.7345928,45.7134865
12219,126.6200504,45.7600817
12220,126.6188938,45.7599827
12221,126.6187510,45.7599787
12222,126.4789312,45.8013834
12223,126.5558847,45.8134028
12224,126.5499219,45.8130603
12225,126.5549919,45.8133556
12226,126.5547234,45.8133485
12227,126.6125309,45.8153567
12228,126.6045741,45.8130553
12229,126.6103379,45.8147278
12230,126.6046599,45.8130844
12231,126.6158724,45.6670561
12232,126.7192812,45.7883311
12233,126.5748681,45.7006757
12234,126.5743725,45.6993141
12235,126.5753082,45.6969868
12236,126.6969226,45.7591980
12237,126.6970750,45.7586199
12238,126.5785756,45.7221647
12239,126.6507012,45.6654756
12240,126.6511790,45.6660915
12241,126.6302526,45.7124126
12242,126.6286492,45.7122475
12243,126.5896589,45.6765721
12244,126.6156953,45.7141624
12245,126.7461296,45.7236318
12246,126.6007535,45.7888767
12247,126.5894562,45.7838308
12248,126.5982786,45.7877808
12249,126.5973738,45.7873801
12250,126.7082652,45.6779363
12251,126.7109966,45.6766995
12252,126.7237166,45.7459239
12253,126.6477711,45.7479508
12254,126.6362947,45.7553498
12255,126.6361359,45.7550812
12256,126.6654919,45.7309062
12257,126.6662190,45.7313910
12258,126.5010456,45.8044643
12259,126.7258917,45.7195605
12260,126.5214631,45.7011396
12261,126.6304169,45.7419298
12262,126.6535567,45.7351379
12263,126.6534421,45.7351759
12264,126.6529518,45.7353378
12265,126.6516741,45.7357756
12266,126.6074940,45.8220176
12267,126.5993191,45.8189584
12268,126.6053062,45.8212052
12269,126.6026009,45.8201939
12270,126.5993851,45.8189966
12271,126.7171699,45.8145292
12272,126.6043271,45.8328004
12273,126.6045639,45.8324745
12274,126.5955289,45.7011711
12275,126.6367580,45.7217928
12276,126.5809501,45.6927004
12277,126.5825686,45.6938197
12278,126.5850114,45.6968190
12279,126.5843090,45.7000313
12280,126.5834632,45.7038485
12281,126.5821279,45.7055648
12282,126.5806575,45.7065590
12283,126.6614876,45.7501716
12284,126.5573408,45.7720762
12285,126.5592157,45.7721829
12286,126.6145057,45.7208607
12287,126.5741203,45.7696398
12288,126.6250780,45.7421433
12289,126.6253567,45.7407748
12290,126.6744076,45.7275224
12291,126.6468269,45.6942732
12292,126.6457252,45.6997278
12293,126.6459121,45.6988026
12294,126.5955261,45.7012600
12295,126.5929073,45.7010004
12296,126.6189191,45.7816234
12297,126.6429848,45.8209804
12298,126.6078817,45.7678335
12299,126.6073307,45.7680263
12300,126.6058684,45.7685378
12301,126.6052924,45.7687392
12302,126.6562556,45.7137695
12303,126.6688003,45.7471463
12304,126.6685931,45.7471016
12305,126.5959327,45.7120176
12306,126.5959928,45.7150267
12307,126.7256607,45.7581114
12308,126.5761030,45.6612500
12309,126.7670787,45.7379382
12310,126.7627485,45.7489703
12311,126.7628844,45.7486154
12312,126.7656012,45.7418532
12313,126.7668381,45.7386043
12314,126.5578537,45.7126994
12315,126.5490764,45.7195732
12316,126.5492023,45.7194656
12317,126.5530532,45.7163425
12318,126.5575474,45.7129358
12319,126.5793904,45.7429249
12320,126.6808890,45.7664879
12321,126.6788395,45.7654007
12322,126.6794402,45.7654726
12323,126.6799239,45.7655305
12324,126.6620969,45.7675989
12325,126.6135545,45.7129585
12326,126.6160999,45.7492251
12327,126.6102664,45.7434573
12328,126.6314880,45.7231795
12329,126.6669787,45.7738890
12330,126.6666738,45.7740733
12331,126.6236708,45.7773866
12332,126.7825471,45.6508793
12333,126.5808151,45.7762998
12334,126.6995566,45.7485884
12335,126.6991280,45.7480135
12336,126.5691914,45.7459790
12337,126.5800887,45.6883726
12338,126.6246445,45.7449425
12339,126.6246929,45.7452579
12340,126.6251980,45.7482232
12341,126.6253061,45.7488783
12342,126.5411303,45.8241564
12343,126.5422226,45.8228636
12344,126.5366008,45.7392131
12345,126.5365283,45.7395579
12346,126.5371707,45.7401523
12347,126.6112801,45.7331511
12348,126.6100740,45.7313538
12349,126.7041755,45.7295637
12350,126.7056809,45.7293439
12351,126.6094914,45.7139558
12352,126.6106092,45.7140659
12353,126.6406984,45.7711354
12354,126.5878644,45.6697810
12355,126.5852331,45.6617394
12356,126.5861123,45.6644294
12357,126.6145969,45.6827492
12358,126.6381130,45.7850333
12359,126.6374748,45.7856432
12360,126.6361954,45.7869660
12361,126.7006623,45.7346560
12362,126.7031087,45.7369584
12363,126.7069908,45.7363863
12364,126.6223330,45.7463262
12365,126.6765642,45.7727054
12366,126.6760403,45.7726379
12367,126.6765664,45.7726460
12368,126.5793287,45.7414321
12369,126.6688228,45.7415240
12370,126.6490953,45.7386005
12371,126.5315889,45.6997505
12372,126.5459261,45.8053255
12373,126.5142018,45.8049592
12374,126.5399152,45.8053232
12375,126.5396913,45.8053653
12376,126.5391628,45.8055285
12377,126.5335697,45.8069831
12378,126.5328266,45.8070277
12379,126.5287802,45.8069354
12380,126.5278713,45.8068790
12381,126.5203547,45.8063840
12382,126.6713592,45.7246624
12383,126.6604815,45.7656088
12384,126.6815788,45.6733281
12385,126.6664032,45.7550061
12386,126.6955597,45.7430092
12387,126.6539009,45.7951395
12388,126.7526137,45.7159763
12389,126.7521989,45.7153364
12390,126.6278762,45.7470576
12391,126.6286385,45.7476910
12392,126.6196490,45.6963583
12393,126.6181279,45.7034977
12394,126.6175869,45.7059463
12395,126.6165104,45.7108997
12396,126.6166065,45.7160130
12397,126.6978601,45.7447820
12398,126.6977402,45.7443335
12399,126.6978474,45.7447343
12400,126.5154899,45.7280674
12401,126.5126567,45.7384482
12402,126.5141140,45.7332092
12403,126.5141377,45.7331257
12404,126.5149323,45.7302165
12405,126.5154171,45.7283505
12406,126.6907302,45.7521045
12407,126.6910770,45.7531543
12408,126.5591374,45.8373968
12409,126.5692443,45.8397093
12410,126.6345061,45.7221400
12411,126.6043757,45.7193828
12412,126.6118658,45.7299595
12413,126.6094940,45.7266505
12414,126.5653909,45.7808157
12415,126.5654858,45.7805785
12416,126.6332423,45.8373231
12417,126.6214262,45.8549298
12418,126.6309254,45.8409669
12419,126.6281182,45.8453067
12420,126.6558343,45.7688297
12421,126.6737265,45.7203289
12422,126.6688481,45.7321363
12423,126.6730750,45.7219639
12424,126.6729165,45.7222628
12425,126.6726166,45.7230020
12426,126.6724140,45.7235496
12427,126.6722391,45.7239738
12428,126.6718839,45.7248678
12429,126.6708541,45.7272624
12430,126.6693642,45.7309518
12431,126.6302354,45.7341930
12432,126.6312756,45.7336980
12433,126.6673042,45.7724982
12434,126.6672917,45.7728086
12435,126.5089889,45.7140195
12436,126.5817667,45.8135175
12437,126.5996502,45.8065060
12438,126.6096173,45.7266082
12439,126.7277398,45.7138113
12440,126.7206521,45.7401072
12441,126.5412121,45.7038061
12442,126.5341756,45.7156929
12443,126.5385526,45.7065978
12444,126.5386314,45.7065219
12445,126.7207506,45.7373891
12446,126.5950606,45.7228131
12447,126.5421188,45.8234591
12448,126.5425041,45.8225165
12449,126.6269815,45.7689850
12450,126.6260912,45.7706050
12451,126.6237713,45.7749637
12452,126.6716881,45.7725693
12453,126.6724034,45.7725809
12454,126.6720489,45.7722725
12455,126.7506013,45.7092096
12456,126.7504016,45.7015378
12457,126.6892866,45.7429783
12458,126.6850019,45.7435807
12459,126.6776521,45.7446068
12460,126.6774925,45.7446056
12461,126.6729260,45.7442528
12462,126.6388495,45.7854054
12463,126.6465090,45.7712504
12464,126.5466358,45.8080027
12465,126.6602534,45.7020530
12466,126.5898040,45.6776008
12467,126.5868169,45.6778481
12468,126.5879142,45.6777572
12469,126.6816719,45.7299992
12470,126.6817412,45.7298371
12471,126.7407027,45.8412205
12472,126.7413349,45.8368531
12473,126.7281243,45.7419647
12474,126.7610377,45.7745739
12475,126.6077396,45.7652509
12476,126.7454064,45.6749756
12477,126.7490685,45.6739297
12478,126.5919357,45.7820279
12479,126.5917165,45.7819300
12480,126.5484282,45.8119484
12481,126.6450231,45.7462830
12482,126.6848904,45.7508012
12483,126.6177192,45.7673473
12484,126.6237056,45.7399214
12485,126.6240992,45.7402442
12486,126.6238396,45.7400313
12487,126.6239744,45.7401420
12488,126.6380727,45.7436118
12489,126.6387313,45.7441111
12490,126.6384782,45.7439193
12491,126.6087544,45.7561270
12492,126.7095704,45.7191476
12493,126.7097473,45.7192603
12494,126.7099241,45.7193663
12495,126.7095193,45.7189288
12496,126.6877820,45.7590708
12497,126.5992356,45.7371849
12498,126.6771915,45.7840398
12499,126.6865310,45.7653550
12500,126.6865046,45.7654532
12501,126.6782929,45.7340280
12502,126.6784722,45.7331104
12503,126.5645943,45.8031282
12504,126.5785827,45.8141729
12505,126.6816862,45.7768498
12506,126.7133724,45.7517146
12507,126.6586169,45.6656157
12508,126.6589803,45.6639412
12509,126.6164605,45.6621949
12510,126.6716043,45.7019181
12511,126.6788033,45.6988256
12512,126.6885947,45.7540358
12513,126.6881915,45.7546812
12514,126.5136355,45.7961220
12515,126.6805558,45.7502597
12516,126.6806418,45.7499561
12517,126.6807666,45.7495152
12518,126.7064786,45.7163391
12519,126.5110431,45.6983457
12520,126.5078224,45.7035651
12521,126.5092227,45.7013660
12522,126.6292932,45.7587823
12523,126.6721888,45.7474328
12524,126.6716507,45.7396601
12525,126.6716664,45.7397156
12526,126.6718778,45.7404623
12527,126.6718961,45.7405270
12528,126.6720957,45.7412323
12529,126.6722877,45.7419105
12530,126.6722724,45.7470762
12531,126.6722196,45.7473014
12532,126.6365854,45.7897111
12533,126.6383248,45.7880732
12534,126.6326822,45.6588178
12535,126.6314073,45.6620425
12536,126.6320718,45.6969100
12537,126.6318814,45.6956875
12538,126.6319854,45.6957046
12539,126.6622808,45.7628634
12540,126.6302098,45.7467921
12541,126.6294186,45.7460904
12542,126.6755410,45.7789421
12543,126.6762232,45.7809766
12544,126.6757667,45.7796438
12545,126.6863613,45.7062808
12546,126.5998940,45.7683275
12547,126.5980205,45.7691134
12548,126.6262503,45.7081675
12549,126.5105551,45.7086038
12550,126.6689452,45.7069623
12551,126.6710322,45.7077754
12552,126.5102748,45.7381158
12553,126.5986548,45.7089424
12554,126.6685327,45.6862389
12555,126.5179655,45.7944128
12556,126.5179204,45.7944949
12557,126.5904185,45.7302588
12558,126.5663963,45.7307752
12559,126.5662822,45.7307182
12560,126.5605375,45.7270577
12561,126.5556684,45.7238846
12562,126.5405595,45.7175121
12563,126.6362079,45.7659569
12564,126.6353742,45.7661981
12565,126.6361221,45.7661409
12566,126.6230632,45.7759942
12567,126.5675120,45.7834088
12568,126.5686363,45.7823133
12569,126.5335134,45.7363577
12570,126.6635372,45.7179236
12571,126.6614823,45.7186479
12572,126.6631295,45.7180604
12573,126.7308132,45.7351225
12574,126.7369817,45.7403043
12575,126.7324754,45.7377015
12576,126.6263243,45.7544297
12577,126.5711961,45.7875268
12578,126.5709619,45.7877634
12579,126.6640423,45.7661068
12580,126.6241749,45.7702316
12581,126.6259452,45.7705785
12582,126.6372890,45.7560673
12583,126.6531066,45.7696816
12584,126.6471166,45.7645198
12585,126.6433427,45.7612574
12586,126.6409529,45.7592053
12587,126.6397181,45.7581770
12588,126.5146357,45.7030434
12589,126.6247074,45.8235062
12590,126.6313323,45.8259764
12591,126.6278364,45.8246723
12592,126.6358238,45.7308208
12593,126.6351644,45.7299560
12594,126.5973567,45.6806254
12595,126.7060382,45.7434180
12596,126.7069341,45.7432976
12597,126.5328349,45.7254778
12598,126.5738785,45.7346566
12599,126.5346331,45.7260412
12600,126.5396132,45.7286663
12601,126.5467676,45.7315056
12602,126.5475993,45.7316232
12603,126.5560949,45.7327693
12604,126.5628885,45.7336518
12605,126.5635751,45.7337403
12606,126.5637786,45.7337693
12607,126.5650206,45.7339045
12608,126.5691309,45.7342540
12609,126.6190400,45.6758654
12610,126.6144517,45.6752967
12611,126.6287309,45.7139512
12612,126.6272045,45.7138005
12613,126.6281199,45.7138817
12614,126.6882524,45.7401103
12615,126.6875021,45.7375060
12616,126.6874885,45.7374577
12617,126.6866120,45.7346469
12618,126.6865839,45.7345496
12619,126.6858569,45.7321134
12620,126.6781120,45.7073791
12621,126.7349929,45.6686649
12622,126.7366355,45.6689017
12623,126.6305282,45.7157839
12624,126.6315382,45.7154456
12625,126.5977478,45.7596598
12626,126.5991122,45.7588053
12627,126.6830718,45.7693047
12628,126.6793151,45.7799428
12629,126.6808128,45.7788194
12630,126.6811364,45.7782696
12631,126.6830384,45.7720836
12632,126.6830695,45.7715515
12633,126.6831085,45.7708836
12634,126.6025523,45.7334049
12635,126.5975522,45.7353079
12636,126.5989531,45.7347738
12637,126.6021403,45.7335655
12638,126.6633549,45.6418660
12639,126.6811434,45.7708144
12640,126.6811741,45.7708155
12641,126.6968151,45.7009930
12642,126.6472838,45.6987671
12643,126.6096049,45.7309526
12644,126.6094829,45.7307747
12645,126.5200176,45.8163351
12646,126.5202024,45.8163391
12647,126.5761656,45.7055329
12648,126.7136019,45.7462158
12649,126.7039854,45.7470945
12650,126.6267068,45.7251346
12651,126.6194640,45.7276133
12652,126.7167179,45.7360016
12653,126.7179129,45.7359973
12654,126.7017909,45.7413582
12655,126.6468703,45.6503550
12656,126.6969795,45.8348303
12657,126.5782899,45.7013645
12658,126.5806880,45.7039753
12659,126.5794691,45.7026540
12660,126.6626611,45.7151015
12661,126.5455286,45.8151226
12662,126.5456099,45.8146192
12663,126.5197513,45.7224761
12664,126.5197557,45.7228947
12665,126.6234530,45.7214293
12666,126.6162022,45.7052699
12667,126.6172796,45.7053710
12668,126.5619734,45.7154729
12669,126.6773480,45.7750229
12670,126.6768555,45.7750060
12671,126.6158114,45.8163940
12672,126.6159540,45.8164446
12673,126.5344625,45.7978275
12674,126.5262293,45.7959960
12675,126.7586151,45.7561727
12676,126.6988974,45.7480441
12677,126.6989191,45.7475266
12678,126.6566754,45.7329134
12679,126.6443101,45.7181060
12680,126.6854465,45.7451773
12681,126.6846804,45.7453161
12682,126.5699877,45.7107847
12683,126.5720120,45.7124554
12684,126.5968010,45.7625482
12685,126.6589597,45.7400113
12686,126.6600594,45.7384335
12687,126.6604366,45.7386610
12688,126.7229018,45.7269598
12689,126.6304716,45.7494778
12690,126.6277836,45.7671826
12691,126.6268306,45.7689545
12692,126.6791457,45.6996907
12693,126.5336909,45.8210722
12694,126.5352121,45.8216423
12695,126.6065140,45.7097923
12696,126.6164027,45.7108881
12697,126.6202649,45.7113100
12698,126.6207347,45.7113639
12699,126.6251385,45.7118385
12700,126.6248425,45.8233264
12701,126.6279805,45.8245047
12702,126.6314590,45.8257897
12703,126.7210938,45.7785294
12704,126.6178767,45.7688001
12705,126.5946351,45.7941766
12706,126.6343498,45.6981256
12707,126.6833218,45.7715602
12708,126.6614286,45.7623064
12709,126.5350950,45.6986862
12710,126.5496539,45.7067225
12711,126.5525067,45.7017836
12712,126.5449532,45.8367020
12713,126.5457368,45.8356732
12714,126.6464366,45.7715734
12715,126.6480372,45.7730791
12716,126.5321191,45.7178841
12717,126.6644270,45.7101959
12718,126.6817831,45.6714583
12719,126.6649802,45.7577720
12720,126.6857226,45.7583365
12721,126.5060345,45.6625583
12722,126.5074525,45.6650248
12723,126.6891254,45.6655498
12724,126.6974367,45.6672487
12725,126.6914992,45.6660350
12726,126.6935424,45.6664527
12727,126.6943090,45.6666094
12728,126.5759602,45.7410218
12729,126.5787918,45.7414082
12730,126.5784299,45.7413738
12731,126.6408509,45.7460806
12732,126.6487094,45.7420311
12733,126.6421866,45.7448879
12734,126.6475184,45.7424702
12735,126.7094849,45.7191573
12736,126.6850068,45.7275794
12737,126.6855972,45.7300504
12738,126.6382857,45.7341560
12739,126.6382116,45.7339290
12740,126.6889954,45.7483465
12741,126.6878770,45.7479199
12742,126.6826047,45.7037217
12743,126.6829938,45.7036531
12744,126.6217420,45.7594667
12745,126.7636015,45.7133530
12746,126.7722021,45.7689560
12747,126.6977611,45.8036404
12748,126.6570724,45.7883843
12749,126.6811934,45.6890673
12750,126.6338183,45.7167957
12751,126.6338852,45.7167720
12752,126.6347370,45.7164709
12753,126.6347825,45.7164549
12754,126.7003262,45.7415478
12755,126.7006477,45.7426477
12756,126.7006582,45.7426834
12757,126.6162235,45.7329772
12758,126.6201973,45.7364038
12759,126.6179059,45.7344279
12760,126.6179970,45.7345065
12761,126.6191061,45.7354629
12762,126.5525968,45.7265161
12763,126.5451969,45.7354554
12764,126.5459649,45.7341706
12765,126.5456343,45.7347170
12766,126.6715216,45.7420131
12767,126.6984270,45.7921203
12768,126.5450057,45.6868220
12769,126.5517948,45.7882011
12770,126.5511350,45.7898507
12771,126.5201876,45.8124754
12772,126.5273806,45.6985531
12773,126.6068051,45.7568107
12774,126.6109358,45.7634315
12775,126.6090182,45.7603845
12776,126.6069652,45.8084259
12777,126.6070222,45.8084346
12778,126.6127974,45.8115060
12779,126.6149258,45.8122347
12780,126.6181177,45.8133819
12781,126.6182673,45.8134351
12782,126.6246017,45.8157685
12783,126.6247364,45.8158206
12784,126.5773595,45.7082944
12785,126.6414669,45.7370691
12786,126.6409679,45.7370622
12787,126.6401734,45.7370431
12788,126.5460018,45.8040684
12789,126.5145735,45.8048082
12790,126.5204297,45.8061169
12791,126.5212012,45.8062088
12792,126.5336173,45.8067014
12793,126.5390311,45.8052702
12794,126.5404977,45.8050089
12795,126.6132971,45.7706525
12796,126.6074233,45.7690345
12797,126.6064934,45.8283649
12798,126.6081822,45.8289871
12799,126.5844713,45.7769433
12800,126.5660916,45.7805704
12801,126.5659489,45.7806949
12802,126.5670709,45.7810841
12803,126.6385048,45.7118385
12804,126.6384088,45.7122042
12805,126.5345760,45.7002246
12806,126.6718873,45.7585772
12807,126.6704471,45.7589416
12808,126.6618377,45.7916138
12809,126.6638708,45.7904891
12810,126.6793028,45.7660783
12811,126.5185455,45.7946035
12812,126.5185057,45.7946769
12813,126.5173476,45.7965445
12814,126.5172837,45.7966546
12815,126.5148338,45.6861766
12816,126.6416720,45.6781764
12817,126.6195320,45.6963713
12818,126.6092487,45.7014679
12819,126.7600201,45.7411511
12820,126.5461378,45.7045311
12821,126.5791313,45.7281071
12822,126.5764969,45.7253712
12823,126.5698376,45.7210227
12824,126.5695640,45.7208529
12825,126.5642878,45.7173338
12826,126.5641275,45.7172294
12827,126.6824711,45.6900819
12828,126.6827792,45.6901002
12829,126.6850067,45.7272070
12830,126.6332320,45.7660306
12831,126.6336411,45.7652629
12832,126.5660585,45.7735725
12833,126.5651183,45.7742684
12834,126.5641763,45.7749652
12835,126.6461885,45.7824477
12836,126.5783502,45.8156072
12837,126.5785943,45.8140882
12838,126.5784411,45.8150768
12839,126.5784992,45.8147637
12840,126.5311115,45.7095340
12841,126.6321737,45.7147686
12842,126.6312803,45.7150722
12843,126.6302735,45.7154143
12844,126.7255860,45.7200435
12845,126.5926477,45.7580452
12846,126.7574313,45.7217416
12847,126.7660732,45.7199256
12848,126.6490629,45.7528501
12849,126.6512550,45.7547786
12850,126.6521219,45.7555412
12851,126.6543551,45.7575095
12852,126.5348558,45.6676952
12853,126.6351002,45.7579010
12854,126.6292521,45.7603087
12855,126.6333481,45.7585839
12856,126.4996277,45.8182836
12857,126.5016318,45.8182850
12858,126.5537275,45.8348889
12859,126.5559739,45.8357213
12860,126.5591367,45.8100068
12861,126.5441025,45.7032202
12862,126.5466785,45.7046465
12863,126.5450147,45.7038323
12864,126.6971183,45.7121298
12865,126.5286566,45.8019628
12866,126.5263167,45.8006728
12867,126.7009222,45.7536466
12868,126.5841326,45.7836108
12869,126.6639997,45.7471369
12870,126.5120032,45.7328432
12871,126.5142334,45.7331356
12872,126.5191349,45.7337795
12873,126.5199770,45.7337731
12874,126.5246660,45.7334071
12875,126.5247837,45.7334112
12876,126.5425202,45.7045045
12877,126.5387899,45.7065657
12878,126.5343052,45.7156589
12879,126.4765425,45.7344627
12880,126.6137273,45.7538290
12881,126.7477553,45.6720680
12882,126.4962096,45.8370528
12883,126.5019500,45.8374097
12884,126.5017175,45.8373926
12885,126.5679725,45.7752723
12886,126.5807977,45.7356548
12887,126.5796595,45.7365246
12888,126.5793068,45.7367942
12889,126.5780849,45.7426433
12890,126.6230164,45.7207810
12891,126.6264059,45.7196152
12892,126.5472262,45.8396702
12893,126.6385465,45.8183063
12894,126.6377665,45.8180926
12895,126.5998109,45.7565707
12896,126.6348517,45.6559961
12897,126.6344665,45.6561730
12898,126.5896159,45.7862168
12899,126.5899281,45.7862765
12900,126.7283031,45.7262849
12901,126.6620178,45.7311078
12902,126.6631602,45.7328137
12903,126.6909143,45.7916980
12904,126.6909716,45.7917182
12905,126.5119807,45.7329086
12906,126.5247682,45.7334815
12907,126.5246486,45.7334724
12908,126.5199808,45.7338480
12909,126.5191339,45.7338688
12910,126.5174276,45.7336432
12911,126.5172558,45.7336200
12912,126.5142069,45.7332224
12913,126.6701368,45.7787996
12914,126.6386734,45.7337873
12915,126.5262972,45.7958778
12916,126.5471846,45.7994013
12917,126.5351427,45.7978665
12918,126.6510048,45.7690991
12919,126.5523851,45.8374052
12920,126.5498338,45.8385257
12921,126.5496227,45.8386121
12922,126.5704289,45.7401772
12923,126.7238837,45.6696189
12924,126.7368139,45.6662020
12925,126.7475065,45.6631903
12926,126.6167402,45.7985176
12927,126.6187296,45.7979229
12928,126.5909020,45.6915437
12929,126.5874974,45.6913651
12930,126.6369606,45.7313361
12931,126.6980624,45.7672392
12932,126.6265263,45.7248629
12933,126.6270330,45.7246923
12934,126.6361548,45.7787187
12935,126.6371487,45.7776935
12936,126.6370928,45.7777557
12937,126.7001278,45.7847462
12938,126.5653545,45.6887243
12939,126.5679712,45.6872235
12940,126.6281301,45.7479818
12941,126.6289669,45.7475031
12942,126.7006761,45.7663042
12943,126.7010693,45.7670062
12944,126.5167422,45.8011440
12945,126.7228523,45.8190636
12946,126.7065339,45.7973267
12947,126.5832553,45.6581463
12948,126.6788510,45.7726812
12949,126.5098184,45.8125820
12950,126.6830970,45.7000691
12951,126.5697335,45.8150596
12952,126.5723648,45.8152269
12953,126.6984939,45.7829861
12954,126.6992186,45.7801452
12955,126.6376576,45.7161675
12956,126.5587961,45.8225624
12957,126.5558997,45.8095815
12958,126.6955001,45.6961926
12959,126.6081802,45.8257572
12960,126.6110872,45.8219470
12961,126.6198749,45.8110278
12962,126.7459606,45.6736533
12963,126.7243362,45.7891464
12964,126.7253565,45.7887353
12965,126.6267325,45.7043989
12966,126.6221231,45.7039206
12967,126.6218796,45.7038957
12968,126.5501918,45.7294629
12969,126.5551774,45.7322090
12970,126.5553641,45.7302989
12971,126.6560617,45.7357254
12972,126.6610662,45.7340344
12973,126.6594410,45.7345835
12974,126.7302499,45.7429208
12975,126.7248585,45.7643584
12976,126.5335328,45.7362937
12977,126.5312123,45.7448473
12978,126.5322918,45.7408903
12979,126.6797620,45.7031991
12980,126.5339891,45.6707759
12981,126.5290324,45.6698749
12982,126.5332706,45.6700227
12983,126.5875986,45.7526839
12984,126.6669971,45.7292925
12985,126.6599973,45.7503183
12986,126.6588454,45.7496165
12987,126.6563556,45.7480996
12988,126.6970260,45.7300977
12989,126.5946460,45.8213413
12990,126.6053679,45.8248230
12991,126.5947233,45.8213791
12992,126.5255491,45.6951104
12993,126.5711024,45.8283173
12994,126.5697085,45.8267669
12995,126.6905204,45.7440158
12996,126.7747739,45.7689666
12997,126.7061602,45.6803556
12998,126.6485919,45.6692344
12999,126.6484782,45.6695394
13000,126.5301677,45.8255922
13001,126.6534722,45.6735324
13002,126.6631797,45.6419783
13003,126.6543273,45.6698023
13004,126.6547321,45.6679528
13005,126.6480615,45.7926226
13006,126.6494327,45.7903695
13007,126.5610370,45.7448023
13008,126.5613275,45.7439967
13009,126.6712009,45.7816418
13010,126.6768836,45.7794378
13011,126.6729118,45.7808932
13012,126.6740909,45.7803772
13013,126.6744880,45.7802034
13014,126.6750617,45.7799523
13015,126.6100472,45.7399092
13016,126.6105233,45.7396301
13017,126.6760896,45.6732824
13018,126.6603331,45.6705224
13019,126.6691190,45.6723968
13020,126.6680129,45.6722511
13021,126.6489029,45.6665394
13022,126.6480362,45.6664563
13023,126.5707008,45.7665219
13024,126.5795964,45.7777643
13025,126.5791399,45.7775714
13026,126.6672274,45.7290509
13027,126.7440125,45.7488277
13028,126.5184018,45.7292642
13029,126.5054721,45.7270162
13030,126.5155072,45.7283621
13031,126.6321910,45.7833882
13032,126.6164941,45.7160468
13033,126.5953105,45.6966699
13034,126.5989277,45.6967224
13035,126.6287548,45.7445972
13036,126.6275672,45.7179315
13037,126.6282736,45.7165920
13038,126.5967718,45.7677184
13039,126.5982886,45.7681277
13040,126.5980108,45.7681068
13041,126.6574036,45.7712843
13042,126.6571247,45.7717104
13043,126.6388733,45.7253539
13044,126.6375170,45.7257853
13045,126.6851543,45.6794010
13046,126.6842997,45.6793063
13047,126.6352404,45.7388048
13048,126.5411676,45.7399572
13049,126.5412893,45.7395827
13050,126.5413316,45.7394527
13051,126.5415388,45.7388154
13052,126.5388912,45.6571788
13053,126.5378255,45.6566383
13054,126.6523047,45.6796421
13055,126.6520058,45.6795986
13056,126.5467318,45.6514814
13057,126.5474195,45.6518123
13058,126.7298944,45.6691135
13059,126.6054324,45.7521055
13060,126.5621813,45.7785515
13061,126.6994203,45.7428144
13062,126.7890058,45.7968164
13063,126.7843080,45.7976121
13064,126.7790808,45.7989433
13065,126.6964921,45.8055047
13066,126.7201505,45.7825860
13067,126.5164603,45.8180773
13068,126.6191216,45.6828871
13069,126.6191312,45.6828016
13070,126.6606200,45.7365056
13071,126.6809607,45.7728676
13072,126.6810248,45.7720011
13073,126.6810689,45.7714058
13074,126.6811127,45.7708134
13075,126.5974969,45.7624002
13076,126.6846846,45.8460497
13077,126.6767790,45.8271834
13078,126.6789126,45.8304698
13079,126.5782624,45.7374194
13080,126.5795601,45.7364610
13081,126.5813763,45.7350635
13082,126.6335535,45.7370961
13083,126.7234412,45.7424886
13084,126.7239846,45.7406728
13085,126.5205849,45.8283812
13086,126.6935900,45.7915957
13087,126.5518547,45.8110074
13088,126.5876402,45.6914395
13089,126.5876094,45.6925113
13090,126.7192297,45.7915911
13091,126.7169197,45.8008539
13092,126.7193424,45.7946130
13093,126.6599641,45.7704143
13094,126.6527346,45.7713174
13095,126.7167117,45.7352417
13096,126.7162556,45.7352438
13097,126.6022675,45.6875445
13098,126.6021630,45.6875263
13099,126.5959469,45.6871286
13100,126.5923291,45.6867367
13101,126.5919467,45.6866968
13102,126.5890047,45.6862932
13103,126.5861346,45.6843525
13104,126.5858651,45.6841644
13105,126.5831578,45.6822861
13106,126.5811683,45.6809495
13107,126.6999232,45.7869580
13108,126.6997034,45.7877926
13109,126.6997542,45.7875956
13110,126.5993818,45.8189074
13111,126.6075330,45.8219662
13112,126.5994460,45.8189519
13113,126.6053448,45.8211571
13114,126.5568467,45.6692837
13115,126.7099236,45.6823695
13116,126.7090581,45.6815082
13117,126.6280693,45.7447797
13118,126.6279411,45.7446616
13119,126.6452163,45.7820518
13120,126.6434849,45.7839332
13121,126.6417376,45.8208718
13122,126.6428812,45.8212190
13123,126.6532312,45.7935178
13124,126.6543884,45.7915759
13125,126.6542477,45.7918019
13126,126.6543163,45.7916883
13127,126.5313589,45.6664536
13128,126.6218075,45.7312922
13129,126.5904610,45.6935892
13130,126.6446029,45.7889142
13131,126.6469027,45.7912382
13132,126.6996692,45.7543240
13133,126.7136710,45.7513629
13134,126.7149838,45.7515268
13135,126.6546643,45.7369176
13136,126.6546338,45.7366782
13137,126.7169870,45.7440873
13138,126.7069702,45.7508692
13139,126.7095173,45.7511927
13140,126.7073079,45.7509113
13141,126.7507101,45.7115338
13142,126.7505885,45.7112316
13143,126.5758494,45.7001914
13144,126.5819960,45.7010605
13145,126.5802355,45.7008736
13146,126.5800321,45.7019428
13147,126.5201930,45.8074892
13148,126.5649294,45.8032020
13149,126.6354345,45.7169740
13150,126.7250011,45.6582180
13151,126.6738845,45.7064382
13152,126.6989632,45.7189887
13153,126.6267183,45.7093514
13154,126.6261180,45.7110647
13155,126.7055315,45.7750544
13156,126.7047306,45.7786909
13157,126.6123732,45.8393768
13158,126.6118032,45.8391674
13159,126.5504810,45.6645398
13160,126.5421972,45.6658257
13161,126.6558233,45.7188807
13162,126.6621619,45.7166660
13163,126.6604992,45.7172654
13164,126.5513249,45.6767065
13165,126.5480297,45.6731418
13166,126.5484829,45.6736940
13167,126.6401482,45.7741067
13168,126.7044972,45.7520151
13169,126.6149625,45.7062921
13170,126.7104917,45.7815527
13171,126.6944750,45.7634144
13172,126.6808516,45.7616935
13173,126.6833323,45.7620182
13174,126.6872437,45.7625032
13175,126.6882894,45.7879451
13176,126.6889075,45.7856337
13177,126.6894998,45.7834410
13178,126.6905675,45.7790740
13179,126.7180454,45.8001198
13180,126.7177840,45.8002365
13181,126.6562278,45.7738415
13182,126.6557489,45.7734264
13183,126.7622708,45.7797349
13184,126.7550186,45.7963230
13185,126.7570213,45.7838543
13186,126.7570952,45.7848169
13187,126.7571489,45.7856462
13188,126.7574250,45.7863494
13189,126.7574504,45.7864653
13190,126.7554991,45.7918407
13191,126.7553696,45.7921662
13192,126.7551752,45.7930010
13193,126.7551485,45.7936081
13194,126.7551284,45.7940373
13195,126.7042580,45.7481503
13196,126.7078351,45.7506565
13197,126.6593322,45.6932768
13198,126.6589161,45.7854796
13199,126.5927730,45.7249860
13200,126.6842513,45.7196200
13201,126.6844266,45.7195999
13202,126.6304563,45.7402255
13203,126.6712024,45.7970401
13204,126.6712673,45.7969300
13205,126.6713489,45.7967454
13206,126.6714068,45.7966143
13207,126.7824052,45.7721733
13208,126.6731633,45.7143872
13209,126.6724726,45.7130483
13210,126.5712735,45.7837612
13211,126.5548976,45.8140929
13212,126.5602164,45.7692318
13213,126.5590423,45.7697278
13214,126.5597045,45.7692569
13215,126.7138698,45.7282518
13216,126.7156911,45.7280057
13217,126.7150245,45.7280915
13218,126.5322940,45.7253552
13219,126.5244434,45.7439623
13220,126.5248940,45.7401265
13221,126.7466041,45.7497225
13222,126.7461790,45.7504946
13223,126.6453025,45.7099102
13224,126.6452689,45.7098549
13225,126.6653348,45.7829282
13226,126.6667357,45.7826557
13227,126.6172037,45.7645453
13228,126.6158674,45.7626995
13229,126.6160737,45.7629583
13230,126.6735887,45.7830729
13231,126.6946210,45.7898391
13232,126.6769422,45.7841905
13233,126.6771017,45.7842485
13234,126.6773129,45.7843309
13235,126.6806343,45.7854361
13236,126.6200010,45.8110742
13237,126.6740758,45.6864263
13238,126.6718220,45.7920795
13239,126.5486765,45.7771224
13240,126.5556450,45.7801804
13241,126.5565203,45.7805723
13242,126.5317002,45.6910079
13243,126.6765300,45.7358918
13244,126.6765162,45.7359710
13245,126.6765011,45.7360534
13246,126.6761032,45.7390492
13247,126.6761025,45.7390912
13248,126.6768308,45.7416939
13249,126.6768556,45.7417822
13250,126.6769811,45.7474333
13251,126.6769328,45.7476725
13252,126.6769043,45.7477822
13253,126.6767619,45.7482875
13254,126.6763430,45.7502131
13255,126.6248857,45.7451453
13256,126.5370851,45.7062194
13257,126.5566123,45.8131120
13258,126.5914224,45.8213330
13259,126.5629482,45.8135094
13260,126.5698711,45.8139014
13261,126.5857980,45.8182464
13262,126.5858768,45.8182810
13263,126.5244363,45.7986878
13264,126.6669965,45.7289033
13265,126.6656902,45.7884654
13266,126.6659930,45.7909033
13267,126.6255077,45.7938066
13268,126.6441715,45.8097896
13269,126.6526277,45.8116128
13270,126.6578080,45.8026200
13271,126.7402088,45.7162479
13272,126.7460609,45.7151716
13273,126.7404680,45.7162058
13274,126.7459116,45.7151996
13275,126.7100941,45.7199422
13276,126.6844773,45.7248423
13277,126.5343659,45.7002303
13278,126.5703441,45.6833442
13279,126.5673339,45.6823188
13280,126.6359733,45.6748271
13281,126.5346387,45.7982024
13282,126.7448183,45.7236962
13283,126.5807434,45.7758398
13284,126.6157426,45.7138664
13285,126.6171836,45.7073530
13286,126.6184235,45.7016758
13287,126.4897013,45.7972283
13288,126.5123504,45.8043645
13289,126.5120208,45.8042667
13290,126.5110619,45.8039680
13291,126.5014901,45.8009478
13292,126.4937614,45.7985095
13293,126.7206587,45.7850069
13294,126.7239184,45.7854954
13295,126.7220088,45.7850843
13296,126.7065295,45.6798906
13297,126.7109170,45.6832283
13298,126.7102366,45.6827257
13299,126.5550320,45.8113464
13300,126.5545736,45.8148518
13301,126.5546630,45.8139833
13302,126.5547458,45.8131825
13303,126.5548980,45.8119283
13304,126.6267125,45.7562729
13305,126.6267415,45.7568648
13306,126.6362274,45.7844567
13307,126.6480918,45.7585590
13308,126.6392125,45.7636040
13309,126.6392987,45.7635550
13310,126.6460539,45.7597169
13311,126.7672036,45.6855441
13312,126.7664167,45.6887420
13313,126.7664135,45.6922360
13314,126.6013829,45.7228019
13315,126.6394570,45.7511352
13316,126.6456917,45.7564901
13317,126.6423137,45.7522698
13318,126.6426673,45.7524064
13319,126.6445389,45.7540007
13320,126.6455578,45.7548850
13321,126.5927761,45.7521750
13322,126.6662920,45.7402865
13323,126.6853115,45.7272966
13324,126.6609616,45.7719640
13325,126.6619756,45.7689972
13326,126.6619562,45.7692245
13327,126.5818978,45.7417890
13328,126.5803016,45.7419298
13329,126.5577540,45.8218910
13330,126.5588190,45.8221551
13331,126.5540691,45.7463159
13332,126.5539065,45.7468350
13333,126.5595670,45.7864021
13334,126.5592985,45.7863363
13335,126.6803450,45.7026090
13336,126.5156397,45.7280902
13337,126.5169166,45.7234740
13338,126.7082441,45.7415653
13339,126.6640262,45.7444765
13340,126.6653936,45.7450166
13341,126.6668400,45.7458806
13342,126.6749306,45.7867904
13343,126.5397654,45.6704621
13344,126.5300344,45.8405524
13345,126.5312808,45.8396254
13346,126.6383280,45.7814300
13347,126.6400521,45.7822538
13348,126.6408430,45.7826242
13349,126.6425565,45.7834792
13350,126.6024642,45.7619729
13351,126.6114321,45.7598487
13352,126.6046710,45.7613915
13353,126.6076476,45.7606700
13354,126.6500275,45.7751819
13355,126.6523486,45.7772613
13356,126.6532187,45.7781299
13357,126.6543663,45.7795694
13358,126.6174677,45.7682267
13359,126.5733398,45.8144250
13360,126.6470504,45.6894038
13361,126.6472722,45.6936779
13362,126.6469364,45.6941339
13363,126.5757317,45.7395452
13364,126.7003544,45.6983972
13365,126.6542019,45.7700557
13366,126.7093352,45.7709533
13367,126.7082478,45.7772795
13368,126.7115588,45.7709830
13369,126.7133946,45.7715108
13370,126.7132951,45.7728917
13371,126.7101650,45.7768521
13372,126.6242188,45.7225667
13373,126.5721309,45.7288185
13374,126.6997527,45.7682084
13375,126.6924365,45.7500710
13376,126.7872855,45.8175031
13377,126.6809046,45.7267876
13378,126.6823375,45.7270878
13379,126.6152955,45.7137798
13380,126.6150619,45.7132685
13381,126.6153486,45.6823736
13382,126.6299283,45.6839685
13383,126.6311491,45.6840994
13384,126.5092666,45.7968063
13385,126.5092709,45.7968532
13386,126.6129811,45.7402113
13387,126.6109996,45.7385069
13388,126.6120832,45.7394390
13389,126.6646555,45.7104922
13390,126.6474875,45.7841060
13391,126.6507777,45.7850879
13392,126.6490725,45.7845790
13393,126.6494764,45.7846996
13394,126.6904481,45.7533225
13395,126.6905039,45.7530806
13396,126.6746175,45.7059907
13397,126.6715431,45.7365101
13398,126.6309992,45.7828717
13399,126.6325073,45.7817614
13400,126.6732579,45.7892937
13401,126.6291063,45.7458726
13402,126.6278025,45.7447267
13403,126.6284017,45.7452362
13404,126.6804019,45.7896760
13405,126.5854098,45.6697623
13406,126.6249172,45.7685667
13407,126.5469815,45.8038419
13408,126.6631769,45.7406056
13409,126.5265824,45.7401420
13410,126.5285603,45.7404210
13411,126.5334800,45.7410418
13412,126.5349996,45.7412460
13413,126.5428366,45.7423489
13414,126.5530572,45.7437266
13415,126.5672039,45.7456335
13416,126.6216788,45.7380052
13417,126.6208692,45.7382506
13418,126.6189515,45.7390421
13419,126.6182333,45.7394519
13420,126.5573639,45.8159216
13421,126.6635436,45.7858318
13422,126.6646422,45.7863257
13423,126.6853486,45.6909794
13424,126.6850334,45.6912352
13425,126.5254176,45.6685597
13426,126.6447814,45.7169283
13427,126.6537962,45.7138861
13428,126.6537205,45.7139121
13429,126.6512681,45.7147481
13430,126.6491473,45.7154609
13431,126.6401492,45.8141090
13432,126.6964939,45.7299198
13433,126.6719721,45.7920177
13434,126.6720772,45.7951379
13435,126.6893711,45.6713348
13436,126.6918023,45.6652799
13437,126.6897627,45.6703593
13438,126.7421052,45.7483784
13439,126.5873721,45.7137317
13440,126.6322869,45.7255222
13441,126.6026504,45.6875993
13442,126.6130970,45.7085989
13443,126.6159872,45.7089192
13444,126.6181940,45.7689592
13445,126.5780619,45.7216860
13446,126.6944572,45.7634625
13447,126.6901127,45.6913631
13448,126.6857097,45.6779963
13449,126.6861374,45.6795021
13450,126.6884971,45.6864406
13451,126.6885239,45.6865192
13452,126.5884381,45.6702001
13453,126.6014214,45.6707976
13454,126.6342158,45.7530383
13455,126.5055345,45.7267409
13456,126.5794899,45.7250610
13457,126.6642721,45.6634514
13458,126.6645611,45.6638434
13459,126.5844925,45.7919141
13460,126.5864778,45.7905465
13461,126.7286061,45.7028845
13462,126.7974313,45.6956993
13463,126.7746144,45.6971196
13464,126.7801262,45.6967760
13465,126.7748166,45.6971118
13466,126.5231787,45.7393459
13467,126.6661777,45.7655804
13468,126.6315115,45.7576980
13469,126.6362303,45.7556734
13470,126.5988404,45.7236589
13471,126.5716952,45.7837026
13472,126.6243563,45.7449595
13473,126.6241235,45.7447513
13474,126.6226828,45.7435422
13475,126.6028602,45.7495180
13476,126.6024967,45.7500239
13477,126.6375543,45.7504084
13478,126.6372914,45.7502025
13479,126.6201841,45.7510372
13480,126.6225765,45.7496945
13481,126.6232946,45.7492915
13482,126.6248156,45.7484378
13483,126.6515055,45.7429163
13484,126.6534747,45.7413897
13485,126.6357321,45.7697393
13486,126.6371756,45.7672456
13487,126.6361795,45.7689624
13488,126.5381595,45.7391549
13489,126.5407935,45.7393827
13490,126.5075462,45.7911434
13491,126.5049082,45.7954105
13492,126.5055519,45.7943862
13493,126.5062590,45.7932364
13494,126.5063252,45.7931288
13495,126.5075050,45.7912104
13496,126.6024975,45.7332562
13497,126.5950033,45.7247627
13498,126.6011169,45.7317408
13499,126.5957719,45.7252715
13500,126.7745922,45.6970345
13501,126.8109441,45.6955218
13502,126.7748008,45.6970235
13503,126.7801030,45.6966854
13504,126.6250165,45.7433966
13505,126.6776709,45.8079630
13506,126.5556213,45.7832223
13507,126.5490095,45.7908971
13508,126.5509126,45.7873354
13509,126.5745015,45.7450491
13510,126.5744352,45.7452851
13511,126.7031721,45.7908520
13512,126.7039423,45.7879188
13513,126.7037718,45.7886270
13514,126.7033268,45.7903070
13515,126.7349457,45.6695467
13516,126.7337265,45.6686479
13517,126.6568459,45.7660614
13518,126.6547526,45.7672190
13519,126.5349446,45.8322375
13520,126.5358500,45.8310458
13521,126.6747619,45.7465463
13522,126.6711205,45.6858960
13523,126.6777875,45.7299044
13524,126.6529199,45.7342040
13525,126.6484826,45.7278656
13526,126.6498989,45.7300077
13527,126.5688082,45.8225407
13528,126.5622576,45.8221645
13529,126.6390086,45.7666960
13530,126.6478839,45.7730390
13531,126.6467000,45.7118144
13532,126.6721228,45.7864341
13533,126.6714718,45.7891270
13534,126.5751326,45.7457891
13535,126.5743815,45.7456944
13536,126.5742002,45.7456695
13537,126.5361561,45.8166757
13538,126.5324923,45.8165805
13539,126.5344491,45.8165560
13540,126.7094386,45.7189376
13541,126.7268439,45.7262796
13542,126.6420982,45.7190503
13543,126.6380858,45.7208996
13544,126.6404257,45.7199923
13545,126.7068682,45.7440206
13546,126.7069777,45.7443996
13547,126.5609966,45.7715468
13548,126.4937215,45.7982850
13549,126.4938458,45.7983208
13550,126.5016044,45.8007661
13551,126.6427536,45.7402932
13552,126.5841448,45.7097563
13553,126.5201951,45.8137388
13554,126.6333291,45.7570099
13555,126.6403638,45.7534993
13556,126.5906974,45.6795537
13557,126.6371189,45.7321698
13558,126.6063652,45.7421870
13559,126.6052365,45.7428272
13560,126.5745833,45.7350920
13561,126.6135154,45.7369557
13562,126.6174540,45.7390219
13563,126.6135855,45.7370136
13564,126.6146897,45.7379633
13565,126.6158035,45.7389223
13566,126.6163586,45.7393784
13567,126.7042298,45.7807624
13568,126.7033423,45.7842060
13569,126.7029940,45.7856455
13570,126.7028119,45.7863987
13571,126.6755519,45.7334597
13572,126.6386682,45.8180864
13573,126.5040589,45.7939538
13574,126.6177160,45.7392461
13575,126.6167125,45.7383948
13576,126.6156195,45.7374369
13577,126.6145092,45.7364836
13578,126.6144251,45.7364116
13579,126.6529269,45.7816605
13580,126.6528590,45.7817674
13581,126.6516325,45.7836751
13582,126.6511209,45.7845220
13583,126.6503962,45.7856920
13584,126.5787729,45.6943568
13585,126.5808290,45.6928027
13586,126.5836902,45.6904701
13587,126.5891367,45.6861904
13588,126.7009309,45.7861753
13589,126.7017053,45.7862681
13590,126.6622038,45.7826073
13591,126.6639732,45.7836226
13592,126.6638746,45.7833682
13593,126.6636181,45.7827390
13594,126.7091686,45.7747142
13595,126.7111306,45.7716299
13596,126.7097600,45.7712124
13597,126.7186802,45.7373972
13598,126.6636940,45.7305397
13599,126.6531432,45.7341330
13600,126.6527908,45.7342478
13601,126.6509904,45.7348583
13602,126.6492351,45.7354518
13603,126.6481842,45.7358061
13604,126.6476762,45.7359831
13605,126.6660348,45.7668449
13606,126.6622323,45.7671482
13607,126.6639422,45.7671437
13608,126.6445743,45.7887448
13609,126.6063229,45.7659648
13610,126.6100614,45.7119670
13611,126.6110782,45.7120936
13612,126.6199791,45.7815933
13613,126.7157709,45.6736707
13614,126.7182272,45.6719177
13615,126.6701473,45.7244850
13616,126.6792525,45.7263985
13617,126.6761265,45.7257154
13618,126.5873501,45.7085177
13619,126.6793300,45.7659622
13620,126.6453081,45.7535634
13621,126.7694494,45.6873116
13622,126.7716220,45.6921119
13623,126.6604219,45.7692056
13624,126.5871071,45.6591319
13625,126.5199676,45.6869195
13626,126.6546788,45.7711587
13627,126.5968038,45.7504018
13628,126.5937320,45.7471031
13629,126.5957816,45.7493257
13630,126.6112659,45.7326739
13631,126.6286215,45.7598838
13632,126.6287460,45.7588077
13633,126.7662610,45.8275450
13634,126.7582947,45.8243405
13635,126.6634698,45.7392039
13636,126.6611685,45.7379787
13637,126.6624881,45.7386610
13638,126.6627324,45.7387961
13639,126.6417093,45.7367742
13640,126.5200121,45.8127921
13641,126.6811375,45.7018346
13642,126.7545680,45.7468665
13643,126.6548326,45.7449377
13644,126.6844619,45.7543412
13645,126.5889397,45.7005116
13646,126.5793149,45.6994724
13647,126.6096033,45.7392928
13648,126.6157686,45.7357696
13649,126.6128131,45.7374596
13650,126.4955652,45.8094274
13651,126.6010561,45.7721924
13652,126.6004335,45.7716571
13653,126.5995379,45.7708568
13654,126.5973616,45.7683772
13655,126.7016039,45.7895426
13656,126.6802842,45.7548058
13657,126.5680349,45.7662995
13658,126.5682852,45.7661831
13659,126.6920730,45.7604545
13660,126.6922308,45.7598639
13661,126.6134767,45.7132900
13662,126.5068254,45.8064361
13663,126.5054535,45.8091365
13664,126.5201797,45.8091886
13665,126.5201772,45.8092553
13666,126.5559334,45.7892541
13667,126.5560461,45.7891624
13668,126.7070267,45.7194967
13669,126.7083287,45.7169404
13670,126.5889184,45.7598105
13671,126.6294231,45.7656955
13672,126.5619988,45.7388237
13673,126.5622347,45.7379631
13674,126.5596108,45.7863681
13675,126.5597959,45.7862575
13676,126.5598629,45.7864243
13677,126.4775282,45.7821148
13678,126.4998873,45.7885295
13679,126.5076909,45.7911890
13680,126.5115810,45.7924131
13681,126.5162990,45.7938861
13682,126.5101079,45.7981863
13683,126.5091845,45.7976966
13684,126.5573735,45.7717782
13685,126.5593395,45.7718904
13686,126.6491720,45.6653133
13687,126.7316929,45.7379782
13688,126.7338485,45.7397854
13689,126.6745301,45.7089170
13690,126.6699470,45.7099753
13691,126.6669992,45.7107350
13692,126.6337894,45.7840424
13693,126.6386969,45.7587716
13694,126.6376971,45.7579034
13695,126.6328625,45.7836591
13696,126.6340447,45.8474844
13697,126.6279211,45.8452377
13698,126.6192537,45.8419339
13699,126.6464062,45.7920122
13700,126.6478529,45.7897532
13701,126.6477760,45.7898695
13702,126.6602618,45.7239773
13703,126.6375207,45.7312821
13704,126.5468478,45.8030622
13705,126.6900248,45.7457661
13706,126.6909795,45.7456381
13707,126.7014446,45.7442600
13708,126.6131183,45.6989162
13709,126.7539088,45.7482219
13710,126.7678227,45.7754062
13711,126.7665890,45.7752585
13712,126.7220612,45.7407173
13713,126.7261683,45.7406601
13714,126.7760198,45.6937333
13715,126.5686871,45.7400765
13716,126.5679222,45.7776695
13717,126.5663998,45.7789895
13718,126.5225707,45.6998936
13719,126.5226553,45.6997544
13720,126.7014841,45.7871564
13721,126.5537427,45.8018774
13722,126.5524954,45.8058212
13723,126.7520540,45.7299750
13724,126.5832779,45.6573479
13725,126.6312720,45.8182340
13726,126.6320913,45.8170712
13727,126.6320718,45.8170916
13728,126.6317712,45.8173980
13729,126.6221931,45.7241828
13730,126.6266749,45.7193863
13731,126.6265856,45.7195086
13732,126.6245675,45.7230845
13733,126.6235800,45.7234441
13734,126.6223628,45.7241325
13735,126.6643489,45.6893003
13736,126.7200621,45.6797368
13737,126.7199795,45.6799501
13738,126.7155285,45.6867673
13739,126.7113654,45.7378749
13740,126.7126053,45.7380603
13741,126.6267579,45.7269572
13742,126.5311315,45.6721035
13743,126.6025269,45.7060536
13744,126.6033844,45.7021306
13745,126.7444334,45.7116270
13746,126.7475770,45.7190751
13747,126.6686231,45.6698647
13748,126.6678923,45.6724281
13749,126.6559267,45.7535441
13750,126.6610656,45.7494717
13751,126.7293692,45.7135804
13752,126.7313076,45.7133020
13753,126.7324096,45.7131412
13754,126.7332229,45.7130225
13755,126.7344165,45.7128502
13756,126.7357285,45.7133100
13757,126.7364041,45.7139027
13758,126.7357707,45.7139960
13759,126.7350678,45.7134127
13760,126.5672441,45.7758063
13761,126.5694041,45.7771326
13762,126.6331027,45.7306391
13763,126.6131555,45.6925105
13764,126.6494188,45.7930284
13765,126.6468572,45.7921787
13766,126.6720483,45.7891557
13767,126.6360026,45.7514545
13768,126.6362400,45.7513254
13769,126.6362509,45.7715579
13770,126.6332878,45.7708266
13771,126.5324930,45.7462492
13772,126.5342354,45.7465056
13773,126.5330102,45.7460264
13774,126.5656051,45.7803209
13775,126.6428416,45.8213068
13776,126.6437160,45.8191962
13777,126.6449547,45.8161730
13778,126.6685084,45.7091757
13779,126.6698010,45.7084654
13780,126.7798106,45.6760086
13781,126.7827632,45.6778917
13782,126.6520922,45.7000793
13783,126.6525319,45.7006989
13784,126.6548729,45.7039436
13785,126.6566904,45.7065051
13786,126.6568602,45.7067444
13787,126.6578970,45.7082057
13788,126.6603196,45.7116616
13789,126.5724855,45.7751433
13790,126.6643592,45.6895050
13791,126.7457426,45.6602114
13792,126.6688450,45.7470383
13793,126.7108952,45.7130034
13794,126.7112066,45.7128075
13795,126.6241711,45.7426777
13796,126.5714941,45.7013528
13797,126.6581334,45.7407064
13798,126.4955109,45.8268803
13799,126.5016758,45.8268179
13800,126.6125921,45.6735506
13801,126.5958738,45.6994275
13802,126.6319068,45.8169751
13803,126.6110291,45.7400357
13804,126.6148487,45.7142161
13805,126.6615103,45.7867768
13806,126.6615850,45.7868016
13807,126.7475788,45.7590008
13808,126.7434946,45.7716086
13809,126.7439485,45.7709773
13810,126.7463687,45.7638182
13811,126.6851730,45.6784057
13812,126.6635339,45.7163415
13813,126.6296655,45.7585985
13814,126.6029866,45.7338166
13815,126.7019417,45.7617862
13816,126.7137629,45.7094043
13817,126.7056703,45.7028160
13818,126.7103004,45.7509436
13819,126.5319929,45.6642112
13820,126.5326377,45.6650489
13821,126.6212734,45.7576518
13822,126.6288201,45.7419276
13823,126.7481378,45.7312188
13824,126.6454465,45.6649100
13825,126.6471680,45.6651037
13826,126.6478870,45.6651801
13827,126.6491157,45.6655592
13828,126.6488485,45.6667902
13829,126.6684426,45.7401578
13830,126.6686523,45.7409113
13831,126.6686724,45.7409835
13832,126.6688686,45.7416886
13833,126.6690510,45.7423436
13834,126.6692469,45.7430474
13835,126.5144242,45.8004098
13836,126.6098552,45.7306467
13837,126.6103555,45.7304726
13838,126.6136445,45.7293197
13839,126.6186094,45.7275844
13840,126.6190351,45.7274260
13841,126.6203516,45.7269770
13842,126.6233173,45.7259771
13843,126.6255888,45.7251884
13844,126.6259805,45.7250524
13845,126.6147306,45.8350725
13846,126.6154849,45.8353452
13847,126.6786980,45.7660060
13848,126.6529926,45.6963198
13849,126.6536414,45.6997372
13850,126.6276341,45.7249471
13851,126.6274872,45.7271727
13852,126.5375918,45.6851914
13853,126.5390533,45.6842270
13854,126.5372874,45.6845782
13855,126.5382428,45.6839505
13856,126.6907763,45.7370743
13857,126.6759455,45.7391112
13858,126.6650004,45.7394636
13859,126.6155902,45.6682933
13860,126.6045046,45.6984337
13861,126.6059486,45.6952741
13862,126.6950141,45.6792886
13863,126.7187608,45.7337985
13864,126.7165269,45.7338326
13865,126.7179318,45.7338308
13866,126.6832432,45.6997409
13867,126.7372581,45.8458731
13868,126.7372727,45.8371860
13869,126.5814238,45.7445414
13870,126.7038374,45.7535597
13871,126.5538158,45.6963392
13872,126.5693447,45.7102370
13873,126.6105662,45.7316663
13874,126.5186549,45.7294652
13875,126.6407605,45.7408592
13876,126.7127709,45.7172975
13877,126.6681544,45.7267328
13878,126.6667175,45.7304632
13879,126.6077544,45.7651383
13880,126.6029593,45.7578775
13881,126.6035420,45.7590296
13882,126.5328639,45.6882952
13883,126.6508869,45.7099747
13884,126.6508405,45.7099096
13885,126.6103552,45.7148967
13886,126.6186464,45.7382241
13887,126.6156861,45.7356994
13888,126.6168838,45.7367208
13889,126.6179961,45.7376694
13890,126.5756947,45.7064362
13891,126.5136459,45.6951038
13892,126.6486835,45.7851920
13893,126.7263653,45.7833057
13894,126.7317208,45.7839729
13895,126.7416306,45.7809883
13896,126.7416934,45.7809242
13897,126.6289902,45.8175791
13898,126.6322915,45.8187409
13899,126.6676954,45.7076699
13900,126.6675926,45.7064549
13901,126.6675926,45.7062174
13902,126.6675852,45.7047816
13903,126.5805500,45.7430546
13904,126.5804659,45.7426620
13905,126.6423815,45.7194064
13906,126.7208791,45.7574668
13907,126.5223229,45.7014003
13908,126.6415021,45.7528633
13909,126.6433407,45.7516161
13910,126.6347414,45.7662688
13911,126.6350294,45.7656870
13912,126.6395273,45.6519016
13913,126.6279639,45.7154028
13914,126.6279134,45.7153315
13915,126.6276343,45.7149377
13916,126.6274200,45.7146354
13917,126.6920033,45.7894387
13918,126.6506458,45.7428420
13919,126.7020837,45.7815652
13920,126.6086266,45.7446662
13921,126.6082837,45.7448228
13922,126.5302331,45.6872696
13923,126.7141796,45.6701038
13924,126.6841495,45.6603803
13925,126.6570902,45.6687166
13926,126.6279450,45.7439056
13927,126.5283715,45.8082039
13928,126.5282291,45.8094931
13929,126.5282160,45.8095690
13930,126.6648852,45.7818357
13931,126.6656216,45.7836916
13932,126.6651448,45.7824539
13933,126.6651784,45.7825239
13934,126.6653836,45.7830546
13935,126.4996441,45.8181289
13936,126.5016283,45.8181219
13937,126.5939861,45.7841473
13938,126.7180650,45.7455062
13939,126.5748041,45.7105980
13940,126.5718944,45.7125351
13941,126.5799223,45.7834730
13942,126.5785511,45.7773002
13943,126.6859745,45.7467042
13944,126.6853295,45.7474088
13945,126.7590711,45.7715002
13946,126.6053410,45.7149325
13947,126.6055721,45.7138789
13948,126.6088661,45.6989263
13949,126.5686364,45.6982212
13950,126.5689428,45.6986914
13951,126.5707601,45.7005616
13952,126.5694843,45.7089068
13953,126.7265394,45.7913182
13954,126.6346106,45.7234603
13955,126.6358667,45.7220925
13956,126.6431540,45.7773138
13957,126.5682728,45.7148677
13958,126.7575475,45.7927025
13959,126.6086103,45.7562457
13960,126.7498755,45.8414783
13961,126.7619844,45.8348034
13962,126.6361660,45.6563660
13963,126.6361321,45.6561354
13964,126.6358518,45.6563197
13965,126.6358537,45.6561051
13966,126.6872348,45.7625482
13967,126.6833318,45.7620642
13968,126.6808374,45.7617496
13969,126.6424202,45.6750450
13970,126.6422273,45.6757065
13971,126.6243306,45.7442007
13972,126.6247566,45.7444295
13973,126.6297430,45.7175528
13974,126.6322050,45.7167305
13975,126.6313722,45.7170089
13976,126.6840364,45.7137968
13977,126.6827306,45.7028581
13978,126.6834960,45.7051703
13979,126.5545584,45.7479819
13980,126.5546486,45.7476294
13981,126.5546234,45.7477260
13982,126.7110977,45.7387180
13983,126.7102661,45.7385779
13984,126.6317381,45.7321683
13985,126.6290600,45.6914135
13986,126.7240574,45.7373403
13987,126.6078564,45.7402566
13988,126.6056593,45.7414580
13989,126.5987730,45.7448618
13990,126.5924873,45.7475983
13991,126.5915655,45.7479680
13992,126.6307918,45.7634875
13993,126.7550126,45.7136636
13994,126.6931529,45.7454166
13995,126.6516917,45.7962401
13996,126.6179954,45.7663665
13997,126.7167164,45.7213984
13998,126.6123172,45.7745411
13999,126.6154970,45.7749087
14000,126.7314831,45.6679588
14001,126.7308939,45.6693251
14002,126.6597149,45.8264412
14003,126.6668925,45.6694834
14004,126.6776907,45.6709749
14005,126.6723876,45.6702424
14006,126.6626637,45.7614970
14007,126.6949598,45.8025488
14008,126.6848823,45.7274116
14009,126.7146371,45.7820031
14010,126.7151100,45.7800492
14011,126.7167577,45.7736328
14012,126.6987308,45.7180322
14013,126.5088869,45.7140036
14014,126.7596921,45.7859007
14015,126.5874293,45.7526256
14016,126.7023326,45.7498675
14017,126.5235369,45.7399459
14018,126.5229323,45.7402051
14019,126.6018315,45.7876164
14020,126.6029354,45.7880536
14021,126.6993301,45.6853372
14022,126.6933285,45.6907590
14023,126.6980968,45.6864769
14024,126.6800675,45.6925182
14025,126.6370109,45.7753873
14026,126.6331431,45.7769421
14027,126.6349176,45.7762314
14028,126.6348043,45.7762742
14029,126.5622522,45.6638438
14030,126.5623254,45.6669355
14031,126.6653162,45.7613905
14032,126.6652157,45.7601147
14033,126.5396252,45.8099115
14034,126.5102412,45.8074270
14035,126.5106615,45.8075609
14036,126.5281061,45.8094885
14037,126.5333811,45.8096412
14038,126.5393239,45.8099005
14039,126.6635284,45.7414076
14040,126.6120264,45.8072092
14041,126.6079882,45.8066012
14042,126.6078879,45.8065691
14043,126.6154820,45.6313044
14044,126.5362259,45.8311781
14045,126.7238754,45.7700458
14046,126.7199718,45.7695508
14047,126.7074129,45.7679975
14048,126.6954775,45.7863932
14049,126.7165452,45.7464680
14050,126.7191681,45.7464657
14051,126.6995460,45.7690966
14052,126.6591979,45.7342138
14053,126.6608617,45.7337378
14054,126.5580984,45.7128659
14055,126.6727838,45.7534999
14056,126.5849192,45.7032992
14057,126.7082542,45.7665461
14058,126.5279223,45.6686962
14059,126.5317732,45.6668920
14060,126.5778830,45.7327901
14061,126.5828796,45.7360224
14062,126.6615388,45.7188290
14063,126.5612182,45.7715864
14064,126.6427669,45.8453289
14065,126.6223127,45.8378327
14066,126.6307603,45.8409090
14067,126.5447706,45.7043830
14068,126.6940192,45.7423015
14069,126.5574159,45.7449961
14070,126.6742615,45.7887896
14071,126.6613803,45.7335578
14072,126.6392436,45.7798481
14073,126.6442726,45.7816705
14074,126.6425264,45.7810142
14075,126.6414262,45.7806158
14076,126.5426005,45.8397859
14077,126.5448603,45.8368204
14078,126.5017095,45.8375160
14079,126.5017248,45.8336779
14080,126.5016750,45.8301960
14081,126.5016740,45.8300537
14082,126.5016758,45.8269281
14083,126.7007079,45.7663785
14084,126.7009552,45.7656107
14085,126.6412877,45.7408049
14086,126.5820440,45.7425180
14087,126.6952249,45.7862827
14088,126.6411044,45.8137078
14089,126.6392739,45.8182140
14090,126.6391978,45.8183484
14091,126.6600910,45.7239149
14092,126.6624828,45.7269736
14093,126.6257778,45.7082003
14094,126.6264180,45.7082678
14095,126.7011362,45.7854063
14096,126.6147852,45.6995619
14097,126.6139328,45.6997505
14098,126.6291256,45.7494381
14099,126.7125203,45.6844559
14100,126.5502590,45.8058257
14101,126.5472889,45.8081704
14102,126.6377212,45.6622162
14103,126.7173455,45.8013045
14104,126.7471604,45.6733326
14105,126.6265715,45.6643052
14106,126.6268718,45.6643410
14107,126.6380800,45.6659796
14108,126.6865676,45.7591829
14109,126.6873703,45.7592803
14110,126.7678470,45.7695873
14111,126.7695210,45.7684338
14112,126.6281497,45.7136838
14113,126.5850564,45.7446322
14114,126.6766608,45.7787594
14115,126.6701464,45.7804783
14116,126.6731980,45.7793243
14117,126.6718387,45.7797097
14118,126.6955107,45.7441661
14119,126.5658017,45.7807280
14120,126.6843055,45.7521974
14121,126.5192494,45.7434042
14122,126.6549840,45.7733447
14123,126.5596983,45.7679521
14124,126.5596965,45.7685718
14125,126.6888235,45.7469981
14126,126.6885405,45.7460320
14127,126.6887687,45.7468161
14128,126.6306139,45.7716999
14129,126.6325679,45.7722097
14130,126.6354666,45.7729407
14131,126.6366841,45.7732546
14132,126.5624206,45.7377099
14133,126.6132920,45.7624113
14134,126.5167353,45.8143821
14135,126.6082561,45.8257826
14136,126.6192272,45.8121548
14137,126.6111643,45.8219815
14138,126.6319998,45.6804476
14139,126.7222164,45.7070472
14140,126.7237633,45.7705662
14141,126.6032626,45.7664777
14142,126.5198335,45.7313896
14143,126.7040238,45.6821334
14144,126.7516974,45.7141142
14145,126.5491749,45.7749453
14146,126.6642225,45.7401876
14147,126.6637542,45.7406865
14148,126.7235166,45.7913711
14149,126.7221470,45.7873820
14150,126.7244619,45.7886401
14151,126.6290959,45.7115450
14152,126.6292454,45.7118104
14153,126.6733922,45.7610663
14154,126.6713615,45.7611478
14155,126.6670688,45.7613202
14156,126.6465705,45.7750407
14157,126.6845013,45.7235719
14158,126.6344044,45.7883234
14159,126.6995639,45.8013472
14160,126.6273616,45.7571858
14161,126.6283122,45.7587938
14162,126.7074755,45.7556339
14163,126.7385735,45.7228632
14164,126.7406292,45.7213516
14165,126.6326034,45.7407134
14166,126.5547161,45.8157048
14167,126.5550785,45.8120493
14168,126.5550280,45.8131878
14169,126.5547995,45.8148636
14170,126.6282002,45.7189433
14171,126.6023821,45.8316614
14172,126.6512378,45.7783089
14173,126.6526678,45.7787912
14174,126.6414452,45.7557417
14175,126.5827173,45.7786077
14176,126.5806264,45.7818869
14177,126.5475160,45.7212273
14178,126.5460827,45.7224058
14179,126.5452042,45.7231241
14180,126.5392701,45.7291470
14181,126.6556393,45.7896314
14182,126.6851326,45.6859944
14183,126.6869445,45.6867121
14184,126.6385305,45.7338312
14185,126.6999790,45.7853315
14186,126.5646365,45.7847014
14187,126.5220525,45.7454397
14188,126.6500403,45.7522791
14189,126.6560992,45.7575868
14190,126.6522579,45.7542218
14191,126.6484599,45.6538889
14192,126.6808052,45.7979899
14193,126.6768643,45.7965489
14194,126.6813676,45.7481128
14195,126.6782045,45.7478940
14196,126.6767212,45.7477645
14197,126.6723516,45.7474441
14198,126.6644699,45.7652239
14199,126.6463380,45.6512942
14200,126.6448087,45.7411877
14201,126.5687021,45.7819357
14202,126.5691367,45.7821964
14203,126.5690187,45.7823129
14204,126.5686645,45.7819536
14205,126.6641715,45.7490246
14206,126.5396120,45.8100210
14207,126.6961047,45.7440852
14208,126.6945940,45.7442912
14209,126.6726423,45.7654592
14210,126.6829907,45.7336872
14211,126.6820104,45.7338157
14212,126.5787567,45.7761123
14213,126.5721312,45.7729581
14214,126.5723376,45.7726351
14215,126.7619777,45.7645461
14216,126.6732075,45.8291026
14217,126.6383450,45.7338881
14218,126.6408667,45.7121612
14219,126.7050004,45.7600683
14220,126.7048251,45.7599261
14221,126.7220306,45.7742763
14222,126.7209529,45.7741518
14223,126.5908643,45.7005952
14224,126.5929545,45.7008817
14225,126.6786823,45.7734706
14226,126.5359392,45.6583483
14227,126.5361404,45.6582795
14228,126.5460089,45.6543100
14229,126.5488030,45.6531823
14230,126.5489304,45.6531308
14231,126.5533930,45.6513363
14232,126.6348889,45.7365387
14233,126.5314948,45.8182004
14234,126.5202072,45.8180555
14235,126.5208333,45.8180553
14236,126.5267477,45.8180332
14237,126.5324615,45.8174212
14238,126.5345067,45.8156925
14239,126.5343960,45.8174899
14240,126.6486396,45.7278157
14241,126.6501292,45.7299368
14242,126.6517272,45.7323135
14243,126.7299802,45.7025134
14244,126.6521672,45.6695613
14245,126.6507951,45.6686366
14246,126.6509525,45.6686521
14247,126.6866576,45.7581014
14248,126.6870031,45.7583851
14249,126.5200056,45.7862351
14250,126.5199391,45.7724698
14251,126.5159658,45.6913538
14252,126.6520253,45.6795295
14253,126.6455063,45.7007115
14254,126.6467784,45.7008037
14255,126.6269655,45.7296475
14256,126.6286752,45.7290475
14257,126.6278113,45.7293454
14258,126.6470579,45.6998422
14259,126.5489737,45.7061993
14260,126.5501508,45.7070888
14261,126.7217920,45.6822340
14262,126.7178230,45.6828922
14263,126.6461474,45.7545220
14264,126.6313840,45.7629240
14265,126.6356110,45.7605236
14266,126.6357057,45.7604641
14267,126.6371781,45.7596215
14268,126.6424677,45.7566238
14269,126.6503674,45.7795133
14270,126.6499171,45.7803081
14271,126.6496882,45.7806686
14272,126.6496257,45.7807672
14273,126.6484326,45.7826506
14274,126.6471456,45.7847170
14275,126.6387509,45.7337636
14276,126.6194473,45.7615485
14277,126.7209917,45.7560578
14278,126.5096434,45.7963487
14279,126.5097749,45.7976255
14280,126.5836790,45.6555215
14281,126.7493239,45.7306420
14282,126.6459560,45.7583306
14283,126.6460162,45.7583851
14284,126.6759818,45.7511415
14285,126.6118858,45.6964770
14286,126.6116394,45.6976612
14287,126.6901944,45.7428634
14288,126.6909955,45.7456947
14289,126.6906551,45.7444918
14290,126.6653284,45.7647489
14291,126.6654464,45.7632744
14292,126.6028338,45.8345980
14293,126.6308956,45.7423406
14294,126.6314220,45.7420333
14295,126.6311729,45.7421787
14296,126.6986447,45.7427266
14297,126.6747547,45.8287170
14298,126.6724999,45.8298277
14299,126.6574994,45.6652302
14300,126.6615844,45.6628663
14301,126.6622343,45.6637911
14302,126.5675195,45.7506678
14303,126.5731206,45.7530897
14304,126.6435467,45.7775471
14305,126.6178135,45.6417364
14306,126.6366655,45.7375366
14307,126.6141833,45.6943470
14308,126.5100098,45.8153799
14309,126.7109256,45.6842212
14310,126.6986877,45.7669975
14311,126.6806873,45.7532359
14312,126.5218265,45.7010425
14313,126.5229271,45.6995137
14314,126.7036844,45.7266494
14315,126.7034196,45.7267797
14316,126.6763512,45.7488361
14317,126.6680741,45.7482453
14318,126.6740853,45.7486744
14319,126.6846063,45.7959077
14320,126.6787401,45.7938105
14321,126.6692634,45.7920257
14322,126.6752965,45.7358524
14323,126.6753345,45.7357693
14324,126.6753652,45.7357020
14325,126.6765444,45.7328881
14326,126.6782495,45.7287971
14327,126.6785840,45.7279955
14328,126.6162069,45.7648992
14329,126.6186573,45.7640366
14330,126.5972136,45.7120254
14331,126.6331196,45.7522517
14332,126.5873860,45.7455253
14333,126.6937559,45.7447716
14334,126.5185925,45.7280984
14335,126.5155756,45.7280813
14336,126.6861056,45.6997784
14337,126.6862150,45.7000884
14338,126.6424210,45.7188519
14339,126.6450979,45.7173704
14340,126.6494118,45.7158294
14341,126.6515057,45.7151034
14342,126.7007546,45.6837209
14343,126.6990709,45.6851959
14344,126.5773987,45.8191808
14345,126.5720511,45.8175800
14346,126.6205666,45.7189527
14347,126.6189121,45.7193223
14348,126.6268647,45.7438530
14349,126.6835954,45.7518465
14350,126.6844265,45.7517378
14351,126.5130928,45.8032216
14352,126.5815760,45.7767330
14353,126.6260551,45.7141152
14354,126.6267532,45.7147709
14355,126.6273600,45.7341948
14356,126.6269619,45.7340899
14357,126.7219731,45.7854246
14358,126.7231805,45.7854563
14359,126.6150327,45.7473286
14360,126.6031605,45.7719765
14361,126.7156118,45.7188481
14362,126.7159677,45.7188451
14363,126.6305696,45.7717862
14364,126.6322802,45.7685173
14365,126.6312520,45.7703689
14366,126.6049218,45.7517146
14367,126.6059133,45.7529447
14368,126.5945923,45.7007419
14369,126.6143530,45.6936116
14370,126.6496046,45.7423966
14371,126.6499345,45.7425782
14372,126.6498006,45.7332427
14373,126.5878680,45.6691152
14374,126.5890517,45.6726593
14375,126.5128327,45.8036208
14376,126.7572762,45.7408367
14377,126.5360281,45.6862240
14378,126.7297057,45.7341084
14379,126.6287034,45.7317977
14380,126.6283020,45.7317623
14381,126.6269070,45.7194960
14382,126.6272665,45.7197020
14383,126.5431711,45.7399577
14384,126.6488459,45.8207630
14385,126.6042603,45.7556679
14386,126.6058694,45.7570558
14387,126.5906175,45.6928637
14388,126.7152854,45.7894854
14389,126.5700208,45.7401161
14390,126.7428189,45.6631065
14391,126.7467675,45.6620086
14392,126.5917885,45.8155421
14393,126.6484166,45.6696827
14394,126.6454925,45.6688801
14395,126.5855473,45.8376199
14396,126.5900595,45.8344901
14397,126.7596995,45.7860038
14398,126.6119012,45.7084700
14399,126.7534915,45.7182394
14400,126.7477325,45.7190528
14401,126.7833726,45.6755588
14402,126.5655271,45.7803748
14403,126.5657047,45.7802886
14404,126.5658140,45.7802815
14405,126.5654678,45.7805087
14406,126.7045058,45.7492924
14407,126.6775562,45.7726613
14408,126.7389283,45.7119827
14409,126.7391794,45.7119690
14410,126.7445622,45.7116182
14411,126.5632665,45.7344535
14412,126.6336736,45.7660003
14413,126.6355617,45.7658094
14414,126.6354766,45.7659858
14415,126.5712187,45.7469357
14416,126.5150310,45.7302324
14417,126.5023166,45.7285406
14418,126.6384728,45.7212151
14419,126.5117044,45.7423094
14420,126.5127697,45.7384619
14421,126.6796865,45.6903965
14422,126.5912646,45.6810137
14423,126.5862281,45.6842786
14424,126.5803529,45.6885268
14425,126.5753030,45.6921134
14426,126.5717673,45.6945571
14427,126.5677590,45.6972577
14428,126.6578846,45.7246886
14429,126.6730781,45.7829014
14430,126.4820880,45.7858887
14431,126.5063820,45.7932738
14432,126.5047872,45.7927881
14433,126.5016951,45.7918158
14434,126.4984583,45.7908624
14435,126.5034373,45.7949726
14436,126.7587565,45.7372780
14437,126.7571819,45.7410425
14438,126.6315590,45.7514704
14439,126.7091336,45.7195821
14440,126.6140207,45.7677807
14441,126.6645396,45.7414236
14442,126.6650309,45.7414527
14443,126.6455666,45.7103201
14444,126.5641965,45.8259176
14445,126.5981590,45.6959692
14446,126.5990149,45.6963773
14447,126.6657909,45.7550331
14448,126.6647275,45.7550800
14449,126.6918218,45.7396710
14450,126.7233878,45.7373426
14451,126.7122136,45.7286741
14452,126.5140832,45.7426653
14453,126.6806792,45.6919577
14454,126.5651545,45.6885553
14455,126.5677675,45.6870752
14456,126.5680260,45.6869316
14457,126.7016014,45.7835179
14458,126.6366477,45.7733286
14459,126.6130140,45.7765192
14460,126.5825063,45.7849915
14461,126.6809312,45.6905105
14462,126.5994086,45.7548949
14463,126.6006867,45.7543444
14464,126.5617942,45.7786365
14465,126.6292237,45.6927470
14466,126.7309347,45.7178263
14467,126.5045563,45.7025652
14468,126.6582450,45.7652579
14469,126.6028086,45.7226595
14470,126.6400162,45.7294124
14471,126.6448091,45.7278329
14472,126.6613950,45.6637005
14473,126.6760795,45.7689689
14474,126.6748178,45.7689190
14475,126.6742154,45.7688952
14476,126.4937190,45.6926991
14477,126.5223920,45.8025676
14478,126.6199207,45.7620138
14479,126.5319610,45.6515752
14480,126.5318141,45.6516604
14481,126.5015259,45.6773480
14482,126.7204997,45.7273236
14483,126.7208250,45.7294467
14484,126.5542669,45.7375640
14485,126.5544547,45.7369163
14486,126.5943056,45.7244150
14487,126.7196081,45.7443913
14488,126.7204384,45.7443913
14489,126.7233616,45.7131583
14490,126.7012571,45.7673295
14491,126.7454903,45.6737790
14492,126.6794936,45.7293750
14493,126.5441975,45.6742894
14494,126.5786755,45.7846243
14495,126.6902377,45.7506220
14496,126.6903790,45.7499334
14497,126.6199237,45.7551872
14498,126.6202852,45.7551533
14499,126.6456650,45.7517057
14500,126.6975656,45.7866585
14501,126.6986033,45.7830012
14502,126.6686217,45.7250354
14503,126.5785446,45.7829142
14504,126.5809593,45.7290647
14505,126.5841053,45.7312338
14506,126.5859559,45.7324373
14507,126.6951070,45.7029128
14508,126.5890395,45.7858295
14509,126.5886011,45.7858418
14510,126.6966584,45.7539235
14511,126.5715673,45.7837561
14512,126.5710009,45.7833675
14513,126.5711472,45.7832298
14514,126.5715751,45.7831908
14515,126.5717583,45.7832891
14516,126.5718241,45.7835683
14517,126.7086120,45.8008246
14518,126.6831480,45.7781255
14519,126.6799166,45.7812517
14520,126.6797912,45.7813483
14521,126.5221426,45.7011236
14522,126.5221631,45.7016527
14523,126.5214729,45.7016558
14524,126.7464653,45.7892724
14525,126.5191823,45.7241721
14526,126.5434776,45.7399939
14527,126.5769477,45.6980451
14528,126.5804297,45.6954428
14529,126.5824656,45.6939024
14530,126.6518250,45.7617798
14531,126.6498262,45.7629703
14532,126.7152259,45.7188789
14533,126.6106753,45.7144104
14534,126.6177752,45.6623142
14535,126.6726775,45.7153844
14536,126.6722943,45.7146082
14537,126.6716298,45.7132621
14538,126.6986830,45.7190329
14539,126.6380829,45.7167551
14540,126.6390232,45.7180544
14541,126.5804873,45.8096273
14542,126.6185651,45.7258552
14543,126.5570674,45.7821345
14544,126.5425224,45.8349684
14545,126.6619385,45.7703880
14546,126.6498119,45.7841350
14547,126.6518608,45.7847407
14548,126.6075040,45.8298947
14549,126.5970486,45.7008549
14550,126.5717211,45.7739426
14551,126.7145403,45.7350024
14552,126.7128872,45.7305407
14553,126.6929230,45.7758853
14554,126.4993953,45.7920916
14555,126.7033462,45.7936543
14556,126.5876001,45.6805094
14557,126.5832239,45.6822413
14558,126.6106934,45.7960655
14559,126.5778464,45.7113161
14560,126.6444634,45.7054354
14561,126.6368294,45.6519824
14562,126.6365529,45.6519554
14563,126.6478103,45.6566827
14564,126.6480721,45.6557605
14565,126.4955135,45.8300317
14566,126.5255319,45.8300759
14567,126.7126239,45.7137208
14568,126.6220467,45.7043203
14569,126.7175977,45.6818203
14570,126.7189656,45.6815317
14571,126.7207185,45.7805265
14572,126.7390517,45.7212139
14573,126.7413255,45.7192306
14574,126.7396556,45.7208052
14575,126.7397591,45.7207160
14576,126.5907636,45.6921860
14577,126.5901974,45.6919819
14578,126.5904104,45.6920587
14579,126.5645055,45.8259104
14580,126.7730401,45.7752271
14581,126.5963077,45.7013383
14582,126.6064024,45.7024407
14583,126.6050933,45.7023126
14584,126.6014547,45.7019110
14585,126.6410245,45.7502082
14586,126.6347981,45.7537390
14587,126.6374083,45.7522597
14588,126.6521139,45.7332833
14589,126.6508528,45.7314861
14590,126.5746420,45.7535188
14591,126.6839879,45.7594553
14592,126.6351324,45.7363367
14593,126.5499408,45.7120909
14594,126.5505183,45.7083932
14595,126.5491876,45.7092517
14596,126.7602900,45.7549709
14597,126.7111477,45.7385605
14598,126.7124940,45.7387775
14599,126.7120644,45.7387058
14600,126.7363951,45.6780213
14601,126.6560023,45.7748528
14602,126.5721600,45.7008418
14603,126.6153092,45.8283955
14604,126.6153973,45.8284294
14605,126.6190896,45.8297971
14606,126.7260650,45.6868309
14607,126.7275539,45.6876813
14608,126.5580046,45.8209469
14609,126.6528792,45.7392283
14610,126.6516318,45.7402232
14611,126.5403617,45.6833385
14612,126.5586293,45.7202229
14613,126.5546687,45.7230574
14614,126.5564773,45.7220197
14615,126.5288042,45.6637499
14616,126.6886937,45.7985155
14617,126.6874280,45.7967855
14618,126.5763046,45.7502646
14619,126.5780531,45.7427794
14620,126.5870963,45.7138123
14621,126.5835151,45.7101394
14622,126.5786703,45.7048537
14623,126.6545573,45.6682490
14624,126.6407091,45.6665541
14625,126.6543144,45.6682241
14626,126.5575521,45.7701281
14627,126.6053692,45.7725926
14628,126.6059114,45.7717038
14629,126.6064305,45.7708401
14630,126.6078912,45.7681714
14631,126.5963941,45.7150748
14632,126.5919525,45.7145758
14633,126.6275478,45.7329922
14634,126.6083776,45.7138856
14635,126.5228513,45.8014452
14636,126.5297129,45.8021565
14637,126.5242819,45.8017684
14638,126.5980724,45.6908933
14639,126.6457946,45.6669484
14640,126.6978312,45.7902886
14641,126.5454882,45.6697933
14642,126.6467093,45.7252872
14643,126.6194182,45.7798659
14644,126.6032016,45.6947472
14645,126.6047160,45.6949090
14646,126.7516840,45.7418471
14647,126.7437733,45.7369491
14648,126.6548011,45.7174173
14649,126.5131957,45.6949662
14650,126.6124385,45.6914964
14651,126.6400859,45.6853755
14652,126.5078608,45.7184086
14653,126.5026809,45.7177072
14654,126.6050810,45.7328138
14655,126.7793893,45.6927835
14656,126.7794037,45.6928833
14657,126.7795649,45.6937597
14658,126.7797116,45.6945576
14659,126.5570070,45.7209841
14660,126.6930692,45.6736654
14661,126.6938077,45.7449740
14662,126.6937816,45.7448719
14663,126.6992204,45.7881260
14664,126.6222708,45.7462837
14665,126.5255744,45.7941097
14666,126.5314909,45.7957889
14667,126.6344119,45.7727577
14668,126.6887093,45.6926602
14669,126.7179129,45.7352360
14670,126.7199065,45.7353108
14671,126.7127490,45.7727392
14672,126.5848530,45.6967980
14673,126.7249059,45.6844553
14674,126.7277539,45.6853872
14675,126.7251298,45.6848976
14676,126.7283689,45.6866933
14677,126.7274976,45.6858072
14678,126.7014574,45.7443093
14679,126.6900399,45.7458234
14680,126.6860361,45.7463820
14681,126.6342666,45.7516810
14682,126.6258031,45.7403691
14683,126.7351052,45.6333309
14684,126.7111540,45.7449637
14685,126.5856664,45.6616789
14686,126.5880186,45.6697687
14687,126.5864643,45.6643740
14688,126.6274915,45.7125260
14689,126.6512457,45.6843317
14690,126.5677947,45.7786516
14691,126.6546412,45.7730447
14692,126.6559549,45.7722891
14693,126.5167794,45.7095261
14694,126.5164943,45.7094793
14695,126.5657235,45.7500446
14696,126.5660904,45.7500410
14697,126.6616058,45.7499655
14698,126.7246675,45.7432663
14699,126.7246653,45.7426050
14700,126.6813494,45.7482638
14701,126.6814865,45.7482790
14702,126.6816591,45.7482993
14703,126.5590335,45.8100015
14704,126.6863639,45.7597454
14705,126.7731557,45.6931566
14706,126.7916033,45.6920213
14707,126.7733608,45.6931368
14708,126.7372213,45.7354898
14709,126.7317893,45.7385482
14710,126.6279480,45.7695381
14711,126.6125081,45.7425064
14712,126.6147434,45.7417271
14713,126.6338549,45.7522727
14714,126.6342448,45.7526108
14715,126.5641319,45.7685900
14716,126.6058303,45.6611566
14717,126.7263015,45.8297215
14718,126.7253556,45.8291053
14719,126.5640141,45.7823563
14720,126.5849012,45.7359290
14721,126.6385205,45.7675567
14722,126.6384881,45.7676196
14723,126.6370347,45.7701766
14724,126.6354231,45.7730159
14725,126.6309193,45.7808775
14726,126.6300270,45.7824158
14727,126.7003572,45.6876964
14728,126.5646792,45.7171837
14729,126.5597703,45.7207344
14730,126.6482400,45.7275217
14731,126.6130659,45.7431799
14732,126.7196134,45.7477921
14733,126.5370034,45.7404780
14734,126.6382892,45.6659192
14735,126.7524972,45.7152797
14736,126.7527591,45.7159473
14737,126.6581711,45.7425299
14738,126.6889867,45.8048288
14739,126.6812724,45.7984573
14740,126.7024469,45.7907715
14741,126.4995770,45.7948648
14742,126.5011594,45.7954084
14743,126.7413115,45.7515006
14744,126.6369220,45.6513794
14745,126.6366575,45.6513549
14746,126.7456334,45.7521439
14747,126.7004640,45.7439702
14748,126.7013606,45.7439377
14749,126.5733476,45.7815440
14750,126.5735164,45.7816327
14751,126.5760316,45.7829563
14752,126.6546554,45.7671352
14753,126.6554650,45.7666599
14754,126.5847267,45.6559587
14755,126.5848206,45.6562357
14756,126.7441473,45.7884128
14757,126.7138824,45.7915917
14758,126.7192258,45.7914532
14759,126.7210966,45.7914186
14760,126.7303067,45.7906983
14761,126.6668264,45.6964544
14762,126.6264149,45.7323693
14763,126.6879897,45.7496289
14764,126.6349262,45.7292853
14765,126.7385024,45.6906418
14766,126.7453440,45.6878164
14767,126.7460993,45.6868810
14768,126.7724297,45.6676795
14769,126.6419119,45.7509757
14770,126.6426451,45.7505467
14771,126.6221796,45.7462096
14772,126.6245479,45.7448614
14773,126.5519221,45.7834993
14774,126.6902375,45.6715053
14775,126.5228831,45.6999784
14776,126.5928228,45.7048263
14777,126.5974177,45.6803847
14778,126.5841086,45.8080570
14779,126.5834600,45.8082817
14780,126.6903843,45.7597661
14781,126.6915579,45.7591853
14782,126.5208303,45.7356648
14783,126.5239409,45.7360737
14784,126.7678212,45.7097565
14785,126.7657530,45.7099158
14786,126.7516376,45.7109353
14787,126.6361542,45.7055876
14788,126.5181898,45.7287278
14789,126.5203297,45.7280381
14790,126.5206926,45.7283497
14791,126.5202894,45.7295073
14792,126.6348100,45.7209633
14793,126.6759271,45.7505624
14794,126.6735337,45.7503803
14795,126.6737666,45.7504040
14796,126.6217174,45.7453795
14797,126.6208112,45.7454807
14798,126.6197951,45.7455941
14799,126.6188268,45.7457022
14800,126.6918063,45.7906398
14801,126.6728224,45.7892674
14802,126.5549568,45.7461679
14803,126.5107233,45.8382906
14804,126.5102305,45.8382536
14805,126.7170312,45.7433700
14806,126.6265235,45.8198122
14807,126.6227570,45.8184111
14808,126.6226235,45.8183637
14809,126.5989600,45.7647301
14810,126.7095196,45.7853752
14811,126.6635265,45.7436747
14812,126.6647360,45.7436356
14813,126.6639982,45.7436650
14814,126.7027661,45.7224509
14815,126.6382717,45.7209658
14816,126.6395116,45.7205348
14817,126.5046933,45.7647870
14818,126.7112105,45.7383792
14819,126.6906875,45.7287945
14820,126.6899283,45.7286412
14821,126.6882104,45.7282506
14822,126.6022400,45.7405890
14823,126.5912730,45.7180318
14824,126.7950905,45.7347774
14825,126.6951640,45.6724751
14826,126.6867553,45.6708198
14827,126.6914361,45.6717413
14828,126.6884024,45.6711441
14829,126.6188086,45.6731472
14830,126.6145163,45.6751535
14831,126.7077934,45.7442952
14832,126.7076929,45.7439062
14833,126.6841327,45.7406815
14834,126.6918006,45.7396184
14835,126.7548399,45.7216741
14836,126.7150042,45.7280033
14837,126.5807402,45.7763882
14838,126.6899832,45.7018835
14839,126.6420326,45.7500064
14840,126.5908778,45.6790320
14841,126.6642184,45.7948824
14842,126.6642203,45.7947485
14843,126.6620676,45.7918225
14844,126.6594392,45.7891847
14845,126.6594127,45.7891328
14846,126.5873487,45.7080120
14847,126.5556939,45.8358401
14848,126.5988572,45.7863182
14849,126.6257453,45.7092269
14850,126.6260123,45.7081429
14851,126.6479229,45.7831263
14852,126.6469994,45.7827896
14853,126.6101396,45.7433144
14854,126.5154790,45.6918282
14855,126.6643702,45.6996537
14856,126.6655092,45.6994442
14857,126.5169499,45.8143503
14858,126.5322059,45.8134475
14859,126.6881568,45.7297575
14860,126.6269097,45.7781650
14861,126.6346607,45.7596069
14862,126.6369513,45.7615315
14863,126.6081283,45.7180247
14864,126.7009946,45.7859368
14865,126.7011031,45.7855304
14866,126.7014503,45.7841298
14867,126.6340916,45.7526949
14868,126.6479452,45.7325079
14869,126.6486778,45.7322475
14870,126.6479664,45.7313652
14871,126.5844558,45.7807507
14872,126.5129845,45.8027259
14873,126.5139742,45.8011338
14874,126.7199248,45.7364211
14875,126.7394181,45.6441289
14876,126.6813190,45.7294248
14877,126.6816606,45.7286383
14878,126.7570680,45.7410251
14879,126.4773809,45.7812080
14880,126.5002360,45.7879718
14881,126.6999623,45.7853972
14882,126.4821684,45.7857678
14883,126.5100794,45.7948803
14884,126.4985191,45.7907715
14885,126.5064492,45.7931669
14886,126.6011845,45.7461524
14887,126.6003599,45.7465194
14888,126.5590381,45.8373481
14889,126.7081148,45.7456417
14890,126.7081330,45.7457036
14891,126.7082647,45.7461520
14892,126.5641007,45.6854263
14893,126.5649624,45.7243720
14894,126.5651476,45.7242494
14895,126.6525232,45.7508812
14896,126.6549541,45.7526980
14897,126.6588274,45.7560451
14898,126.6216934,45.7448795
14899,126.6482735,45.7762393
14900,126.6441514,45.7794616
14901,126.6440823,45.7795147
14902,126.7001854,45.7845195
14903,126.7010464,45.7846196
14904,126.5501109,45.8151562
14905,126.5501990,45.8145921
14906,126.5393084,45.8100090
14907,126.5333750,45.8097403
14908,126.5280994,45.8095639
14909,126.5106543,45.8076331
14910,126.5102136,45.8075020
14911,126.6335420,45.7661201
14912,126.6368694,45.7670803
14913,126.5927361,45.7263172
14914,126.6579599,45.7065673
14915,126.7220971,45.7292755
14916,126.7163508,45.7300585
14917,126.6591641,45.7853597
14918,126.6117112,45.7480726
14919,126.5356086,45.7026453
14920,126.6394445,45.6355648
14921,126.6856838,45.7048096
14922,126.6267555,45.7112744
14923,126.6210110,45.7306332
14924,126.6241798,45.7287458
14925,126.6393330,45.7437310
14926,126.6906965,45.7486589
14927,126.6433249,45.7110220
14928,126.7315807,45.7035867
14929,126.5867809,45.7954495
14930,126.5795761,45.7927317
14931,126.5740497,45.7010219
14932,126.5723047,45.6992023
14933,126.5738178,45.7008699
14934,126.6581639,45.7857255
14935,126.5929365,45.8220905
14936,126.6072073,45.8079016
14937,126.5930245,45.8221312
14938,126.6045332,45.8258675
14939,126.6411359,45.7503046
14940,126.6972791,45.7419374
14941,126.6240533,45.7277703
14942,126.6421037,45.6750114
14943,126.6818110,45.7504189
14944,126.5702327,45.7524791
14945,126.5830659,45.7578647
14946,126.6457040,45.6998229
14947,126.7183952,45.6710846
14948,126.6277796,45.6666241
14949,126.6375204,45.6668059
14950,126.7411535,45.7706331
14951,126.7409807,45.7713100
14952,126.6738510,45.7469728
14953,126.6155206,45.7155439
14954,126.7029347,45.7089455
14955,126.7035482,45.7108797
14956,126.6628292,45.7718865
14957,126.6628738,45.7711803
14958,126.6064713,45.8400467
14959,126.6082452,45.8377036
14960,126.6081228,45.8378682
14961,126.5525812,45.7478546
14962,126.5526197,45.7477018
14963,126.5537231,45.7378087
14964,126.5544503,45.7359076
14965,126.5606528,45.7269681
14966,126.6458252,45.7336851
14967,126.6490413,45.7321220
14968,126.5856626,45.7321110
14969,126.5313203,45.8204686
14970,126.5323293,45.8204474
14971,126.6616346,45.7752599
14972,126.6036147,45.7924750
14973,126.5993055,45.7905696
14974,126.7045572,45.7495486
14975,126.7046495,45.7502855
14976,126.6187856,45.7690408
14977,126.5645794,45.7052886
14978,126.5693721,45.7050097
14979,126.6180935,45.8310273
14980,126.5953392,45.8380383
14981,126.5303186,45.7513395
14982,126.4955164,45.8302177
14983,126.6691389,45.6725960
14984,126.7215631,45.6554497
14985,126.5144475,45.7413891
14986,126.6387113,45.6715577
14987,126.5835926,45.6552852
14988,126.6901769,45.7590882
14989,126.6025886,45.7223780
14990,126.6026299,45.8346409
14991,126.6759484,45.7050450
14992,126.7183139,45.7563952
14993,126.6376880,45.7214716
14994,126.5276061,45.6948701
14995,126.6816052,45.7011319
14996,126.5881040,45.7043787
14997,126.5793976,45.7044517
14998,126.5789434,45.7046760
14999,126.7440567,45.6572552
15000,126.6393914,45.7539702
15001,126.6395819,45.7541410
15002,126.6436737,45.7576640
15003,126.6545817,45.7670716
15004,126.6581294,45.7691166
15005,126.7417877,45.7809380
15006,126.7417292,45.7810015
15007,126.7317043,45.7840353
15008,126.7263485,45.7833777
15009,126.7219740,45.7828634
15010,126.5163704,45.7389574
15011,126.6195773,45.7599440
15012,126.6203888,45.7583586
15013,126.5767233,45.7057718
15014,126.5755074,45.7057218
15015,126.7720754,45.6902430
15016,126.7732162,45.6932999
15017,126.6320687,45.7465128
15018,126.5827050,45.8088947
15019,126.5822844,45.8078965
15020,126.5940619,45.7589178
15021,126.6256815,45.7667263
15022,126.6290279,45.7675030
15023,126.6032085,45.8388340
15024,126.6097599,45.8412859
15025,126.6744349,45.7880891
15026,126.6782113,45.7891164
15027,126.5334386,45.8089667
15028,126.5335532,45.8074291
15029,126.7138389,45.7281232
15030,126.5001620,45.7128860
15031,126.6206359,45.8277430
15032,126.6168655,45.8263432
15033,126.6169462,45.8263779
15034,126.6937492,45.8021734
15035,126.7314718,45.7610125
15036,126.6420161,45.7790954
15037,126.6420326,45.7790509
15038,126.6548841,45.6679704
15039,126.5405350,45.7173937
15040,126.5498695,45.7198773
15041,126.5558078,45.7237701
15042,126.5664222,45.7306087
15043,126.5665410,45.7306685
15044,126.6898024,45.7342134
15045,126.6811592,45.7353872
15046,126.6763322,45.7359549
15047,126.6654204,45.7333924
15048,126.6211573,45.6909234
15049,126.6955793,45.6715200
15050,126.6953073,45.6721457
15051,126.5295174,45.7038583
15052,126.6568191,45.7709419
15053,126.6586561,45.7683828
15054,126.6317733,45.8318853
15055,126.6215051,45.6912081
15056,126.6801734,45.7646586
15057,126.6664972,45.7630126
15058,126.6121674,45.7751357
15059,126.6153074,45.7755302
15060,126.6975544,45.7875653
15061,126.6979611,45.7876126
15062,126.6816763,45.7327142
15063,126.7194110,45.7139923
15064,126.7187029,45.8021193
15065,126.6291375,45.7588603
15066,126.6292850,45.7606780
15067,126.6585080,45.7397356
15068,126.6599292,45.7399040
15069,126.6625042,45.7398853
15070,126.6620661,45.7396114
15071,126.6612167,45.7390803
15072,126.6128784,45.7517102
15073,126.5688466,45.8222103
15074,126.5745865,45.8231113
15075,126.6052403,45.7460663
15076,126.5482986,45.7346376
15077,126.7044855,45.7145289
15078,126.6685003,45.7536513
15079,126.6576202,45.7541468
15080,126.6646067,45.7538280
15081,126.6665527,45.7537391
15082,126.6673453,45.7537030
15083,126.5698326,45.8142255
15084,126.5684424,45.8257734
15085,126.6281509,45.7641128
15086,126.5274298,45.7246702
15087,126.6304420,45.8211945
15088,126.5747860,45.8302019
15089,126.5733037,45.8329903
15090,126.5739889,45.8318624
15091,126.7317434,45.7294202
15092,126.6981892,45.7665400
15093,126.6550588,45.7714933
15094,126.7067661,45.8146633
15095,126.6619063,45.7018431
15096,126.6560178,45.7035569
15097,126.6954355,45.7025244
15098,126.6962531,45.7015843
15099,126.6278170,45.7308541
15100,126.6283751,45.7316116
15101,126.6295267,45.7317914
15102,126.7578792,45.7729799
15103,126.6152670,45.8284527
15104,126.6267123,45.8122963
15105,126.6182030,45.8245827
15106,126.6219008,45.8193566
15107,126.6263637,45.8134306
15108,126.6638267,45.7045383
15109,126.7655629,45.7157987
15110,126.7697322,45.7150388
15111,126.6875020,45.7516122
15112,126.6876631,45.7510204
15113,126.7535019,45.7930908
15114,126.7533071,45.7922206
15115,126.6236938,45.7773244
15116,126.6247732,45.7751615
15117,126.7562816,45.7117686
15118,126.6371691,45.6499860
15119,126.5976452,45.7861992
15120,126.7022339,45.7118766
15121,126.7062898,45.7116888
15122,126.6359807,45.7689018
15123,126.6200894,45.7599816
15124,126.7101880,45.7183525
15125,126.6332754,45.7523917
15126,126.5016274,45.7213994
15127,126.5027114,45.7176229
15128,126.5192643,45.7393478
15129,126.7273686,45.7792254
15130,126.7330920,45.7798974
15131,126.5790119,45.7924154
15132,126.7104838,45.7917729
15133,126.7308472,45.7906656
15134,126.7146820,45.7916963
15135,126.6488858,45.7415749
15136,126.6501130,45.7419886
15137,126.6494068,45.7414186
15138,126.6185730,45.7690108
15139,126.6811437,45.7353120
15140,126.4853229,45.7191759
15141,126.5068414,45.7221069
15142,126.5040905,45.7217278
15143,126.6407991,45.7922136
15144,126.6426549,45.7903789
15145,126.5447752,45.6527715
15146,126.6585603,45.7858737
15147,126.6581279,45.7866143
15148,126.6150270,45.7393469
15149,126.6634238,45.7438053
15150,126.6641196,45.7442548
15151,126.6637653,45.7440179
15152,126.6722624,45.7478792
15153,126.5565786,45.8134530
15154,126.6028190,45.8347823
15155,126.6264767,45.8134777
15156,126.7049107,45.7457941
15157,126.6435460,45.7727728
15158,126.6523234,45.6795709
15159,126.6980238,45.6726825
15160,126.6154760,45.8081000
15161,126.6236026,45.7617082
15162,126.6219559,45.7601114
15163,126.6195583,45.7572335
15164,126.6187480,45.7549458
15165,126.6190392,45.8298542
15166,126.6153473,45.8284834
15167,126.6192075,45.7498735
15168,126.6213687,45.7486836
15169,126.6221036,45.7482644
15170,126.7482049,45.6636172
15171,126.6835998,45.7523024
15172,126.6836424,45.7521193
15173,126.5935102,45.7503158
15174,126.5946309,45.7498326
15175,126.5147443,45.6929903
15176,126.5034134,45.7106315
15177,126.5859548,45.6841047
15178,126.5888773,45.6819700
15179,126.5911879,45.6807661
15180,126.6536109,45.6735341
15181,126.6195403,45.7531211
15182,126.6199429,45.7549809
15183,126.6945682,45.7795402
15184,126.6954558,45.7761894
15185,126.6759711,45.7219710
15186,126.6745961,45.7219710
15187,126.7065997,45.7293593
15188,126.7076905,45.7331424
15189,126.7073103,45.7318186
15190,126.6982000,45.6829404
15191,126.6721630,45.7218032
15192,126.6702041,45.7214606
15193,126.5972021,45.7855492
15194,126.7121764,45.7394000
15195,126.7006746,45.7536824
15196,126.6293560,45.7424267
15197,126.6748553,45.7871752
15198,126.6850247,45.7471161
15199,126.6847644,45.7467721
15200,126.6262957,45.7287005
15201,126.6261586,45.7285115
15202,126.6694512,45.7233999
15203,126.5649227,45.7327206
15204,126.6456825,45.8418077
15205,126.5392085,45.8112948
15206,126.5873209,45.7393943
15207,126.7330618,45.7799682
15208,126.7307076,45.7891134
15209,126.5765604,45.7788058
15210,126.6283783,45.7146004
15211,126.7291841,45.7889934
15212,126.6240375,45.7402783
15213,126.5531902,45.7357346
15214,126.5527846,45.7356799
15215,126.6509777,45.8200122
15216,126.7165145,45.7330038
15217,126.7174327,45.7329952
15218,126.7316994,45.7528522
15219,126.5809288,45.7800118
15220,126.6145020,45.7658704
15221,126.7223114,45.7584293
15222,126.7156482,45.6927312
15223,126.6258054,45.7184308
15224,126.5743252,45.7458960
15225,126.7098259,45.7180553
15226,126.6201129,45.7059743
15227,126.6218107,45.7042978
15228,126.5711041,45.7722692
15229,126.5778031,45.6993342
15230,126.6696403,45.7238683
15231,126.7747538,45.7691173
15232,126.6444199,45.7509198
15233,126.5592637,45.6598930
15234,126.5534539,45.6514257
15235,126.5358121,45.6581862
15236,126.6392769,45.7341629
15237,126.7153260,45.6815442
15238,126.5647340,45.7002510
15239,126.5681552,45.7038652
15240,126.6750968,45.7867901
15241,126.6572881,45.7742462
15242,126.6317138,45.8318645
15243,126.6941966,45.7291912
15244,126.5634894,45.7741687
15245,126.5288845,45.8020063
15246,126.6089814,45.7550966
15247,126.6081845,45.7540930
15248,126.6257014,45.7547839
15249,126.6238903,45.7533054
15250,126.5622355,45.8330481
15251,126.5853375,45.8184305
15252,126.6072872,45.8079035
15253,126.7571897,45.8369065
15254,126.7114447,45.7370359
15255,126.7110320,45.7390016
15256,126.7112882,45.7381464
15257,126.5558234,45.7296858
15258,126.6402275,45.7495190
15259,126.6415409,45.7487892
15260,126.6837387,45.7128628
15261,126.6289732,45.7102892
15262,126.6275811,45.7102887
15263,126.6270507,45.7470537
15264,126.6365943,45.7551663
15265,126.6300793,45.7496880
15266,126.6999357,45.7485350
15267,126.5874398,45.6550239
15268,126.5874633,45.6552380
15269,126.6166590,45.7907534
15270,126.6136272,45.7951887
15271,126.7006615,45.7905640
15272,126.6003076,45.7854896
15273,126.5997562,45.7861034
15274,126.5921529,45.7526945
15275,126.7079281,45.7450615
15276,126.7535978,45.7937539
15277,126.6019400,45.7482558
15278,126.6036771,45.7501407
15279,126.6044676,45.7509905
15280,126.6893700,45.7541291
15281,126.6113275,45.7122037
15282,126.6131638,45.7123845
15283,126.6323980,45.8186081
15284,126.6296860,45.8221840
15285,126.6296419,45.8222440
15286,126.6244710,45.8290969
15287,126.6266814,45.8122560
15288,126.6277084,45.7536061
15289,126.7191159,45.7878276
15290,126.6998619,45.7857922
15291,126.5919851,45.6865858
15292,126.5923476,45.6866271
15293,126.5959766,45.6870123
15294,126.6022077,45.6874481
15295,126.7161819,45.7343425
15296,126.7161757,45.7352442
15297,126.5733646,45.7449030
15298,126.7148755,45.7948102
15299,126.5846409,45.6556448
15300,126.5869916,45.6579020
15301,126.5869099,45.6560354
15302,126.7216471,45.7271572
15303,126.6668510,45.6696442
15304,126.6511186,45.7859120
15305,126.5562574,45.8019072
15306,126.6567719,45.7411075
15307,126.7103551,45.7380181
15308,126.6561205,45.8393536
15309,126.6576698,45.8311168
15310,126.5993843,45.7493835
15311,126.7316489,45.6995739
15312,126.7319589,45.6950277
15313,126.7311051,45.6955839
15314,126.7311006,45.6955148
15315,126.5360198,45.6584497
15316,126.5362135,45.6583805
15317,126.6380834,45.7339702
15318,126.6368337,45.7322468
15319,126.6330544,45.7268997
15320,126.6329582,45.7263719
15321,126.6375079,45.7364399
15322,126.5980566,45.6929198
15323,126.5024043,45.7966221
15324,126.7764561,45.7374817
15325,126.5155958,45.7415545
15326,126.6509785,45.7098635
15327,126.6519110,45.7095519
15328,126.5477477,45.6728293
15329,126.5907556,45.7821194
15330,126.6028878,45.7863814
15331,126.6045965,45.7881395
15332,126.5791605,45.7924440
15333,126.5846352,45.7831591
15334,126.7069840,45.7454487
15335,126.7071064,45.7458916
15336,126.4891197,45.8337421
15337,126.7551546,45.7840166
15338,126.5976007,45.7871392
15339,126.6368541,45.7197681
15340,126.6355106,45.7202198
15341,126.6572064,45.7658515
15342,126.5342121,45.7006973
15343,126.5131655,45.7990644
15344,126.5135729,45.7983956
15345,126.5162377,45.7939885
15346,126.4113124,45.8618350
15347,126.6160482,45.7444810
15348,126.6208000,45.7448010
15349,126.6197913,45.7447331
15350,126.6187868,45.7446655
15351,126.5948377,45.7512955
15352,126.5944535,45.7514144
15353,126.7044600,45.7887107
15354,126.5819012,45.6612722
15355,126.6929309,45.6679881
15356,126.6946350,45.6655907
15357,126.6899185,45.7519122
15358,126.6877142,45.7516356
15359,126.7204212,45.6528887
15360,126.7197968,45.6544903
15361,126.6975438,45.7828549
15362,126.5198644,45.7302392
15363,126.6619077,45.7496637
15364,126.6377983,45.7646818
15365,126.6773555,45.7749370
15366,126.5520402,45.7757223
15367,126.5833675,45.7408225
15368,126.7487635,45.7358540
15369,126.7551334,45.7346088
15370,126.5794588,45.7760849
15371,126.5798175,45.7754679
15372,126.5275575,45.7169116
15373,126.5266832,45.7265246
15374,126.6882948,45.7017892
15375,126.6490005,45.7062271
15376,126.6523854,45.7050265
15377,126.6193049,45.7785818
15378,126.6193233,45.7784077
15379,126.7202079,45.7823480
15380,126.6199079,45.7475114
15381,126.6206517,45.7470862
15382,126.5881588,45.6740493
15383,126.5882429,45.6744013
15384,126.6624925,45.7389967
15385,126.5591543,45.8394677
15386,126.7124557,45.8344586
15387,126.7225097,45.8216422
15388,126.5955658,45.7508824
15389,126.5397330,45.7144029
15390,126.5327104,45.7207002
15391,126.6468336,45.7347563
15392,126.6119417,45.7784139
15393,126.6337465,45.7201013
15394,126.6122614,45.7165636
15395,126.5955784,45.7357624
15396,126.5943130,45.7342877
15397,126.7128280,45.8055353
15398,126.5691379,45.7864729
15399,126.5687678,45.7867871
15400,126.5606999,45.8026689
15401,126.6361616,45.7587531
15402,126.6502604,45.7794810
15403,126.6494461,45.7807116
15404,126.6495082,45.7806143
15405,126.7438222,45.8367075
15406,126.6226215,45.7610729
15407,126.5621750,45.7225469
15408,126.5620077,45.7224374
15409,126.7093917,45.7190699
15410,126.6782282,45.7477542
15411,126.6081938,45.7062191
15412,126.6755842,45.7282521
15413,126.5981090,45.7352659
15414,126.5621656,45.7783717
15415,126.6148560,45.7770781
15416,126.6149516,45.7767328
15417,126.6158654,45.7737142
15418,126.7205487,45.7883031
15419,126.6337246,45.7315162
15420,126.6287919,45.7245414
15421,126.5228460,45.6388806
15422,126.5962734,45.7516663
15423,126.5973260,45.7523220
15424,126.6372125,45.7552230
15425,126.5297621,45.6911052
15426,126.6457694,45.7351204
15427,126.6096815,45.7548430
15428,126.7037441,45.7462080
15429,126.7039470,45.7469560
15430,126.6739890,45.7709183
15431,126.7151825,45.7892026
15432,126.5432333,45.7394219
15433,126.5499424,45.8129202
15434,126.6310853,45.8165470
15435,126.7429321,45.8384711
15436,126.6469396,45.7256233
15437,126.6740887,45.7232883
15438,126.5962583,45.7537767
15439,126.6845066,45.7569717
15440,126.6826837,45.7563525
15441,126.6887133,45.6701499
15442,126.5587377,45.6972055
15443,126.6123051,45.7520615
15444,126.6464377,45.8420657
15445,126.6977120,45.8034732
15446,126.6538343,45.7147277
15447,126.6496613,45.7161542
15448,126.6426674,45.7191923
15449,126.7769380,45.7043113
15450,126.7194023,45.6683182
15451,126.5759988,45.7053585
15452,126.6970400,45.7046437
15453,126.7287627,45.7182657
15454,126.6676190,45.7223034
15455,126.6385931,45.7431352
15456,126.6382147,45.7428430
15457,126.6254210,45.7157241
15458,126.6259994,45.7151680
15459,126.6345879,45.7596454
15460,126.5893028,45.6558466
15461,126.5265860,45.7269052
15462,126.5156164,45.6910759
15463,126.6776257,45.7040824
15464,126.6672615,45.7212637
15465,126.7018982,45.7048105
15466,126.6693725,45.7236022
15467,126.6558904,45.7741451
15468,126.6541669,45.7726297
15469,126.6553480,45.7736632
15470,126.6386988,45.7432203
15471,126.6917342,45.7906194
15472,126.7165392,45.7343432
15473,126.6738979,45.7544755
15474,126.5202139,45.8187209
15475,126.5472691,45.7051794
15476,126.5428028,45.7045022
15477,126.6286656,45.7531839
15478,126.7005669,45.7345073
15479,126.5626892,45.7389090
15480,126.6432841,45.7645175
15481,126.5472245,45.7770943
15482,126.6321430,45.7511301
15483,126.7044076,45.7443618
15484,126.7086053,45.7441741
15485,126.5859931,45.8463034
15486,126.7100138,45.7761542
15487,126.6930353,45.7461715
15488,126.6189382,45.7785724
15489,126.6189566,45.7784034
15490,126.5671896,45.7505153
15491,126.6860961,45.6913229
15492,126.6999853,45.7461718
15493,126.5996779,45.7658295
15494,126.7532137,45.7937900
15495,126.5989881,45.7667386
15496,126.5397034,45.6689031
15497,126.6007624,45.6894592
15498,126.6081914,45.6800602
15499,126.6878963,45.7599335
15500,126.6962729,45.7609713
15501,126.7002369,45.6842718
15502,126.7382321,45.7197039
15503,126.5920781,45.7273892
15504,126.6783487,45.7761366
15505,126.6502497,45.7339147
15506,126.6735045,45.8014114
15507,126.7244406,45.7570581
15508,126.5309285,45.6500728
15509,126.5433233,45.6476247
15510,126.6736527,45.7817109
15511,126.5700301,45.6991718
15512,126.6293317,45.7208963
15513,126.7253310,45.7609290
15514,126.6790233,45.7713183
15515,126.7138345,45.7176021
15516,126.6367067,45.7508725
15517,126.5587421,45.7688847
15518,126.7125908,45.8052117
15519,126.7065045,45.8096173
15520,126.6188180,45.7783991
15521,126.7077984,45.6789505
15522,126.7130154,45.6754847
15523,126.7153107,45.7456091
15524,126.6436301,45.7661421
15525,126.6299042,45.7241431
15526,126.7651285,45.7174318
15527,126.6133595,45.6978361
15528,126.5651514,45.8317408
15529,126.6670039,45.7834417
15530,126.6743822,45.7225264
15531,126.6368334,45.7615760
15532,126.6744320,45.7140646
15533,126.7105076,45.7814907
15534,126.5630808,45.7685412
15535,126.5630845,45.7679593
15536,126.6458113,45.7940104
15537,126.5716173,45.7026365
15538,126.6294081,45.7657796
15539,126.6334974,45.7662048
15540,126.7699159,45.7205952
15541,126.6452602,45.7194990
15542,126.5435378,45.8212601
15543,126.7195658,45.7454968
15544,126.5972906,45.7855242
15545,126.6851231,45.7539899
15546,126.5764833,45.7345429
15547,126.5374666,45.7377747
15548,126.5637882,45.7747131
15549,126.5632520,45.7743522
15550,126.7057257,45.7294580
15551,126.7170072,45.7449975
15552,126.5671494,45.7791631
15553,126.5684629,45.7779298
15554,126.4828504,45.8127722
15555,126.6362333,45.7554526
15556,126.6373947,45.7553823
15557,126.6370016,45.7559847
15558,126.6162191,45.7964718
15559,126.6162405,45.7981473
15560,126.5950276,45.7533609
15561,126.6653826,45.7334538
15562,126.6763189,45.7360477
15563,126.5684310,45.7094411
15564,126.6188263,45.7635221
15565,126.5949457,45.6968235
15566,126.7751328,45.7824828
15567,126.7749328,45.7824666
15568,126.7010457,45.6837993
15569,126.6472130,45.7303273
15570,126.5124785,45.7980019
15571,126.6836432,45.7269557
15572,126.6332378,45.8234950
15573,126.6252015,45.8340509
15574,126.6331969,45.8235478
15575,126.7049844,45.7460512
15576,126.7172605,45.6957452
15577,126.7079664,45.7452069
15578,126.7072586,45.7458538
15579,126.7068779,45.7291346
15580,126.6290276,45.6915461
15581,126.6423737,45.6755579
15582,126.6460123,45.6770816
15583,126.5199600,45.7313887
15584,126.6155209,45.7037682
15585,126.6155639,45.7035738
15586,126.6255244,45.7575603
15587,126.6260177,45.8208818
15588,126.6258129,45.8208003
15589,126.6220292,45.8194040
15590,126.5379104,45.8147205
15591,126.6914384,45.8095188
15592,126.6456220,45.7798856
15593,126.6584058,45.7398287
15594,126.6661241,45.7660548
15595,126.6803713,45.7033302
15596,126.6643916,45.7425583
15597,126.5218478,45.7437496
15598,126.5218817,45.7436182
15599,126.5228180,45.7401884
15600,126.5229098,45.7398616
15601,126.5257487,45.7294451
15602,126.6306508,45.8169945
15603,126.6514312,45.7006828
15604,126.6644017,45.7511862
15605,126.5322246,45.8131703
15606,126.5301097,45.8173894
15607,126.5282849,45.8151314
15608,126.7218803,45.7203580
15609,126.5885416,45.6927635
15610,126.6136286,45.6966647
15611,126.6358592,45.7848214
15612,126.6173351,45.6819213
15613,126.5652221,45.7510815
15614,126.6369028,45.7123887
15615,126.5230319,45.6995315
15616,126.6971777,45.7297969
15617,126.5995459,45.7724717
15618,126.6304841,45.7239486
15619,126.5834691,45.7761900
15620,126.5841109,45.7770910
15621,126.6662471,45.7649663
15622,126.7510326,45.7114724
15623,126.5458224,45.7554291
15624,126.6454603,45.7742939
15625,126.6462436,45.7748259
15626,126.6504738,45.7778051
15627,126.5848329,45.7036972
15628,126.5854418,45.7037702
15629,126.5911801,45.7346020
15630,126.6982736,45.6720927
15631,126.5939812,45.7085858
15632,126.5876414,45.7079257
15633,126.5923181,45.7084127
15634,126.5922414,45.7084047
15635,126.7368983,45.7420780
15636,126.5588840,45.8209993
15637,126.6310793,45.8114715
15638,126.6187902,45.7786505
15639,126.5939943,45.7084385
15640,126.5922456,45.7082494
15641,126.6507602,45.7907778
15642,126.6483635,45.7947419
15643,126.5199009,45.7394314
15644,126.7060426,45.7052821
15645,126.5265271,45.8404270
15646,126.5706653,45.6831854
15647,126.5713330,45.6821089
15648,126.6216633,45.6902206
15649,126.6068455,45.7483313
15650,126.6062071,45.7492083
15651,126.6251697,45.7116386
15652,126.5945219,45.6988617
15653,126.5936905,45.7528862
15654,126.6646346,45.7404480
15655,126.6640900,45.7409144
15656,126.6576952,45.7737539
15657,126.6880372,45.7593572
15658,126.5224782,45.7398034
15659,126.6437361,45.8105738
15660,126.6189190,45.7598966
15661,126.6630736,45.7742914
15662,126.6642604,45.7724489
15663,126.6918228,45.6707705
15664,126.6378959,45.7904925
15665,126.6397166,45.7888277
15666,126.6043003,45.8261763
15667,126.5628922,45.8138628
15668,126.5876445,45.7142847
15669,126.5885119,45.7143409
15670,126.5974810,45.7141941
15671,126.6639050,45.7438410
15672,126.6635218,45.7437464
15673,126.7064020,45.6799840
15674,126.6319842,45.8104024
15675,126.5302112,45.6977502
15676,126.5303744,45.6984071
15677,126.6396415,45.6356227
15678,126.5602186,45.7690502
15679,126.5243907,45.7988784
15680,126.5243804,45.7988063
15681,126.5250119,45.7986318
15682,126.5119612,45.7966213
15683,126.6126310,45.7732959
15684,126.6313589,45.7397062
15685,126.5983541,45.8340998
15686,126.5363194,45.6775585
15687,126.6542673,45.7725752
15688,126.6552131,45.7720613
15689,126.6555092,45.7719004
15690,126.6458676,45.8421271
15691,126.6036059,45.7147551
15692,126.6040466,45.7148001
15693,126.6242364,45.7392426
15694,126.5651360,45.7050372
15695,126.7177056,45.6716847
15696,126.6212442,45.8549003
15697,126.5893684,45.6987134
15698,126.6348851,45.8131044
15699,126.5276811,45.6926124
15700,126.6135396,45.7696898
15701,126.6412344,45.6773538
15702,126.5070742,45.7975212
15703,126.5514249,45.6666457
15704,126.5118334,45.7328889
15705,126.7330867,45.7125878
15706,126.7289192,45.7025983
15707,126.6800304,45.6901023
15708,126.5078772,45.7183144
15709,126.5492404,45.7544484
15710,126.5852321,45.7592119
15711,126.7004307,45.6758362
15712,126.7022200,45.6766033
15713,126.6452873,45.7232086
15714,126.7712778,45.7734465
15715,126.7935452,45.7774876
15716,126.6286591,45.7305527
15717,126.6605547,45.7937472
15718,126.6726175,45.7545447
15719,126.6674542,45.6866908
15720,126.6654577,45.6855630
15721,126.5998138,45.7541142
15722,126.5003307,45.7878603
15723,126.4998468,45.7886018
15724,126.6767493,45.7476603
15725,126.5206061,45.8056670
15726,126.4955065,45.8269522
15727,126.7151589,45.7352489
15728,126.5967143,45.6835587
15729,126.5944760,45.6940108
15730,126.7447278,45.7218439
15731,126.7439190,45.7228481
15732,126.6635919,45.7441929
15733,126.6666226,45.7460622
15734,126.6707925,45.7469538
15735,126.6768156,45.7474246
15736,126.6949693,45.6743216
15737,126.6370414,45.7395300
15738,126.4924723,45.7072503
15739,126.7001199,45.7847774
15740,126.5201924,45.8127925
15741,126.5202062,45.8176725
15742,126.5943799,45.7513391
15743,126.7005346,45.7667512
15744,126.6127396,45.7373968
15745,126.6139242,45.7383967
15746,126.5302178,45.8151423
15747,126.7114733,45.7575619
15748,126.6398879,45.7787319
15749,126.6399183,45.7786556
15750,126.6981941,45.7867384
15751,126.7239005,45.7120429
15752,126.6400195,45.7396923
15753,126.7916197,45.6921450
15754,126.7734168,45.6932803
15755,126.6111819,45.7127231
15756,126.6095447,45.7392246
15757,126.5788058,45.7309323
15758,126.6895973,45.7296084
15759,126.6897482,45.7309093
15760,126.6964464,45.7602678
15761,126.6059918,45.7473931
15762,126.6072741,45.7488024
15763,126.5059860,45.8460776
15764,126.5637490,45.7334173
15765,126.6646067,45.7211405
15766,126.6117473,45.7108034
15767,126.5825683,45.7439634
15768,126.6604336,45.7235824
15769,126.6664827,45.7215014
15770,126.6560811,45.7749234
15771,126.6613305,45.7373769
15772,126.6096532,45.7303417
15773,126.6494933,45.7525979
15774,126.6331500,45.7434380
15775,126.6255059,45.7523743
15776,126.7025325,45.7063606
15777,126.5654046,45.7244176
15778,126.7011478,45.7428243
15779,126.5811001,45.7522540
15780,126.6566640,45.7728859
15781,126.5702310,45.6750096
15782,126.5307922,45.7309522
15783,126.6022371,45.7871422
15784,126.5326779,45.8134494
15785,126.7527807,45.7428460
15786,126.6683370,45.6698312
15787,126.5321851,45.8186287
15788,126.5319044,45.8223137
15789,126.5834779,45.7773343
15790,126.6865845,45.8007783
15791,126.6294779,45.6915789
15792,126.6296484,45.6908407
15793,126.6311304,45.6841985
15794,126.6340951,45.6761173
15795,126.6393278,45.7914142
15796,126.6412380,45.7896428
15797,126.6106593,45.7475185
15798,126.6816138,45.6899437
15799,126.6302867,45.7328347
15800,126.6645435,45.7532274
15801,126.5722860,45.7346773
15802,126.6629588,45.7355045
15803,126.6868361,45.7476978
15804,126.6952070,45.7914096
15805,126.6276781,45.6916964
15806,126.6515803,45.7813718
15807,126.5115202,45.7925135
15808,126.6467859,45.7542284
15809,126.5678068,45.6822252
15810,126.7087888,45.7260961
15811,126.7066867,45.7291671
15812,126.5733376,45.7459437
15813,126.6314337,45.7170963
15814,126.6322759,45.7168124
15815,126.7682402,45.8216320
15816,126.5663083,45.7503094
15817,126.6719347,45.7824600
15818,126.6252537,45.7567866
15819,126.6241651,45.7556313
15820,126.7206922,45.7865306
15821,126.6510239,45.7099283
15822,126.6010108,45.7295710
15823,126.6725811,45.7198980
15824,126.6725273,45.7201319
15825,126.6092050,45.7496154
15826,126.6081317,45.7484332
15827,126.6087395,45.7490965
15828,126.5398643,45.8058529
15829,126.6153185,45.7112215
15830,126.6120333,45.7108380
15831,126.7129011,45.7161235
15832,126.6402104,45.7464528
15833,126.5705787,45.8325430
15834,126.5728423,45.8329133
15835,126.7196668,45.6754058
15836,126.6880331,45.7763332
15837,126.6252627,45.7150624
15838,126.6223863,45.8261303
15839,126.6083246,45.8209162
15840,126.6219843,45.8259805
15841,126.6182869,45.8246173
15842,126.5330530,45.6814044
15843,126.6654806,45.7332845
15844,126.6613869,45.7373300
15845,126.7030510,45.6825916
15846,126.7043928,45.6821273
15847,126.6906017,45.7308189
15848,126.6388490,45.7660559
15849,126.7586978,45.7561134
15850,126.6110038,45.7591809
15851,126.5445314,45.7366087
15852,126.5452061,45.7366897
15853,126.5491560,45.7372004
15854,126.6134507,45.7984197
15855,126.6692374,45.7241929
15856,126.5361120,45.6861678
15857,126.6832725,45.9302934
15858,126.6833704,45.8289069
15859,126.7179182,45.7343463
15860,126.5806043,45.7561576
15861,126.6049666,45.7487501
15862,126.6521639,45.7231399
15863,126.6534732,45.7249113
15864,126.6528443,45.6794745
15865,126.6252191,45.7353916
15866,126.6503564,45.7832692
15867,126.5841283,45.6982619
15868,126.5293526,45.7044484
15869,126.5293177,45.7042594
15870,126.6181302,45.7633753
15871,126.7262592,45.7413030
15872,126.6730919,45.7520553
15873,126.5184484,45.7946591
15874,126.6125646,45.7735593
15875,126.7068738,45.8098765
15876,126.7077283,45.7443049
15877,126.6828302,45.6914523
15878,126.5125597,45.7981087
15879,126.6542524,45.7223202
15880,126.5391266,45.7399105
15881,126.6487099,45.7277933
15882,126.6530626,45.7289513
15883,126.5259186,45.7294717
15884,126.6102975,45.7112052
15885,126.5623109,45.7376955
15886,126.6226750,45.7320101
15887,126.6243610,45.7334052
15888,126.6247922,45.7337619
15889,126.6622453,45.7351211
15890,126.6642326,45.7333010
15891,126.7196375,45.6550842
15892,126.5837414,45.7098464
15893,126.6967946,45.7865605
15894,126.6812703,45.6902041
15895,126.5714835,45.8184471
15896,126.5673988,45.7507903
15897,126.5219744,45.7437627
15898,126.5459308,45.7142306
15899,126.5832875,45.6570072
15900,126.6017971,45.7483153
15901,126.6284519,45.7161489
15902,126.6635931,45.7392488
15903,126.5464703,45.7766631
15904,126.6511809,45.7811242
15905,126.6773295,45.7807960
15906,126.7077282,45.7544934
15907,126.7159485,45.7890458
15908,126.7189638,45.7893980
15909,126.6763438,45.7358810
15910,126.6833542,45.7350006
15911,126.6897799,45.7341373
15912,126.6826677,45.7325823
15913,126.5622449,45.7693513
15914,126.6896186,45.7431203
15915,126.7087478,45.7796563
15916,126.7107703,45.7804278
15917,126.7198829,45.7504147
15918,126.6990084,45.7304924
15919,126.6763813,45.7207652
15920,126.5798591,45.7316603
15921,126.5819338,45.7329480
15922,126.7239230,45.7149480
15923,126.6367848,45.7571762
15924,126.6560926,45.6927420
15925,126.6570516,45.6899332