edge_id,vertex_start_id,vertex_end_id
0,334304113,6312787191
1,334304160,403208780
2,334304160,334360322
3,334304164,4361619955
4,334304164,3058314704
5,334304432,4964161457
6,334304432,403214911
7,334304432,3485525525
8,334304433,403124269
9,334304433,334304434
10,334304433,403222071
11,334304434,10963991873
12,334304434,334304433
13,334304434,5905870278
14,334304444,3049392829
15,334304448,677292331
16,334304448,412477654
17,334305011,1943924613
18,334305013,3562836907
19,334324836,3565011187
20,334325326,8096737789
21,334325330,8096737793
22,334325330,2469943520
23,334358674,406109735
24,334360322,3969014161
25,334360322,3485522075
26,334360329,2168403093
27,334360330,403227047
28,334360330,334360329
29,334360330,3456728317
30,334360334,3456734355
31,334360334,567877248
32,334360338,2713902976
33,334360338,403228445
34,334360339,3456768491
35,334360339,3455119962
36,334360339,9892846182
37,334360341,3456769495
38,334360358,3050168643
39,334360358,9906988415
40,334360359,3305928435
41,334360359,403237764
42,334360359,334360358
43,334360363,412772857
44,334360363,3305928450
45,334360364,334360363
46,334360364,403237683
47,334360370,9977337340
48,334360370,412770466
49,334360391,8234025207
50,334360391,677293263
51,334360403,6313054050
52,334360403,406447375
53,334363416,9658346968
54,334363416,334363415
55,334363420,5269995787
56,334363420,11032468828
57,334363433,8948784462
58,334363433,9048024337
59,334363433,9048024333
60,334363442,412775807
61,334363442,9916569980
62,334363443,3480521614
63,334363443,3480521605
64,334363443,9062083486
65,334369611,6326298368
66,334369611,5270420387
67,334380061,11002943391
68,334380061,11002943453
69,334380061,1287992241
70,334380065,11002943453
71,334380065,334380061
72,334380072,11002943481
73,334380072,334380065
74,334380074,11002943283
75,334380074,334380072
76,334380078,11002943308
77,334380078,7988077990
78,334380078,9974268026
79,334380312,334380318
80,334380312,11980532848
81,334380312,412564883
82,334380318,334380319
83,334380318,334380312
84,334380318,11980551282
85,334380318,9048115417
86,334380319,334380318
87,334380319,412503538
88,334380319,11195959981
89,334650460,6790359128
90,334650460,9653799378
91,334650460,334650461
92,334650461,334650462
93,334650461,334650460
94,334650461,9653799380
95,334650461,3050154646
96,334650462,334650463
97,334650462,334650461
98,334650462,3305928445
99,334650462,9653799381
100,334650463,334650462
101,334650463,9653799382
102,334650463,3305928449
103,334650465,334650466
104,334650465,412767437
105,334650466,9653799384
106,334650466,9977341020
107,334650466,334650465
108,334650533,6790359128
109,334650533,3050154646
110,334650533,9671715090
111,334650533,3305928437
112,334650534,334650535
113,334650534,9671715086
114,334650534,3305928427
115,334650534,3305928433
116,334650535,334650536
117,334650535,3305928424
118,334650535,334650534
119,334650536,3305928423
120,334650536,3305928429
121,334650536,334650535
122,334650537,412780508
123,334650537,9987353721
124,334650537,3305928423
125,334650553,3305928437
126,334650553,9653799373
127,334650553,6738193084
128,334650576,9987353711
129,334650576,3050121107
130,335579308,5269995331
131,335579308,12088349757
132,338475997,412489576
133,338475997,3226271587
134,338475997,9048024337
135,338476001,338475997
136,338476001,11232758471
137,401256780,10202423498
138,401256897,7994808850
139,401256955,401256897
140,401256955,401257632
141,401257628,406149794
142,401257628,401257629
143,401257628,10202423438
144,401257629,10202423438
145,401257629,401256955
146,401257632,401257634
147,401257634,10202423477
148,401257634,406149779
149,401257634,6004182246
150,401257636,406532706
151,401257636,406510118
152,401257637,9916435833
153,401257640,8414754184
154,401257640,401257641
155,401257641,5898135277
156,401257641,5898135279
157,401284763,5469028891
158,401284763,401284764
159,401284764,334363443
160,401284787,334363443
161,401284787,401285165
162,401285165,5898135912
163,401285165,404656641
164,401285165,5898135910
165,401285241,3480438016
166,401285241,3480521605
167,401285241,1177761309
168,401285243,1177761444
169,401285243,3480438015
170,401285243,1177761409
171,401285245,406510119
172,401285245,9916569997
173,401285245,406532706
174,401285414,5269928325
175,401285414,9976522357
176,401285557,9048092408
177,401285557,412489565
178,402990784,406456690
179,402993318,6627695218
180,402993318,402993698
181,402993698,8948717328
182,402996797,1179259924
183,403003332,11042701303
184,403004953,2191032311
185,403022992,6313177235
186,403022992,404642371
187,403025835,11042701331
188,403025835,403108246
189,403033004,3231940952
190,403108046,403108049
191,403108046,403108469
192,403108049,9908676992
193,403108049,9908682416
194,403108246,9931569458
195,403108246,9920400217
196,403108436,9931482409
197,403108436,4964161601
198,403108469,9908676989
199,403108897,4964161560
200,403110622,2476377818
201,403110622,403108897
202,403112426,6313177603
203,403112426,403112428
204,403112428,6313177599
205,403112428,6313177585
206,403112763,403329681
207,403113540,6313177602
208,403113540,403113836
209,403113836,403330174
210,403114153,3967087991
211,403114153,403112763
212,403115117,403115120
213,403115117,403364660
214,403115120,403110622
215,403115590,6312426024
216,403115591,403115590
217,403115591,9985953049
218,403118301,9901576581
219,403119514,334304434
220,403120629,403207351
221,403120629,13274003709
222,403124269,13274003735
223,403124269,13274003709
224,403199658,403124269
225,403199658,403222071
226,403207346,5905870281
227,403207351,12269408687
228,403208780,5905870254
229,403208780,4361620988
230,403211221,9075898664
231,403211225,403222079
232,403211225,2191083488
233,403211238,334304433
234,403211238,403222072
235,403211238,412475843
236,403213442,403222084
237,403213442,403213446
238,403213446,403213449
239,403213446,403222083
240,403213446,4964161466
241,403213449,677295355
242,403213449,412475865
243,403214906,403214911
244,403214911,412475428
245,403214911,334304432
246,403214911,403214906
247,403220285,1943924445
248,403220285,3485524469
249,403222071,403222072
250,403222071,334304433
251,403222071,412475502
252,403222072,412475503
253,403222072,403211238
254,403222072,403222076
255,403222076,412475504
256,403222076,6312425863
257,403222079,4361620890
258,403222079,2191032259
259,403222083,9910961001
260,403222083,403213446
261,403222083,677295345
262,403222084,677295349
263,403222084,2191032907
264,403222927,4964161489
265,403222927,4964161498
266,403222927,4964161495
267,403222930,5755083486
268,403222930,4964161491
269,403222930,5755083512
270,403226219,5901931859
271,403226219,5901931858
272,403226224,403227045
273,403226224,9892846196
274,403227045,334360329
275,403227045,403227047
276,403227047,403227051
277,403227047,334360330
278,403227047,9709623257
279,403227051,403227059
280,403227051,9709623257
281,403227059,403228431
282,403227059,3555254359
283,403227059,567877248
284,403228431,334360334
285,403228431,2713902978
286,403228445,9892846183
287,403228445,610579534
288,403228450,334360341
289,403228450,8418799402
290,403230602,412728531
291,403230602,3496510785
292,403234915,3305928442
293,403234915,334360359
294,403237683,412780511
295,403237683,9653799377
296,403237761,3496532619
297,403237761,403237764
298,403237764,334360359
299,403237764,3050119726
300,403237764,403237766
301,403237766,3050119725
302,403237766,3050121104
303,403237773,9653799376
304,403237773,403237683
305,403241527,403241530
306,403241527,2676836500
307,403241527,677292398
308,403241530,9892846196
309,403241530,403227045
310,403241530,9709623257
311,403245438,9910240886
312,403245438,2168403105
313,403245444,1719057986
314,403245444,9709248915
315,403245444,9907941595
316,403247399,2191083317
317,403247399,2676836496
318,403247399,9906881586
319,403247403,403247399
320,403247403,9906881585
321,403247407,2676836484
322,403247407,677292403
323,403247411,9709359244
324,403247411,9642377703
325,403247415,9910240950
326,403247415,677292339
327,403247425,3305928419
328,403247425,403247415
329,403247425,412475980
330,403247433,677292332
331,403247433,403247425
332,403247433,677292353
333,403251665,10031973027
334,403251671,9709623248
335,403251671,9892846195
336,403251675,677292302
337,403251675,9709299556
338,403251678,2676836448
339,403251678,9709623244
340,403251678,412477812
341,403251682,2676836418
342,403251682,604389297
343,403255680,403258233
344,403258233,8300149218
345,403258233,8425207728
346,403276223,403255680
347,403276724,1171848524
348,403276724,403306332
349,403278101,1171848212
350,403279006,403276724
351,403282173,403282179
352,403282179,2510458167
353,403282179,403300835
354,403300835,1171848160
355,403300835,9910232389
356,403300835,3451467065
357,403300959,9910232392
358,403300959,9928949533
359,403302313,3451391118
360,403302313,1170838618
361,403302708,3046668301
362,403302708,3451388422
363,403302711,412483002
364,403302711,403302708
365,403302711,9929422979
366,403302714,403302711
367,403304199,4964161523
368,403304199,8299978153
369,403304724,403278101
370,403304724,1171848367
371,403306019,403306020
372,403306019,3881555709
373,403306020,4964161533
374,403306021,403306022
375,403306021,9657776360
376,403306022,403316635
377,403306022,403314521
378,403306332,403306019
379,403308900,1171848195
380,403308900,403282173
381,403310827,4361621007
382,403310827,2191032585
383,403313330,403304724
384,403313444,4964161509
385,403313444,4964161510
386,403313612,403310827
387,403314521,403304199
388,403316635,9657776361
389,403316636,4964161538
390,403316636,3214186014
391,403328069,403113540
392,403328069,412480641
393,403329681,3740175351
394,403329681,9657776356
395,403330174,403345544
396,403330174,3967080456
397,403330174,403330684
398,403330684,3967087985
399,403330684,403330174
400,403330684,403114153
401,403345544,403345546
402,403345546,403345548
403,403345546,9674345083
404,403345548,9674345086
405,403345548,6312677370
406,403349464,9933481470
407,403349464,9931590046
408,403349466,403349469
409,403349466,6312786848
410,403349466,9655758647
411,403349469,7988056401
412,403349469,11125420996
413,403349477,12185803773
414,403349477,415993780
415,403349484,2511162051
416,403349484,8222128530
417,403351241,403349469
418,403351241,6312786848
419,403351255,403345548
420,403351255,3967087980
421,403354002,9931569509
422,403354002,9931569508
423,403357856,9674345091
424,403357856,3967080452
425,403357859,403357877
426,403357859,403357864
427,403357864,3967070915
428,403357864,9926607369
429,403357877,403357880
430,403357880,4929522433
431,403357880,2191032229
432,403357889,6312677308
433,403357889,9659767572
434,403359260,6312677288
435,403359260,4361619949
436,403359263,403359260
437,403359263,8424227038
438,403361489,677295403
439,403361489,404596712
440,403361492,403361495
441,403361492,9642296863
442,403361495,403361498
443,403361495,9642296860
444,403361498,403361521
445,403361498,2476377833
446,403361498,677295392
447,403361521,403361529
448,403361521,8299565617
449,403361529,6312677290
450,403361529,2476377829
451,403364660,8301538034
452,403365627,2476377830
453,403365627,403115590
454,403367327,6312787228
455,403367329,6312787232
456,403367329,8300138904
457,403367329,6313177594
458,404578760,2476377704
459,404585578,8299978186
460,404596712,9907928900
461,404596712,677295423
462,404596727,9657776328
463,404596727,9985953049
464,404596768,6312677317
465,404596768,9985953047
466,404596794,11250441167
467,404596794,8301725126
468,404596808,404596813
469,404596808,9649161647
470,404596813,3520802740
471,404596813,3520802738
472,404596827,7988056393
473,404596827,2191032454
474,404596834,8301725131
475,404596834,7988056398
476,404596844,1371263799
477,404596844,8925923343
478,404597536,10599559221
479,404597536,404621875
480,404613154,3287346784
481,404613154,1171848181
482,404621875,404628409
483,404621875,404633313
484,404622809,9922079349
485,404622809,404621875
486,404625285,404633326
487,404625285,3107953569
488,404628409,404628417
489,404628409,3474486898
490,404628417,404628426
491,404628417,3474486898
492,404628426,404633305
493,404628426,3474486893
494,404628439,412481424
495,404628439,412483004
496,404628439,9929422976
497,404628444,9928949534
498,404628444,403300959
499,404632205,8414686194
500,404632205,9928853339
501,404632205,9928949543
502,404632205,9928949536
503,404632214,3047192588
504,404632214,403300959
505,404632227,404628439
506,404632227,3047171637
507,404633305,3474486904
508,404633305,404633309
509,404633309,404628417
510,404633309,3474486911
511,404633313,404622809
512,404633313,3107953557
513,404633326,3472714258
514,404633326,2477347669
515,404640342,6313177275
516,404640342,4361620985
517,404641802,6313177280
518,404641802,404642363
519,404642363,403022992
520,404642363,6313177236
521,404642371,404642377
522,404642371,6313177279
523,404642371,403022992
524,404642377,6313177226
525,404642377,6313177198
526,404656641,8414754190
527,406091148,406094311
528,406091148,2676836384
529,406091154,3047782134
530,406091154,406091148
531,406091154,3453317053
532,406091158,9926607420
533,406091158,3047782133
534,406094257,11028391320
535,406094257,1176788109
536,406094302,3287330561
537,406094302,1176788286
538,406094302,1170838566
539,406094302,11028391268
540,406094306,3287330561
541,406094306,1170839325
542,406094311,9907968708
543,406094311,406094306
544,406095950,3453392781
545,406095950,406091154
546,406109735,9907968691
547,406109735,1170838567
548,406109739,3451531640
549,406114042,9907968647
550,406114042,10298178523
551,406117812,9976522383
552,406117812,3048222452
553,406120051,9042365267
554,406120051,4163884266
555,406122629,3287346783
556,406122629,406122637
557,406122637,4163884266
558,406122637,3287346790
559,406122637,3046667748
560,406122643,1170839578
561,406122643,1170839573
562,406122658,406117812
563,406122658,3451529971
564,406130907,3287346792
565,406130907,3046660171
566,406130907,3046660173
567,406130931,406130934
568,406130931,9906988324
569,406130931,3107941946
570,406130931,9066287227
571,406130934,3107941947
572,406130934,9066287226
573,406130934,3046333300
574,406130934,406130931
575,406130944,9906988388
576,406130944,5913132527
577,406130944,2839601089
578,406135442,8414754208
579,406135442,406135449
580,406135445,1170838627
581,406135449,5898135274
582,406140309,401256780
583,406143584,406140309
584,406143584,406149790
585,406149779,401257634
586,406149779,9906988339
587,406149779,406149782
588,406149782,10202423488
589,406149782,406143584
590,406149790,406149794
591,406149794,401257628
592,406149794,2537843196
593,406149794,11233693782
594,406151029,406151033
595,406151029,406532709
596,406151033,6004182245
597,406151033,401257636
598,406441967,406444297
599,406441990,3107953553
600,406441990,3107953558
601,406444286,9916570101
602,406444286,406444289
603,406444289,406444292
604,406444289,406444286
605,406444289,3474486905
606,406444292,406444289
607,406444292,9916570122
608,406444297,406444292
609,406444297,9671714996
610,406445403,9916570045
611,406445403,9916435842
612,406445417,9922079369
613,406445417,9916570090
614,406445417,412485290
615,406445419,2839601344
616,406445419,2839601103
617,406445419,406447365
618,406447361,406447365
619,406447361,5913132394
620,406447365,406447361
621,406447365,2839601172
622,406447365,2839601357
623,406447365,406445419
624,406447368,5913128284
625,406447368,2839601306
626,406447368,2839601103
627,406447368,406447372
628,406447372,2839601162
629,406447372,2839601034
630,406447372,1179260104
631,406447372,406447368
632,406447375,8434066647
633,406449014,6276137351
634,406449014,6566249865
635,406449014,2839601162
636,406449014,2839601117
637,406449019,2538059769
638,406449019,5913132431
639,406449019,5913132430
640,406449019,406487679
641,406449021,2538059769
642,406449021,9034120455
643,406449021,5913132402
644,406451324,6627695235
645,406451324,1179260039
646,406451324,406451967
647,406451324,1179259988
648,406451328,9034120456
649,406451328,2839601241
650,406451330,5913132401
651,406451330,5913132427
652,406451330,1179259920
653,406451332,5913132411
654,406451332,2538059758
655,406451332,5913132419
656,406451332,5913132424
657,406451333,5913132420
658,406451333,412485589
659,406451333,2538059758
660,406451967,2471075953
661,406451967,8002887496
662,406451967,406451324
663,406451996,2839601340
664,406451996,6625294515
665,406451996,8002887496
666,406456491,6625268784
667,406456491,9908902698
668,406456491,9908902704
669,406456690,2469083126
670,406458792,9037449550
671,406458792,2575825334
672,406458792,8929851460
673,406459681,6567782078
674,406459681,5509847957
675,406459681,5509847752
676,406465633,12135554729
677,406475537,9916564010
678,406475537,9916570048
679,406475540,406447361
680,406475540,9034120457
681,406486067,406486071
682,406486067,9034120457
683,406486071,1179259962
684,406486071,6632634201
685,406487679,2538059767
686,406487679,406449019
687,406491946,6627695214
688,406491946,406491951
689,406491951,406491954
690,406491951,9916569924
691,406491954,9916570049
692,406494822,5913132396
693,406494822,9192916101
694,406494822,8948717328
695,406494829,2839601117
696,406494829,2839601249
697,406494829,6566249866
698,406496463,9916570132
699,406496463,406475537
700,406501678,2477347635
701,406501678,406501685
702,406501685,9916569926
703,406501685,9916612628
704,406501695,13333923894
705,406501695,1171848360
706,406510114,9916435889
707,406510114,6004182238
708,406510116,406151033
709,406510116,406532709
710,406510118,6004182250
711,406510118,406510119
712,406510119,401285245
713,406510119,6004182257
714,406510119,406510126
715,406510126,9916570019
716,406510126,5824604504
717,406510133,4689045582
718,406510133,9916570017
719,406513848,9671715068
720,406513848,12558454675
721,406513848,9906861939
722,406515190,7991587478
723,406515190,11027994838
724,406515193,4689050399
725,406515193,9908926670
726,406515193,5578859361
727,406515193,7991587478
728,406515196,4689050396
729,406515196,4689050393
730,406515196,5269927718
731,406515196,9653799385
732,406532706,9916570000
733,406532706,406151029
734,406532709,9916569948
735,406532709,9916435913
736,406532712,406510114
737,406532712,9922077557
738,412198260,412200882
739,412198486,6325667614
740,412198486,412198572
741,412198486,8096737795
742,412198572,412201011
743,412198572,412198486
744,412198572,6326297754
745,412198615,6325667569
746,412198615,9956336395
747,412198649,8847974473
748,412198649,9956336372
749,412198653,8859358473
750,412198653,9956336405
751,412198661,412201557
752,412198661,412199931
753,412199346,412199347
754,412199346,412199918
755,412199347,8859358495
756,412199348,8096737793
757,412199348,6326297754
758,412199514,9956335918
759,412199514,9956432592
760,412199700,5270420387
761,412199700,412201866
762,412199918,412198260
763,412199918,412200538
764,412199931,9956335918
765,412200538,9112308400
766,412200846,9026173158
767,412200882,2168469672
768,412200882,2168469719
769,412200886,13270507965
770,412200889,9112308401
771,412200889,9271241407
772,412200893,9271241414
773,412200893,9684180053
774,412200960,6326297779
775,412200960,2469943541
776,412200960,5270420395
777,412200961,412198486
778,412200961,412201011
779,412201011,5270420395
780,412201011,2168469657
781,412201011,412200960
782,412201557,334325326
783,412201557,412201738
784,412201738,6325667570
785,412201738,8847974476
786,412201738,412201557
787,412201866,5030596352
788,412202349,12072047543
789,412202349,1943924638
790,412475298,412475424
791,412475298,412475847
792,412475424,6312426010
793,412475424,412475847
794,412475426,6312426013
795,412475426,412475298
796,412475427,6312425864
797,412475428,412475427
798,412475428,412475845
799,412475428,412475846
800,412475429,403214911
801,412475429,1943924305
802,412475432,412475502
803,412475432,403199658
804,412475502,412475503
805,412475502,412475432
806,412475502,403222071
807,412475502,4964161457
808,412475503,412475504
809,412475503,412475502
810,412475503,412475844
811,412475503,403222072
812,412475504,412475557
813,412475504,412475503
814,412475504,4964161456
815,412475557,6312426003
816,412475557,412475504
817,412475557,6312425863
818,412475843,403211238
819,412475843,6312426001
820,412475843,403119514
821,412475844,412475845
822,412475844,412475503
823,412475844,4964161456
824,412475844,4964161457
825,412475845,412475428
826,412475845,412475844
827,412475845,334304432
828,412475846,6312426075
829,412475846,6312426072
830,412475846,412475428
831,412475847,6312426075
832,412475847,412475424
833,412475847,412475298
834,412475865,412475866
835,412475865,4964161464
836,412475865,9642296859
837,412475866,2191083567
838,412475980,677292331
839,412475980,412477654
840,412475981,9910240868
841,412475981,2476377895
842,412475981,412477813
843,412475983,2476377879
844,412475983,2676836426
845,412475984,2476377877
846,412475984,412477564
847,412475984,2476377874
848,412475985,2476377874
849,412475985,2476377877
850,412475988,4964161474
851,412476725,412477077
852,412476725,412477564
853,412476725,5905870238
854,412476975,412477361
855,412476975,412476979
856,412476979,677292388
857,412476979,412477071
858,412476979,677292407
859,412476993,9910982631
860,412476993,9910961013
861,412476993,677295418
862,412477071,5905871193
863,412477071,412476979
864,412477077,412476725
865,412477077,4361620921
866,412477079,4361621012
867,412477079,5905870247
868,412477290,2476377880
869,412477290,412477330
870,412477290,412475983
871,412477291,2676836441
872,412477291,2476377884
873,412477291,412477292
874,412477291,2476377880
875,412477292,412477651
876,412477292,412477650
877,412477292,2676836442
878,412477292,412477291
879,412477330,412477290
880,412477330,677292388
881,412477330,412477361
882,412477330,9910240857
883,412477361,412475983
884,412477361,412477330
885,412477361,2676836430
886,412477362,412477363
887,412477362,412477509
888,412477362,2676836441
889,412477363,2676836421
890,412477363,412477650
891,412477363,412477649
892,412477365,412477366
893,412477365,412477568
894,412477365,2676836427
895,412477366,2676836413
896,412477366,412477569
897,412477366,2676836424
898,412477509,412477510
899,412477509,412477362
900,412477509,2676836425
901,412477509,412477649
902,412477510,412477509
903,412477510,412477565
904,412477510,2476377877
905,412477510,412477512
906,412477512,412477510
907,412477512,412475985
908,412477564,412475984
909,412477564,2676836430
910,412477564,677292393
911,412477564,412476725
912,412477565,412477510
913,412477565,412477649
914,412477565,11911785801
915,412477566,403251682
916,412477567,2676836403
917,412477567,2676836418
918,412477567,412477568
919,412477567,11911785804
920,412477568,2676836401
921,412477568,412477365
922,412477568,412477569
923,412477568,412477567
924,412477569,412477366
925,412477569,2676836400
926,412477569,412477570
927,412477569,412477568
928,412477570,2676836393
929,412477570,412477571
930,412477570,412477569
931,412477571,412477570
932,412477571,1180316600
933,412477649,412477363
934,412477649,412477565
935,412477649,412477509
936,412477650,412477292
937,412477650,412477363
938,412477650,2676836434
939,412477650,2676836441
940,412477651,412477652
941,412477651,412477292
942,412477651,9709623244
943,412477651,9910232412
944,412477652,412477653
945,412477652,412477651
946,412477652,9709623245
947,412477652,2476377889
948,412477652,2476377895
949,412477653,412477652
950,412477654,412475981
951,412477654,334304448
952,412477654,677292396
953,412477812,9709623245
954,412477812,2676836452
955,412477812,403251675
956,412477813,677292382
957,412477813,5905870237
958,412478112,412478115
959,412478112,1180316558
960,412478115,2476377870
961,412478115,412478112
962,412478115,5755083551
963,412478115,2676836394
964,412479109,412479110
965,412479109,6312426065
966,412479110,6312426258
967,412479110,9910960998
968,412479110,6312426064
969,412479111,6312426237
970,412479111,412479119
971,412479111,6313925626
972,412479119,412479111
973,412479119,412479120
974,412479119,6313925625
975,412479120,412479119
976,412479120,412479544
977,412479544,403359260
978,412479619,6313925627
979,412479619,412479664
980,412479619,1943923806
981,412479664,412479120
982,412479664,6313925632
983,412480640,412480641
984,412480640,9926607373
985,412480641,412480640
986,412480641,2191032831
987,412480641,403328069
988,412480641,2191032603
989,412480682,2676836354
990,412480682,3450159250
991,412480686,412480687
992,412480686,3740175357
993,412480686,3047744272
994,412480687,3967259388
995,412480689,3740175354
996,412480689,4964161613
997,412480689,412480690
998,412480690,3740175353
999,412480690,4964161614
1000,412480690,9907928913
1001,412480691,403328069
1002,412480691,3740175352
1003,412481424,412481429
1004,412481424,9929422976
1005,412481429,9929422975
1006,412481429,403302714
1007,412483002,412483004
1008,412483002,9929422979
1009,412483004,404632227
1010,412483004,9928949550
1011,412483004,9928949549
1012,412483434,412483435
1013,412483434,3046668319
1014,412483434,3046668301
1015,412483434,2538057002
1016,412483435,412483434
1017,412483435,9921269525
1018,412483435,9921269524
1019,412483435,1171848160
1020,412483642,9910232388
1021,412483642,3047192587
1022,412483642,3047195936
1023,412485034,4361619918
1024,412485034,412485035
1025,412485035,9916570039
1026,412485035,9916570085
1027,412485036,412485146
1028,412485036,9916570058
1029,412485039,2839601091
1030,412485039,9916570102
1031,412485146,9916570029
1032,412485148,6632518647
1033,412485148,9922079320
1034,412485290,5913132400
1035,412485290,9916570089
1036,412485348,9916570042
1037,412485348,9916570092
1038,412485348,9922077575
1039,412485568,6632518670
1040,412485588,412485589
1041,412485588,412485568
1042,412485589,8414529235
1043,412485589,406451333
1044,412486148,412486507
1045,412486148,6566297186
1046,412486148,8065710639
1047,412486422,412486423
1048,412486422,6627827963
1049,412486423,412486422
1050,412486423,6627827961
1051,412486423,6627827959
1052,412486507,412486148
1053,412486507,6627827961
1054,412486507,6566297186
1055,412486850,1179260016
1056,412486850,412486858
1057,412486850,5913132421
1058,412486858,412485568
1059,412486858,412486850
1060,412489565,401285557
1061,412489565,3969014175
1062,412489565,10069475804
1063,412489572,12137886902
1064,412489572,3226271767
1065,412489576,338475997
1066,412489576,9115854883
1067,412489576,9115854902
1068,412490561,6314396029
1069,412490561,6314396036
1070,412503538,9658346968
1071,412503538,334380319
1072,412503538,9048115417
1073,412564883,334380312
1074,412727847,9942618049
1075,412727847,6326298066
1076,412727847,8859358513
1077,412727853,2469943515
1078,412727853,9952188339
1079,412727853,9891032871
1080,412727854,2168469780
1081,412727854,1943924979
1082,412727857,2168469799
1083,412727857,12153686378
1084,412727857,2469943501
1085,412727860,12153686378
1086,412727860,8859358513
1087,412728330,2168469814
1088,412728330,610579586
1089,412728335,3969297678
1090,412728335,6326298298
1091,412728531,4361620918
1092,412728533,9709333188
1093,412728533,2691058638
1094,412728534,412728533
1095,412728535,9910240920
1096,412728535,2676836503
1097,412728536,3335931101
1098,412728536,3053559112
1099,412754507,412754527
1100,412754527,6326531760
1101,412754527,2469943540
1102,412754529,412754530
1103,412754529,1282895960
1104,412754530,412754507
1105,412754530,10596341811
1106,412754566,9956336365
1107,412754566,412198649
1108,412759151,412760632
1109,412759151,412759152
1110,412759151,412760633
1111,412759152,412760640
1112,412759152,412759151
1113,412759153,412760397
1114,412759153,412759154
1115,412759153,412760640
1116,412759154,412759153
1117,412759154,6313515435
1118,412759162,6313515409
1119,412759162,412759697
1120,412759162,412759164
1121,412759164,9845578108
1122,412759164,9951784443
1123,412759164,9522780686
1124,412759296,5030596367
1125,412759296,3562807823
1126,412759298,412760427
1127,412759298,3562801819
1128,412759690,334324836
1129,412759690,412759691
1130,412759691,412760428
1131,412759691,412759690
1132,412759691,412759693
1133,412759693,412759691
1134,412759693,9951784443
1135,412759693,412759697
1136,412759697,412760426
1137,412759697,412759162
1138,412759697,412759693
1139,412759748,412760636
1140,412759749,412759750
1141,412759749,11128446266
1142,412759750,412759749
1143,412760139,412759152
1144,412760139,412760632
1145,412760141,412760343
1146,412760141,412760142
1147,412760142,412760143
1148,412760143,412760427
1149,412760143,412760144
1150,412760144,412760145
1151,412760145,412760394
1152,412760145,412760146
1153,412760146,412760139
1154,412760337,412760341
1155,412760341,412760142
1156,412760341,412760343
1157,412760343,3562807822
1158,412760394,412760395
1159,412760395,412760426
1160,412760395,412760397
1161,412760397,412759153
1162,412760397,412760398
1163,412760398,412760146
1164,412760398,412760394
1165,412760426,412760395
1166,412760426,412760428
1167,412760426,412759697
1168,412760427,412759690
1169,412760427,412760428
1170,412760427,412759298
1171,412760428,412760426
1172,412760428,412760144
1173,412760428,412760427
1174,412760632,412760141
1175,412760633,412759151
1176,412760633,5030596391
1177,412760633,412760636
1178,412760636,412760637
1179,412760636,412760633
1180,412760637,412760636
1181,412760637,412760640
1182,412760637,10548076543
1183,412760640,412759153
1184,412760640,412759152
1185,412760640,412760637
1186,412761121,412761266
1187,412761121,334369611
1188,412761266,5030596378
1189,412761266,412761121
1190,412761266,11128446267
1191,412761273,3562446410
1192,412761273,412761275
1193,412761273,5030596378
1194,412761275,3565035632
1195,412761275,412761273
1196,412761275,3562446410
1197,412761278,2549776585
1198,412761278,3565030304
1199,412761278,3565035632
1200,412761282,1943924609
1201,412761282,412761310
1202,412761282,3565030304
1203,412761310,412761282
1204,412767432,412767433
1205,412767432,9653799378
1206,412767433,3050154645
1207,412767433,9653799380
1208,412767433,412767434
1209,412767434,9653799381
1210,412767434,412767435
1211,412767435,412767436
1212,412767435,9653799382
1213,412767436,9653799383
1214,412767436,2476377993
1215,412767437,2476378002
1216,412767437,1943924723
1217,412767715,412774484
1218,412767715,8022474929
1219,412767715,412774895
1220,412767718,334360370
1221,412767718,1172876966
1222,412767718,9977337384
1223,412768762,334360370
1224,412768762,2469069123
1225,412770466,9977337339
1226,412770466,8627215726
1227,412770466,412769196
1228,412772641,6633212031
1229,412772641,412772645
1230,412772641,9977337339
1231,412772645,8022474928
1232,412772645,412772659
1233,412772645,412772641
1234,412772659,412772661
1235,412772659,412772645
1236,412772659,9671715077
1237,412772661,9671715076
1238,412772661,412772664
1239,412772661,412772659
1240,412772664,9399613176
1241,412772664,3050158688
1242,412772664,412772661
1243,412772665,9399613176
1244,412772665,3050158689
1245,412772665,412772667
1246,412772667,3050158690
1247,412772667,412772668
1248,412772667,412772665
1249,412772668,3305928456
1250,412772668,412772669
1251,412772668,412772667
1252,412772669,3305928451
1253,412772669,9128991332
1254,412772669,412772668
1255,412772671,9399613174
1256,412772857,403234915
1257,412772857,3305928447
1258,412774484,412767715
1259,412774484,5471154548
1260,412774895,5471154551
1261,412774895,412767715
1262,412774895,9977337391
1263,412774901,9653799384
1264,412774901,12558385277
1265,412774901,2476377976
1266,412774902,9653799384
1267,412774902,3305928454
1268,412774902,2476377979
1269,412775016,3305928459
1270,412775016,2476377993
1271,412775020,2476377965
1272,412775020,412775458
1273,412775458,5898135941
1274,412775807,12558454673
1275,412775809,1943924676
1276,412775809,9906858700
1277,412780508,3305928424
1278,412780508,334650576
1279,412780511,9399613181
1280,412780511,412767432
1281,412780756,5469028893
1282,412780756,9987353740
1283,412780759,9987353707
1284,412780759,9987353704
1285,412780759,3050148070
1286,412947208,414093226
1287,412947208,412947640
1288,412947208,12055627561
1289,412947208,6313924579
1290,412947215,412947217
1291,412947215,12055627561
1292,412947215,12055627566
1293,412947217,12055627549
1294,412947217,412947215
1295,412947217,12055627552
1296,412947293,414093226
1297,412947293,6313924229
1298,412947293,8953003088
1299,412947295,412947341
1300,412947295,412948421
1301,412947295,412948278
1302,412947341,412947640
1303,412947341,412947295
1304,412947341,412947876
1305,412947614,412947674
1306,412947640,412947341
1307,412947640,412947672
1308,412947640,412947208
1309,412947640,412948278
1310,412947672,412947640
1311,412947672,412947876
1312,412947672,412947674
1313,412947674,412947614
1314,412947674,412947876
1315,412947674,412947675
1316,412947674,412947672
1317,412947675,412947674
1318,412947876,412947674
1319,412947876,412947341
1320,412947876,412947877
1321,412947876,412947672
1322,412947877,412947876
1323,412948265,412948417
1324,412948265,412948268
1325,412948265,412948398
1326,412948268,412948674
1327,412948268,412948418
1328,412948268,412948265
1329,412948278,412948284
1330,412948278,412948398
1331,412948278,412947295
1332,412948278,412947640
1333,412948282,412948284
1334,412948282,412948291
1335,412948284,412948278
1336,412948284,412948417
1337,412948284,412948421
1338,412948284,412948282
1339,412948291,412948421
1340,412948291,412948282
1341,412948398,412948278
1342,412948398,412948417
1343,412948398,412948265
1344,412948417,412948418
1345,412948417,412948398
1346,412948417,412948265
1347,412948417,412948284
1348,412948418,412948419
1349,412948418,412948417
1350,412948418,412948268
1351,412948419,412948418
1352,412948419,412948674
1353,412948421,412947295
1354,412948421,412948291
1355,412948421,412948284
1356,412948674,412948268
1357,412948674,412948419
1358,414087381,6313925096
1359,414087381,6313925122
1360,414087381,3226271640
1361,414090506,8096939322
1362,414090506,414092274
1363,414091159,414092274
1364,414091159,414090506
1365,414092274,414091159
1366,414092274,414093187
1367,414092274,414090506
1368,414093187,8858673605
1369,414093187,12565738604
1370,414093187,414092274
1371,414093196,12565738637
1372,414093196,12565738619
1373,414093196,12565738663
1374,414093206,9950583467
1375,414093206,9950574310
1376,414093206,414093209
1377,414093206,12565738637
1378,414093209,414093211
1379,414093209,9950583467
1380,414093209,414093206
1381,414093211,12426981322
1382,414093211,414093209
1383,414093211,9950583477
1384,414093226,412947208
1385,414093226,412947293
1386,414093226,6313924579
1387,414093226,12426981325
1388,415667682,2575836674
1389,415667682,2575836568
1390,415985176,12023266208
1391,415985176,415985177
1392,415985177,8222036925
1393,415985177,2511162017
1394,415985183,6313053576
1395,415985183,3578802004
1396,415992975,12023266203
1397,415992997,415993697
1398,415992997,2511164671
1399,415993004,2511164628
1400,415993004,3578801935
1401,415993551,415993554
1402,415993551,3654388677
1403,415993554,415992997
1404,415993554,8221939130
1405,415993694,415993696
1406,415993696,415993915
1407,415993696,415993763
1408,415993697,415993551
1409,415993697,2511162021
1410,415993698,415993696
1411,415993698,415993700
1412,415993700,2511164674
1413,415993700,4361620978
1414,415993762,403349477
1415,415993762,12238489698
1416,415993763,415993788
1417,415993763,5030383936
1418,415993764,6790602573
1419,415993764,415993787
1420,415993765,5028748901
1421,415993765,415993785
1422,415993765,5028748903
1423,415993767,5028750355
1424,415993767,415993762
1425,415993780,8907258060
1426,415993780,415993767
1427,415993785,415993787
1428,415993785,6313263489
1429,415993785,415993765
1430,415993787,9931569489
1431,415993787,9991832649
1432,415993788,415993698
1433,415993788,415994014
1434,415993794,415993843
1435,415993794,415993788
1436,415993843,415993794
1437,415993843,10026051761
1438,415993843,6313263555
1439,415993850,10026051777
1440,415993850,10026051751
1441,415993850,10026051756
1442,415993913,415994014
1443,415993913,415993698
1444,415993915,7828101848
1445,415993915,2511164601
1446,415993917,415994011
1447,415993917,9931569485
1448,415993920,415994008
1449,415993920,8957078288
1450,415994008,9931569486
1451,415994008,6790022019
1452,415994009,415994010
1453,415994009,5030373101
1454,415994010,5030373104
1455,415994010,415994011
1456,415994011,5030353914
1457,415994011,7828101848
1458,415994012,415993915
1459,415994012,5030383933
1460,415994014,415993913
1461,415994014,10026051758
1462,415994292,9934875888
1463,415994292,3967147661
1464,415994294,3967147659
1465,415994294,415993762
1466,415994309,9931569487
1467,415994309,5030353912
1468,415994312,7988056403
1469,415994312,9935177944
1470,417642402,10153349078
1471,417643350,9992107841
1472,417643350,3881555406
1473,417643357,3881553180
1474,417643357,3881555484
1475,417643359,9992057001
1476,417643359,6312787156
1477,417643361,6312787142
1478,417643361,3502590905
1479,417643362,3967070877
1480,417643362,9931589963
1481,417643362,9931589964
1482,417643365,9931589958
1483,418792978,9951894066
1484,418792978,5269995516
1485,418795681,3740175259
1486,418795681,3740175272
1487,418795936,418805147
1488,418795936,8296314355
1489,418796248,3966757427
1490,418796248,3740175330
1491,418796248,3966757434
1492,418803812,404578760
1493,418803812,3740175284
1494,418805076,418808470
1495,418805076,13279751080
1496,418805147,13275543896
1497,418805147,13279751073
1498,418808470,1371263799
1499,418808470,8090691323
1500,493138058,8414754208
1501,493138058,8414754184
1502,567877248,403227059
1503,567877248,334360330
1504,567877257,9906881582
1505,567877257,403226224
1506,604389297,2676836429
1507,604389297,403251678
1508,610579522,610579532
1509,610579522,2191083325
1510,610579522,2676836500
1511,610579525,5808741442
1512,610579525,5808741438
1513,610579529,677292345
1514,610579529,1629280304
1515,610579529,610579530
1516,610579530,610579529
1517,610579530,677292343
1518,610579532,3555254360
1519,610579532,610579522
1520,610579532,1719100584
1521,610579533,610579534
1522,610579534,1719100531
1523,610579534,610579533
1524,610579586,2168469837
1525,610579586,6326298123
1526,665770255,12216232934
1527,665770255,412775016
1528,665772905,12590126798
1529,665772905,6326466552
1530,665776439,6326466770
1531,665776439,9969471767
1532,665776447,9946682293
1533,677292302,677292304
1534,677292302,677292309
1535,677292304,9849363359
1536,677292304,677292302
1537,677292304,9709299557
1538,677292304,9910240871
1539,677292305,9849363359
1540,677292305,1170838945
1541,677292309,9910240871
1542,677292309,1170839700
1543,677292309,9910240855
1544,677292312,3335930689
1545,677292312,9910240900
1546,677292314,1170839658
1547,677292314,9910240901
1548,677292316,677292312
1549,677292316,677292317
1550,677292316,9910240901
1551,677292317,3335930692
1552,677292317,677292318
1553,677292317,677292316
1554,677292318,9907941557
1555,677292318,677292317
1556,677292318,9907941559
1557,677292324,1629280304
1558,677292324,9907941596
1559,677292327,677292328
1560,677292328,9709623251
1561,677292328,677292327
1562,677292331,677292332
1563,677292331,403247425
1564,677292332,677292333
1565,677292333,2676836476
1566,677292333,10031973027
1567,677292337,677292338
1568,677292337,677292417
1569,677292337,5907622014
1570,677292337,677292396
1571,677292338,403247415
1572,677292338,5907622014
1573,677292339,9910240951
1574,677292339,677292342
1575,677292342,5904084581
1576,677292342,9892846191
1577,677292343,9910240930
1578,677292343,677292345
1579,677292345,9910240937
1580,677292345,677292324
1581,677292346,9910240916
1582,677292346,3050127696
1583,677292353,677292328
1584,677292353,9892846181
1585,677292353,403247433
1586,677292356,9910240891
1587,677292356,5904085388
1588,677292368,3483654481
1589,677292368,3496199414
1590,677292371,3335931097
1591,677292371,3050127695
1592,677292373,9892846179
1593,677292373,9910240899
1594,677292374,677292419
1595,677292374,677292375
1596,677292374,677292412
1597,677292374,677292379
1598,677292375,677292374
1599,677292375,677292376
1600,677292375,677292405
1601,677292375,677292380
1602,677292376,677292375
1603,677292376,9910240868
1604,677292376,677292417
1605,677292376,677292381
1606,677292379,677292380
1607,677292379,677292383
1608,677292379,677292374
1609,677292380,677292381
1610,677292380,677292379
1611,677292380,677292375
1612,677292380,677292384
1613,677292381,677292382
1614,677292381,677292380
1615,677292381,677292376
1616,677292381,9910240856
1617,677292382,412477813
1618,677292382,677292381
1619,677292382,9910240868
1620,677292382,9910240857
1621,677292383,677292384
1622,677292383,5905871187
1623,677292383,677292379
1624,677292383,677292407
1625,677292384,9910240856
1626,677292384,677292383
1627,677292384,677292380
1628,677292388,412476979
1629,677292388,412477330
1630,677292388,9910240856
1631,677292393,412477564
1632,677292393,4361619984
1633,677292393,4361621016
1634,677292396,9910240868
1635,677292396,412477654
1636,677292396,677292337
1637,677292398,2191083411
1638,677292398,9906881582
1639,677292398,5238335711
1640,677292398,403241527
1641,677292403,9906881585
1642,677292403,677292405
1643,677292403,677292417
1644,677292403,403247407
1645,677292405,677292375
1646,677292405,677292403
1647,677292405,677292412
1648,677292406,5905871192
1649,677292406,677292407
1650,677292407,677292383
1651,677292407,677292406
1652,677292407,5905871187
1653,677292412,9906881585
1654,677292412,677292374
1655,677292412,677292405
1656,677292417,677292376
1657,677292417,677292337
1658,677292417,677292403
1659,677292417,9642377703
1660,677292419,3049392829
1661,677292419,677292374
1662,677292419,9906881586
1663,677293254,3107953573
1664,677293254,3287324757
1665,677293257,677293258
1666,677293257,5311366738
1667,677293258,8234025205
1668,677293258,9916563940
1669,677293263,3472714273
1670,677293263,677293264
1671,677293264,677293266
1672,677293264,9974349744
1673,677293266,3472714284
1674,677293266,334360391
1675,677293268,404585578
1676,677293268,3107953579
1677,677295344,677295345
1678,677295344,3967220918
1679,677295344,677295354
1680,677295344,9907928897
1681,677295345,677295348
1682,677295345,677295344
1683,677295345,403222083
1684,677295345,677295414
1685,677295348,9657776345
1686,677295348,677295345
1687,677295348,9910961001
1688,677295348,677295359
1689,677295349,677295420
1690,677295349,9657776345
1691,677295352,677295367
1692,677295352,4361620915
1693,677295352,677295353
1694,677295353,9907928897
1695,677295353,677295413
1696,677295353,677295352
1697,677295354,403222083
1698,677295354,677295355
1699,677295354,677295344
1700,677295355,403211221
1701,677295355,677295354
1702,677295358,9907928899
1703,677295358,403361489
1704,677295359,677295348
1705,677295359,9907928899
1706,677295359,9657776346
1707,677295359,677295414
1708,677295367,677295393
1709,677295367,9642296863
1710,677295367,677295352
1711,677295367,677295395
1712,677295392,677295393
1713,677295392,403361498
1714,677295392,4361619922
1715,677295393,677295367
1716,677295393,677295392
1717,677295393,9642296860
1718,677295393,677295401
1719,677295395,677295367
1720,677295395,677295413
1721,677295395,9642296862
1722,677295401,677295393
1723,677295401,6312426028
1724,677295401,8233067049
1725,677295403,403361492
1726,677295403,9642296862
1727,677295413,9907928898
1728,677295413,677295358
1729,677295413,677295395
1730,677295414,677295345
1731,677295414,9907928898
1732,677295414,677295359
1733,677295418,4964161459
1734,677295418,412476993
1735,677295418,4964161461
1736,677295420,9907928894
1737,677295420,9657776346
1738,677295423,1371263873
1739,677295423,9657776329
1740,677295429,9907928892
1741,677295429,2191032635
1742,677295429,4964161493
1743,678569389,3453705842
1744,678569389,8365983582
1745,717523655,3969530017
1746,719127405,8847974435
1747,719127916,9956432404
1748,785860536,4361619922
1749,785860536,2511157959
1750,785860536,403359263
1751,818871863,2476377693
1752,818871863,2476377687
1753,906119710,2676836390
1754,906119710,2676836386
1755,906119722,9657776332
1756,906119722,4168513244
1757,1170838566,1170839325
1758,1170838567,406120051
1759,1170838569,3261904341
1760,1170838569,11028391237
1761,1170838601,5269955426
1762,1170838601,3480917496
1763,1170838618,9921269527
1764,1170838627,1170839321
1765,1170838627,5898135226
1766,1170838627,5898135212
1767,1170838646,1170839796
1768,1170838646,1170839788
1769,1170838646,1170839744
1770,1170838651,3048222453
1771,1170838651,1170838880
1772,1170838651,9976522377
1773,1170838660,1170838567
1774,1170838660,9042365267
1775,1170838684,1170838851
1776,1170838684,406094302
1777,1170838686,9910240900
1778,1170838686,677292373
1779,1170838698,3451552581
1780,1170838698,2676836375
1781,1170838767,1170838869
1782,1170838767,3048222901
1783,1170838767,1170839147
1784,1170838777,3453705844
1785,1170838777,406094306
1786,1170838806,1171848308
1787,1170838806,5777433501
1788,1170838818,1176788351
1789,1170838818,1170839788
1790,1170838840,9906988365
1791,1170838840,1171848343
1792,1170838851,9653806352
1793,1170838851,9907968711
1794,1170838869,5777251913
1795,1170838869,1170839573
1796,1170838880,3483195901
1797,1170838880,1170838651
1798,1170838884,1170839707
1799,1170838884,9921269539
1800,1170838907,9907968710
1801,1170838907,3453392776
1802,1170838934,9921269540
1803,1170838934,10007639299
1804,1170838945,1170839441
1805,1170838945,1170838777
1806,1170838991,5469028881
1807,1170839036,412728534
1808,1170839036,9987744727
1809,1170839045,2676836419
1810,1170839045,2676836431
1811,1170839068,9910240871
1812,1170839068,1170839441
1813,1170839068,9849363359
1814,1170839120,1170838884
1815,1170839120,9709248910
1816,1170839147,1170838767
1817,1170839147,3048222453
1818,1170839147,1170838660
1819,1170839166,1170839441
1820,1170839166,1170839700
1821,1170839166,5808741407
1822,1170839195,1170838907
1823,1170839195,2676836414
1824,1170839199,2676836406
1825,1170839199,11255181595
1826,1170839251,1171848169
1827,1170839251,3046400394
1828,1170839255,3053544525
1829,1170839255,1170839494
1830,1170839258,1170838684
1831,1170839258,3451552589
1832,1170839258,1176788203
1833,1170839321,1170838806
1834,1170839321,1170838627
1835,1170839321,9903654241
1836,1170839325,406094306
1837,1170839325,9907984220
1838,1170839325,678569389
1839,1170839328,1170839744
1840,1170839328,1170839374
1841,1170839328,3451552581
1842,1170839367,3053558012
1843,1170839367,1170839513
1844,1170839374,3447772770
1845,1170839374,3047787434
1846,1170839374,1170839328
1847,1170839441,1170839166
1848,1170839441,1170839068
1849,1170839444,12558454789
1850,1170839444,9976522410
1851,1170839492,1170839527
1852,1170839492,3256822966
1853,1170839492,9921269689
1854,1170839494,9709623222
1855,1170839494,9988467585
1856,1170839496,1170838566
1857,1170839496,11028391268
1858,1170839513,3050102118
1859,1170839527,1170839492
1860,1170839527,3447772766
1861,1170839527,3447793153
1862,1170839569,1176788109
1863,1170839573,1170838869
1864,1170839573,3483074728
1865,1170839576,1170839707
1866,1170839576,1170839744
1867,1170839576,1170839796
1868,1170839576,3451552584
1869,1170839578,1170838767
1870,1170839656,11255181598
1871,1170839658,2168403085
1872,1170839658,1170838686
1873,1170839700,1170838777
1874,1170839700,1170839166
1875,1170839700,1180322385
1876,1170839705,2676836505
1877,1170839705,9910240921
1878,1170839707,1170839576
1879,1170839707,406094302
1880,1170839707,3451552586
1881,1170839731,9709299560
1882,1170839731,9709299559
1883,1170839744,1170839576
1884,1170839744,1170839328
1885,1170839744,3451552582
1886,1170839788,1170838818
1887,1170839788,3447772770
1888,1170839788,1170838646
1889,1170839788,3047787435
1890,1170839796,1170838934
1891,1170839796,9921269539
1892,1170839796,1170838646
1893,1170839809,2513900314
1894,1170839809,1170838991
1895,1171848043,9906988401
1896,1171848043,9976522405
1897,1171848046,10599559208
1898,1171848046,3287324748
1899,1171848050,403306332
1900,1171848050,9034063984
1901,1171848056,9907928855
1902,1171848056,677293254
1903,1171848076,2676836451
1904,1171848076,9709299539
1905,1171848091,1171848299
1906,1171848091,9906988351
1907,1171848095,5824619934
1908,1171848095,1172876432
1909,1171848099,401256780
1910,1171848099,1171848222
1911,1171848108,5269928324
1912,1171848108,1171848122
1913,1171848108,5578859358
1914,1171848111,9921269648
1915,1171848111,9928853342
1916,1171848122,1171848108
1917,1171848122,5824619935
1918,1171848122,1171848253
1919,1171848122,1171848095
1920,1171848123,1171848169
1921,1171848123,3450443792
1922,1171848123,1171848131
1923,1171848124,9921269523
1924,1171848124,9921269585
1925,1171848131,1171848340
1926,1171848143,10599559220
1927,1171848143,404597536
1928,1171848144,9034063983
1929,1171848160,403300835
1930,1171848160,1171848124
1931,1171848160,412483435
1932,1171848164,1177761370
1933,1171848169,1170839251
1934,1171848169,1171848123
1935,1171848169,3450409416
1936,1171848169,2538057021
1937,1171848172,8415455838
1938,1171848172,1171848222
1939,1171848179,1171848124
1940,1171848179,403300835
1941,1171848181,3451389299
1942,1171848183,404597536
1943,1171848183,9906988382
1944,1171848186,9906988394
1945,1171848186,2504889873
1946,1171848195,1171848050
1947,1171848196,2504900697
1948,1171848196,5913132506
1949,1171848199,9916435850
1950,1171848199,5498026982
1951,1171848209,406501685
1952,1171848209,2477347635
1953,1171848212,1171848309
1954,1171848212,9921269584
1955,1171848222,401257632
1956,1171848226,3472714291
1957,1171848226,9916435856
1958,1171848231,5913132464
1959,1171848231,3046327616
1960,1171848231,9905394676
1961,1171848231,3662201591
1962,1171848253,1172876483
1963,1171848281,1171848131
1964,1171848281,1171848123
1965,1171848299,13307625640
1966,1171848299,5913132473
1967,1171848308,13307970312
1968,1171848308,1171848351
1969,1171848309,1171848281
1970,1171848319,3046327618
1971,1171848340,11911785846
1972,1171848340,2538057021
1973,1171848343,2676836433
1974,1171848343,9709299537
1975,1171848351,2839601238
1976,1171848359,1171848309
1977,1171848359,3450409416
1978,1171848360,9916569963
1979,1171848360,1171848485
1980,1171848365,3107953572
1981,1171848365,5913132479
1982,1171848365,5913132480
1983,1171848367,403282173
1984,1171848367,403276223
1985,1171848456,1171848144
1986,1171848456,9921269683
1987,1171848477,8299978172
1988,1171848477,403302714
1989,1171848485,1171848209
1990,1171848485,9916612628
1991,1171848488,401285414
1992,1171848488,1176788171
1993,1171848515,4361621042
1994,1171848515,6632526036
1995,1171848523,10202423497
1996,1171848523,1171848108
1997,1171848524,403276223
1998,1171848524,11911785846
1999,1171848525,3046659049
2000,1172876340,1172876930
2001,1172876393,6327905848
2002,1172876393,1172876520
2003,1172876393,1176788171
2004,1172876432,7985204466
2005,1172876458,9916435897
2006,1172876458,9671715001
2007,1172876483,1172876922
2008,1172876483,7985204337
2009,1172876486,1172876432
2010,1172876486,8082952154
2011,1172876509,10202423477
2012,1172876509,1172876580
2013,1172876509,2513900308
2014,1172876509,6004182250
2015,1172876520,1172876393
2016,1172876520,1171848488
2017,1172876548,1172876989
2018,1172876548,10202423504
2019,1172876580,1172876509
2020,1172876580,5824604495
2021,1172876580,5824604491
2022,1172876580,6004182257
2023,1172876599,7985204495
2024,1172876599,1172876486
2025,1172876605,10980362291
2026,1172876605,1172876775
2027,1172876618,406149794
2028,1172876620,7985204469
2029,1172876620,1172876340
2030,1172876655,1172876776
2031,1172876655,9671715019
2032,1172876676,1172876618
2033,1172876676,7994808853
2034,1172876714,1172876340
2035,1172876714,1172876620
2036,1172876775,1172876714
2037,1172876776,7994808851
2038,1172876776,9671715023
2039,1172876776,10202423418
2040,1172876800,5824604491
2041,1172876800,2839601191
2042,1172876800,5824604492
2043,1172876800,1176788142
2044,1172876806,406140309
2045,1172876806,1172876548
2046,1172876922,412768762
2047,1172876930,1171848523
2048,1172876966,1172876930
2049,1172876966,7985204469
2050,1172876989,1172876548
2051,1172876989,10202423477
2052,1172876989,12477063242
2053,1174021923,9192874183
2054,1176788098,8767017746
2055,1176788098,8767017739
2056,1176788103,3450159250
2057,1176788103,1176788242
2058,1176788108,3047741521
2059,1176788109,11028391320
2060,1176788109,3451552580
2061,1176788130,2676836373
2062,1176788130,3047778554
2063,1176788134,5824604351
2064,1176788134,5824604354
2065,1176788134,5824604287
2066,1176788142,1172876800
2067,1176788142,4689045577
2068,1176788142,2839601206
2069,1176788168,1176788130
2070,1176788168,403255680
2071,1176788171,1176788179
2072,1176788171,1172876393
2073,1176788171,9671715031
2074,1176788179,5824604298
2075,1176788179,1176788171
2076,1176788179,5824604290
2077,1176788182,3450159245
2078,1176788182,3047742500
2079,1176788203,1176788286
2080,1176788203,406094302
2081,1176788207,1176788238
2082,1176788207,1170838698
2083,1176788210,2676836373
2084,1176788210,2676836370
2085,1176788210,3047741520
2086,1176788227,3047778551
2087,1176788235,8300149237
2088,1176788235,403308900
2089,1176788238,2676836384
2090,1176788238,406094311
2091,1176788242,412480682
2092,1176788248,2839601206
2093,1176788248,6327905848
2094,1176788248,1176788308
2095,1176788250,1176788235
2096,1176788273,1176788353
2097,1176788273,11028391317
2098,1176788277,2477339358
2099,1176788277,9926607406
2100,1176788277,3047742503
2101,1176788278,3453325710
2102,1176788278,2676836377
2103,1176788286,3451552585
2104,1176788286,3451550882
2105,1176788308,4689050398
2106,1176788308,1176788248
2107,1176788349,9926607381
2108,1176788351,1170838934
2109,1176788351,1170838646
2110,1176788353,3047741519
2111,1176788353,1176788182
2112,1177761300,1177761378
2113,1177761300,6327768822
2114,1177761300,6327768659
2115,1177761300,13001229327
2116,1177761301,6327902975
2117,1177761301,401257640
2118,1177761301,9916442256
2119,1177761305,2191032601
2120,1177761308,6312426072
2121,1177761309,2537834493
2122,1177761309,401285241
2123,1177761309,9652036456
2124,1177761313,5913132471
2125,1177761313,9906988369
2126,1177761313,9906988380
2127,1177761349,9967102145
2128,1177761349,6313585349
2129,1177761353,6327768659
2130,1177761353,3480430919
2131,1177761353,1177761444
2132,1177761370,9906988351
2133,1177761370,1177761404
2134,1177761378,1177761300
2135,1177761378,1177761409
2136,1177761378,2537834493
2137,1177761402,2191032549
2138,1177761402,412479544
2139,1177761404,1177761459
2140,1177761404,1177761370
2141,1177761404,9653806347
2142,1177761409,2537834493
2143,1177761409,1177761378
2144,1177761409,401285243
2145,1177761444,3480430919
2146,1177761444,401285243
2147,1177761444,1177761353
2148,1177761459,1177761404
2149,1177761461,1177761349
2150,1177761461,9967102144
2151,1179259631,6313054405
2152,1179259631,13305918219
2153,1179259684,1179259722
2154,1179259684,5913132399
2155,1179259684,2477347689
2156,1179259717,8150865748
2157,1179259722,1179259684
2158,1179259722,5913132431
2159,1179259722,8227683330
2160,1179259788,6313177099
2161,1179259788,6313177148
2162,1179259845,8002887499
2163,1179259845,2471075940
2164,1179259868,2477347689
2165,1179259868,5913132422
2166,1179259868,1179259722
2167,1179259890,2839601196
2168,1179259890,1179260016
2169,1179259890,6566249877
2170,1179259916,406451328
2171,1179259916,2538059767
2172,1179259916,1179259959
2173,1179259920,5913132422
2174,1179259920,5913132412
2175,1179259920,406451330
2176,1179259924,1179259717
2177,1179259924,8227683330
2178,1179259959,2839601199
2179,1179259959,5913132449
2180,1179259959,1179259916
2181,1179259962,1179260041
2182,1179259962,1179259717
2183,1179259984,6627695234
2184,1179259984,1179260011
2185,1179259988,1179259994
2186,1179259988,406451324
2187,1179259988,2839601199
2188,1179259994,1179259988
2189,1179259994,6625302257
2190,1179259994,6619140821
2191,1179259994,5913132449
2192,1179259997,6313177160
2193,1179259997,6313177160
2194,1179260011,1179260039
2195,1179260011,8227683331
2196,1179260016,1179259890
2197,1179260016,412486850
2198,1179260016,5913132417
2199,1179260035,2191032812
2200,1179260039,1179260011
2201,1179260039,406451324
2202,1179260039,6627695234
2203,1179260039,2471075940
2204,1179260041,2839601281
2205,1179260041,1179259984
2206,1179260041,8002985288
2207,1179260068,5269995351
2208,1179260068,6313054397
2209,1179260104,2839601168
2210,1179260104,5913128279
2211,1179260104,406447372
2212,1179260104,8434066649
2213,1180316530,5755083506
2214,1180316530,9657776334
2215,1180316530,5755083504
2216,1180316535,2676836390
2217,1180316535,9910232403
2218,1180316551,1180316586
2219,1180316551,8300149218
2220,1180316551,9906881574
2221,1180316558,2676836394
2222,1180316558,11911785781
2223,1180316564,1180316663
2224,1180316570,9642377710
2225,1180316570,11911785781
2226,1180316579,412477512
2227,1180316579,1180316558
2228,1180316586,5755083542
2229,1180316586,1180316551
2230,1180316586,5755083530
2231,1180316591,11911783765
2232,1180316600,1180316564
2233,1180316600,8425207728
2234,1180316604,11911785801
2235,1180316604,1180316623
2236,1180316623,4168513239
2237,1180316644,1180316551
2238,1180316661,1180316564
2239,1180316661,412475985
2240,1180316663,2676836396
2241,1180316663,2676836403
2242,1180316663,9905347134
2243,1180316674,2676836390
2244,1180316674,9642377710
2245,1180316674,2676836386
2246,1180316674,2676836396
2247,1180322374,9910240855
2248,1180322374,2676836443
2249,1180322375,2676836400
2250,1180322375,2676836392
2251,1180322385,1170839700
2252,1180322385,2676836447
2253,1180322385,3453705844
2254,1282886282,9687103025
2255,1282886282,2162487700
2256,1282895860,1282895883
2257,1282895860,2468976091
2258,1282895866,1282895991
2259,1282895866,9967768311
2260,1282895868,13345634570
2261,1282895868,1282895906
2262,1282895877,1282895925
2263,1282895877,9968289770
2264,1282895879,1282895983
2265,1282895879,9967768328
2266,1282895882,9967768312
2267,1282895882,1282895916
2268,1282895883,1282895959
2269,1282895883,1282895951
2270,1282895884,8859359223
2271,1282895884,2168469728
2272,1282895890,2468972468
2273,1282895890,1282895893
2274,1282895892,1282895883
2275,1282895892,2468976091
2276,1282895893,2168469645
2277,1282895906,9968289770
2278,1282895906,1282895925
2279,1282895907,5725800558
2280,1282895907,5725800563
2281,1282895916,1282895879
2282,1282895916,8847974438
2283,1282895922,1282895992
2284,1282895925,6325445085
2285,1282895925,1282895984
2286,1282895928,13345634572
2287,1282895928,13345634572
2288,1282895941,9967768326
2289,1282895941,1282895866
2290,1282895951,1282895928
2291,1282895951,2468976096
2292,1282895953,9967768317
2293,1282895953,1282895877
2294,1282895957,2191032207
2295,1282895957,1282895922
2296,1282895959,1282895980
2297,1282895959,1282895979
2298,1282895960,9956336166
2299,1282895960,1282895992
2300,1282895973,1282895959
2301,1282895973,1282895951
2302,1282895979,8847974435
2303,1282895979,11802193654
2304,1282895980,1282895860
2305,1282895980,11015490496
2306,1282895983,1282895882
2307,1282895983,13345634573
2308,1282895984,1282895953
2309,1282895984,5725800561
2310,1282895991,9967768316
2311,1282895991,1282895993
2312,1282895992,9956336345
2313,1282895993,1282895941
2314,1282895993,9967768321
2315,1287972563,2476378197
2316,1287972563,1287972588
2317,1287972563,1287972960
2318,1287972566,1287972588
2319,1287972588,1287972566
2320,1287972588,1287972563
2321,1287972588,1287972960
2322,1287972785,1287972960
2323,1287972960,11002943453
2324,1287972960,1287972588
2325,1287972960,1287972785
2326,1287972960,1287972563
2327,1287992095,1287992300
2328,1287992095,1287992257
2329,1287992184,1287992443
2330,1287992184,1287992257
2331,1287992198,1287992241
2332,1287992198,1287992546
2333,1287992198,1287992257
2334,1287992241,1287992198
2335,1287992241,1287992300
2336,1287992241,334380061
2337,1287992257,1287992184
2338,1287992257,1287992095
2339,1287992257,1287992198
2340,1287992300,1287992095
2341,1287992300,1287992241
2342,1287992443,1287992184
2343,1287992546,1287992198
2344,1371263799,1371263800
2345,1371263799,3881555695
2346,1371263800,1371263801
2347,1371263800,12662564676
2348,1371263801,404596844
2349,1371263801,9671782238
2350,1371263832,6312677328
2351,1371263832,9985953058
2352,1371263841,9967102073
2353,1371263841,1371263844
2354,1371263844,1371263848
2355,1371263844,9967102076
2356,1371263845,1371263841
2357,1371263845,9967102072
2358,1371263847,9704737491
2359,1371263848,9967102078
2360,1371263848,1371263845
2361,1371263870,5721703101
2362,1371263873,4964161502
2363,1371263873,9907928903
2364,1371263874,4964161499
2365,1371263874,8096747527
2366,1371263876,9910982523
2367,1371263876,412477566
2368,1629280290,2676836443
2369,1629280290,1629280295
2370,1629280290,9910240855
2371,1629280290,2676836424
2372,1629280295,1629280290
2373,1629280295,2676836448
2374,1629280295,2676836427
2375,1629280295,2676836452
2376,1629280301,412202349
2377,1629280303,9910240858
2378,1629280303,2676836443
2379,1629280303,9907941692
2380,1629280303,5808741442
2381,1629280304,3335931096
2382,1629280304,9907941597
2383,1629280304,610579529
2384,1632773341,3107953572
2385,1632773341,3472721998
2386,1632773341,9922079414
2387,1632794733,3480618984
2388,1632794733,13307625650
2389,1632794735,1170838601
2390,1632794735,9907968638
2391,1634842661,2676836497
2392,1634844110,1634844112
2393,1634844110,5901931870
2394,1634844110,5901931860
2395,1634844112,1634844110
2396,1634844112,5901931858
2397,1634844112,5901931860
2398,1704654820,10208151014
2399,1704654820,3969071634
2400,1704654838,2191032727
2401,1704654838,10012857583
2402,1719057958,677292353
2403,1719057958,3305928419
2404,1719057975,6768796452
2405,1719057975,2168403095
2406,1719057986,9910240938
2407,1719066052,9911257843
2408,1719066052,11255181553
2409,1719076658,677292346
2410,1719076658,9907941597
2411,1719100455,1719057975
2412,1719100455,9910240895
2413,1719100461,1719100534
2414,1719100473,2168403099
2415,1719100478,9892846185
2416,1719100478,2168403099
2417,1719100478,2191083432
2418,1719100488,5904084579
2419,1719100527,2168403098
2420,1719100529,5904084579
2421,1719100529,9910240932
2422,1719100531,1719100584
2423,1719100531,1719100569
2424,1719100533,2168403102
2425,1719100533,9910240893
2426,1719100534,9892846189
2427,1719100534,2168403092
2428,1719100534,1719100461
2429,1719100567,1719100573
2430,1719100567,2191083355
2431,1719100569,1719100531
2432,1719100571,1719100529
2433,1719100571,5904084579
2434,1719100573,1719100478
2435,1719100573,2191083280
2436,1719100584,1719100567
2437,1719100584,610579532
2438,1943923712,8080941721
2439,1943923712,6627146838
2440,1943923741,2476377737
2441,1943923741,10185783283
2442,1943923748,6313585899
2443,1943923748,6630187677
2444,1943923806,13279621287
2445,1943923806,1177761305
2446,1943923865,9974348194
2447,1943923865,1943923876
2448,1943923868,8234025211
2449,1943923868,9115854828
2450,1943923876,3226271570
2451,1943923876,9115854829
2452,1943923910,1943923876
2453,1943923910,13274154933
2454,1943924305,6312425990
2455,1943924305,13279621287
2456,1943924305,412475429
2457,1943924419,9897147248
2458,1943924419,412475429
2459,1943924419,3485525525
2460,1943924445,1943924419
2461,1943924445,13274003754
2462,1943924554,1943924609
2463,1943924554,1943924564
2464,1943924564,12072047559
2465,1943924564,5030596330
2466,1943924609,1943924622
2467,1943924609,412761282
2468,1943924609,1943924554
2469,1943924613,1943924632
2470,1943924613,1943924622
2471,1943924622,1943924609
2472,1943924622,9951784432
2473,1943924622,1943924632
2474,1943924632,6312425141
2475,1943924638,12072047547
2476,1943924638,10175833196
2477,1943924676,2476377965
2478,1943924676,1943924719
2479,1943924719,11675699270
2480,1943924723,412775016
2481,1943924723,1943924727
2482,1943924727,1943924757
2483,1943924727,1943924758
2484,1943924757,11675699270
2485,1943924758,1943924877
2486,1943924758,1943924757
2487,1943924798,9671715077
2488,1943924798,6790359125
2489,1943924798,6790359126
2490,1943924798,1943924877
2491,1943924877,1943924758
2492,1943924877,1943924798
2493,1943924877,2476378004
2494,1943924900,7985204431
2495,1943924900,7985204515
2496,1943924900,4135874500
2497,1943924952,2191032403
2498,1943924952,2191032856
2499,1943924960,2168469730
2500,1943924960,1943924964
2501,1943924962,2168469708
2502,1943924962,1943924960
2503,1943924964,6325445551
2504,1943924964,6325445552
2505,1943924966,6325667478
2506,1943924966,1943924975
2507,1943924975,2168469758
2508,1943924975,2168469753
2509,1943924979,2168469795
2510,1943924979,2168469783
2511,1943924979,6326297439
2512,1943924992,412728330
2513,1943924992,3969297681
2514,1943925011,1943925113
2515,1943925041,1943925095
2516,1943925078,9938372613
2517,1943925091,8859358459
2518,1943925091,9886469419
2519,1943925095,9886469419
2520,1943925095,1943925205
2521,1943925113,7985204539
2522,1943925113,1943925011
2523,1943925142,9938352897
2524,1943925142,7878030754
2525,1943925156,2306166475
2526,1943925156,9938398271
2527,1943925203,1943925205
2528,1943925203,9969471752
2529,1943925205,1943925203
2530,1943925205,12043067733
2531,1943925252,7985204566
2532,1943925259,12043067737
2533,1943925259,12044917965
2534,2162487691,2162487694
2535,2162487694,12620890104
2536,2162487700,2162487712
2537,2162487706,13202450201
2538,2162487706,5269995352
2539,2162487708,5269995503
2540,2162487708,13202444887
2541,2162487709,2162487700
2542,2162487709,9687103025
2543,2162487712,2162487691
2544,2162487713,2162487709
2545,2162487716,11802193653
2546,2162487716,2162487708
2547,2162487719,11802193646
2548,2168403085,403251671
2549,2168403085,9709299558
2550,2168403088,2676836485
2551,2168403092,9892846190
2552,2168403092,1719100571
2553,2168403092,5904084576
2554,2168403093,403226224
2555,2168403093,3967252774
2556,2168403094,2676836500
2557,2168403094,2191083324
2558,2168403095,9910240904
2559,2168403095,1719057986
2560,2168403098,9892846188
2561,2168403098,1719100534
2562,2168403098,1719100527
2563,2168403099,2168403098
2564,2168403099,9892846187
2565,2168403099,1719100473
2566,2168403100,3053555210
2567,2168403100,9709333190
2568,2168403102,9910240888
2569,2168403102,403245438
2570,2168403104,3053558013
2571,2168403105,2168403108
2572,2168403105,403245438
2573,2168403105,9709248915
2574,2168403108,403228450
2575,2168403108,9709248914
2576,2168469645,412754530
2577,2168469645,1282895960
2578,2168469657,6326297754
2579,2168469657,412201011
2580,2168469657,9956432455
2581,2168469657,2469943541
2582,2168469672,2168469689
2583,2168469672,2168469756
2584,2168469689,412200886
2585,2168469703,2191032856
2586,2168469703,9039291492
2587,2168469708,2168469709
2588,2168469708,1282895884
2589,2168469709,8879837088
2590,2168469709,1943924960
2591,2168469713,6325445552
2592,2168469713,2168469714
2593,2168469714,9956336359
2594,2168469714,6325445698
2595,2168469716,9026173158
2596,2168469716,2168469717
2597,2168469717,2168469743
2598,2168469717,2168469689
2599,2168469719,2168469743
2600,2168469724,1943924952
2601,2168469725,2476378095
2602,2168469725,2168469724
2603,2168469728,1282895884
2604,2168469728,9039291491
2605,2168469729,1943924962
2606,2168469729,9039291483
2607,2168469730,2168469729
2608,2168469730,2168469742
2609,2168469731,1943924964
2610,2168469731,2168469730
2611,2168469732,2168469731
2612,2168469732,2168469745
2613,2168469741,2168469729
2614,2168469741,9039291484
2615,2168469742,2168469741
2616,2168469742,6325445758
2617,2168469743,9952188382
2618,2168469745,6325445550
2619,2168469745,6325667389
2620,2168469748,2168469750
2621,2168469748,412200846
2622,2168469750,6325445126
2623,2168469753,2168469755
2624,2168469753,9952188389
2625,2168469755,9952188381
2626,2168469755,2168469758
2627,2168469756,2168469750
2628,2168469758,2168469767
2629,2168469758,9891032866
2630,2168469762,2473434467
2631,2168469762,412200886
2632,2168469765,1943924975
2633,2168469765,6325667478
2634,2168469767,2168469773
2635,2168469767,2168469765
2636,2168469769,2473434488
2637,2168469769,2473434489
2638,2168469771,2168469765
2639,2168469771,9952188354
2640,2168469772,412727854
2641,2168469772,2168469783
2642,2168469773,9952188372
2643,2168469773,2168469771
2644,2168469780,2168469785
2645,2168469780,9891032865
2646,2168469783,1943924979
2647,2168469783,2168469796
2648,2168469785,9891032864
2649,2168469785,412727853
2650,2168469795,2168469799
2651,2168469795,1943924979
2652,2168469795,2168469780
2653,2168469796,12153686382
2654,2168469799,412727857
2655,2168469799,2168469795
2656,2168469799,9952188352
2657,2168469814,2168469817
2658,2168469814,12153686380
2659,2168469817,412727860
2660,2168469817,12153686379
2661,2168469831,6325667537
2662,2168469831,2168469756
2663,2168469837,8847970085
2664,2168469838,610579586
2665,2168469838,2168469814
2666,2168469839,2168469838
2667,2168469839,9942618054
2668,2168469841,2473432463
2669,2168469841,3969386662
2670,2191032207,6325445565
2671,2191032207,13345634562
2672,2191032227,9931569502
2673,2191032227,6313177607
2674,2191032229,8299978199
2675,2191032229,9985953043
2676,2191032230,12178313883
2677,2191032230,10031973017
2678,2191032231,9899024426
2679,2191032236,2191032801
2680,2191032236,3520797773
2681,2191032238,6313177606
2682,2191032238,9931569511
2683,2191032238,6313177794
2684,2191032242,6324986969
2685,2191032242,6324986970
2686,2191032247,2191032601
2687,2191032247,2469095956
2688,2191032251,2471042501
2689,2191032251,6312676799
2690,2191032259,3967220918
2691,2191032259,6312426003
2692,2191032259,6312425865
2693,2191032267,6313585343
2694,2191032267,9967102152
2695,2191032276,2511142653
2696,2191032276,2511142627
2697,2191032293,11026162666
2698,2191032293,11026162674
2699,2191032302,8065710627
2700,2191032302,6566297192
2701,2191032304,2191032366
2702,2191032304,8080904714
2703,2191032304,9657776406
2704,2191032307,9039291491
2705,2191032307,9039291489
2706,2191032310,403357880
2707,2191032310,8299978195
2708,2191032311,403003332
2709,2191032311,2191032302
2710,2191032315,9043486997
2711,2191032315,2191032475
2712,2191032317,2511142636
2713,2191032317,2191032410
2714,2191032317,2191032276
2715,2191032333,2191032307
2716,2191032333,9968282209
2717,2191032354,9671715160
2718,2191032354,7988056400
2719,2191032355,2191032411
2720,2191032355,6313585630
2721,2191032359,2191032771
2722,2191032359,2476377816
2723,2191032366,2191032508
2724,2191032366,6313585788
2725,2191032368,9039291485
2726,2191032368,2191032590
2727,2191032375,9968282207
2728,2191032375,9968282201
2729,2191032395,9910960998
2730,2191032403,9652912006
2731,2191032403,2168469703
2732,2191032410,9959159128
2733,2191032410,9083451262
2734,2191032410,2191032317
2735,2191032410,9959159167
2736,2191032411,2191032435
2737,2191032411,9967102222
2738,2191032421,9907928908
2739,2191032421,4964161609
2740,2191032421,4964161607
2741,2191032433,6313263554
2742,2191032433,10026051809
2743,2191032433,10026051808
2744,2191032435,2191032441
2745,2191032435,4168513233
2746,2191032436,6630187670
2747,2191032436,2476377741
2748,2191032438,9967102214
2749,2191032438,2191032513
2750,2191032440,4361621019
2751,2191032440,2191032602
2752,2191032441,2191032355
2753,2191032441,9967102154
2754,2191032445,2191032893
2755,2191032445,12178382326
2756,2191032454,9967100283
2757,2191032454,404596827
2758,2191032455,9901033983
2759,2191032455,9931482415
2760,2191032468,2471042477
2761,2191032468,6313585820
2762,2191032475,12059609436
2763,2191032479,2839601310
2764,2191032479,2191032701
2765,2191032480,9978855137
2766,2191032480,9978855156
2767,2191032485,2191032579
2768,2191032485,9956432625
2769,2191032493,9967102204
2770,2191032493,2191032580
2771,2191032508,2191032541
2772,2191032508,2471042519
2773,2191032512,2191032522
2774,2191032512,2476377817
2775,2191032513,2191032493
2776,2191032513,9967102219
2777,2191032522,6313520218
2778,2191032522,3520802734
2779,2191032541,2191032304
2780,2191032541,2476377780
2781,2191032549,2191032760
2782,2191032549,4168513235
2783,2191032551,2191032605
2784,2191032551,9959159160
2785,2191032569,2839601310
2786,2191032571,9907928916
2787,2191032571,4964161581
2788,2191032571,4964161576
2789,2191032579,2511142619
2790,2191032579,9956432626
2791,2191032580,2191032438
2792,2191032580,2191032637
2793,2191032585,9931482401
2794,2191032590,9039291490
2795,2191032590,9039291488
2796,2191032598,2191032242
2797,2191032598,2470793125
2798,2191032601,2191032230
2799,2191032601,6312677215
2800,2191032602,6312426030
2801,2191032602,7193046626
2802,2191032603,403367327
2803,2191032603,412480641
2804,2191032605,2191032787
2805,2191032605,9959159152
2806,2191032622,2191032796
2807,2191032622,9968282203
2808,2191032627,4964161583
2809,2191032627,4964161606
2810,2191032627,4964161605
2811,2191032629,415993917
2812,2191032629,7988056408
2813,2191032629,8233185911
2814,2191032635,677295429
2815,2191032635,8300138904
2816,2191032635,5721703101
2817,2191032637,6313520058
2818,2191032668,4168513236
2819,2191032668,403213442
2820,2191032674,9967102094
2821,2191032674,2191032794
2822,2191032679,1282895957
2823,2191032679,9956336178
2824,2191032686,2471042492
2825,2191032686,8080941725
2826,2191032686,3966755827
2827,2191032693,2191032445
2828,2191032693,3520797776
2829,2191032701,9917574536
2830,2191032701,9908682396
2831,2191032707,2191032368
2832,2191032707,8847974439
2833,2191032708,6630187654
2834,2191032708,9671715125
2835,2191032716,2511142633
2836,2191032716,2191032622
2837,2191032727,10208151016
2838,2191032727,1704654820
2839,2191032740,9967102090
2840,2191032740,2191032942
2841,2191032743,4964161579
2842,2191032743,4964161582
2843,2191032755,2191032421
2844,2191032755,6738078257
2845,2191032755,9657776353
2846,2191032757,9968282209
2847,2191032757,2191032307
2848,2191032758,9642377682
2849,2191032758,9931482411
2850,2191032760,2191032236
2851,2191032771,2476377769
2852,2191032780,9911485717
2853,2191032780,5471154620
2854,2191032787,9956336183
2855,2191032787,2191032894
2856,2191032792,2713902931
2857,2191032792,4964161583
2858,2191032792,9924663515
2859,2191032794,2191032740
2860,2191032794,9967102096
2861,2191032795,2191032693
2862,2191032795,2468982750
2863,2191032796,2476378067
2864,2191032796,2191032866
2865,2191032801,2191032549
2866,2191032801,1177761305
2867,2191032812,8892286898
2868,2191032812,5269995345
2869,2191032831,9897672617
2870,2191032831,9907928909
2871,2191032854,4964161585
2872,2191032854,4964161581
2873,2191032854,9907928889
2874,2191032854,4361621029
2875,2191032854,9907928877
2876,2191032856,2168469725
2877,2191032856,9039291481
2878,2191032866,2191032716
2879,2191032866,12059609439
2880,2191032871,2191032375
2881,2191032871,2191032551
2882,2191032893,2191032795
2883,2191032894,2191032551
2884,2191032894,2191032375
2885,2191032897,6738078257
2886,2191032897,3967259388
2887,2191032901,10026051751
2888,2191032901,10026051808
2889,2191032906,9959159166
2890,2191032906,9956432624
2891,2191032907,2191032668
2892,2191032907,9657776347
2893,2191032910,2191032590
2894,2191032910,2191032707
2895,2191032916,9967102150
2896,2191032916,2191032267
2897,2191032926,7915338864
2898,2191032926,8416735851
2899,2191032942,2191032674
2900,2191032942,9967102092
2901,2191032953,8418365402
2902,2191032953,8299978161
2903,2191032971,2191032354
2904,2191032971,2471042542
2905,2191083249,6312426001
2906,2191083249,403119514
2907,2191083280,1719100573
2908,2191083317,403241527
2909,2191083317,2191083324
2910,2191083317,2191083411
2911,2191083322,403211238
2912,2191083322,403222076
2913,2191083324,2191083432
2914,2191083324,2676836496
2915,2191083324,2191083317
2916,2191083325,2168403094
2917,2191083325,2191083504
2918,2191083355,1719100567
2919,2191083374,10963991844
2920,2191083374,2504890757
2921,2191083374,9657776413
2922,2191083386,9897134870
2923,2191083386,5905871189
2924,2191083395,4361620920
2925,2191083395,412477079
2926,2191083399,2191083504
2927,2191083411,9906881586
2928,2191083411,677292398
2929,2191083411,2191083317
2930,2191083411,6534526296
2931,2191083432,2191083504
2932,2191083432,2191083324
2933,2191083432,1719100478
2934,2191083488,2191083322
2935,2191083488,2191083567
2936,2191083499,9709359244
2937,2191083499,403247411
2938,2191083499,2676836485
2939,2191083504,610579532
2940,2191083504,2191083399
2941,2191083504,2191083325
2942,2191083505,2476377803
2943,2191083505,3967250721
2944,2191083531,5905871190
2945,2191083531,2191083386
2946,2191083567,4964161465
2947,2191083567,2191083249
2948,2306079959,2306120266
2949,2306079959,2306120264
2950,2306079959,2306120259
2951,2306079968,2306120266
2952,2306079968,6326466840
2953,2306079968,6326466706
2954,2306120256,2306120266
2955,2306120259,2306079959
2956,2306120264,2306079959
2957,2306120266,2306079968
2958,2306120266,2306079959
2959,2306120266,2306120256
2960,2306162095,9942617990
2961,2306162095,9942617979
2962,2306162105,8096580137
2963,2306162105,2469060838
2964,2306162110,2306162126
2965,2306162116,6326298339
2966,2306162116,1943925156
2967,2306162120,2306162095
2968,2306162125,2306162110
2969,2306162125,9939735577
2970,2306162126,2306162120
2971,2306162126,6326298360
2972,2306162136,2306162116
2973,2306162136,9942618046
2974,2306166475,2306162136
2975,2306166475,6326298341
2976,2308210998,2308211044
2977,2308210998,2308211092
2978,2308210998,8847970085
2979,2308211011,2308211044
2980,2308211011,2308211044
2981,2308211011,2308211043
2982,2308211043,2308211011
2983,2308211044,2308210998
2984,2308211044,2308211011
2985,2308211044,2308211011
2986,2308211092,2308210998
2987,2468521642,3226271565
2988,2468521642,6068385118
2989,2468521682,6313925341
2990,2468521927,403357889
2991,2468521927,6312677318
2992,2468972393,9959159159
2993,2468972421,9956432623
2994,2468972421,2468972393
2995,2468972433,9083451262
2996,2468972433,9956432626
2997,2468972433,9083438778
2998,2468972445,2511142627
2999,2468972454,9959159161
3000,2468972454,9959212981
3001,2468972456,2468972454
3002,2468972465,8847974468
3003,2468972465,13118996870
3004,2468972468,9956336142
3005,2468972468,9956432627
3006,2468972473,9959142816
3007,2468972473,2191032906
3008,2468976091,6325445086
3009,2468976091,2468976101
3010,2468976096,1282895868
3011,2468976096,1282895892
3012,2468976101,8847974421
3013,2468976101,11015490499
3014,2468982735,6312677217
3015,2468982735,9967102137
3016,2468982736,6630187668
3017,2468982736,9653806360
3018,2468982737,2468982758
3019,2468982737,9969471678
3020,2468982740,6313519928
3021,2468982740,2471025521
3022,2468982741,9967102136
3023,2468982741,6313926548
3024,2468982743,2468982755
3025,2468982743,2471025521
3026,2468982744,9967097546
3027,2468982744,9671715193
3028,2468982750,2468982741
3029,2468982750,2468982754
3030,2468982751,2471042505
3031,2468982751,2468982737
3032,2468982753,2468982754
3033,2468982753,6313519957
3034,2468982754,2468982743
3035,2468982755,2468982753
3036,2468982755,9967102079
3037,2468982758,7915338872
3038,2468982758,6313586146
3039,2468982758,9965560130
3040,2468982760,9966105459
3041,2468982760,9642296857
3042,2468984809,6630054652
3043,2468984809,6630054651
3044,2468984809,9916570121
3045,2468984809,9916570135
3046,2469058880,9943816610
3047,2469058880,6326466456
3048,2469058895,6326298349
3049,2469058895,9969471536
3050,2469060832,9939735578
3051,2469060832,9938301753
3052,2469060838,6326466463
3053,2469060838,9976220408
3054,2469068978,9951896888
3055,2469069003,2469069005
3056,2469069005,9951896833
3057,2469069005,2469069003
3058,2469069005,9951896816
3059,2469069024,9976522350
3060,2469069024,2469069098
3061,2469069050,5269995822
3062,2469069050,11234025732
3063,2469069098,7981297364
3064,2469069098,9976522346
3065,2469069123,2473485237
3066,2469069123,8627215726
3067,2469069129,5269995801
3068,2469069129,9951896839
3069,2469069129,9951896813
3070,2469069141,5578859370
3071,2469069141,11027994845
3072,2469069144,7994636335
3073,2469069144,5824619937
3074,2469069144,11027994845
3075,2469083072,9916442222
3076,2469083089,9916442235
3077,2469083089,9916442240
3078,2469083090,9916442236
3079,2469083090,2469083089
3080,2469083121,677293254
3081,2469083121,3107953578
3082,2469083126,8975083349
3083,2469083126,2469083141
3084,2469083126,5510028763
3085,2469083138,3241082492
3086,2469083138,3472739185
3087,2469083141,9916570053
3088,2469083141,6630054652
3089,2469095906,2469095948
3090,2469095906,9967102221
3091,2469095948,6313520050
3092,2469095948,9967102223
3093,2469095956,6313520042
3094,2469095956,4168513234
3095,2469095975,2191032454
3096,2469095975,2191032971
3097,2469943501,6326298092
3098,2469943501,9952188339
3099,2469943501,412727857
3100,2469943501,8859358513
3101,2469943508,6325445122
3102,2469943508,9967768294
3103,2469943515,6326298091
3104,2469943515,9891032863
3105,2469943520,412199514
3106,2469943520,9956336400
3107,2469943529,6325445549
3108,2469943529,9967768297
3109,2469943537,6326298052
3110,2469943537,8847970084
3111,2469943537,2469943558
3112,2469943540,9956336366
3113,2469943540,2469943546
3114,2469943541,412200960
3115,2469943541,2168469657
3116,2469943541,6326297782
3117,2469943543,6325445124
3118,2469943543,6325444919
3119,2469943546,9956336400
3120,2469943546,2469943540
3121,2469943549,9952188337
3122,2469943549,6326298055
3123,2469943558,412727847
3124,2469943558,6326298092
3125,2469943756,6325667472
3126,2469943756,2168469745
3127,2469951307,1171848226
3128,2469951307,9916570100
3129,2469951309,9916563948
3130,2469951309,3472714265
3131,2470793078,2470793100
3132,2470793078,2470793110
3133,2470793078,2470793125
3134,2470793078,2470793120
3135,2470793081,2470793144
3136,2470793081,2470793144
3137,2470793081,2470793127
3138,2470793081,2470793110
3139,2470793085,9968282207
3140,2470793085,2470793110
3141,2470793086,2470793087
3142,2470793086,2470793144
3143,2470793086,2470793099
3144,2470793087,2470793086
3145,2470793087,2470793099
3146,2470793087,2470793110
3147,2470793093,6325445692
3148,2470793093,9956432406
3149,2470793093,8879837087
3150,2470793099,2470793086
3151,2470793099,2470793120
3152,2470793099,2470793087
3153,2470793100,2470793112
3154,2470793100,2470793120
3155,2470793100,2470793078
3156,2470793110,2470793078
3157,2470793110,2470793081
3158,2470793110,2470793087
3159,2470793110,2470793085
3160,2470793112,2168469703
3161,2470793112,2470793100
3162,2470793120,2470793100
3163,2470793120,2470793078
3164,2470793120,2470793099
3165,2470793123,2470793139
3166,2470793123,9956432406
3167,2470793125,9652912007
3168,2470793125,2470793078
3169,2470793127,9968282208
3170,2470793127,2470793081
3171,2470793139,6325445564
3172,2470793144,2470793081
3173,2470793144,2470793081
3174,2470793144,2470793086
3175,2471018761,13118996875
3176,2471025507,6313519920
3177,2471025507,9967102115
3178,2471025508,9967102088
3179,2471025508,2471025516
3180,2471025510,6313586005
3181,2471025510,2471025511
3182,2471025511,2471025533
3183,2471025511,9967102029
3184,2471025512,6313519827
3185,2471025512,9967102123
3186,2471025514,9967102087
3187,2471025514,6313519957
3188,2471025516,6313519903
3189,2471025516,9967102080
3190,2471025521,8627292288
3191,2471025525,6313585730
3192,2471025525,6313585721
3193,2471025527,2471025510
3194,2471025527,9967102095
3195,2471025528,6312676811
3196,2471025528,6312676798
3197,2471025533,12178314578
3198,2471025533,6313519447
3199,2471042401,2471043710
3200,2471042401,2476377676
3201,2471042403,2511151362
3202,2471042403,2471042426
3203,2471042404,10189213267
3204,2471042404,2471042516
3205,2471042407,2468982737
3206,2471042407,2471042505
3207,2471042417,9967102111
3208,2471042417,6313585707
3209,2471042419,6313585898
3210,2471042419,2191032436
3211,2471042423,6313585883
3212,2471042423,6313585872
3213,2471042426,8080941736
3214,2471042426,6313586306
3215,2471042429,6313519359
3216,2471042429,2471042518
3217,2471042431,2476377822
3218,2471042431,6313519826
3219,2471042432,2471042542
3220,2471042432,9671715150
3221,2471042436,2471042522
3222,2471042436,10727609406
3223,2471042441,10077774749
3224,2471042441,2471042525
3225,2471042442,9967102112
3226,2471042442,6313519415
3227,2471042444,9966105463
3228,2471042444,2471042431
3229,2471042449,2471042468
3230,2471042449,12255865962
3231,2471042451,2511151372
3232,2471042452,6313585787
3233,2471042452,2471042419
3234,2471042459,2469095975
3235,2471042459,6313520054
3236,2471042461,2471042485
3237,2471042461,10727602903
3238,2471042468,10188983289
3239,2471042476,10189213266
3240,2471042476,2511151335
3241,2471042477,2471042480
3242,2471042477,3966746840
3243,2471042480,6313585830
3244,2471042480,6313585818
3245,2471042481,2471042452
3246,2471042481,2476377749
3247,2471042482,2511151373
3248,2471042482,2471042476
3249,2471042483,11026141122
3250,2471042483,11026162638
3251,2471042484,2471042417
3252,2471042484,9967102109
3253,2471042485,10189213268
3254,2471042485,2471042482
3255,2471042487,6313585337
3256,2471042487,2468982736
3257,2471042489,2471042429
3258,2471042489,2191083505
3259,2471042491,2471042528
3260,2471042491,9967102100
3261,2471042492,2191032686
3262,2471042492,6313586309
3263,2471042492,3966736379
3264,2471042499,2476377728
3265,2471042499,12136130565
3266,2471042501,6312676806
3267,2471042501,9967102108
3268,2471042505,6313519355
3269,2471042505,9967102120
3270,2471042510,6313585339
3271,2471042510,6313520069
3272,2471042512,3966755827
3273,2471042512,2471042546
3274,2471042515,6313520068
3275,2471042516,11026162664
3276,2471042518,2191032541
3277,2471042518,2471042519
3278,2471042519,6313519559
3279,2471042519,6313585784
3280,2471042522,2471042436
3281,2471042522,3966736376
3282,2471042522,10727602904
3283,2471042525,3966736375
3284,2471042525,10077774749
3285,2471042525,2471042441
3286,2471042526,9967102230
3287,2471042526,9967102099
3288,2471042528,9967102102
3289,2471042528,6313585637
3290,2471042532,2476377726
3291,2471042532,2476377718
3292,2471042533,6313586306
3293,2471042533,8080941736
3294,2471042537,9061261516
3295,2471042537,2476377724
3296,2471042542,6313520067
3297,2471042542,2471042459
3298,2471042546,3966736379
3299,2471042546,2191032686
3300,2471042550,2476377817
3301,2471042550,2191032522
3302,2471042552,11019853662
3303,2471043710,10727602898
3304,2471043710,2471042533
3305,2471043711,11026162640
3306,2471043711,3966716382
3307,2471043712,11026162642
3308,2471043712,3966716388
3309,2471043713,8080941737
3310,2471043713,2471042401
3311,2471043715,2476377668
3312,2471043715,2511153199
3313,2471043716,2511151334
3314,2471043716,8080941739
3315,2471043716,3966716442
3316,2471043717,2511151349
3317,2471043717,8080941739
3318,2471043718,2471043710
3319,2471043718,2476377676
3320,2471043719,2471043713
3321,2471043719,2471043715
3322,2471072940,3053557552
3323,2471072940,2513900342
3324,2471072944,9709623220
3325,2471075940,8002887497
3326,2471075940,1179260039
3327,2471075940,406451967
3328,2471075953,8002887495
3329,2471075953,6625302257
3330,2471113892,8953003094
3331,2473432137,3971444848
3332,2473432303,2473432463
3333,2473432303,3969386662
3334,2473432463,13270507960
3335,2473432463,9271269518
3336,2473434467,9952188487
3337,2473434467,6326297656
3338,2473434467,2168469762
3339,2473434485,2473434490
3340,2473434485,9952188487
3341,2473434485,9952188363
3342,2473434488,2168469762
3343,2473434488,9952188487
3344,2473434488,2473434489
3345,2473434489,2473434488
3346,2473434489,2168469748
3347,2473434490,2473434485
3348,2473434490,13270507961
3349,2473485230,7985204328
3350,2473485237,2469069123
3351,2473485237,13202416560
3352,2473485237,7985244027
3353,2473485240,2473485243
3354,2473485243,13202416557
3355,2473485243,11002943337
3356,2473485243,2473485240
3357,2473537402,10173682672
3358,2473537402,9061221523
3359,2473537426,12429520002
3360,2473537426,10251421389
3361,2473537462,6313055607
3362,2473537462,9663432598
3363,2473537462,9663432598
3364,2473537483,12429519988
3365,2473537483,12429519989
3366,2473537483,9951896632
3367,2473539347,418803812
3368,2473546508,6313055249
3369,2473546508,9975307884
3370,2473546508,6313054830
3371,2473546508,9975307912
3372,2473546512,6313054830
3373,2473546512,2473546547
3374,2473546512,9975307875
3375,2473546525,6313055193
3376,2473546525,7788691959
3377,2473546525,7788691963
3378,2473546531,9975307789
3379,2473546531,9975307788
3380,2473546531,6313055281
3381,2473546535,6313055282
3382,2473546535,9975307789
3383,2473546535,6313055292
3384,2473546547,2473546512
3385,2473546547,9960577517
3386,2473546547,9899027664
3387,2473549065,9978855196
3388,2473549065,6313054258
3389,2473549075,2473549065
3390,2473549075,6313176898
3391,2473549087,9978855203
3392,2473549087,10251421386
3393,2473549099,4361620901
3394,2473549099,6313053584
3395,2473607917,9950414972
3396,2473607917,2473607922
3397,2473607922,2473607925
3398,2473607922,12662564583
3399,2473607922,2473607917
3400,2473607925,3966711151
3401,2473607925,2473607922
3402,2473607931,9950414972
3403,2473607931,3729145916
3404,2476377663,417643350
3405,2476377663,3502591544
3406,2476377668,2471043713
3407,2476377668,8080941738
3408,2476377668,2471043715
3409,2476377676,2471043719
3410,2476377684,2473539347
3411,2476377684,3740175273
3412,2476377687,2476377684
3413,2476377688,2476377687
3414,2476377688,2476377693
3415,2476377698,2476377711
3416,2476377699,818871863
3417,2476377703,9978855227
3418,2476377703,2511165674
3419,2476377704,2476377699
3420,2476377704,9043486974
3421,2476377711,2476377714
3422,2476377714,2471042537
3423,2476377714,2476377719
3424,2476377718,2471042404
3425,2476377719,2476377722
3426,2476377722,2476377726
3427,2476377722,2476377718
3428,2476377723,2471042537
3429,2476377723,2476377719
3430,2476377724,10582582645
3431,2476377724,10582582880
3432,2476377726,10727609407
3433,2476377726,2471042499
3434,2476377728,6630187679
3435,2476377733,9967100292
3436,2476377733,6630187683
3437,2476377736,6312676813
3438,2476377736,2471025528
3439,2476377737,2476377741
3440,2476377737,6630187670
3441,2476377739,1943923741
3442,2476377739,3966746834
3443,2476377740,9672191476
3444,2476377740,2191032708
3445,2476377741,2476377750
3446,2476377741,2476377739
3447,2476377749,2476377739
3448,2476377750,2471042452
3449,2476377750,2476377759
3450,2476377756,2476377749
3451,2476377759,2476377770
3452,2476377759,9043486997
3453,2476377769,2476377756
3454,2476377769,12136130576
3455,2476377770,2191032315
3456,2476377773,2191032771
3457,2476377773,2476377756
3458,2476377780,2476377792
3459,2476377781,2191032304
3460,2476377781,2476377773
3461,2476377790,2476377792
3462,2476377790,2476377781
3463,2476377792,2476377794
3464,2476377794,3967250721
3465,2476377794,2476377803
3466,2476377803,2476377805
3467,2476377804,2476377790
3468,2476377805,2476377815
3469,2476377805,2476377804
3470,2476377815,2191032475
3471,2476377815,9966105462
3472,2476377816,2476377804
3473,2476377817,6313520057
3474,2476377818,3967083160
3475,2476377822,9965538382
3476,2476377822,9965560264
3477,2476377829,2476377830
3478,2476377829,403364660
3479,2476377830,403361521
3480,2476377830,9657776325
3481,2476377831,8233067046
3482,2476377831,2468982751
3483,2476377833,403361498
3484,2476377833,404596712
3485,2476377838,2476377859
3486,2476377838,8414763022
3487,2476377858,5913132490
3488,2476377858,5913132491
3489,2476377859,3472739894
3490,2476377862,3107953593
3491,2476377862,3107941949
3492,2476377864,3107953594
3493,2476377864,2476377865
3494,2476377864,3107953600
3495,2476377865,2476377864
3496,2476377865,2476377867
3497,2476377865,5913132495
3498,2476377867,2476377865
3499,2476377867,2476377868
3500,2476377867,5913132465
3501,2476377867,8414763021
3502,2476377868,2476377867
3503,2476377868,2839601219
3504,2476377868,3046296578
3505,2476377868,5913132525
3506,2476377870,412478115
3507,2476377870,5755083551
3508,2476377874,677292393
3509,2476377874,4361621008
3510,2476377877,412477510
3511,2476377877,412475984
3512,2476377877,2676836425
3513,2476377878,5913132493
3514,2476377878,5777433493
3515,2476377879,412477362
3516,2476377879,2476377880
3517,2476377880,412477291
3518,2476377880,412477290
3519,2476377880,2476377884
3520,2476377884,412477291
3521,2476377884,9910232412
3522,2476377889,412477652
3523,2476377889,2476377895
3524,2476377895,412475981
3525,2476377895,334304448
3526,2476377895,412477652
3527,2476377919,3050115705
3528,2476377919,9987353707
3529,2476377919,3050151298
3530,2476377934,9987353742
3531,2476377958,412775020
3532,2476377958,9987353729
3533,2476377965,2476377967
3534,2476377967,2476377958
3535,2476377967,9987353718
3536,2476377970,9987353717
3537,2476377970,3305928431
3538,2476377971,412775458
3539,2476377971,2476377934
3540,2476377973,2476377975
3541,2476377973,2476377970
3542,2476377975,412774902
3543,2476377975,1943924719
3544,2476377976,9987353719
3545,2476377976,2476377973
3546,2476377979,9671715098
3547,2476377979,412774902
3548,2476377979,3305928443
3549,2476377993,412767437
3550,2476377993,12216232938
3551,2476378002,9977341020
3552,2476378002,2476378004
3553,2476378002,9977337358
3554,2476378004,2476378002
3555,2476378004,1943924723
3556,2476378004,1943924877
3557,2476378067,9956336203
3558,2476378067,2511142624
3559,2476378072,2191032622
3560,2476378072,9956336202
3561,2476378075,9956336209
3562,2476378075,6325446143
3563,2476378080,2191032757
3564,2476378080,2168469728
3565,2476378095,8847974417
3566,2476378095,8847974417
3567,2476378197,1287972563
3568,2476378197,11002943481
3569,2476378197,11002943283
3570,2476817470,2575836674
3571,2476817470,7478945681
3572,2476817470,8495992425
3573,2476825200,6630054651
3574,2476825200,9922077538
3575,2476825200,9685599269
3576,2476825208,2469083072
3577,2476825208,9671714977
3578,2476825208,9916585805
3579,2476825212,5510028763
3580,2476825212,9974349737
3581,2476825212,6630054651
3582,2476825213,4613933798
3583,2476825213,9916435848
3584,2476825233,2476825236
3585,2476825233,9671714988
3586,2476825236,9916564013
3587,2476825236,9916585812
3588,2476848400,11232758471
3589,2476848400,6314453720
3590,2476848450,6314453714
3591,2477328507,2477328541
3592,2477328520,7478945681
3593,2477328520,2477328541
3594,2477328520,2477328557
3595,2477328541,2477328520
3596,2477328541,2477328507
3597,2477328557,2477328520
3598,2477332816,8627331066
3599,2477332816,415667682
3600,2477332816,8624030759
3601,2477332817,12565739935
3602,2477332817,9657776378
3603,2477332817,12565739933
3604,2477339355,412480686
3605,2477339355,3740175358
3606,2477339355,3047744271
3607,2477339358,1176788277
3608,2477339358,2676836366
3609,2477339358,2477339362
3610,2477339358,3047741521
3611,2477339362,3047742503
3612,2477339362,3047742502
3613,2477339362,3047744271
3614,2477339362,2477339358
3615,2477339366,2676836376
3616,2477339366,1176788210
3617,2477339366,3047741521
3618,2477339368,3305928432
3619,2477339368,9987353724
3620,2477339368,3305928425
3621,2477339371,3305928457
3622,2477339371,6790359123
3623,2477339374,9987353724
3624,2477339374,12141249843
3625,2477339374,9987353737
3626,2477347631,9916442227
3627,2477347631,9922079397
3628,2477347635,9916569917
3629,2477347635,9916563960
3630,2477347643,9916563944
3631,2477347643,404625285
3632,2477347647,9922077539
3633,2477347647,9916563955
3634,2477347647,9671714993
3635,2477347652,9671714993
3636,2477347652,2476825212
3637,2477347669,2477347643
3638,2477347669,9916442230
3639,2477347689,2839601162
3640,2477347689,1179259890
3641,2477347689,1179259868
3642,2477347693,9916563957
3643,2477347693,5422041883
3644,2477431530,6784396539
3645,2477431530,12574312145
3646,2477431530,2477431538
3647,2477431536,12574312138
3648,2477431536,5001013442
3649,2477431538,2477431530
3650,2503867803,406458792
3651,2503867803,9976220657
3652,2503867845,11202750158
3653,2503867845,3226271720
3654,2503867852,2503867869
3655,2503867852,3226271755
3656,2503867852,9974348194
3657,2503867869,3226271720
3658,2503867869,2503867852
3659,2503867869,9950583533
3660,2503930339,6325445509
3661,2503930339,12039496738
3662,2504856976,9922077555
3663,2504856976,3241082536
3664,2504856976,5311403338
3665,2504856991,3826288374
3666,2504856991,5311403344
3667,2504856991,9671714999
3668,2504876335,11114417367
3669,2504876335,2504876377
3670,2504876356,401257628
3671,2504876356,2504876377
3672,2504876377,7981297372
3673,2504876377,2504876356
3674,2504882039,2839601039
3675,2504882039,9025678061
3676,2504882039,9018689582
3677,2504886137,2504886164
3678,2504886137,9908902670
3679,2504886164,6313177148
3680,2504886164,6313177099
3681,2504886164,9870235175
3682,2504889846,3048326236
3683,2504889846,9906988399
3684,2504889850,9916435886
3685,2504889850,6327906004
3686,2504889854,9906988386
3687,2504889854,9907984223
3688,2504889856,6327906290
3689,2504889856,2504889859
3690,2504889856,12558454758
3691,2504889858,12558454795
3692,2504889858,2504889856
3693,2504889859,2839601262
3694,2504889859,2504889856
3695,2504889859,9897134858
3696,2504889873,9709299544
3697,2504889873,3048325061
3698,2504890750,2713933558
3699,2504890750,5905871185
3700,2504890750,4361619956
3701,2504890757,10963991843
3702,2504890757,2191083531
3703,2504890760,2982507575
3704,2504890760,2982505173
3705,2504890760,9709623305
3706,2504900697,5913132505
3707,2504900697,2839601105
3708,2504900697,9906988407
3709,2504900701,3048322338
3710,2504900701,9906988370
3711,2504900702,9906988385
3712,2504900702,9906988378
3713,2504900704,9903654241
3714,2504900704,2839601067
3715,2504900704,9906988407
3716,2504900708,3107941958
3717,2504900708,3046667816
3718,2504900708,2839601127
3719,2510446074,4361620976
3720,2510446074,9043486950
3721,2510446080,2510446074
3722,2510446081,4361619932
3723,2510446081,6784860589
3724,2510458167,8299978177
3725,2510458167,9921269522
3726,2510467761,9061221520
3727,2510467773,2510467761
3728,2510467773,1704654916
3729,2511142619,13119031623
3730,2511142624,2191032866
3731,2511142624,9956336189
3732,2511142627,2191032787
3733,2511142627,2511142636
3734,2511142633,2511142655
3735,2511142633,2476378072
3736,2511142636,2191032317
3737,2511142638,1282895890
3738,2511142638,9956336346
3739,2511142644,2511142653
3740,2511142644,2511142627
3741,2511142648,9956432627
3742,2511142648,9956336142
3743,2511142653,2511142644
3744,2511142653,12059609416
3745,2511142653,9083438778
3746,2511142655,9956432417
3747,2511142658,12059609416
3748,2511142658,2511142644
3749,2511151334,2511151368
3750,2511151335,10189213265
3751,2511151335,2511151359
3752,2511151338,11026162666
3753,2511151338,10189213265
3754,2511151338,11026162681
3755,2511151340,2511151356
3756,2511151340,2471042461
3757,2511151343,2511151366
3758,2511151343,2511151359
3759,2511151346,2471042476
3760,2511151346,2511151373
3761,2511151347,2511151362
3762,2511151347,2471042426
3763,2511151349,2471043717
3764,2511151349,2511153203
3765,2511151349,11026162639
3766,2511151352,2471043711
3767,2511151356,2511151347
3768,2511151357,2511151343
3769,2511151357,11026149996
3770,2511151359,2511151372
3771,2511151359,2511151335
3772,2511151362,2511151357
3773,2511151366,2511151343
3774,2511151366,8080941738
3775,2511151366,2471042403
3776,2511151368,2511151334
3777,2511151368,2511151366
3778,2511151372,2511151346
3779,2511151373,2511151340
3780,2511153199,2471043715
3781,2511153199,2511153203
3782,2511153203,2511151349
3783,2511153203,11026141122
3784,2511153203,2511153199
3785,2511157959,6312426065
3786,2511157959,785860536
3787,2511157959,2511157970
3788,2511157970,6312426064
3789,2511157970,7193046627
3790,2511157970,6313925627
3791,2511157970,2511157959
3792,2511160239,6312786812
3793,2511162017,6313053565
3794,2511162017,415985183
3795,2511162021,2511164616
3796,2511162021,2511162037
3797,2511162021,9991832636
3798,2511162037,2511162021
3799,2511162037,7828101846
3800,2511162037,415993551
3801,2511162039,9991832688
3802,2511162039,4687033850
3803,2511162039,2511162057
3804,2511162050,13230494211
3805,2511162050,13230494211
3806,2511162051,403349484
3807,2511162051,8907258063
3808,2511162051,4687033843
3809,2511162053,415993554
3810,2511162053,6313053726
3811,2511162057,2511162039
3812,2511162057,6313175921
3813,2511162057,6313176097
3814,2511164601,415993915
3815,2511164601,2511164671
3816,2511164613,415985176
3817,2511164613,12023266209
3818,2511164616,6313175921
3819,2511164616,2511162021
3820,2511164616,7828101844
3821,2511164625,9907928858
3822,2511164625,6313263421
3823,2511164628,3578801935
3824,2511164653,415992975
3825,2511164653,12023266202
3826,2511164660,3578758132
3827,2511164660,3578802073
3828,2511164671,2511164674
3829,2511164671,415993694
3830,2511164672,404640342
3831,2511164672,6313177275
3832,2511164674,415993697
3833,2511164674,6313176096
3834,2511165666,9979301495
3835,2511165666,9978855224
3836,2511165670,6313177194
3837,2511165670,9978855225
3838,2511165674,5471154615
3839,2511551299,12558454681
3840,2511551299,6327768545
3841,2511551315,12558454727
3842,2511551315,9906861939
3843,2513900308,1172876989
3844,2513900308,1172876509
3845,2513900314,1170839513
3846,2513900314,3050102110
3847,2513900320,334363433
3848,2513900320,9951896713
3849,2513900333,8417702087
3850,2513900333,9906861931
3851,2513900342,9906861938
3852,2513900342,5469028887
3853,2513900345,404656641
3854,2513900345,2513900333
3855,2513900348,9671715103
3856,2513900348,3053760293
3857,2513900348,9906861938
3858,2513900348,8417702087
3859,2537834493,1177761409
3860,2537834493,1177761309
3861,2537834493,1177761378
3862,2537839878,5578846708
3863,2537839878,5824604320
3864,2537839878,5824604322
3865,2537839878,2537839884
3866,2537839884,2537839878
3867,2537839884,9906988346
3868,2537839884,5578859375
3869,2537839895,5824604300
3870,2537839895,5578846707
3871,2537839895,5824604308
3872,2537839895,5824604289
3873,2537843187,9916435896
3874,2537843196,9671715023
3875,2537843196,9671715026
3876,2537843196,406149794
3877,2537853867,9974349810
3878,2537853867,9974349795
3879,2537853867,5510020348
3880,2537853867,9974349799
3881,2537853879,9974349802
3882,2537853879,2537853895
3883,2537853895,9974349795
3884,2537853895,8892348536
3885,2537853895,2537853879
3886,2537853906,9974349808
3887,2537853906,9584963937
3888,2537881928,9906824112
3889,2537881928,5263098274
3890,2537881928,5362617471
3891,2538057002,9671686506
3892,2538057002,412483434
3893,2538057014,3450414762
3894,2538057014,2538057021
3895,2538057021,1171848340
3896,2538057021,1171848169
3897,2538057021,2538057014
3898,2538057035,3451436193
3899,2538057035,9921269588
3900,2538057035,3046668298
3901,2538059758,6565409379
3902,2538059758,406451333
3903,2538059758,406451332
3904,2538059767,5913132405
3905,2538059767,1179259916
3906,2538059769,406449021
3907,2538059769,406449019
3908,2538059769,2538059767
3909,2538059769,5913132401
3910,2549776585,412761278
3911,2549786099,2549786124
3912,2549786099,9951050987
3913,2549786099,9976220631
3914,2549786124,9976220615
3915,2549786124,2549786099
3916,2549786124,9976220559
3917,2560359159,9907968632
3918,2560359159,3453551117
3919,2575825333,8929851456
3920,2575825333,9976220657
3921,2575825333,6567782077
3922,2575825333,9037725736
3923,2575825334,9976220657
3924,2575825334,8929851459
3925,2575825334,8929851456
3926,2575825334,406458792
3927,2575836568,2575836674
3928,2575836568,11161413120
3929,2575836668,9950574232
3930,2575836674,2575836568
3931,2575836674,2476817470
3932,2575836674,415667682
3933,2593864583,9969471521
3934,2593864583,9942617831
3935,2593864583,2593864620
3936,2593864620,6326298359
3937,2593864620,2593864629
3938,2593864629,6326298338
3939,2645379456,1170839492
3940,2645379456,10011965370
3941,2645379538,3257105053
3942,2645379589,9039504166
3943,2676836341,3967070905
3944,2676836342,9674345092
3945,2676836342,9926607372
3946,2676836342,6738078253
3947,2676836354,3047744269
3948,2676836354,3451551496
3949,2676836365,2676836366
3950,2676836365,3450159245
3951,2676836365,3047741519
3952,2676836366,2477339358
3953,2676836366,2676836365
3954,2676836366,3047741520
3955,2676836366,3047742502
3956,2676836370,1176788130
3957,2676836370,1176788273
3958,2676836373,2676836376
3959,2676836373,3047778553
3960,2676836373,1176788210
3961,2676836374,2676836357
3962,2676836374,9926607381
3963,2676836375,3047778557
3964,2676836376,2477339366
3965,2676836376,3047778552
3966,2676836376,9926607415
3967,2676836377,9906881566
3968,2676836377,9717380305
3969,2676836377,2676836379
3970,2676836379,3047782135
3971,2676836379,2676836377
3972,2676836379,2676836381
3973,2676836380,1176788278
3974,2676836380,2676836375
3975,2676836381,3047782134
3976,2676836381,3047778553
3977,2676836381,2676836379
3978,2676836381,2676836382
3979,2676836382,3047778552
3980,2676836382,2676836381
3981,2676836382,2676836385
3982,2676836384,2676836380
3983,2676836385,2676836382
3984,2676836385,9926607418
3985,2676836385,9926607417
3986,2676836386,1180316674
3987,2676836386,8982543637
3988,2676836387,9926607418
3989,2676836387,1176788227
3990,2676836390,1180316535
3991,2676836390,1180316674
3992,2676836390,9910240849
3993,2676836390,906119710
3994,2676836390,5372384205
3995,2676836392,2676836401
3996,2676836392,1180316663
3997,2676836393,2676836400
3998,2676836393,1180322375
3999,2676836394,412478115
4000,2676836394,4964161475
4001,2676836396,1180316674
4002,2676836396,1180316663
4003,2676836396,11911783753
4004,2676836399,9906988353
4005,2676836399,3048222901
4006,2676836399,9709299555
4007,2676836400,412477569
4008,2676836400,1180322375
4009,2676836400,2676836393
4010,2676836400,2676836401
4011,2676836401,2676836400
4012,2676836401,2676836403
4013,2676836401,2676836392
4014,2676836401,412477568
4015,2676836402,2676836406
4016,2676836402,11255181595
4017,2676836403,1180316663
4018,2676836403,412477567
4019,2676836403,2676836401
4020,2676836403,9642377708
4021,2676836405,9906988366
4022,2676836405,9709623336
4023,2676836405,9709623338
4024,2676836406,1170838907
4025,2676836406,2676836414
4026,2676836407,9642377708
4027,2676836407,11911785804
4028,2676836409,3048222900
4029,2676836409,9976522386
4030,2676836411,9906881584
4031,2676836411,9906988366
4032,2676836411,9976522388
4033,2676836413,412477570
4034,2676836413,610579525
4035,2676836414,1170838569
4036,2676836414,334358674
4037,2676836416,9907968698
4038,2676836416,3451578154
4039,2676836417,9906988364
4040,2676836417,2676836409
4041,2676836418,412477365
4042,2676836418,412477567
4043,2676836418,2676836429
4044,2676836419,9976522389
4045,2676836419,1170838840
4046,2676836420,2676836424
4047,2676836420,2676836413
4048,2676836421,9709623242
4049,2676836421,2676836434
4050,2676836424,1629280290
4051,2676836424,2676836420
4052,2676836424,2676836427
4053,2676836424,412477366
4054,2676836425,412477509
4055,2676836425,2476377879
4056,2676836426,412475984
4057,2676836426,2676836430
4058,2676836427,2676836424
4059,2676836427,2676836429
4060,2676836427,412477365
4061,2676836427,1629280295
4062,2676836428,9906988360
4063,2676836429,2676836427
4064,2676836429,604389297
4065,2676836429,2676836418
4066,2676836429,2676836448
4067,2676836430,412477361
4068,2676836430,412477564
4069,2676836430,2676836426
4070,2676836430,5905870238
4071,2676836431,1171848076
4072,2676836431,1170839045
4073,2676836432,3048325058
4074,2676836432,9906881584
4075,2676836432,3048322338
4076,2676836433,1171848076
4077,2676836433,2676836419
4078,2676836434,412477650
4079,2676836434,2676836437
4080,2676836434,2676836421
4081,2676836437,2676836442
4082,2676836437,2676836434
4083,2676836437,9709623249
4084,2676836438,9906881583
4085,2676836438,9907968714
4086,2676836440,9976522390
4087,2676836440,3483127916
4088,2676836441,412477362
4089,2676836441,412477291
4090,2676836441,412477650
4091,2676836442,2676836437
4092,2676836442,9709623243
4093,2676836442,412477292
4094,2676836443,1629280303
4095,2676836443,1629280290
4096,2676836443,2676836420
4097,2676836444,9709299538
4098,2676836444,2504889854
4099,2676836445,2676836438
4100,2676836445,9906988358
4101,2676836446,3048325064
4102,2676836447,9907941692
4103,2676836447,1180322385
4104,2676836447,2676836449
4105,2676836448,1629280295
4106,2676836448,403251678
4107,2676836448,2676836429
4108,2676836449,1180322374
4109,2676836449,2676836447
4110,2676836450,3048325058
4111,2676836450,2676836446
4112,2676836451,3048325056
4113,2676836451,9709248908
4114,2676836452,412477812
4115,2676836452,9910240855
4116,2676836452,1629280295
4117,2676836453,9902194791
4118,2676836453,9907984224
4119,2676836454,9907984225
4120,2676836454,2676836444
4121,2676836459,2676836454
4122,2676836459,9709299540
4123,2676836460,2676836453
4124,2676836460,9907928854
4125,2676836461,2676836453
4126,2676836461,9907928854
4127,2676836463,3048325062
4128,2676836463,9976522403
4129,2676836466,2676836460
4130,2676836466,9907984226
4131,2676836467,2676836466
4132,2676836467,3048325053
4133,2676836470,9709299542
4134,2676836470,3048325055
4135,2676836476,403247433
4136,2676836479,9982785533
4137,2676836479,9709333180
4138,2676836484,403247403
4139,2676836484,2676836488
4140,2676836485,2676836494
4141,2676836485,2168403088
4142,2676836485,2191083499
4143,2676836488,2676836494
4144,2676836488,2191083499
4145,2676836488,2676836484
4146,2676836494,2676836497
4147,2676836494,2676836488
4148,2676836494,2676836499
4149,2676836496,2676836497
4150,2676836496,403247399
4151,2676836496,2676836488
4152,2676836497,2191083432
4153,2676836497,2676836496
4154,2676836497,1634842661
4155,2676836498,2676836503
4156,2676836498,3335931101
4157,2676836499,2676836494
4158,2676836500,2168403094
4159,2676836500,403241527
4160,2676836500,610579522
4161,2676836501,2676836504
4162,2676836501,2676836498
4163,2676836503,2676836504
4164,2676836503,2676836498
4165,2676836503,9910240921
4166,2676836504,9910240922
4167,2676836504,2676836501
4168,2676836504,9910240928
4169,2676836505,9910240905
4170,2676836505,9910240922
4171,2676836507,5905816654
4172,2676836507,3053715605
4173,2676836507,9897672621
4174,2676836543,3496416576
4175,2676836543,9055067026
4176,2689865496,677292368
4177,2689865496,9982785612
4178,2691058638,9905543715
4179,2691058638,9709333187
4180,2691058638,2691058639
4181,2691058639,9905543716
4182,2691058639,3496510789
4183,2691058639,2691058638
4184,2691058641,2691058642
4185,2691058641,3496510790
4186,2691058641,3496510789
4187,2691058642,3496510782
4188,2691058642,2691058641
4189,2691058642,3496510781
4190,2691058643,3054644039
4191,2691058643,3050115704
4192,2691058643,3496510782
4193,2691058643,9907063659
4194,2691058645,2691058646
4195,2691058645,3050151300
4196,2691058645,3050119726
4197,2691058645,3050115705
4198,2691058646,2691058648
4199,2691058646,2691058645
4200,2691058646,3050153433
4201,2691058646,3050153432
4202,2691058648,2691058646
4203,2691058648,3050121106
4204,2691058648,3050119725
4205,2691058648,2691058649
4206,2691058649,2691058650
4207,2691058649,3050115706
4208,2691058649,2691058648
4209,2691058649,3050119722
4210,2691058650,9653799373
4211,2691058650,2691058649
4212,2691058650,3050115707
4213,2691058650,3050119720
4214,2691070091,3050102112
4215,2691070091,412728533
4216,2691070093,3050110523
4217,2691070093,9987353715
4218,2691070093,3050115704
4219,2713902926,4964161585
4220,2713902926,9907928886
4221,2713902926,9925240727
4222,2713902928,4361619983
4223,2713902928,1174021923
4224,2713902930,9907928886
4225,2713902930,4964161570
4226,2713902930,4964161593
4227,2713902931,4964161590
4228,2713902931,2191032792
4229,2713902931,4964161570
4230,2713902931,4964161594
4231,2713902976,2713902978
4232,2713902976,9671715112
4233,2713902976,334360334
4234,2713902978,403228445
4235,2713902978,2713902976
4236,2713933543,2713933547
4237,2713933547,5905870277
4238,2713933547,5905870252
4239,2713933547,2713933543
4240,2713933558,4361621044
4241,2713933558,10963991863
4242,2713933558,5905871186
4243,2713933563,2982505173
4244,2713933563,10963991844
4245,2713933563,2982507576
4246,2839601001,6004182260
4247,2839601020,6632518656
4248,2839601020,9922077586
4249,2839601033,5898135972
4250,2839601033,5898135952
4251,2839601034,5913132389
4252,2839601034,2839601168
4253,2839601034,406447372
4254,2839601034,2839601088
4255,2839601039,2839601340
4256,2839601039,2504882039
4257,2839601039,6625302258
4258,2839601045,2839601141
4259,2839601045,6327767420
4260,2839601045,2839601231
4261,2839601055,2839601091
4262,2839601055,2839601307
4263,2839601055,9916570122
4264,2839601061,2839601091
4265,2839601062,9916564008
4266,2839601062,406475540
4267,2839601067,2504900704
4268,2839601067,5777433501
4269,2839601067,5913132499
4270,2839601072,2839601149
4271,2839601072,9943816614
4272,2839601088,2839601034
4273,2839601088,9922079362
4274,2839601088,2839601132
4275,2839601088,5913132386
4276,2839601089,5913132527
4277,2839601089,406130944
4278,2839601089,5913132525
4279,2839601091,2839601061
4280,2839601091,412485039
4281,2839601091,2839601055
4282,2839601091,9916570070
4283,2839601098,9671715060
4284,2839601098,9671715053
4285,2839601103,5913128283
4286,2839601103,406447368
4287,2839601103,406445419
4288,2839601105,5913132513
4289,2839601105,3107941959
4290,2839601105,9906988408
4291,2839601108,5913128278
4292,2839601108,2839601344
4293,2839601108,9922079366
4294,2839601117,406494829
4295,2839601117,406449014
4296,2839601127,2504900708
4297,2839601127,2839601320
4298,2839601127,9066287232
4299,2839601127,2839601397
4300,2839601132,6632518656
4301,2839601132,8434066643
4302,2839601132,2839601088
4303,2839601141,2839601045
4304,2839601141,13001229340
4305,2839601141,6327767448
4306,2839601149,1943925259
4307,2839601149,12043067738
4308,2839601161,2839601262
4309,2839601162,2839601196
4310,2839601162,2477347689
4311,2839601162,406447372
4312,2839601162,406449014
4313,2839601168,8434066643
4314,2839601168,1179260104
4315,2839601168,2839601034
4316,2839601171,3107941953
4317,2839601171,3107953604
4318,2839601171,3107941954
4319,2839601172,9916564008
4320,2839601172,9922079370
4321,2839601172,406447365
4322,2839601172,2839601344
4323,2839601175,2839601306
4324,2839601175,5913128278
4325,2839601175,5913132388
4326,2839601190,2839601307
4327,2839601190,9922077572
4328,2839601190,9671714998
4329,2839601191,1172876800
4330,2839601191,5824604333
4331,2839601191,2839601206
4332,2839601196,5913128279
4333,2839601196,1179259890
4334,2839601196,2839601162
4335,2839601196,5913132390
4336,2839601199,1179259959
4337,2839601199,1179259988
4338,2839601199,2839601241
4339,2839601206,1176788142
4340,2839601206,1176788248
4341,2839601206,2839601191
4342,2839601219,5913132498
4343,2839601219,5913132527
4344,2839601219,2476377868
4345,2839601220,3480566610
4346,2839601220,2839601231
4347,2839601220,2839601098
4348,2839601221,3483495921
4349,2839601221,5913132506
4350,2839601221,2839601391
4351,2839601228,9916442257
4352,2839601228,9916442260
4353,2839601231,2839601220
4354,2839601231,2839601045
4355,2839601231,6327767420
4356,2839601237,9922077571
4357,2839601238,5913132504
4358,2839601238,5777433501
4359,2839601238,8414763034
4360,2839601241,2839601281
4361,2839601241,6627695235
4362,2839601241,406451328
4363,2839601241,2839601199
4364,2839601249,2839601357
4365,2839601249,2839601330
4366,2839601249,406494829
4367,2839601262,3480684929
4368,2839601262,2839601161
4369,2839601262,2504889859
4370,2839601271,2839601395
4371,2839601273,6625294515
4372,2839601274,3480556636
4373,2839601274,2839601033
4374,2839601281,2839601241
4375,2839601281,1179260041
4376,2839601281,6627695234
4377,2839601281,6632634203
4378,2839601292,3969074089
4379,2839601292,6633304051
4380,2839601292,6633304014
4381,2839601306,406447368
4382,2839601306,2839601175
4383,2839601306,5913132389
4384,2839601307,2839601055
4385,2839601307,2839601190
4386,2839601307,9671714998
4387,2839601310,7988056405
4388,2839601310,3047343157
4389,2839601312,9906988319
4390,2839601312,9906881560
4391,2839601316,7981297362
4392,2839601316,5578859377
4393,2839601316,5578859375
4394,2839601316,5578846670
4395,2839601320,2839601127
4396,2839601320,5913132524
4397,2839601320,9066287233
4398,2839601320,2839601326
4399,2839601323,9938301773
4400,2839601323,7985204565
4401,2839601326,3046296611
4402,2839601326,2839601320
4403,2839601326,9906988393
4404,2839601330,2839601249
4405,2839601330,6565410399
4406,2839601330,5913132394
4407,2839601338,9906988352
4408,2839601338,9906988320
4409,2839601338,2839601312
4410,2839601340,2839601039
4411,2839601340,406451996
4412,2839601340,8002887495
4413,2839601344,2839601108
4414,2839601344,406445419
4415,2839601344,9922079361
4416,2839601344,2839601172
4417,2839601347,3107953603
4418,2839601347,3107953602
4419,2839601347,3107953595
4420,2839601357,2839601249
4421,2839601357,406447365
4422,2839601357,5913128283
4423,2839601369,3967087979
4424,2839601369,9911031895
4425,2839601369,9931569511
4426,2839601391,9906988391
4427,2839601391,3107941958
4428,2839601391,2839601397
4429,2839601391,2839601221
4430,2839601395,6327767453
4431,2839601395,6327768759
4432,2839601395,2839601271
4433,2839601397,2839601326
4434,2839601397,2839601127
4435,2839601397,9906988392
4436,2982505173,2713933563
4437,2982505173,2504890760
4438,2982505173,10963991843
4439,2982507575,2504890760
4440,2982507575,2982507576
4441,2982507575,4361619956
4442,2982507576,2982507575
4443,2982507576,2713933563
4444,2982507576,4361621044
4445,3042566854,677293263
4446,3042566854,8234025207
4447,3042566854,3472714271
4448,3042566855,9922077543
4449,3042566855,5422104284
4450,3045969240,9906988398
4451,3045969240,8666890033
4452,3045969240,9906988317
4453,3046296578,2476377868
4454,3046296578,5913132464
4455,3046296578,5913132466
4456,3046296611,2839601089
4457,3046296611,5913132524
4458,3046296612,9066287227
4459,3046296612,2839601338
4460,3046327616,1171848231
4461,3046327616,3107941945
4462,3046327616,3046327618
4463,3046327616,9905394676
4464,3046327618,3152582615
4465,3046327618,1171848319
4466,3046327618,3046327616
4467,3046333300,9066287225
4468,3046333300,406130934
4469,3046333300,5913132525
4470,3046338304,9066287230
4471,3046338304,9709299550
4472,3046338304,3046667745
4473,3046338306,9709299552
4474,3046338306,9906988385
4475,3046338306,9906988319
4476,3046359147,3046359148
4477,3046359147,9709299553
4478,3046359147,9906881559
4479,3046359148,3046359149
4480,3046359148,9906988378
4481,3046359148,3287346798
4482,3046359149,3046410160
4483,3046359149,5913132469
4484,3046359149,9906988322
4485,3046359150,3046410161
4486,3046359150,5913132471
4487,3046359150,3046359151
4488,3046359151,3046408682
4489,3046359151,5913132472
4490,3046359151,3046359152
4491,3046359152,3046410162
4492,3046359152,5913132473
4493,3046359152,3046359153
4494,3046359153,3287346786
4495,3046400394,9921269544
4496,3046400394,9921269554
4497,3046408682,3046359151
4498,3046408682,3046410162
4499,3046408682,3046410161
4500,3046410160,3287346795
4501,3046410160,3046359149
4502,3046410160,9906988321
4503,3046410161,3287346790
4504,3046410161,3046359150
4505,3046410161,3046408682
4506,3046410161,9906988321
4507,3046410162,3287346787
4508,3046410162,3046359152
4509,3046410162,3046408682
4510,3046649831,3046660172
4511,3046649831,3046649832
4512,3046649831,3046658944
4513,3046649831,9921269545
4514,3046649832,9921269544
4515,3046649832,3046660171
4516,3046649832,3046660173
4517,3046649832,3046649831
4518,3046658943,3451391118
4519,3046658943,1170838618
4520,3046658944,3046649831
4521,3046658944,9921269546
4522,3046658944,3451389299
4523,3046659049,9921269545
4524,3046659049,3046658943
4525,3046659049,9929395467
4526,3046660171,3046649832
4527,3046660171,3287346789
4528,3046660171,3046660172
4529,3046660171,406130907
4530,3046660172,3287346788
4531,3046660172,3046649831
4532,3046660172,3046660171
4533,3046660173,3046649832
4534,3046660173,9921269543
4535,3046660173,406130907
4536,3046660176,3046668319
4537,3046660176,9929422979
4538,3046660176,3046660177
4539,3046660177,3046660178
4540,3046660177,3046660176
4541,3046660177,3046670110
4542,3046660177,3046671267
4543,3046660178,3046671133
4544,3046660178,3046660177
4545,3046660178,3046671270
4546,3046660178,3046671269
4547,3046660181,3046668317
4548,3046660181,3046671133
4549,3046664602,9042365267
4550,3046664602,3483195915
4551,3046664602,3483195901
4552,3046664602,9921269542
4553,3046667745,9066287230
4554,3046667745,3046667816
4555,3046667745,3046338304
4556,3046667746,3046667814
4557,3046667746,9709299551
4558,3046667748,5913132475
4559,3046667748,406122643
4560,3046667814,9709299550
4561,3046667814,9906988370
4562,3046667816,2504900708
4563,3046667816,9066287231
4564,3046667816,3046667745
4565,3046668298,1171848525
4566,3046668298,9929395467
4567,3046668301,412483434
4568,3046668301,403302708
4569,3046668301,9921269517
4570,3046668317,3046671270
4571,3046668317,9671686507
4572,3046668319,412483434
4573,3046668319,3046660176
4574,3046668319,3046670110
4575,3046670110,3046668319
4576,3046670110,3046671270
4577,3046670110,3046660177
4578,3046671133,3046660178
4579,3046671133,3046671285
4580,3046671133,3046660181
4581,3046671267,3046671269
4582,3046671267,3046660177
4583,3046671267,9928949535
4584,3046671268,3046671285
4585,3046671268,9928949534
4586,3046671268,3046671269
4587,3046671269,3046671268
4588,3046671269,3046671267
4589,3046671269,3046660178
4590,3046671270,3046668317
4591,3046671270,3046660178
4592,3046671270,3046670110
4593,3046671285,3046671133
4594,3046671285,3046671268
4595,3046671285,3046671286
4596,3046671286,3046671285
4597,3046671286,3046660181
4598,3047155546,3474485187
4599,3047155546,9929422976
4600,3047155550,3287346784
4601,3047155550,3047155552
4602,3047155552,3047155550
4603,3047155552,9929422975
4604,3047155552,3287346782
4605,3047171637,3474486899
4606,3047171637,9928949551
4607,3047172393,3047182128
4608,3047172393,6632518650
4609,3047172672,406444286
4610,3047172672,9928949551
4611,3047182128,3047192590
4612,3047182128,3047182131
4613,3047182131,3047192589
4614,3047182131,412483642
4615,3047182132,3047192589
4616,3047182132,3047192590
4617,3047182132,3047258154
4618,3047192326,9899024378
4619,3047192326,9928949539
4620,3047192326,3047258148
4621,3047192326,3047192327
4622,3047192327,3047192326
4623,3047192327,9928949538
4624,3047192587,412483642
4625,3047192587,3047251977
4626,3047192587,9899024384
4627,3047192588,9928949539
4628,3047192588,9928949548
4629,3047192589,3047192590
4630,3047192589,3047251977
4631,3047192589,3047182131
4632,3047192589,3047182132
4633,3047192590,3047182128
4634,3047192590,3047192589
4635,3047192590,3047182132
4636,3047195935,8008115632
4637,3047195935,9899024378
4638,3047195935,3047195936
4639,3047195936,3047195935
4640,3047195936,3047192327
4641,3047251977,3047192589
4642,3047251977,3047192587
4643,3047251977,3047258154
4644,3047258148,9899024377
4645,3047258148,3047192326
4646,3047258148,9928949540
4647,3047258150,9899024383
4648,3047258150,9899024377
4649,3047258150,8008115632
4650,3047258152,9899024383
4651,3047258152,3047258153
4652,3047258152,9922079329
4653,3047258153,3047258152
4654,3047258153,3047258154
4655,3047258153,9899024389
4656,3047258154,3047251977
4657,3047258154,3047258153
4658,3047258154,3047182132
4659,3047283656,9928853345
4660,3047343157,7988056409
4661,3047343157,9642377695
4662,3047343157,9931569480
4663,3047444633,9992107802
4664,3047444633,12103163259
4665,3047444633,9992114609
4666,3047741519,3047741520
4667,3047741519,1176788353
4668,3047741519,2676836370
4669,3047741520,3047741521
4670,3047741520,3047741519
4671,3047741520,1176788210
4672,3047741520,2676836366
4673,3047741521,1176788108
4674,3047741521,3047741520
4675,3047741521,2477339358
4676,3047741521,2477339366
4677,3047742500,3450159247
4678,3047742500,8767017742
4679,3047742500,1176788103
4680,3047742501,3047742502
4681,3047742501,3450159247
4682,3047742501,2676836365
4683,3047742502,2477339362
4684,3047742502,3047742501
4685,3047742502,2676836366
4686,3047742502,3047744270
4687,3047742503,2477339362
4688,3047742503,3047744272
4689,3047742503,1176788277
4690,3047744269,3047744270
4691,3047744269,3450159250
4692,3047744269,3047742501
4693,3047744270,3047744271
4694,3047744270,3047744269
4695,3047744270,3047742502
4696,3047744270,3451551496
4697,3047744271,3047744272
4698,3047744271,3047744270
4699,3047744271,2477339355
4700,3047744271,2477339362
4701,3047744272,3047744271
4702,3047744272,412480686
4703,3047744272,3047742503
4704,3047778551,9926607416
4705,3047778551,1176788349
4706,3047778552,2676836376
4707,3047778552,2676836382
4708,3047778552,3047778553
4709,3047778553,2676836381
4710,3047778553,2676836373
4711,3047778553,3047778554
4712,3047778554,9906881566
4713,3047778554,2676836379
4714,3047778556,9717380305
4715,3047778556,9906881566
4716,3047778557,9908682318
4717,3047778557,3047778556
4718,3047782133,9926607419
4719,3047782133,2676836387
4720,3047782134,406091154
4721,3047782134,2676836381
4722,3047782134,3047782135
4723,3047782135,406091148
4724,3047782135,3453325710
4725,3047785925,3047787434
4726,3047785925,3447772768
4727,3047785925,3257105053
4728,3047785925,10280842821
4729,3047787434,1170839374
4730,3047787434,3047785925
4731,3047787434,3447772769
4732,3047787435,1170839788
4733,3047787435,3447793153
4734,3048222452,9976522371
4735,3048222453,9976522382
4736,3048222453,1170839147
4737,3048222453,1170838651
4738,3048222454,3483195915
4739,3048222454,3048222453
4740,3048222899,2676836417
4741,3048222899,3048222900
4742,3048222900,9976522385
4743,3048222900,406122658
4744,3048222900,3048222899
4745,3048222901,9709623337
4746,3048222901,2676836399
4747,3048222901,1170838767
4748,3048322028,3048326239
4749,3048322338,3048325059
4750,3048325053,3048325054
4751,3048325053,9982785628
4752,3048325054,9907968707
4753,3048325054,9982785628
4754,3048325055,9907984218
4755,3048325055,2676836459
4756,3048325056,2676836463
4757,3048325056,9709299541
4758,3048325058,2676836450
4759,3048325058,2676836432
4760,3048325058,9976522391
4761,3048325059,3048325058
4762,3048325059,2676836446
4763,3048325060,3048325061
4764,3048325060,1171848186
4765,3048325061,2676836470
4766,3048325062,1171848043
4767,3048325062,9709299543
4768,3048325064,3048322028
4769,3048325064,9976522393
4770,3048326223,3480705236
4771,3048326223,9709299546
4772,3048326224,5471144708
4773,3048326224,9976522408
4774,3048326226,9709299577
4775,3048326236,3048326223
4776,3048326239,9906988403
4777,3048326239,1171848196
4778,3048331375,9062045364
4779,3048331375,3480648635
4780,3048331376,9976522378
4781,3048331503,5898135198
4782,3048331503,401284787
4783,3048331504,9976522379
4784,3048997266,3969014213
4785,3048997266,9951896674
4786,3049392829,10963991841
4787,3049392829,677292419
4788,3049392829,6534526296
4789,3050102110,3053756184
4790,3050102110,3053753681
4791,3050102110,2513900314
4792,3050102111,9987353701
4793,3050102111,9987353715
4794,3050102111,3050110522
4795,3050102112,9987353706
4796,3050102112,2691070091
4797,3050102112,3050102114
4798,3050102114,412728534
4799,3050102116,9987353727
4800,3050102116,3050148071
4801,3050102116,9987353704
4802,3050102116,3053760293
4803,3050102117,3053753681
4804,3050102117,5905816651
4805,3050102117,3050102118
4806,3050102117,3050105867
4807,3050102118,9897672621
4808,3050102118,5905816640
4809,3050102118,3050102117
4810,3050105866,5905816649
4811,3050105866,5905816655
4812,3050105866,9905543682
4813,3050105867,3050148063
4814,3050105867,5905816655
4815,3050105867,3050102117
4816,3050110522,9987353699
4817,3050110522,3050102112
4818,3050110523,2691070091
4819,3050110523,3496510782
4820,3050115702,3050168641
4821,3050115702,412728531
4822,3050115704,3050151293
4823,3050115704,2691070093
4824,3050115704,2691058643
4825,3050115705,3050153433
4826,3050115705,3050151296
4827,3050115705,2691058645
4828,3050115705,2476377919
4829,3050115706,3050121106
4830,3050115706,6738193081
4831,3050115706,2691058649
4832,3050115707,3050115708
4833,3050115707,2691058650
4834,3050115707,6738193084
4835,3050115707,9671715104
4836,3050115708,3050115707
4837,3050115708,9671715105
4838,3050115708,3050116609
4839,3050116609,3050115708
4840,3050116609,334650576
4841,3050119719,9653799374
4842,3050119719,334650553
4843,3050119720,9653799374
4844,3050119720,2691058650
4845,3050119720,9653799376
4846,3050119720,3050119722
4847,3050119722,3050121104
4848,3050119722,3050119725
4849,3050119722,3050119720
4850,3050119722,2691058649
4851,3050119725,3050153432
4852,3050119725,2691058648
4853,3050119725,403237766
4854,3050119725,3050119722
4855,3050119726,403237764
4856,3050119726,2691058645
4857,3050119726,3050153432
4858,3050121104,403237773
4859,3050121104,3050119722
4860,3050121105,6738193081
4861,3050121105,3050121107
4862,3050121105,9671715105
4863,3050121106,3050115706
4864,3050121106,3050153433
4865,3050121106,3050121107
4866,3050121106,2691058648
4867,3050121107,9987353714
4868,3050121107,3050121106
4869,3050121107,3050121105
4870,3050121107,3050153434
4871,3050121109,9987353714
4872,3050121109,412780759
4873,3050127694,9910240917
4874,3050127694,3050159797
4875,3050127694,8285837989
4876,3050127695,3335931098
4877,3050127695,3053580339
4878,3050127696,3496199415
4879,3050127696,3053547407
4880,3050127696,9910240917
4881,3050127698,11255181546
4882,3050127698,9911257847
4883,3050127698,12438105631
4884,3050148060,9671715103
4885,3050148060,3050148062
4886,3050148060,9906861929
4887,3050148062,3050148060
4888,3050148062,3053756184
4889,3050148062,3053760292
4890,3050148063,3050105867
4891,3050148063,3050148069
4892,3050148063,3053753680
4893,3050148065,3050148069
4894,3050148065,9987353702
4895,3050148065,9905543682
4896,3050148066,3050151292
4897,3050148066,9987353713
4898,3050148067,9987353702
4899,3050148067,3050148066
4900,3050148069,3050148065
4901,3050148069,3050148063
4902,3050148069,3050148071
4903,3050148070,9987353703
4904,3050148070,3050148067
4905,3050148071,9987353703
4906,3050148071,3050148069
4907,3050148071,3050102116
4908,3050148072,9987353713
4909,3050148072,3050151295
4910,3050151291,9987353712
4911,3050151291,2691070093
4912,3050151292,9987353712
4913,3050151292,3050102111
4914,3050151293,3050151299
4915,3050151293,3050115704
4916,3050151293,3050151295
4917,3050151293,3054644039
4918,3050151295,3050151291
4919,3050151295,3050151293
4920,3050151296,3050115705
4921,3050151296,3050151299
4922,3050151296,3050151298
4923,3050151298,3050148072
4924,3050151298,3050151296
4925,3050151299,3050151296
4926,3050151299,3050151293
4927,3050151299,3050151300
4928,3050151300,2691058645
4929,3050151300,3054644039
4930,3050151300,3050151299
4931,3050151300,9907063658
4932,3050153432,3050119726
4933,3050153432,3050119725
4934,3050153432,2691058646
4935,3050153433,3050121106
4936,3050153433,3050115705
4937,3050153433,3050153434
4938,3050153433,2691058646
4939,3050153434,3050153433
4940,3050153434,2476377919
4941,3050154642,9907063648
4942,3050154642,3305928458
4943,3050154642,3050154644
4944,3050154644,6326504924
4945,3050154644,3050154645
4946,3050154644,3050154642
4947,3050154645,3050154644
4948,3050154645,412767433
4949,3050154645,9907063648
4950,3050154646,3305928445
4951,3050154646,334650533
4952,3050154646,9671715091
4953,3050154646,334650461
4954,3050154647,334650537
4955,3050154647,3305928426
4956,3050154647,9987353722
4957,3050158688,3050168633
4958,3050158688,412772664
4959,3050158688,9399613177
4960,3050158688,9671715082
4961,3050158689,9399613177
4962,3050158689,3050158690
4963,3050158689,9906988335
4964,3050158690,412772667
4965,3050158690,3050168635
4966,3050158690,3050158689
4967,3050158690,3305928456
4968,3050159797,6768741931
4969,3050159797,9910240918
4970,3050159797,3050127694
4971,3050168633,3305928458
4972,3050168633,3050158688
4973,3050168633,9399613178
4974,3050168633,6326504924
4975,3050168635,3050158690
4976,3050168635,3305928450
4977,3050168635,3050168636
4978,3050168635,9906988335
4979,3050168636,3305928456
4980,3050168636,3305928447
4981,3050168636,3050168637
4982,3050168636,3050168635
4983,3050168637,3305928442
4984,3050168637,3305928451
4985,3050168637,3050168638
4986,3050168637,3050168636
4987,3050168638,3305928435
4988,3050168638,3050168639
4989,3050168638,3050168637
4990,3050168638,3305928444
4991,3050168639,9906988415
4992,3050168639,3305928439
4993,3050168639,3050168640
4994,3050168639,3050168638
4995,3050168640,3050168641
4996,3050168640,3050168639
4997,3050168640,3050168643
4998,3050168640,3500454854
4999,3050168641,3050168640
5000,3050168641,3050115702
5001,3050168641,9911159516
5002,3050168643,3050168640
5003,3050168643,3050115702
5004,3050168644,3496510781
5005,3050168644,3496510790
5006,3050168644,4361621027
5007,3053544525,12159404963
5008,3053544525,5905816636
5009,3053547406,412728535
5010,3053547406,9709333191
5011,3053547407,3050127696
5012,3053547407,9709623343
5013,3053547407,9709623341
5014,3053555210,9709623340
5015,3053555210,9709333191
5016,3053555210,2168403100
5017,3053557552,1170839494
5018,3053557552,2471072940
5019,3053558012,5905816639
5020,3053558012,2676836501
5021,3053558013,1170838991
5022,3053558013,5469028880
5023,3053559112,3053559113
5024,3053559112,9907063676
5025,3053559112,12159404963
5026,3053559113,3053560761
5027,3053559113,3053559112
5028,3053559113,3053559114
5029,3053559114,9907063675
5030,3053559114,3053559113
5031,3053559114,9982785533
5032,3053559115,9982785609
5033,3053559115,9907063675
5034,3053560761,5905816636
5035,3053560761,3053559113
5036,3053560761,5905816631
5037,3053560761,9907063676
5038,3053580339,8416308275
5039,3053580339,6741805204
5040,3053715605,2676836507
5041,3053715605,9987353699
5042,3053715605,5905816645
5043,3053753680,3053819092
5044,3053753680,3050148063
5045,3053753680,3053760292
5046,3053753681,3050102110
5047,3053753681,3050102117
5048,3053753681,3053756182
5049,3053756182,3053756183
5050,3053756182,3053753681
5051,3053756182,3053819092
5052,3053756183,3053756184
5053,3053756183,3053756182
5054,3053756183,3053819093
5055,3053756184,3050148062
5056,3053756184,3050102110
5057,3053756184,3053756183
5058,3053760292,3053753680
5059,3053760292,9671715102
5060,3053760292,3053819093
5061,3053760292,3050148062
5062,3053760293,3050102116
5063,3053760293,2513900348
5064,3053760293,9671715102
5065,3053819092,3053756182
5066,3053819092,3053753680
5067,3053819092,3053819093
5068,3053819093,3053819092
5069,3053819093,3053760292
5070,3053819093,3053756183
5071,3054644035,403230602
5072,3054644035,3496510786
5073,3054644039,3050151300
5074,3054644039,2691058643
5075,3054644039,9907063658
5076,3054644039,3050151293
5077,3058314704,2191083395
5078,3058314704,4361620896
5079,3058314704,5905870245
5080,3107941941,9906988381
5081,3107941941,3107941942
5082,3107941941,3107941943
5083,3107941942,3107941941
5084,3107941942,3152582615
5085,3107941942,3287324742
5086,3107941942,3107941944
5087,3107941943,9906988380
5088,3107941943,3107941944
5089,3107941943,9906988369
5090,3107941944,3107941943
5091,3107941944,3107941945
5092,3107941944,3107941942
5093,3107941944,3107941946
5094,3107941945,3107941944
5095,3107941945,3046327616
5096,3107941945,3152582615
5097,3107941945,3107941947
5098,3107941946,9906988369
5099,3107941946,3107941947
5100,3107941946,3107941944
5101,3107941946,406130931
5102,3107941947,3107941946
5103,3107941947,9066287225
5104,3107941947,3107941945
5105,3107941947,406130934
5106,3107941949,3107953582
5107,3107941949,3107953591
5108,3107941951,3107953591
5109,3107941953,5913132495
5110,3107941953,2839601171
5111,3107941953,3107941955
5112,3107941954,5507719904
5113,3107941954,3107941955
5114,3107941955,3107941953
5115,3107941955,3107941954
5116,3107941955,5913132496
5117,3107941957,3107941959
5118,3107941957,9906988388
5119,3107941957,5913132497
5120,3107941958,2839601391
5121,3107941958,2504900708
5122,3107941958,3483495921
5123,3107941959,2476377878
5124,3107941959,3107941957
5125,3107941959,5913132514
5126,3107941959,9906988395
5127,3107953532,3107953535
5128,3107953532,3107953533
5129,3107953533,3107953536
5130,3107953533,406441967
5131,3107953535,3474349794
5132,3107953535,3107953536
5133,3107953535,3474349799
5134,3107953535,3107953532
5135,3107953536,3474349798
5136,3107953536,3107953533
5137,3107953536,3107953535
5138,3107953537,3107953542
5139,3107953537,3474349798
5140,3107953537,3107953539
5141,3107953539,3107953537
5142,3107953539,3107953542
5143,3107953539,3107953541
5144,3107953540,3107953544
5145,3107953540,3474349793
5146,3107953540,3107953546
5147,3107953540,3474349796
5148,3107953541,9671714996
5149,3107953541,3107953539
5150,3107953542,3474349795
5151,3107953542,3107953537
5152,3107953542,3107953539
5153,3107953544,3107953547
5154,3107953544,3474349795
5155,3107953544,3107953540
5156,3107953545,3474335212
5157,3107953545,3474335208
5158,3107953546,3474335212
5159,3107953546,3107953547
5160,3107953546,3474335207
5161,3107953546,3107953540
5162,3107953547,3107953552
5163,3107953547,3107953544
5164,3107953547,3107953546
5165,3107953547,3107953548
5166,3107953548,3107953541
5167,3107953548,3107953547
5168,3107953549,3107953552
5169,3107953549,3474335205
5170,3107953549,3474335207
5171,3107953552,3107953558
5172,3107953552,3107953547
5173,3107953552,3107953553
5174,3107953552,3107953549
5175,3107953553,3474401433
5176,3107953553,3107953552
5177,3107953557,3474405938
5178,3107953557,404633326
5179,3107953558,3107953559
5180,3107953558,3107953552
5181,3107953559,3107953560
5182,3107953559,9922079396
5183,3107953560,3474335209
5184,3107953560,3474335205
5185,3107953561,9922079393
5186,3107953561,3107953563
5187,3107953562,3474469564
5188,3107953562,404622809
5189,3107953563,3107953561
5190,3107953563,9922079396
5191,3107953563,3107953564
5192,3107953564,3107953563
5193,3107953564,3472714262
5194,3107953565,3107953562
5195,3107953565,3474469565
5196,3107953567,3474469564
5197,3107953567,3107953568
5198,3107953567,3474469565
5199,3107953568,3107953567
5200,3107953568,10599521296
5201,3107953569,3107953565
5202,3107953569,3474469566
5203,3107953572,1632773341
5204,3107953572,1171848365
5205,3107953572,3107953574
5206,3107953572,5913132489
5207,3107953573,1632773341
5208,3107953573,3107953574
5209,3107953573,3472739189
5210,3107953574,3107953572
5211,3107953574,3107953573
5212,3107953574,3107953575
5213,3107953575,1171848056
5214,3107953575,3107953574
5215,3107953575,3287324748
5216,3107953578,3107953584
5217,3107953578,9907928855
5218,3107953579,3107953591
5219,3107953579,2469083121
5220,3107953582,3107953583
5221,3107953582,2469083121
5222,3107953583,10173796744
5223,3107953583,3107953584
5224,3107953583,3107953582
5225,3107953584,3107953578
5226,3107953584,3107953585
5227,3107953584,3107953583
5228,3107953585,3107953589
5229,3107953585,3107953587
5230,3107953585,3107953584
5231,3107953587,3107953585
5232,3107953587,2476377865
5233,3107953589,2476377864
5234,3107953589,3107953593
5235,3107953591,3107941951
5236,3107953591,3107953602
5237,3107953591,3107953579
5238,3107953591,3107941949
5239,3107953593,2476377862
5240,3107953593,3107953594
5241,3107953593,3107953589
5242,3107953594,3107953593
5243,3107953594,2476377864
5244,3107953594,3107953597
5245,3107953595,3107953597
5246,3107953595,2476377862
5247,3107953597,3107953594
5248,3107953597,3107953598
5249,3107953597,3107953595
5250,3107953598,3107953603
5251,3107953598,3107953599
5252,3107953598,3107953597
5253,3107953599,3107953604
5254,3107953599,3107953600
5255,3107953599,3107953598
5256,3107953600,2839601171
5257,3107953600,3107953599
5258,3107953602,3107953591
5259,3107953602,2839601347
5260,3107953602,8666890038
5261,3107953603,3107953604
5262,3107953603,2839601347
5263,3107953603,3107953598
5264,3107953604,2839601171
5265,3107953604,3107953603
5266,3107953604,3107953599
5267,3107953605,8666890038
5268,3107953605,9916442247
5269,3107953605,3457047413
5270,3152582615,3107941942
5271,3152582615,3046327618
5272,3152582615,3287324744
5273,3152582615,3107941945
5274,3214186013,4964161529
5275,3214186013,9657776364
5276,3214186013,4964161533
5277,3214186014,403316636
5278,3214186014,4964161529
5279,3214186014,4964161531
5280,3226271565,3226271637
5281,3226271565,12055627549
5282,3226271570,3226271755
5283,3226271570,9974348181
5284,3226271578,12055676139
5285,3226271578,12135554712
5286,3226271586,4361621045
5287,3226271586,8929851463
5288,3226271586,11035831449
5289,3226271587,9048025260
5290,3226271587,3969014190
5291,3226271594,3226271680
5292,3226271594,2477332816
5293,3226271601,9960492265
5294,3226271601,3226271666
5295,3226271605,3226271594
5296,3226271605,10048668318
5297,3226271606,2468521642
5298,3226271606,3969048486
5299,3226271637,3226271606
5300,3226271637,6313925090
5301,3226271640,414087381
5302,3226271640,6313925090
5303,3226271640,3226271606
5304,3226271666,9960492266
5305,3226271666,3226271570
5306,3226271671,9037725736
5307,3226271680,3226271717
5308,3226271680,3226271753
5309,3226271709,8975083349
5310,3226271709,4361621045
5311,3226271709,3226271739
5312,3226271717,12565740124
5313,3226271717,3226271605
5314,3226271720,2503867845
5315,3226271720,2503867869
5316,3226271720,11167387744
5317,3226271721,9025678065
5318,3226271721,3226271739
5319,3226271721,5510038913
5320,3226271737,3969145620
5321,3226271737,6633303998
5322,3226271739,3226271709
5323,3226271739,9025678065
5324,3226271739,3226271721
5325,3226271745,3226271753
5326,3226271745,7981096906
5327,3226271745,7981096907
5328,3226271749,3226271587
5329,3226271749,6314454038
5330,3226271750,3969048487
5331,3226271750,6625268759
5332,3226271752,9115854829
5333,3226271753,3226271745
5334,3226271753,12565740112
5335,3226271755,1943923865
5336,3226271755,3226271720
5337,3226271767,3226271749
5338,3226271767,3226271601
5339,3230755147,8299978139
5340,3230755149,9892625006
5341,3230755149,6313177232
5342,3231940950,9917608634
5343,3231940951,9892818248
5344,3231940951,3231940953
5345,3231940951,3232026293
5346,3231940952,3232026293
5347,3231940952,3231940953
5348,3231940953,9917608634
5349,3231940953,9917569305
5350,3231940953,3231940951
5351,3231940953,3231940952
5352,3231940954,9892846132
5353,3231940954,9892846142
5354,3232021722,9892625003
5355,3232021722,3232021723
5356,3232021722,9917608651
5357,3232021722,3232112983
5358,3232021723,3232021722
5359,3232021723,9892625002
5360,3232021723,6313177238
5361,3232026293,11042701329
5362,3232026293,3231940951
5363,3232028506,9892625012
5364,3232028506,9917608642
5365,3232028506,9892782618
5366,3232028507,3232113010
5367,3232028507,3232113008
5368,3232028507,9892625005
5369,3232028507,9892624997
5370,3232112961,6313263154
5371,3232112961,3231940954
5372,3232112968,3232112961
5373,3232112968,9892846135
5374,3232112976,9917574539
5375,3232112976,3232112981
5376,3232112976,9918250955
5377,3232112978,9917574539
5378,3232112978,9892846135
5379,3232112978,9891188583
5380,3232112978,9917574536
5381,3232112981,6313263152
5382,3232112981,9917608697
5383,3232112981,3232112976
5384,3232112982,3232112984
5385,3232112982,9917608648
5386,3232112982,3232113000
5387,3232112983,3232112993
5388,3232112983,3232112985
5389,3232112983,3232021722
5390,3232112984,9892818219
5391,3232112984,3232112982
5392,3232112984,3232113001
5393,3232112985,3232112994
5394,3232112985,3232112987
5395,3232112985,3232112983
5396,3232112987,3232113005
5397,3232112987,3232112995
5398,3232112987,3232112988
5399,3232112987,3232112985
5400,3232112988,3232113004
5401,3232112988,3232112996
5402,3232112988,3232112990
5403,3232112988,3232112987
5404,3232112989,3232112991
5405,3232112989,3232113002
5406,3232112989,3232112996
5407,3232112990,3232112997
5408,3232112990,9892782683
5409,3232112990,9892782683
5410,3232112990,3232112988
5411,3232112991,3232112997
5412,3232112991,3232113003
5413,3232112991,3232112989
5414,3232112992,9917608651
5415,3232112992,3232112999
5416,3232112992,9917608653
5417,3232112993,3232112983
5418,3232112993,3232113000
5419,3232112993,3232112994
5420,3232112993,9937483273
5421,3232112994,3232112985
5422,3232112994,3232113001
5423,3232112994,3232112995
5424,3232112994,3232112993
5425,3232112995,3232112996
5426,3232112995,3232112994
5427,3232112995,3232112987
5428,3232112995,3232113002
5429,3232112996,3232112997
5430,3232112996,3232112995
5431,3232112996,3232112988
5432,3232112996,3232112989
5433,3232112997,3232112991
5434,3232112997,3232112990
5435,3232112997,3232112996
5436,3232112997,9917608698
5437,3232112999,3232112992
5438,3232112999,9917608648
5439,3232112999,9917608653
5440,3232113000,3232112993
5441,3232113000,3232113001
5442,3232113000,9937483272
5443,3232113000,3232112982
5444,3232113001,3232112994
5445,3232113001,3232113002
5446,3232113001,3232113000
5447,3232113001,3232112984
5448,3232113002,3232112989
5449,3232113002,3232113001
5450,3232113002,3232112995
5451,3232113002,9892818219
5452,3232113003,3232112991
5453,3232113004,3232112988
5454,3232113004,3232113005
5455,3232113004,9892782683
5456,3232113005,3232112987
5457,3232113005,3232113004
5458,3232113005,9937483278
5459,3232113008,9917608645
5460,3232113008,3232028507
5461,3232113008,3232113010
5462,3232113010,3232028507
5463,3232113010,9917608642
5464,3232113010,3232113008
5465,3241082480,5422320762
5466,3241082480,9916563959
5467,3241082480,5422391893
5468,3241082481,3472721994
5469,3241082481,2469083090
5470,3241082482,3472721993
5471,3241082482,3241082481
5472,3241082483,3472714292
5473,3241082483,3241082482
5474,3241082486,3241082499
5475,3241082486,3472714290
5476,3241082486,3241082502
5477,3241082491,3241082494
5478,3241082491,3472714292
5479,3241082491,3472741824
5480,3241082492,3472721994
5481,3241082492,3241082494
5482,3241082492,2469083138
5483,3241082494,3472721993
5484,3241082494,3241082491
5485,3241082494,3241082492
5486,3241082499,3241082501
5487,3241082499,3241082486
5488,3241082499,5422395073
5489,3241082501,5422395082
5490,3241082501,3241082499
5491,3241082501,3241082502
5492,3241082502,3241082501
5493,3241082502,9916569962
5494,3241082502,3241082486
5495,3241082508,3472741438
5496,3241082508,9916442262
5497,3241082508,3472741442
5498,3241082511,9916435851
5499,3241082511,5311403327
5500,3241082511,5422373145
5501,3241082512,3241082514
5502,3241082512,5422373145
5503,3241082512,5422395073
5504,3241082514,3241082515
5505,3241082514,3241082512
5506,3241082514,3241082518
5507,3241082515,5422395078
5508,3241082515,3241082514
5509,3241082515,9916569961
5510,3241082516,9916569961
5511,3241082516,6633198140
5512,3241082517,3472741440
5513,3241082517,3472741432
5514,3241082518,9916569960
5515,3241082518,3241082514
5516,3241082519,3241082526
5517,3241082519,9916569974
5518,3241082525,3241082526
5519,3241082525,3241082528
5520,3241082525,9922077559
5521,3241082526,3241082525
5522,3241082526,6004209429
5523,3241082526,3241082519
5524,3241082526,3241082535
5525,3241082528,3241082525
5526,3241082528,3241082531
5527,3241082528,3241082533
5528,3241082529,406510114
5529,3241082529,6004182236
5530,3241082531,6004182236
5531,3241082531,3241082537
5532,3241082531,3241082528
5533,3241082533,3241082535
5534,3241082533,3241082528
5535,3241082533,3241082537
5536,3241082535,3241082533
5537,3241082535,3241082539
5538,3241082535,3241082526
5539,3241082535,6004209429
5540,3241082536,2504856976
5541,3241082536,9916569950
5542,3241082537,3241082538
5543,3241082537,3241082533
5544,3241082537,3241082531
5545,3241082538,3241082537
5546,3241082538,3241082539
5547,3241082539,9916435891
5548,3241082539,3241082535
5549,3241082539,12482390723
5550,3256636335,3256837497
5551,3256636335,3256837495
5552,3256636335,3447796104
5553,3256822966,11764063093
5554,3256822966,1170839492
5555,3256822966,10011965372
5556,3256837495,3740175358
5557,3256837495,3256837496
5558,3256837495,3256636335
5559,3256837496,3447927218
5560,3256837497,3256636335
5561,3256837497,9039504166
5562,3256837497,3256837500
5563,3256837500,3256837497
5564,3257101319,3257105053
5565,3257101319,3451552580
5566,3257101319,11760540398
5567,3257105052,3047787434
5568,3257105052,3257105053
5569,3257105053,3047785925
5570,3257105053,3257105052
5571,3257105053,3257101319
5572,3257105053,2645379538
5573,3257105269,9907928876
5574,3257105269,9907928877
5575,3257579067,1171848195
5576,3257579072,9921269674
5577,3257579072,3450443761
5578,3257579076,3450433211
5579,3257579076,8686418521
5580,3257579076,9898978879
5581,3261535145,11028391237
5582,3261535145,334358674
5583,3261904340,9926607382
5584,3261904340,3453392775
5585,3261904341,1170839199
5586,3262001408,9906881564
5587,3262001408,9907968678
5588,3287324742,9906988382
5589,3287324742,3107941942
5590,3287324743,3472739899
5591,3287324743,9916442241
5592,3287324744,3287324742
5593,3287324744,3152582615
5594,3287324748,3107953575
5595,3287324748,1171848056
5596,3287324757,3472739192
5597,3287324757,2476377859
5598,3287330561,1176788238
5599,3287330561,1170839576
5600,3287330561,3451550883
5601,3287346782,3047155552
5602,3287346782,3047155546
5603,3287346783,9653806347
5604,3287346783,3287346785
5605,3287346784,3287346782
5606,3287346785,3287346786
5607,3287346785,9653806350
5608,3287346786,3287346787
5609,3287346787,3046410162
5610,3287346787,3287346790
5611,3287346788,3046660172
5612,3287346788,404613154
5613,3287346789,3046660171
5614,3287346789,4163884266
5615,3287346789,3287346788
5616,3287346790,406122637
5617,3287346790,3046410161
5618,3287346790,3287346793
5619,3287346792,406130907
5620,3287346792,3287346789
5621,3287346793,9906988321
5622,3287346793,3287346795
5623,3287346795,3046410160
5624,3287346795,3287346798
5625,3287346798,3046359148
5626,3287346798,5913132475
5627,3305928419,677292339
5628,3305928419,403247425
5629,3305928419,1719057958
5630,3305928423,334650537
5631,3305928423,334650536
5632,3305928423,3305928426
5633,3305928424,3305928427
5634,3305928424,334650535
5635,3305928425,3050154647
5636,3305928425,9987353723
5637,3305928425,3305928428
5638,3305928426,3305928423
5639,3305928426,3305928429
5640,3305928426,3050154647
5641,3305928426,3305928428
5642,3305928427,9671715085
5643,3305928427,334650534
5644,3305928428,3305928432
5645,3305928428,3305928425
5646,3305928428,3305928426
5647,3305928428,3305928436
5648,3305928429,334650536
5649,3305928429,3305928433
5650,3305928429,3305928426
5651,3305928431,2477339368
5652,3305928431,9671715097
5653,3305928432,2477339368
5654,3305928432,3305928428
5655,3305928432,3305928438
5656,3305928433,9905543720
5657,3305928433,3305928429
5658,3305928433,334650534
5659,3305928433,9906314950
5660,3305928435,3050168638
5661,3305928435,334360359
5662,3305928435,3305928442
5663,3305928435,9906988415
5664,3305928436,9906314950
5665,3305928436,3305928438
5666,3305928436,3305928428
5667,3305928437,334650553
5668,3305928437,334650533
5669,3305928437,6790359127
5670,3305928438,3305928449
5671,3305928438,3305928436
5672,3305928438,3305928432
5673,3305928438,3305928443
5674,3305928439,3050168639
5675,3305928439,9399613175
5676,3305928439,3500454854
5677,3305928442,403234915
5678,3305928442,3050168637
5679,3305928442,3305928447
5680,3305928442,3305928435
5681,3305928443,9671715097
5682,3305928443,3305928448
5683,3305928443,3305928438
5684,3305928443,2476377979
5685,3305928444,9128991333
5686,3305928444,9399613175
5687,3305928444,3050168638
5688,3305928445,3305928449
5689,3305928445,3050154646
5690,3305928445,9671715088
5691,3305928445,334650462
5692,3305928447,3050168636
5693,3305928447,412772857
5694,3305928447,3305928450
5695,3305928447,3305928442
5696,3305928448,9906861920
5697,3305928448,3305928449
5698,3305928448,3305928443
5699,3305928448,9653799383
5700,3305928449,3305928438
5701,3305928449,3305928448
5702,3305928449,3305928445
5703,3305928449,334650463
5704,3305928450,3050168635
5705,3305928450,334360363
5706,3305928450,9906988336
5707,3305928450,3305928447
5708,3305928451,3050168637
5709,3305928451,412772669
5710,3305928451,3305928456
5711,3305928451,9128991333
5712,3305928454,334650465
5713,3305928454,9906861920
5714,3305928456,412772668
5715,3305928456,3050168636
5716,3305928456,3050158690
5717,3305928456,3305928451
5718,3305928457,6326504922
5719,3305928457,3050154645
5720,3305928458,3050154642
5721,3305928458,3050168633
5722,3305928458,9906988333
5723,3305928459,6790359124
5724,3305928459,2477339371
5725,3335930689,3335930690
5726,3335930689,3335930692
5727,3335930690,610579530
5728,3335930690,9910240898
5729,3335930692,3335931094
5730,3335930692,3335931095
5731,3335931094,610579529
5732,3335931094,3335930690
5733,3335931095,677292318
5734,3335931095,9907941556
5735,3335931096,3335931095
5736,3335931096,3335931094
5737,3335931097,1719076658
5738,3335931097,9907941598
5739,3335931098,3050127695
5740,3335931098,3335931097
5741,3335931098,9709623343
5742,3335931100,8416308275
5743,3335931100,3335931098
5744,3335931101,3053547406
5745,3335931101,9709333192
5746,3401699986,9967097545
5747,3401699986,6313585366
5748,3447772766,3447772767
5749,3447772766,3447793153
5750,3447772767,3447772768
5751,3447772767,10280842821
5752,3447772768,3447793153
5753,3447772768,3047785925
5754,3447772768,3447772769
5755,3447772768,3447772767
5756,3447772769,3047787435
5757,3447772769,3447772770
5758,3447772769,3447772768
5759,3447772770,1170839788
5760,3447772770,1170839374
5761,3447772770,3447772769
5762,3447793153,3447772768
5763,3447793153,3047787435
5764,3447793153,3447772766
5765,3447793153,3450414747
5766,3447793153,1170839527
5767,3447796104,3256636335
5768,3447927216,8686405332
5769,3447927216,3740175356
5770,3447927217,3256837495
5771,3447927218,3447927217
5772,3447927218,8686405327
5773,3450159245,2676836365
5774,3450159245,1176788182
5775,3450159245,3450159247
5776,3450159247,3047742501
5777,3450159247,3047742500
5778,3450159247,3450159250
5779,3450159247,3450159245
5780,3450159250,3047744269
5781,3450159250,1176788103
5782,3450159250,412480682
5783,3450159250,3450159247
5784,3450409416,9921269588
5785,3450409416,1171848169
5786,3450409416,3450409417
5787,3450409416,1171848359
5788,3450409417,3450409416
5789,3450414747,3447793153
5790,3450414762,1170839527
5791,3450414762,3450426648
5792,3450426648,3450414762
5793,3450426648,9905394312
5794,3450426648,3450426649
5795,3450426649,3450426648
5796,3450433211,9921269674
5797,3450433211,3257579076
5798,3450433211,9905347053
5799,3450443761,3450443761
5800,3450443761,3450443761
5801,3450443761,3257579067
5802,3450443792,1171848123
5803,3451388422,403302313
5804,3451389299,3046658944
5805,3451389299,1171848477
5806,3451391118,3451391119
5807,3451391118,3046658943
5808,3451391119,3451435491
5809,3451391119,9929395467
5810,3451435491,3451435492
5811,3451435491,403279006
5812,3451435492,3451436193
5813,3451435492,9929395467
5814,3451436193,3451436194
5815,3451436193,9921269524
5816,3451436193,2538057035
5817,3451436194,9921269587
5818,3451436194,2538057035
5819,3451436195,1171848359
5820,3451467065,403300835
5821,3451467065,1171848179
5822,3451529964,3451578153
5823,3451529964,5691462119
5824,3451529964,9907968703
5825,3451529968,3048222899
5826,3451529968,5269927689
5827,3451529971,3451529968
5828,3451529973,406117812
5829,3451529973,3451529971
5830,3451529976,3451529973
5831,3451531628,1170838684
5832,3451531640,9907968703
5833,3451531640,3451531628
5834,3451550882,3451550883
5835,3451550882,3287330561
5836,3451550883,3451552583
5837,3451550883,1176788207
5838,3451550886,3257105052
5839,3451550886,3451552581
5840,3451551496,2477339355
5841,3451551496,3047744270
5842,3451552580,3257101319
5843,3451552580,3451550886
5844,3451552581,1170838698
5845,3451552581,1170839328
5846,3451552581,3451552582
5847,3451552582,1176788207
5848,3451552582,3451552583
5849,3451552583,3451552584
5850,3451552583,1170839576
5851,3451552584,3451550882
5852,3451552584,3451552585
5853,3451552585,3451552586
5854,3451552585,1170839707
5855,3451552586,1176788203
5856,3451552586,3451552589
5857,3451552589,1170839258
5858,3451552589,3451529976
5859,3451552589,9976522371
5860,3451578153,2676836416
5861,3451578154,2676836428
5862,3451578154,9907984221
5863,3451578154,3451578153
5864,3453317053,3047782134
5865,3453317053,2676836385
5866,3453325710,406091148
5867,3453325710,2676836380
5868,3453392771,9926607422
5869,3453392771,9926607424
5870,3453392772,11255181596
5871,3453392772,406095950
5872,3453392773,1170839656
5873,3453392773,9907984219
5874,3453392775,3453392771
5875,3453392776,3453392773
5876,3453392776,2676836402
5877,3453392780,3453392772
5878,3453392780,3453392781
5879,3453392781,9926607425
5880,3453392781,3453392780
5881,3453392781,3453392782
5882,3453392782,406091154
5883,3453392782,3453392783
5884,3453392782,3453392781
5885,3453392783,3453317053
5886,3453392783,3453392782
5887,3453551117,9906988354
5888,3453612184,9907968687
5889,3453612184,9907968683
5890,3453688642,9982785596
5891,3453705831,5808741407
5892,3453705831,3453705833
5893,3453705833,3453705831
5894,3453705842,8365983587
5895,3453705843,5905816671
5896,3453705843,3453705842
5897,3453705844,1170838777
5898,3453705844,3453705843
5899,3453705844,1180322385
5900,3455119962,334360339
5901,3455119962,403228450
5902,3456728317,9399613173
5903,3456728317,334360330
5904,3456734355,334360334
5905,3456734355,9399613172
5906,3456766471,9907941553
5907,3456768491,334360339
5908,3456768491,9055067026
5909,3456768491,3456769495
5910,3456769495,334360339
5911,3456769495,3456768491
5912,3457037858,3457037859
5913,3457037858,3472739188
5914,3457037859,3457037858
5915,3457037859,3457041845
5916,3457037859,3457037872
5917,3457037867,3457037875
5918,3457037867,3457039982
5919,3457037867,3457039979
5920,3457037870,3457041847
5921,3457037870,3457041838
5922,3457037870,3457041848
5923,3457037872,3457041836
5924,3457037872,3457037859
5925,3457037872,3457041846
5926,3457037875,3457037867
5927,3457039979,3457037867
5928,3457039979,3457039980
5929,3457039979,3457039983
5930,3457039980,3457039979
5931,3457039980,3457039983
5932,3457039980,3457039982
5933,3457039982,3457037867
5934,3457039982,3457041843
5935,3457039982,3457039980
5936,3457039982,3968873169
5937,3457039983,3457039980
5938,3457039983,3457041838
5939,3457039983,3457039979
5940,3457041836,3457041847
5941,3457041836,3457041846
5942,3457041836,3457037872
5943,3457041836,3457041838
5944,3457041838,3457037870
5945,3457041838,3457039983
5946,3457041838,3457041836
5947,3457041843,3457039982
5948,3457041843,3457041845
5949,3457041843,3457041845
5950,3457041845,3457041843
5951,3457041845,3457041843
5952,3457041845,3457037859
5953,3457041846,3457041848
5954,3457041846,3457041836
5955,3457041846,3457037872
5956,3457041847,3457041836
5957,3457041847,3457037870
5958,3457041847,3457041848
5959,3457041848,3457041846
5960,3457041848,3457041847
5961,3457041848,3457037870
5962,3457047411,3457047414
5963,3457047411,3457047414
5964,3457047411,3457047412
5965,3457047411,3457047418
5966,3457047412,3457047413
5967,3457047412,3457047411
5968,3457047412,3457047418
5969,3457047413,3457047412
5970,3457047413,3457047414
5971,3457047413,3107953605
5972,3457047414,3457047411
5973,3457047414,3457047411
5974,3457047414,3457047413
5975,3457047418,9916442246
5976,3457047418,3457047411
5977,3457047418,3457047412
5978,3472714258,7894498546
5979,3472714258,3472714262
5980,3472714262,2477347669
5981,3472714262,9916442229
5982,3472714265,3472714266
5983,3472714265,2469951307
5984,3472714266,5422391893
5985,3472714266,5422391898
5986,3472714271,5312968177
5987,3472714271,3042566854
5988,3472714273,3472714274
5989,3472714273,5311366730
5990,3472714274,677293264
5991,3472714274,9974349744
5992,3472714279,9974349792
5993,3472714279,9974349765
5994,3472714284,3472714285
5995,3472714284,5311366723
5996,3472714285,9812588999
5997,3472714285,334360391
5998,3472714290,3472714291
5999,3472714290,3241082486
6000,3472714291,3472741827
6001,3472714291,9916435854
6002,3472714292,3241082483
6003,3472714292,3241082491
6004,3472714292,3472721993
6005,3472721993,3241082494
6006,3472721993,3241082482
6007,3472721993,3472721994
6008,3472721994,3241082492
6009,3472721994,3241082481
6010,3472721994,2469083089
6011,3472721998,404625285
6012,3472721998,3474469566
6013,3472739185,3472741438
6014,3472739185,5311403322
6015,3472739188,9916442234
6016,3472739189,3472739902
6017,3472739189,3472739192
6018,3472739189,3107953573
6019,3472739191,6283854244
6020,3472739191,3287324743
6021,3472739192,3472739895
6022,3472739192,3472739900
6023,3472739192,3287324757
6024,3472739192,3472739189
6025,3472739893,3472739897
6026,3472739893,3472739902
6027,3472739893,3472739900
6028,3472739894,6283854243
6029,3472739894,3472739895
6030,3472739895,3472739896
6031,3472739895,3472739192
6032,3472739895,3472739894
6033,3472739896,3472739898
6034,3472739896,3472739895
6035,3472739896,3472739901
6036,3472739897,3472739899
6037,3472739897,3472739893
6038,3472739897,3472739901
6039,3472739898,6283854244
6040,3472739898,3472739896
6041,3472739898,3472739899
6042,3472739899,3287324743
6043,3472739899,3472739897
6044,3472739899,3472739898
6045,3472739900,3472739893
6046,3472739900,3472739192
6047,3472739900,3472739901
6048,3472739901,3472739897
6049,3472739901,3472739896
6050,3472739901,3472739900
6051,3472739902,3472739893
6052,3472739902,9922079414
6053,3472739902,3472739189
6054,3472741432,3472741442
6055,3472741432,3241082517
6056,3472741432,3472741438
6057,3472741438,3241082508
6058,3472741438,3472739185
6059,3472741438,3472741432
6060,3472741440,3472741444
6061,3472741440,3472741443
6062,3472741441,9916442262
6063,3472741441,3472741822
6064,3472741441,3472741445
6065,3472741442,3472741443
6066,3472741442,3472741432
6067,3472741442,3241082508
6068,3472741443,3472741822
6069,3472741443,3472741440
6070,3472741443,3472741442
6071,3472741444,9916435849
6072,3472741444,3472741823
6073,3472741445,3472741823
6074,3472741445,9916435851
6075,3472741445,3472741441
6076,3472741822,3472741441
6077,3472741822,3472741443
6078,3472741822,3472741823
6079,3472741823,3472741445
6080,3472741823,3472741444
6081,3472741823,3472741822
6082,3472741824,3241082491
6083,3472741824,9916435852
6084,3472741824,9916442262
6085,3472741827,9916435852
6086,3472741827,3241082511
6087,3474281634,9671714982
6088,3474281634,9916442217
6089,3474281637,9916563949
6090,3474281637,9922079400
6091,3474281637,9916563950
6092,3474281638,9916435857
6093,3474281638,9916563949
6094,3474335205,3107953560
6095,3474335205,3107953549
6096,3474335205,3474335210
6097,3474335206,3474335210
6098,3474335206,2477347631
6099,3474335207,3107953549
6100,3474335207,3107953546
6101,3474335207,3474335211
6102,3474335208,3474335211
6103,3474335208,3474335206
6104,3474335209,2477347631
6105,3474335209,3474335210
6106,3474335210,3474335206
6107,3474335210,3474335205
6108,3474335210,3474335211
6109,3474335210,3474335209
6110,3474335211,3474335208
6111,3474335211,3474335207
6112,3474335211,3474335212
6113,3474335211,3474335210
6114,3474335212,3107953545
6115,3474335212,3107953546
6116,3474335212,3474335211
6117,3474349793,3107953540
6118,3474349793,3107953545
6119,3474349794,3107953535
6120,3474349794,3474349800
6121,3474349795,3107953544
6122,3474349795,3107953542
6123,3474349795,3474349796
6124,3474349796,3107953540
6125,3474349796,3474349799
6126,3474349796,3474349797
6127,3474349796,3474349795
6128,3474349797,3474349796
6129,3474349797,3474349793
6130,3474349798,3107953537
6131,3474349798,3107953536
6132,3474349798,3474349799
6133,3474349799,3474349796
6134,3474349799,3107953535
6135,3474349799,3474349800
6136,3474349799,3474349798
6137,3474349800,3474349799
6138,3474349800,3474349797
6139,3474401433,3107953548
6140,3474401433,3474403829
6141,3474403829,3474401433
6142,3474403829,3474405938
6143,3474403829,3474409848
6144,3474405938,3107953557
6145,3474405938,3472714258
6146,3474405938,3474403829
6147,3474409848,3474403829
6148,3474411544,3474405938
6149,3474411544,3474411555
6150,3474411555,3474411555
6151,3474411555,3474411555
6152,3474411555,3474411544
6153,3474469561,3474486911
6154,3474469561,3474411544
6155,3474469564,3107953567
6156,3474469564,3107953562
6157,3474469564,9922079349
6158,3474469565,3107953565
6159,3474469565,3474469564
6160,3474469565,3107953567
6161,3474469566,3107953569
6162,3474469566,3474469565
6163,3474469566,5913132491
6164,3474485187,404628426
6165,3474485187,3474486893
6166,3474486893,404628439
6167,3474486898,406122629
6168,3474486899,3474486904
6169,3474486899,404633305
6170,3474486904,3047172672
6171,3474486905,404633309
6172,3474486905,3474469561
6173,3474486911,404633313
6174,3480430919,1177761444
6175,3480430919,13001229340
6176,3480430919,1177761353
6177,3480438012,3480521612
6178,3480438012,3480521604
6179,3480438012,3480438015
6180,3480438015,401285243
6181,3480438015,3480438016
6182,3480438015,3480438012
6183,3480438016,401285241
6184,3480438016,3480521609
6185,3480438016,3480438015
6186,3480521604,3480521611
6187,3480521604,3480521614
6188,3480521604,3480438012
6189,3480521605,401285241
6190,3480521605,3480521608
6191,3480521605,334363443
6192,3480521606,3480521608
6193,3480521608,3480521605
6194,3480521608,3480521611
6195,3480521608,3480521609
6196,3480521608,3480521606
6197,3480521609,3480438016
6198,3480521609,3480521612
6199,3480521609,3480521608
6200,3480521610,3480521611
6201,3480521611,3480521608
6202,3480521611,3480521604
6203,3480521611,3480521612
6204,3480521611,3480521610
6205,3480521612,3480521609
6206,3480521612,3480438012
6207,3480521612,3480521611
6208,3480521614,3480521604
6209,3480521614,2839601220
6210,3480556636,9061998516
6211,3480556636,3480648626
6212,3480566610,2839601220
6213,3480566615,334363443
6214,3480566615,401284787
6215,3480570197,9907984229
6216,3480570197,9062083486
6217,3480618984,401284763
6218,3480618984,9652036456
6219,3480648626,3480556636
6220,3480648626,3480684929
6221,3480648626,3480648628
6222,3480648628,3480570197
6223,3480648628,3480728597
6224,3480648635,9062045364
6225,3480648635,9709299576
6226,3480648648,3480729688
6227,3480648648,3480728609
6228,3480684929,2839601262
6229,3480684929,6327906290
6230,3480684929,3480648626
6231,3480684929,3480716871
6232,3480705236,9709299547
6233,3480705236,9709299548
6234,3480705240,9709299578
6235,3480705241,9976522400
6236,3480705241,9976522401
6237,3480705243,9982785632
6238,3480705243,5471144708
6239,3480716871,3480728603
6240,3480716871,3480716879
6241,3480716871,3480684929
6242,3480716873,3480716876
6243,3480716873,3480716876
6244,3480716873,3480716882
6245,3480716876,9709299574
6246,3480716876,3480716873
6247,3480716876,3480716873
6248,3480716877,3480716879
6249,3480716877,3480728613
6250,3480716877,3480728614
6251,3480716879,3480716877
6252,3480716879,3480716871
6253,3480716879,3480716881
6254,3480716880,3480716884
6255,3480716880,9709299572
6256,3480716881,9709299572
6257,3480716881,3480716879
6258,3480716881,3480716883
6259,3480716881,3480728613
6260,3480716882,3480716873
6261,3480716882,3480728603
6262,3480716882,3480716883
6263,3480716883,3480716882
6264,3480716883,3480716881
6265,3480716883,9709299573
6266,3480716884,9709299575
6267,3480716884,9709299573
6268,3480728594,3480728601
6269,3480728596,3480729687
6270,3480728596,3480729686
6271,3480728596,3480728601
6272,3480728597,3480729687
6273,3480728597,3480648648
6274,3480728598,3480728602
6275,3480728601,3480728594
6276,3480728601,3480728602
6277,3480728601,3480728596
6278,3480728602,3480729686
6279,3480728602,3480728598
6280,3480728602,3480728601
6281,3480728602,3480728607
6282,3480728603,3480716882
6283,3480728603,3480716871
6284,3480728603,3480728607
6285,3480728607,3480728603
6286,3480728607,3480728602
6287,3480728607,3480728609
6288,3480728609,9709299574
6289,3480728609,3480728607
6290,3480728612,9709299571
6291,3480728612,3480728613
6292,3480728612,3480728614
6293,3480728613,3480728612
6294,3480728613,3480716877
6295,3480728613,3480728614
6296,3480728613,3480716881
6297,3480728614,3480728613
6298,3480728614,3480728612
6299,3480728614,3480716877
6300,3480729686,3480728602
6301,3480729686,3480728596
6302,3480729686,3480729688
6303,3480729687,3480728597
6304,3480729687,3480728596
6305,3480729687,3480729688
6306,3480729688,3480648648
6307,3480729688,3480729687
6308,3480729688,3480729686
6309,3480917496,2676836461
6310,3480917496,9907928854
6311,3483074728,3262001408
6312,3483127916,2676836431
6313,3483127916,1170839045
6314,3483195901,3048222454
6315,3483195901,3046664602
6316,3483195915,1170838660
6317,3483195915,3046664602
6318,3483495921,3107941958
6319,3483495921,2839601221
6320,3483495921,5913132511
6321,3483654481,9709333193
6322,3483654481,3483654482
6323,3483654482,3483654481
6324,3483654482,2689865496
6325,3483670171,9982785595
6326,3485520887,334305011
6327,3485522046,403199658
6328,3485522046,3485522051
6329,3485522051,3485522062
6330,3485522051,412475432
6331,3485522062,3485522063
6332,3485522063,3485522071
6333,3485522063,3485522071
6334,3485522071,12216232919
6335,3485522074,3485522075
6336,3485522074,9897134864
6337,3485522075,9897134864
6338,3485522075,403207346
6339,3485522075,3969014161
6340,3485524447,3485524458
6341,3485524447,3485522046
6342,3485524458,3485524469
6343,3485524458,3626369872
6344,3485524469,403118301
6345,3485525525,9897147248
6346,3485525525,4964161458
6347,3496199411,9982785621
6348,3496199413,9709623340
6349,3496199413,3496199411
6350,3496199414,3335931100
6351,3496199414,3496199413
6352,3496199415,9982785621
6353,3496199415,8416308274
6354,3496250085,9911159510
6355,3496250085,12438105631
6356,3496250085,6768741932
6357,3496416576,3456766471
6358,3496416576,2676836543
6359,3496510781,3050168644
6360,3496510781,3496532619
6361,3496510781,2691058642
6362,3496510782,2691058642
6363,3496510782,2691058643
6364,3496510782,3050110523
6365,3496510785,3496510786
6366,3496510785,4361621027
6367,3496510786,3054644035
6368,3496510786,9905543716
6369,3496510786,3496510785
6370,3496510786,3496510788
6371,3496510788,3496510790
6372,3496510788,3496510789
6373,3496510788,3496510786
6374,3496510789,3496510788
6375,3496510789,2691058641
6376,3496510789,2691058639
6377,3496510790,3050168644
6378,3496510790,3496510788
6379,3496510790,2691058641
6380,3496532619,9907063659
6381,3496532619,403237761
6382,3496532619,9907063658
6383,3496532619,3496510781
6384,3500454854,3050168640
6385,3500454854,3305928439
6386,3500454854,9911159516
6387,3500579583,3966902360
6388,3502590685,10544243182
6389,3502590685,3502590686
6390,3502590686,3881555441
6391,3502590686,3502591543
6392,3502590690,3502591539
6393,3502590690,5471154578
6394,3502590898,5471154573
6395,3502590898,3502590899
6396,3502590899,3502590900
6397,3502590899,5471154573
6398,3502590900,3502591529
6399,3502590900,5471154594
6400,3502590903,9926607506
6401,3502590903,9926607517
6402,3502590905,6312787120
6403,3502590905,417643362
6404,3502591529,3502591530
6405,3502591529,3500578402
6406,3502591530,3502590899
6407,3502591530,3502591533
6408,3502591533,12103116650
6409,3502591533,3881555496
6410,3502591539,3047444633
6411,3502591539,3502591540
6412,3502591540,3966900766
6413,3502591540,3881555455
6414,3502591543,3502591544
6415,3502591543,417643350
6416,3502591544,3881555390
6417,3502591544,3502590685
6418,3520797772,4964161442
6419,3520797773,6312676405
6420,3520797773,6312676408
6421,3520797775,6312676408
6422,3520797775,6312676405
6423,3520797776,6312677216
6424,3520797776,9967102141
6425,3520797777,3967147671
6426,3520797777,6312676483
6427,3520797779,3520797776
6428,3520797779,6312676462
6429,3520797782,12178382315
6430,3520797782,12178382312
6431,3520797900,9975307852
6432,3520797900,7915338813
6433,3520797924,3520797930
6434,3520797924,3969145610
6435,3520797930,8441839350
6436,3520802734,3520802738
6437,3520802734,3520802740
6438,3520802735,3520802736
6439,3520802735,6312786701
6440,3520802736,3520802737
6441,3520802736,2191032310
6442,3520802737,3520802739
6443,3520802737,9985953061
6444,3520802738,2191032512
6445,3520802738,6312677331
6446,3520802739,3520802735
6447,3520802739,6313583479
6448,3520802740,3520802744
6449,3520802740,404596827
6450,3520802744,9985953061
6451,3520802744,3520802739
6452,3520804186,4689050395
6453,3520804186,9906858672
6454,3520804186,4689050394
6455,3520804187,5578859361
6456,3520804187,5578859363
6457,3520804187,4689050393
6458,3520804189,5578859363
6459,3555254359,403227059
6460,3555254359,610579522
6461,3555254359,3555254360
6462,3555254360,403228431
6463,3555254360,3555254359
6464,3555297270,2549776585
6465,3555297270,9845571407
6466,3555297276,3562702195
6467,3555297280,3555297281
6468,3555297280,3555297298
6469,3555297281,3555297315
6470,3555297281,3555297325
6471,3555297285,3555297292
6472,3555297285,3555297325
6473,3555297285,3555299107
6474,3555297292,3555297285
6475,3555297292,3562476514
6476,3555297292,3555301425
6477,3555297296,3562476514
6478,3555297298,3555297300
6479,3555297300,3555301406
6480,3555297300,3555297302
6481,3555297302,9845571374
6482,3555297302,3555297276
6483,3555297315,3555297298
6484,3555297315,3555299107
6485,3555297315,3555297281
6486,3555297325,3555297281
6487,3555297325,3555297285
6488,3555297325,3562476517
6489,3555299107,3555297285
6490,3555299107,3555297315
6491,3555299107,3555299108
6492,3555299108,3555299107
6493,3555299108,3555301419
6494,3555299108,3555301406
6495,3555301406,3555299108
6496,3555301406,3555301444
6497,3555301406,3555297300
6498,3555301419,3555299108
6499,3555301419,3555301425
6500,3555301419,3562412710
6501,3555301425,3555297292
6502,3555301425,3555301419
6503,3555301425,3562360662
6504,3555301444,3555301451
6505,3555301444,3555301406
6506,3555301444,3555301445
6507,3555301445,3555301444
6508,3555301451,7806293193
6509,3555301451,3562412710
6510,3555301451,3555301444
6511,3555301451,3555301456
6512,3555301456,3562360667
6513,3555301456,3562360653
6514,3555301456,3555301451
6515,3562360648,3562360667
6516,3562360653,3555301456
6517,3562360653,9894965063
6518,3562360653,3562412710
6519,3562360653,3562360667
6520,3562360662,3555301425
6521,3562360667,3562360648
6522,3562360667,3555301456
6523,3562360667,3562360653
6524,3562412710,3555301419
6525,3562412710,3562360653
6526,3562412710,3555301451
6527,3562446408,3562446410
6528,3562446410,412761273
6529,3562446410,3562446408
6530,3562446410,412761275
6531,3562476512,3562476529
6532,3562476513,3562476530
6533,3562476514,3555297292
6534,3562476514,3555297296
6535,3562476514,3562476516
6536,3562476515,3562476532
6537,3562476516,3562476523
6538,3562476516,3562476514
6539,3562476516,3562476525
6540,3562476517,3562476522
6541,3562476517,3555297325
6542,3562476517,3562702196
6543,3562476517,3562476525
6544,3562476519,3562702196
6545,3562476520,3562476521
6546,3562476521,3562476529
6547,3562476521,3562702196
6548,3562476521,3562476522
6549,3562476521,3562476520
6550,3562476522,3562476530
6551,3562476522,3562476517
6552,3562476522,3562476526
6553,3562476522,3562476521
6554,3562476523,3562476532
6555,3562476523,3562476516
6556,3562476523,3562476524
6557,3562476523,3562476526
6558,3562476524,3562476523
6559,3562476525,3562476526
6560,3562476525,3562476517
6561,3562476525,3562476516
6562,3562476526,3562476525
6563,3562476526,3562476523
6564,3562476526,3562476522
6565,3562476526,3562476531
6566,3562476527,3562476531
6567,3562476528,3562476529
6568,3562476529,3562476512
6569,3562476529,3562476521
6570,3562476529,3562476530
6571,3562476529,3562476528
6572,3562476530,3562476513
6573,3562476530,3562476522
6574,3562476530,3562476531
6575,3562476530,3562476529
6576,3562476531,3562476527
6577,3562476531,3562476526
6578,3562476531,3562476532
6579,3562476531,3562476530
6580,3562476532,3562476515
6581,3562476532,3562476523
6582,3562476532,3562476533
6583,3562476532,3562476531
6584,3562476533,3562476532
6585,3562702195,3562702196
6586,3562702195,3555297280
6587,3562702196,3562476521
6588,3562702196,3562702195
6589,3562702196,3562476519
6590,3562702196,3562476517
6591,3562801819,3562807814
6592,3562807805,3562807819
6593,3562807805,3562836916
6594,3562807806,3562807805
6595,3562807806,3562836903
6596,3562807807,3562807806
6597,3562807811,3562807807
6598,3562807811,5030596358
6599,3562807814,412759296
6600,3562807814,3562801819
6601,3562807817,3562807814
6602,3562807817,12227874740
6603,3562807818,3562807817
6604,3562807819,3562807818
6605,3562807822,5030596366
6606,3562807822,412760337
6607,3562807823,3562807811
6608,3562836903,412761121
6609,3562836907,3562836903
6610,3562836907,3562807818
6611,3562836916,11939750105
6612,3562836916,9522809927
6613,3562836935,1629280301
6614,3562836935,10175833197
6615,3562839149,12072047538
6616,3562839149,5030596321
6617,3565011186,12227874740
6618,3565011186,412759298
6619,3565011187,6312425123
6620,3565011187,3565011186
6621,3565015168,9951784432
6622,3565030295,6312425793
6623,3565030304,9522780692
6624,3565030304,412761282
6625,3565030304,412761278
6626,3565035632,412761278
6627,3565035632,412761275
6628,3565035632,6312425792
6629,3578758113,10048648121
6630,3578758131,7999924271
6631,3578758131,3578758113
6632,3578758132,2511164660
6633,3578758132,6313263932
6634,3578758132,12254590699
6635,3578758133,10208151012
6636,3578758137,3969144220
6637,3578758137,3969144252
6638,3578758140,6313263904
6639,3578758155,3578758140
6640,3578758155,3969145566
6641,3578801935,3578802029
6642,3578801935,3578801948
6643,3578801948,3520797924
6644,3578801956,6313263931
6645,3578801988,6313263999
6646,3578801988,6313264170
6647,3578801992,8222128527
6648,3578801992,3578802029
6649,3578802004,6313264180
6650,3578802004,6313263999
6651,3578802029,3578802073
6652,3578802029,3578758132
6653,3578802053,3578801935
6654,3578802053,415992975
6655,3578802053,2511164653
6656,3578802072,3578801992
6657,3578802072,10012282850
6658,3578802073,3578802053
6659,3578802073,3578801988
6660,3624773537,3969530017
6661,3624773537,2510467761
6662,3626369872,3520797782
6663,3654388677,2511162053
6664,3654388677,3654409288
6665,3654388680,2511162053
6666,3654388680,3654409288
6667,3654409288,3654388680
6668,3654409288,3654388680
6669,3654409288,6313176170
6670,3662201590,3107953587
6671,3662201590,3662201591
6672,3662201590,9907928856
6673,3662201591,1171848231
6674,3662201591,3662201590
6675,3662201591,10599521304
6676,3715348733,4964161580
6677,3715348733,4964161575
6678,3715348733,2191032571
6679,3729145916,12088349746
6680,3729145916,6314116764
6681,3729145916,9061406358
6682,3740174915,3740174916
6683,3740174915,3740174924
6684,3740174916,10963651868
6685,3740174924,12136130582
6686,3740174924,7915338866
6687,3740175229,12485440098
6688,3740175229,3740175231
6689,3740175231,7915338864
6690,3740175235,12485440099
6691,3740175235,3740175231
6692,3740175242,9061541122
6693,3740175242,3740175235
6694,3740175246,3740175242
6695,3740175250,8346268013
6696,3740175253,3740175261
6697,3740175253,3740175246
6698,3740175259,3740175250
6699,3740175259,3740175253
6700,3740175261,3740175274
6701,3740175261,3740175264
6702,3740175264,3740175246
6703,3740175272,9061541138
6704,3740175272,9663342121
6705,3740175273,9061541126
6706,3740175274,2473539347
6707,3740175274,3740175273
6708,3740175279,7552224083
6709,3740175279,9663342122
6710,3740175284,9061541137
6711,3740175289,3740175284
6712,3740175289,404578760
6713,3740175296,8296314355
6714,3740175296,7552224084
6715,3740175301,8296314352
6716,3740175301,8296314361
6717,3740175315,8296314360
6718,3740175325,3740175329
6719,3740175325,8296314358
6720,3740175329,9043417215
6721,3740175330,10582582949
6722,3740175330,418796248
6723,3740175335,3740175336
6724,3740175335,10582582886
6725,3740175336,10582582654
6726,3740175336,10582582955
6727,3740175342,9967100305
6728,3740175342,10582582850
6729,3740175343,11276079041
6730,3740175343,6630187678
6731,3740175344,9967100307
6732,3740175344,10582582908
6733,3740175351,3740175352
6734,3740175351,4964161578
6735,3740175352,9907928914
6736,3740175352,4964161577
6737,3740175353,3740175354
6738,3740175353,4964161576
6739,3740175353,412480690
6740,3740175354,9907928865
6741,3740175354,4964161575
6742,3740175354,412480689
6743,3740175356,412480687
6744,3740175356,3740175357
6745,3740175357,3740175358
6746,3740175357,3256837496
6747,3740175358,2477339355
6748,3740175358,8767017739
6749,3826288374,6004209429
6750,3826288374,2504856991
6751,3826288374,12482390723
6752,3881553171,9926607525
6753,3881553171,9992107723
6754,3881553180,3881553194
6755,3881553180,6312786932
6756,3881553181,5905816821
6757,3881553181,10554956236
6758,3881553190,417643357
6759,3881553190,3881553171
6760,3881553194,9992107724
6761,3881553194,3881553190
6762,3881555301,7999924252
6763,3881555301,7999924252
6764,3881555303,3881555301
6765,3881555303,3967044161
6766,3881555326,9992107739
6767,3881555328,3881555326
6768,3881555328,10068555368
6769,3881555336,9992114607
6770,3881555336,9992107743
6771,3881555366,12558988220
6772,3881555366,9992107748
6773,3881555368,8081309206
6774,3881555368,9992107746
6775,3881555370,3881555336
6776,3881555370,8081309205
6777,3881555375,2476377663
6778,3881555375,9992114605
6779,3881555377,8081309206
6780,3881555377,8081309207
6781,3881555390,3881555375
6782,3881555390,9992107744
6783,3881555392,3881555390
6784,3881555392,3502590685
6785,3881555394,9992107745
6786,3881555394,3881555392
6787,3881555395,3881555394
6788,3881555395,9992107768
6789,3881555403,9992114605
6790,3881555403,2476377663
6791,3881555406,3881555403
6792,3881555406,8858670846
6793,3881555419,8858670845
6794,3881555419,9992107812
6795,3881555437,9992107819
6796,3881555437,9992107828
6797,3881555439,3881555437
6798,3881555439,6313053010
6799,3881555440,9992056970
6800,3881555441,9992114595
6801,3881555441,12148328532
6802,3881555449,9992107786
6803,3881555449,3881555453
6804,3881555453,6312786933
6805,3881555453,6312786931
6806,3881555455,3881555439
6807,3881555455,9992107842
6808,3881555457,3881555455
6809,3881555457,5471154579
6810,3881555464,12148328529
6811,3881555464,10007163019
6812,3881555484,9992107847
6813,3881555484,9992107850
6814,3881555485,3881555484
6815,3881555485,3881553180
6816,3881555489,3881555485
6817,3881555489,9992107836
6818,3881555496,3881555509
6819,3881555509,3502591530
6820,3881555516,8858670821
6821,3881555516,3881553171
6822,3881555613,9926607510
6823,3881555613,3881555653
6824,3881555615,10554956242
6825,3881555615,8413557946
6826,3881555615,6312786570
6827,3881555632,9992107731
6828,3881555632,9992056986
6829,3881555646,3881555652
6830,3881555646,8082873420
6831,3881555652,8081094004
6832,3881555652,8413557921
6833,3881555653,9926607517
6834,3881555653,9926607506
6835,3881555677,6312786718
6836,3881555677,5905841111
6837,3881555677,9926607464
6838,3881555686,9655758648
6839,3881555686,6312787160
6840,3881555695,8413557921
6841,3881555695,8081094004
6842,3881555697,6312786564
6843,3881555709,2191032953
6844,3966711151,13340582095
6845,3966716359,12662564635
6846,3966716359,12662564619
6847,3966716382,8080941740
6848,3966716382,12662564612
6849,3966716385,2471042449
6850,3966716385,3966716394
6851,3966716388,3966716385
6852,3966716394,3966716397
6853,3966716397,3966716405
6854,3966716397,11026141127
6855,3966716400,11026162644
6856,3966716405,3966716410
6857,3966716406,3966716400
6858,3966716410,3966716400
6859,3966716410,3966716417
6860,3966716417,2471042451
6861,3966716417,3966716436
6862,3966716435,3966716436
6863,3966716435,3966716406
6864,3966716436,3966716435
6865,3966716436,3966716443
6866,3966716439,3966716435
6867,3966716439,3966716443
6868,3966716442,2471043716
6869,3966716442,3966716439
6870,3966716443,3966716447
6871,3966716447,3966716442
6872,3966716447,11026141125
6873,3966722917,11026141126
6874,3966722917,3966722922
6875,3966722920,3966722929
6876,3966722920,11026162674
6877,3966722922,11026141125
6878,3966722922,3966722929
6879,3966722929,3966722920
6880,3966722929,3966722922
6881,3966722929,9061541124
6882,3966736371,2471042461
6883,3966736371,2511151356
6884,3966736375,2471042525
6885,3966736375,3966736376
6886,3966736375,10727602902
6887,3966736376,3966736375
6888,3966736376,2471042522
6889,3966736376,11019853659
6890,3966736379,11019853660
6891,3966736379,6313586308
6892,3966742700,11019853684
6893,3966742700,2471042512
6894,3966742705,8080941745
6895,3966742705,3966742700
6896,3966742705,3966742713
6897,3966742713,3966742715
6898,3966742713,6630187648
6899,3966742713,6630187649
6900,3966742715,3966746834
6901,3966742715,13208574083
6902,3966742716,3966742715
6903,3966742716,6630187648
6904,3966746735,3966742716
6905,3966746735,2191032468
6906,3966746834,3966746841
6907,3966746834,3966746735
6908,3966746840,3966746735
6909,3966746840,3966746841
6910,3966746841,3966746842
6911,3966746841,2471042481
6912,3966746842,3966746846
6913,3966746842,6313585790
6914,3966746843,6313585790
6915,3966746843,3966746846
6916,3966746846,8080904714
6917,3966746846,2191032366
6918,3966755821,2471042552
6919,3966755821,6313586309
6920,3966755827,2471042512
6921,3966755827,6630187647
6922,3966755827,6630187648
6923,3966755827,2191032686
6924,3966757427,10582583013
6925,3966757427,418796248
6926,3966757434,418796248
6927,3966898656,9992114609
6928,3966898656,9992107802
6929,3966900766,5471154584
6930,3966900766,3502590690
6931,3966900768,9926607509
6932,3966902358,9992107815
6933,3966902358,3966898656
6934,3966902360,3966902358
6935,3966902360,3881553181
6936,3967025551,6313053056
6937,3967025551,9992107760
6938,3967025552,9992107781
6939,3967025552,3967025551
6940,3967026763,12148328525
6941,3967026763,3966900768
6942,3967044161,9992107740
6943,3967044161,3967044174
6944,3967044162,3881555303
6945,3967044162,3967044170
6946,3967044170,3967044174
6947,3967044170,3967044162
6948,3967044170,3967044178
6949,3967044174,9992107741
6950,3967044174,3967044170
6951,3967044174,3967044161
6952,3967044178,3967044170
6953,3967044178,9992114607
6954,3967044179,9992107741
6955,3967044179,12103116638
6956,3967044180,10007163021
6957,3967044180,9992107848
6958,3967070877,417643361
6959,3967070877,8365992979
6960,3967070880,3967070877
6961,3967070880,8365992980
6962,3967070898,3967070909
6963,3967070898,9926607431
6964,3967070903,3967070905
6965,3967070903,11048173934
6966,3967070905,3967070903
6967,3967070907,6312677370
6968,3967070909,3967070915
6969,3967070909,3967070898
6970,3967070915,403357864
6971,3967070915,3967070909
6972,3967070915,3967070907
6973,3967080452,9674345090
6974,3967080452,3967080454
6975,3967080452,403357856
6976,3967080454,403345544
6977,3967080454,3967080456
6978,3967080454,3967080452
6979,3967080456,3967080454
6980,3967080456,9926607372
6981,3967080456,403330174
6982,3967083157,9926607371
6983,3967083157,2676836342
6984,3967083160,6313177598
6985,3967083160,3967080456
6986,3967087977,403354002
6987,3967087977,3967087980
6988,3967087979,3967087983
6989,3967087979,9911031896
6990,3967087980,3967087984
6991,3967087980,403345546
6992,3967087981,3967087977
6993,3967087981,3967087984
6994,3967087983,3967087986
6995,3967087983,4964161539
6996,3967087984,403330684
6997,3967087985,9911031897
6998,3967087985,3967087981
6999,3967087986,4964161561
7000,3967087986,4964161556
7001,3967087986,9911031898
7002,3967087989,3967087991
7003,3967087989,3967087985
7004,3967087991,6313177600
7005,3967087991,3967087989
7006,3967087992,6313177589
7007,3967087992,3967087989
7008,3967147659,3967147661
7009,3967147659,415994008
7010,3967147660,415994294
7011,3967147660,9717380274
7012,3967147661,8957078272
7013,3967147661,3967147660
7014,3967147666,9671715187
7015,3967147671,6312426232
7016,3967147671,9674483697
7017,3967147672,9967102193
7018,3967147672,3967147671
7019,3967220918,2191032259
7020,3967220918,677295344
7021,3967220918,4361620890
7022,3967220921,334305011
7023,3967220921,403119514
7024,3967250721,2471042429
7025,3967252774,3967252775
7026,3967252774,4361621038
7027,3967252775,3967252774
7028,3967252775,12216232916
7029,3967252789,9399613173
7030,3967252789,3967252775
7031,3967259384,9907928868
7032,3967259384,3967259387
7033,3967259387,3967259388
7034,3967259387,3740175356
7035,3967259388,9907928864
7036,3968868545,6627827964
7037,3968868545,3968868555
7038,3968868548,412486422
7039,3968868555,6632518658
7040,3968873159,3968868555
7041,3968873159,9928853822
7042,3968873169,3457039982
7043,3968873169,9916442247
7044,3968873169,9916442248
7045,3968873176,5507719911
7046,3968873176,9916442252
7047,3968910023,6623149601
7048,3968910023,8150892719
7049,3968910028,11042701326
7050,3968910037,402996797
7051,3968910048,4361620929
7052,3968910048,3968910049
7053,3968910049,412485588
7054,3969014161,12216232916
7055,3969014175,3969014176
7056,3969014175,11170054738
7057,3969014176,401285557
7058,3969014176,12473236917
7059,3969014190,9048092396
7060,3969014194,9975307720
7061,3969014194,12473236905
7062,3969014201,9975307736
7063,3969014201,7981297361
7064,3969014201,9951896711
7065,3969014213,9951896770
7066,3969014213,5269995809
7067,3969048486,3969048521
7068,3969048486,3969048487
7069,3969048487,2468521642
7070,3969048514,8115058826
7071,3969048521,8266000908
7072,3969071634,3578758133
7073,3969071634,8418664604
7074,3969071636,3969071639
7075,3969071636,3969071639
7076,3969071636,9663432598
7077,3969071636,3969074062
7078,3969071639,3969071636
7079,3969071639,9042323879
7080,3969071639,9951896650
7081,3969074062,8309859627
7082,3969074063,6313055263
7083,3969074063,3969071639
7084,3969074079,6633304051
7085,3969074079,6633303998
7086,3969074089,7788691952
7087,3969074108,8096939321
7088,3969074108,6633304039
7089,3969074137,11123381738
7090,3969144212,3578758140
7091,3969144220,3969145592
7092,3969144220,3969146330
7093,3969144252,3969145619
7094,3969145566,3969145577
7095,3969145577,3969144252
7096,3969145577,3969145592
7097,3969145592,3578758113
7098,3969145610,3969145619
7099,3969145610,3969144212
7100,3969145619,6313263843
7101,3969145620,3969074089
7102,3969145624,3969145620
7103,3969145624,6633304014
7104,3969145627,3969145624
7105,3969145627,3969074108
7106,3969146330,3520797930
7107,3969146338,3578758155
7108,3969146338,3969146330
7109,3969278687,3969278688
7110,3969278688,10596341810
7111,3969278688,10596341822
7112,3969278689,3969278687
7113,3969278689,6326531685
7114,3969278695,6326298392
7115,3969278721,3969278744
7116,3969278721,12141249854
7117,3969278721,6326297625
7118,3969278744,3969278721
7119,3969278744,6326297625
7120,3969278744,6326297410
7121,3969297678,6326297410
7122,3969297678,5270420115
7123,3969297678,3969297681
7124,3969297681,2168469837
7125,3969297681,3969297678
7126,3969386662,2168469841
7127,3969386662,6326297863
7128,3969386662,9271269519
7129,3969510972,3968910037
7130,3969510972,6623149601
7131,3969530017,414091159
7132,3971444848,412200538
7133,3971444848,412200889
7134,3974449175,12590126788
7135,3974449175,9969471634
7136,3987519386,8299978139
7137,3987519386,6313177605
7138,4135719193,10980362290
7139,4135874500,1943924900
7140,4162009211,6313055247
7141,4162009211,6313055249
7142,4162009211,7788691959
7143,4163884266,3287346789
7144,4163884266,406122637
7145,4163884266,3047155546
7146,4168490224,9967102149
7147,4168490225,2191032441
7148,4168490225,6313585345
7149,4168498451,4168498452
7150,4168498451,9967102074
7151,4168498452,4168498453
7152,4168498452,4168498451
7153,4168498452,4168498471
7154,4168498453,4168498452
7155,4168498453,4168498451
7156,4168498471,4168498452
7157,4168513233,2191032247
7158,4168513233,4168513234
7159,4168513234,6313520300
7160,4168513234,6313520041
7161,4168513234,4168513233
7162,4168513235,6313520041
7163,4168513235,9967102199
7164,4168513236,5755083483
7165,4168513236,412476993
7166,4168513237,5755083483
7167,4168513237,9910982631
7168,4168513237,4168513238
7169,4168513238,5755083484
7170,4168513238,4168513237
7171,4168513239,8096747526
7172,4168513239,9910982631
7173,4168513243,1180316570
7174,4168513244,5755083535
7175,4168513244,9657776333
7176,4168513244,8300138905
7177,4288212613,9642296864
7178,4288212613,6312787232
7179,4288212613,4288212614
7180,4288212614,4288212613
7181,4288212614,9295166421
7182,4288212614,9295115309
7183,4361619908,6632526030
7184,4361619909,5471154610
7185,4361619909,415993694
7186,4361619915,404632205
7187,4361619918,6632518650
7188,4361619918,6632518647
7189,4361619920,2476377703
7190,4361619920,5471154607
7191,4361619921,9921269694
7192,4361619921,4361620981
7193,4361619922,785860536
7194,4361619922,677295392
7195,4361619922,677295401
7196,4361619927,4361621043
7197,4361619927,4361619915
7198,4361619930,2191032585
7199,4361619930,9931470203
7200,4361619930,9931482364
7201,4361619932,4361620935
7202,4361619932,6784336338
7203,4361619949,6312677301
7204,4361619949,4361620971
7205,4361619955,10963991862
7206,4361619955,2191083374
7207,4361619956,2504890750
7208,4361619956,2982507575
7209,4361619956,4361620988
7210,4361619964,403230602
7211,4361619964,12438105633
7212,4361619972,12574312145
7213,4361619972,12574312138
7214,4361619977,5270670398
7215,4361619977,5270670398
7216,4361619979,2510446081
7217,4361619979,11127386651
7218,4361619983,2713902928
7219,4361619983,4964161573
7220,4361619983,9931482419
7221,4361619984,4361621008
7222,4361619984,677292393
7223,4361619984,9910232415
7224,4361620890,677295354
7225,4361620890,403211221
7226,4361620891,6312677292
7227,4361620891,6312677294
7228,4361620891,6312677289
7229,4361620896,3058314704
7230,4361620896,5905871203
7231,4361620896,4361619955
7232,4361620901,6313176329
7233,4361620901,6313176332
7234,4361620915,2191032602
7235,4361620915,677295352
7236,4361620915,9907941551
7237,4361620918,4361619964
7238,4361620918,9911159510
7239,4361620920,2191083395
7240,4361620920,5905871202
7241,4361620920,4361620896
7242,4361620921,412477079
7243,4361620921,5905871201
7244,4361620922,412475985
7245,4361620922,1180316591
7246,4361620922,412478112
7247,4361620929,6313054084
7248,4361620930,4361620949
7249,4361620930,403313612
7250,4361620935,4361619979
7251,4361620935,418792978
7252,4361620939,4361620965
7253,4361620939,8065710628
7254,4361620943,2510446080
7255,4361620943,4361620976
7256,4361620949,6632526036
7257,4361620949,4964161508
7258,4361620949,4361621042
7259,4361620950,5001013442
7260,4361620950,4361619932
7261,4361620953,6625294516
7262,4361620965,8065710634
7263,4361620965,6627827944
7264,4361620971,403359263
7265,4361620971,9075898640
7266,4361620972,9649161639
7267,4361620972,4361620939
7268,4361620976,12136130583
7269,4361620978,2191032480
7270,4361620981,6627827959
7271,4361620985,4361619927
7272,4361620985,4361619915
7273,4361620988,5905871211
7274,4361620988,4361621038
7275,4361621001,9657776362
7276,4361621001,4361621007
7277,4361621003,9671686493
7278,4361621003,3968910037
7279,4361621007,4361620930
7280,4361621007,9920841898
7281,4361621008,4361620922
7282,4361621008,9910232415
7283,4361621012,4361621016
7284,4361621012,4361619984
7285,4361621016,4361620921
7286,4361621016,412476725
7287,4361621019,677295353
7288,4361621019,9907928896
7289,4361621027,403237761
7290,4361621027,3050168644
7291,4361621029,1174021923
7292,4361621029,4361619983
7293,4361621031,4361619920
7294,4361621031,4361620978
7295,4361621038,334304160
7296,4361621039,9034063979
7297,4361621039,4361621040
7298,4361621039,6313177284
7299,4361621040,6313177385
7300,4361621040,4964161522
7301,4361621041,7984022047
7302,4361621041,3968910048
7303,4361621042,4361621043
7304,4361621042,4361621040
7305,4361621043,4361621046
7306,4361621043,9921269696
7307,4361621044,2713933558
7308,4361621044,4361619956
7309,4361621044,2982507576
7310,4361621045,3226271709
7311,4361621045,11035831449
7312,4361621046,1171848515
7313,4607653326,9916563959
7314,4607653326,9916612622
7315,4607653326,4608964003
7316,4607653327,9916563951
7317,4607653327,4607653329
7318,4607653328,2469951309
7319,4607653328,9916563958
7320,4607653329,4608964003
7321,4607653329,9916563958
7322,4607653329,4607653327
7323,4608962423,4608966193
7324,4608962423,9916585809
7325,4608962423,2476825213
7326,4608962424,9916563964
7327,4608962424,9916564006
7328,4608964003,4607653329
7329,4608964003,4607653326
7330,4608964003,4608964005
7331,4608964004,4608964005
7332,4608964004,9922079402
7333,4608964005,4608964004
7334,4608964005,4608964003
7335,4608964005,4608964007
7336,4608964007,4607653327
7337,4608964007,4608964005
7338,4608966193,4613933799
7339,4608966193,4608962423
7340,4608966193,4608966194
7341,4608966194,9671714949
7342,4608966194,9916564014
7343,4608966194,4608966193
7344,4608966194,4608966197
7345,4608966197,4608962423
7346,4608966197,9916585810
7347,4608966197,4608966194
7348,4613933798,9922079388
7349,4613933798,4613933799
7350,4613933799,9916612623
7351,4613933799,4608966193
7352,4613933799,4613933798
7353,4613933799,9671714949
7354,4687033843,4687033850
7355,4687033843,6313053534
7356,4687033843,2511162051
7357,4687033846,6313053536
7358,4687033846,6313053510
7359,4687033847,9991832640
7360,4687033847,4687033846
7361,4687033850,4687033843
7362,4687033850,2511162039
7363,4689045577,1176788142
7364,4689045577,9916570019
7365,4689045577,5824604506
7366,4689045579,5824604506
7367,4689045579,9916570016
7368,4689045582,6633212025
7369,4689050393,406515196
7370,4689050393,3520804187
7371,4689050393,4689050395
7372,4689050394,5471154534
7373,4689050394,4689050396
7374,4689050394,3520804186
7375,4689050395,3520804186
7376,4689050395,4689050396
7377,4689050395,4689050393
7378,4689050396,4689050394
7379,4689050396,406515196
7380,4689050396,4689050395
7381,4689050396,9906861941
7382,4689050398,1172876520
7383,4689050398,5269927720
7384,4689050399,9653799385
7385,4689050399,406515193
7386,4689050399,5269927720
7387,4929522426,6312677290
7388,4929522426,6312677313
7389,4929522426,2476377829
7390,4929522427,6312677313
7391,4929522427,5897122597
7392,4929522433,9346318105
7393,4929522433,4929522435
7394,4929522435,9295166421
7395,4929522435,9709623315
7396,4964148406,11238395391
7397,4964148406,11238395608
7398,4964148406,11238395428
7399,4964148407,6314118102
7400,4964148407,11238395397
7401,4964148407,11238395394
7402,4964148412,4964148413
7403,4964148412,3578758131
7404,4964148412,11238395397
7405,4964148413,4964148414
7406,4964148413,4964148412
7407,4964148413,3520797900
7408,4964148414,4964148413
7409,4964148414,7915338808
7410,4964148414,9975307852
7411,4964161021,9061568836
7412,4964161021,9975307851
7413,4964161021,10002385031
7414,4964161021,7915338821
7415,4964161031,5905841120
7416,4964161031,13142248879
7417,4964161442,6312425985
7418,4964161442,4964161446
7419,4964161446,9967102191
7420,4964161446,4964161442
7421,4964161456,6312425874
7422,4964161456,412475844
7423,4964161457,412475844
7424,4964161457,4964161458
7425,4964161457,412475502
7426,4964161457,334304432
7427,4964161458,412475432
7428,4964161458,4964161457
7429,4964161458,9671715118
7430,4964161459,403213442
7431,4964161459,4964161461
7432,4964161460,4964161463
7433,4964161460,4964161470
7434,4964161461,4964161459
7435,4964161461,4964161463
7436,4964161461,677295418
7437,4964161461,4964161466
7438,4964161462,4964161471
7439,4964161462,4964161470
7440,4964161462,4964161463
7441,4964161463,4964161460
7442,4964161463,4964161462
7443,4964161463,4964161464
7444,4964161463,4964161461
7445,4964161464,4964161463
7446,4964161464,412475865
7447,4964161464,4964161465
7448,4964161464,4964161466
7449,4964161465,4964161460
7450,4964161465,4964161464
7451,4964161466,4964161464
7452,4964161466,403213446
7453,4964161466,4964161461
7454,4964161470,4964161462
7455,4964161470,5905870243
7456,4964161470,4361621012
7457,4964161471,4964161462
7458,4964161471,4964161473
7459,4964161471,5263115668
7460,4964161473,5263115668
7461,4964161473,4964161471
7462,4964161474,2476377870
7463,4964161474,4964161475
7464,4964161475,9910240817
7465,4964161475,4964161474
7466,4964161477,9657776334
7467,4964161477,5755083525
7468,4964161477,5755083505
7469,4964161478,5755083505
7470,4964161478,4964161494
7471,4964161478,9907928905
7472,4964161479,1371263876
7473,4964161479,5755083548
7474,4964161481,4964161482
7475,4964161481,5755083545
7476,4964161481,4964161487
7477,4964161481,5755083546
7478,4964161482,4964161481
7479,4964161482,5755083526
7480,4964161482,4964161484
7481,4964161483,4964161484
7482,4964161483,5755083545
7483,4964161483,4964161485
7484,4964161484,4964161483
7485,4964161484,4964161482
7486,4964161484,4964161489
7487,4964161485,4964161495
7488,4964161485,4964161499
7489,4964161485,4964161483
7490,4964161487,4964161481
7491,4964161487,5755083485
7492,4964161487,4964161488
7493,4964161488,5755083526
7494,4964161488,5755083528
7495,4964161488,4964161487
7496,4964161489,5755083486
7497,4964161489,403222927
7498,4964161489,4964161484
7499,4964161490,4964161491
7500,4964161490,5755083488
7501,4964161490,5755083486
7502,4964161491,5755083489
7503,4964161491,403222930
7504,4964161491,4964161490
7505,4964161491,5755083494
7506,4964161492,5755083502
7507,4964161492,5905816785
7508,4964161492,9657776333
7509,4964161492,5755083500
7510,4964161493,6312787222
7511,4964161493,9907928905
7512,4964161494,5755083500
7513,4964161494,4964161478
7514,4964161494,6738078258
7515,4964161494,5755083498
7516,4964161495,4964161485
7517,4964161495,4964161496
7518,4964161495,403222927
7519,4964161496,4964161495
7520,4964161496,4964161497
7521,4964161496,4964161498
7522,4964161497,4964161496
7523,4964161497,4964161499
7524,4964161497,5755083515
7525,4964161498,4964161496
7526,4964161498,403222927
7527,4964161498,5755083513
7528,4964161499,4964161485
7529,4964161499,1371263874
7530,4964161499,4964161497
7531,4964161501,5755083513
7532,4964161501,9907928904
7533,4964161501,5755083515
7534,4964161502,677295429
7535,4964161502,9907928904
7536,4964161507,4964161508
7537,4964161508,4964161507
7538,4964161508,4964161509
7539,4964161508,4361620949
7540,4964161508,4964161510
7541,4964161509,9920841892
7542,4964161509,4964161508
7543,4964161510,4964161508
7544,4964161510,4964161511
7545,4964161510,403313444
7546,4964161510,6313177254
7547,4964161511,4964161510
7548,4964161511,4964161526
7549,4964161511,6313177254
7550,4964161513,4964161514
7551,4964161513,4964161522
7552,4964161513,9653806338
7553,4964161514,9653806335
7554,4964161514,4964161513
7555,4964161514,9653806339
7556,4964161514,9908676986
7557,4964161515,9925270273
7558,4964161515,4964161516
7559,4964161515,9920841848
7560,4964161516,4964161515
7561,4964161516,9925270271
7562,4964161516,6351507248
7563,4964161516,6313177250
7564,4964161517,6351507251
7565,4964161517,9920841848
7566,4964161522,4964161513
7567,4964161522,6313177240
7568,4964161523,4964161527
7569,4964161523,403304199
7570,4964161523,6351365968
7571,4964161526,4964161527
7572,4964161526,4964161511
7573,4964161526,8299978150
7574,4964161527,4964161526
7575,4964161527,6351507248
7576,4964161527,4964161523
7577,4964161528,4964161535
7578,4964161528,4964161530
7579,4964161528,4964161531
7580,4964161529,3214186014
7581,4964161529,3214186013
7582,4964161529,9657776360
7583,4964161529,4964161535
7584,4964161530,4964161528
7585,4964161530,4964161535
7586,4964161530,4964161536
7587,4964161531,4964161528
7588,4964161531,3214186014
7589,4964161531,4964161532
7590,4964161532,4964161531
7591,4964161532,4964161536
7592,4964161532,4964161538
7593,4964161533,9034064002
7594,4964161533,3214186013
7595,4964161534,4964161535
7596,4964161535,4964161534
7597,4964161535,4964161528
7598,4964161535,4964161529
7599,4964161535,4964161530
7600,4964161536,4964161530
7601,4964161536,4964161537
7602,4964161536,4964161532
7603,4964161537,4964161536
7604,4964161538,4964161532
7605,4964161538,9931482312
7606,4964161539,4964161540
7607,4964161539,4964161554
7608,4964161540,4964161557
7609,4964161540,4964161568
7610,4964161540,9920400218
7611,4964161541,9920387116
7612,4964161541,9920387115
7613,4964161541,9920387112
7614,4964161542,9920387116
7615,4964161542,4964161543
7616,4964161542,6313177795
7617,4964161542,9920400218
7618,4964161543,4964161542
7619,4964161544,4964161545
7620,4964161544,4964161546
7621,4964161544,4964161566
7622,4964161545,4964161567
7623,4964161545,4964161544
7624,4964161546,4964161544
7625,4964161546,2191032227
7626,4964161548,417643365
7627,4964161548,6313177606
7628,4964161553,2839601369
7629,4964161553,9931569512
7630,4964161554,3967087979
7631,4964161554,4964161553
7632,4964161555,4964161559
7633,4964161555,4964161556
7634,4964161556,4964161539
7635,4964161556,4964161557
7636,4964161556,3967087986
7637,4964161557,4964161556
7638,4964161557,4964161565
7639,4964161557,4964161540
7640,4964161559,4964161565
7641,4964161560,6313177480
7642,4964161560,4964161559
7643,4964161561,4964161555
7644,4964161565,6313177479
7645,4964161565,4964161557
7646,4964161566,4964161544
7647,4964161566,4964161568
7648,4964161566,4964161567
7649,4964161567,4964161553
7650,4964161567,4964161566
7651,4964161567,9931569513
7652,4964161568,4964161554
7653,4964161568,4964161540
7654,4964161568,4964161566
7655,4964161570,2713902930
7656,4964161570,2713902931
7657,4964161570,4964161571
7658,4964161570,9911031887
7659,4964161571,4964161570
7660,4964161571,4964161593
7661,4964161571,4964161590
7662,4964161572,9931482418
7663,4964161572,4361619930
7664,4964161573,4361619983
7665,4964161573,4964161586
7666,4964161573,9931482418
7667,4964161574,4964161575
7668,4964161575,3715348733
7669,4964161575,3740175354
7670,4964161575,4964161574
7671,4964161575,4964161576
7672,4964161576,2191032571
7673,4964161576,3740175353
7674,4964161576,4964161575
7675,4964161576,9907928915
7676,4964161577,2191032743
7677,4964161577,9907928915
7678,4964161577,4964161578
7679,4964161578,4964161577
7680,4964161578,4964161579
7681,4964161578,3740175351
7682,4964161579,2191032627
7683,4964161579,4964161578
7684,4964161580,8686405323
7685,4964161580,3715348733
7686,4964161581,2191032854
7687,4964161581,2191032571
7688,4964161581,4964161580
7689,4964161582,9907928860
7690,4964161582,9907941517
7691,4964161583,2191032792
7692,4964161583,2191032627
7693,4964161583,4964161582
7694,4964161585,2191032854
7695,4964161585,4964161586
7696,4964161585,2713902926
7697,4964161586,4964161573
7698,4964161586,4964161585
7699,4964161586,4964161587
7700,4964161587,4964161586
7701,4964161587,9931482416
7702,4964161587,9931482417
7703,4964161587,4964161589
7704,4964161588,4964161572
7705,4964161588,9931482417
7706,4964161589,9925240724
7707,4964161589,9925240727
7708,4964161589,4964161587
7709,4964161589,9907941524
7710,4964161590,9908682451
7711,4964161590,2713902931
7712,4964161590,4964161571
7713,4964161590,4964161591
7714,4964161591,4964161590
7715,4964161591,4964161595
7716,4964161591,9911031877
7717,4964161593,9907941524
7718,4964161593,4964161571
7719,4964161593,9931482413
7720,4964161594,2713902931
7721,4964161594,9924733717
7722,4964161594,9911031877
7723,4964161595,9642377680
7724,4964161595,4964161591
7725,4964161595,4964161596
7726,4964161596,4964161597
7727,4964161596,4964161595
7728,4964161597,6313177483
7729,4964161597,9911031870
7730,4964161600,9925217375
7731,4964161600,9925217377
7732,4964161601,2191032758
7733,4964161601,9931482410
7734,4964161605,9911031882
7735,4964161606,2191032627
7736,4964161606,9657776356
7737,4964161606,4964161605
7738,4964161607,11250365513
7739,4964161608,412480640
7740,4964161608,9907928907
7741,4964161608,2191032831
7742,4964161609,9657776354
7743,4964161609,2191032421
7744,4964161609,9907928909
7745,4964161612,9709623328
7746,4964161612,4964161613
7747,4964161612,9709623326
7748,4964161613,412480689
7749,4964161613,9709623326
7750,4964161613,4964161612
7751,4964161613,4964161614
7752,4964161614,412480690
7753,4964161614,4964161616
7754,4964161614,4964161613
7755,4964161614,9907928912
7756,4964161616,4964161614
7757,4964161616,9657776354
7758,4964161616,9709623326
7759,4964161616,9907928911
7760,4964161622,2676836357
7761,4964161622,9926607375
7762,5000414155,9950574287
7763,5000414155,6622846385
7764,5000414155,8892286893
7765,5001013442,5269995516
7766,5001464670,8003058307
7767,5001464670,7788691894
7768,5001464673,5001464670
7769,5028748900,5028748903
7770,5028748900,5028750328
7771,5028748900,6790108528
7772,5028748901,415993767
7773,5028748901,5028750352
7774,5028748903,5028748900
7775,5028748903,5028748910
7776,5028748903,5028750326
7777,5028748903,415993765
7778,5028748906,5028750361
7779,5028748906,6790022020
7780,5028748906,5028748908
7781,5028748906,5028750357
7782,5028748908,5028748906
7783,5028748908,5028748909
7784,5028748908,6790602572
7785,5028748909,5028750328
7786,5028748909,5028748910
7787,5028748909,5028748908
7788,5028748910,5028748909
7789,5028748910,6790602572
7790,5028748910,5028748903
7791,5028748918,6790022015
7792,5028748918,5028750343
7793,5028748918,5028750358
7794,5028750325,6790108528
7795,5028750325,5028750343
7796,5028750325,5028750345
7797,5028750326,5028750353
7798,5028750326,5028748903
7799,5028750326,5028750352
7800,5028750328,5028750356
7801,5028750328,5028748909
7802,5028750328,5028748900
7803,5028750329,6790022056
7804,5028750329,6790022055
7805,5028750329,5028750330
7806,5028750330,5028750334
7807,5028750330,5028750329
7808,5028750330,6790022043
7809,5028750334,6790022042
7810,5028750334,6790022014
7811,5028750334,5028750330
7812,5028750335,6790022045
7813,5028750335,6790022025
7814,5028750335,6790022044
7815,5028750337,3967147659
7816,5028750337,6790022025
7817,5028750338,5028750340
7818,5028750338,6790022014
7819,5028750338,6790022034
7820,5028750340,6790022047
7821,5028750340,5028750338
7822,5028750340,6790022041
7823,5028750340,6790022050
7824,5028750343,6790022054
7825,5028750343,5028750325
7826,5028750343,5028748918
7827,5028750345,6790022039
7828,5028750345,5028750354
7829,5028750345,5028750325
7830,5028750349,5028750337
7831,5028750349,6790022039
7832,5028750352,5028750354
7833,5028750352,5028750326
7834,5028750352,5028748901
7835,5028750353,5028750354
7836,5028750353,5028750326
7837,5028750353,6790108528
7838,5028750354,5028750352
7839,5028750354,5028750345
7840,5028750354,5028750353
7841,5028750354,5028750355
7842,5028750355,5028750349
7843,5028750355,5028750354
7844,5028750356,5028750328
7845,5028750356,5028750361
7846,5028750356,5028750358
7847,5028750357,5028748906
7848,5028750357,415993764
7849,5028750358,6790022018
7850,5028750358,5028748918
7851,5028750358,5028750356
7852,5028750361,5028748906
7853,5028750361,5028750356
7854,5028750361,5028750365
7855,5028750365,6790022020
7856,5028750365,6790022018
7857,5028750365,5028750361
7858,5030353912,9931569488
7859,5030353912,5028750357
7860,5030353914,9455204180
7861,5030353914,415994012
7862,5030369419,5030373105
7863,5030369419,5030373101
7864,5030369419,9931569487
7865,5030369420,5030373105
7866,5030373101,5030369419
7867,5030373101,5030373102
7868,5030373101,415994009
7869,5030373102,5030373101
7870,5030373102,5030373105
7871,5030373102,5030373104
7872,5030373104,415994010
7873,5030373104,5030373107
7874,5030373104,5030373102
7875,5030373105,5030369420
7876,5030373105,5030369419
7877,5030373105,5030373102
7878,5030373105,5030373106
7879,5030373106,9455204180
7880,5030373106,5030373105
7881,5030373106,9931569488
7882,5030373107,5030373104
7883,5030383933,415993763
7884,5030383933,5030383935
7885,5030383935,5030383936
7886,5030383935,9455204180
7887,5030383935,5030383933
7888,5030383936,9931569490
7889,5030383936,5030383935
7890,5030596321,9522780699
7891,5030596321,12072047538
7892,5030596324,12072047538
7893,5030596324,12072047552
7894,5030596324,5030596662
7895,5030596329,12072047552
7896,5030596329,12072047542
7897,5030596330,5030596329
7898,5030596330,12072047553
7899,5030596352,10175860549
7900,5030596352,12072047553
7901,5030596358,11128446267
7902,5030596358,5030596377
7903,5030596366,3562807823
7904,5030596367,5030596366
7905,5030596367,412760337
7906,5030596377,11128446266
7907,5030596377,10548076543
7908,5030596378,412761266
7909,5030596378,11128446266
7910,5030596378,412761273
7911,5030596391,412760633
7912,5030596662,5030596324
7913,5238335711,5901931862
7914,5238335711,9642377707
7915,5238335711,677292398
7916,5263098252,2511164660
7917,5263098252,5263098277
7918,5263098253,5362547426
7919,5263098253,5362547432
7920,5263098253,5263098277
7921,5263098274,2537881928
7922,5263098277,9906824112
7923,5263098277,5263098252
7924,5263098277,5263098253
7925,5263115668,677295418
7926,5263115668,4964161471
7927,5269927689,3451529964
7928,5269927700,3048326224
7929,5269927700,9709299545
7930,5269927714,6633212028
7931,5269927714,9671715069
7932,5269927718,9906861941
7933,5269927718,406515196
7934,5269927720,4689050399
7935,5269927720,4689050398
7936,5269927720,9653799386
7937,5269928324,1171848488
7938,5269928324,5578859355
7939,5269928325,1171848122
7940,5269928325,5269928324
7941,5269928327,5824604383
7942,5269928327,7994636334
7943,5269928327,5824604402
7944,5269955214,2676836467
7945,5269955214,3053559115
7946,5269955426,9982785626
7947,5269955426,3453688642
7948,5269995017,415985183
7949,5269995017,6313053565
7950,5269995331,12543276079
7951,5269995331,8222128530
7952,5269995345,7992017094
7953,5269995345,6313054261
7954,5269995346,6625204195
7955,5269995346,6313054260
7956,5269995351,5269995346
7957,5269995351,1179259631
7958,5269995351,7794109769
7959,5269995352,2162487719
7960,5269995352,13202444896
7961,5269995502,2162487716
7962,5269995503,11802209675
7963,5269995503,5269995502
7964,5269995516,9061406355
7965,5269995534,10002385042
7966,5269995534,7915338854
7967,5269995535,5269995534
7968,5269995535,11238395344
7969,5269995538,9061568846
7970,5269995787,334363420
7971,5269995787,5269995801
7972,5269995787,9369367718
7973,5269995788,9369367718
7974,5269995788,5269995787
7975,5269995789,5269995788
7976,5269995789,9048115417
7977,5269995801,9951896842
7978,5269995801,2469069129
7979,5269995801,11184290893
7980,5269995808,3048997266
7981,5269995808,9976522355
7982,5269995809,5269995808
7983,5269995809,13202416598
7984,5269995822,9976522365
7985,5269995822,2469069024
7986,5269995824,7994636341
7987,5269995824,7988077990
7988,5270420009,6790359115
7989,5270420009,6620380053
7990,5270420115,1943924992
7991,5270420115,12153686383
7992,5270420381,6326297627
7993,5270420381,12153686367
7994,5270420387,5270420381
7995,5270420395,412200961
7996,5270420395,8859358475
7997,5270420806,11252949064
7998,5270670364,3968910049
7999,5270670364,4361620929
8000,5270670365,402993318
8001,5270670383,3226271671
8002,5270670383,8948717320
8003,5270670390,8948717319
8004,5270670390,5270670401
8005,5270670398,9037449550
8006,5270670398,8233150457
8007,5270670401,8090739185
8008,5286523606,1282895907
8009,5286523606,9967768322
8010,5311349117,5311349228
8011,5311349117,5311349229
8012,5311349117,5311349230
8013,5311349224,9992107721
8014,5311349224,8272988825
8015,5311349224,5311349229
8016,5311349225,5311349228
8017,5311349225,9926607508
8018,5311349225,5311349230
8019,5311349228,5311349117
8020,5311349228,5311349225
8021,5311349228,5311349229
8022,5311349228,5311349230
8023,5311349229,5311349228
8024,5311349229,5311349224
8025,5311349229,5311349117
8026,5311349230,5311349228
8027,5311349230,5311349225
8028,5311349230,5311349117
8029,5311366417,5311366723
8030,5311366417,3472714285
8031,5311366723,5509803422
8032,5311366724,5311366730
8033,5311366724,3472714274
8034,5311366730,5312968183
8035,5311366731,5311366744
8036,5311366731,5311366737
8037,5311366737,9812588998
8038,5311366738,5311366744
8039,5311366738,5311366737
8040,5311366744,677293258
8041,5311402820,5311403322
8042,5311402820,3472739191
8043,5311403322,3472739188
8044,5311403322,3241082517
8045,5311403327,1171848199
8046,5311403327,5422373144
8047,5311403328,6633198146
8048,5311403328,3241082516
8049,5311403338,1171848199
8050,5311403338,2504856976
8051,5311403339,5311403328
8052,5311403339,9916569959
8053,5311403344,677293257
8054,5311403344,3241082519
8055,5312968177,9812589000
8056,5312968177,5312971985
8057,5312968183,5312968188
8058,5312968183,5312971985
8059,5312968188,2477347693
8060,5312968188,5312971986
8061,5312968189,3472714271
8062,5312968189,5312971988
8063,5312971946,5312971964
8064,5312971946,5312971967
8065,5312971946,5312971988
8066,5312971964,5312971985
8067,5312971964,5312971967
8068,5312971964,5312971946
8069,5312971967,5312971986
8070,5312971967,5312971946
8071,5312971967,5312971964
8072,5312971985,5312971964
8073,5312971985,5312968183
8074,5312971985,5312968177
8075,5312971986,5312971988
8076,5312971986,5312968188
8077,5312971986,5312971967
8078,5312971988,5312971986
8079,5312971988,5312968189
8080,5312971988,5312971946
8081,5350966641,406114042
8082,5350972557,9907941669
8083,5350972557,5808741445
8084,5362547426,5362547427
8085,5362547426,5263098253
8086,5362547427,5362547426
8087,5362547427,5362547428
8088,5362547428,5362547427
8089,5362547432,5263098253
8090,5362617471,6313264019
8091,5362617471,8222036930
8092,5362617471,5362617476
8093,5362617476,5362617471
8094,5372384205,9910240849
8095,5372384205,2676836390
8096,5374253268,6313177244
8097,5374253268,5374253269
8098,5374253269,5374253270
8099,5374253270,6313177240
8100,5374253270,9899024391
8101,5422041881,5312968189
8102,5422041881,5422104282
8103,5422041882,5422041883
8104,5422041882,5422104282
8105,5422041882,5422041892
8106,5422041883,5422104281
8107,5422041883,5422041882
8108,5422041888,5422041889
8109,5422041889,5422041892
8110,5422041889,5422041895
8111,5422041889,5422041888
8112,5422041892,5422041889
8113,5422041892,5422041882
8114,5422041892,5422041895
8115,5422041895,5422041896
8116,5422041895,5422041892
8117,5422041895,5422041889
8118,5422041896,5422041895
8119,5422104281,5422104283
8120,5422104281,3042566855
8121,5422104282,5422041882
8122,5422104282,5422041881
8123,5422104282,5422104283
8124,5422104283,5422104281
8125,5422104283,5422104284
8126,5422104283,5422104282
8127,5422104284,5422104283
8128,5422104284,5422041881
8129,5422320762,4607653328
8130,5422320762,5422320773
8131,5422320769,5422320770
8132,5422320770,5422320769
8133,5422320770,5422320778
8134,5422320770,5422320772
8135,5422320772,5422320770
8136,5422320773,5422320783
8137,5422320773,5422320762
8138,5422320773,5422320777
8139,5422320777,5422320778
8140,5422320777,5422320783
8141,5422320777,5422320773
8142,5422320778,5422320777
8143,5422320778,5422320770
8144,5422320778,5422320783
8145,5422320783,5422320773
8146,5422320783,5422320777
8147,5422320783,5422320778
8148,5422373144,3241082518
8149,5422373144,5422373145
8150,5422373145,3241082512
8151,5422373145,3241082511
8152,5422373145,5422373144
8153,5422391893,3472714266
8154,5422391893,3241082480
8155,5422391893,5422391899
8156,5422391898,9916570099
8157,5422391898,5422391907
8158,5422391899,5422391907
8159,5422391899,5422391893
8160,5422391899,5422391902
8161,5422391902,5422391899
8162,5422391903,5422391907
8163,5422391907,5422391898
8164,5422391907,5422391899
8165,5422391907,5422391903
8166,5422395073,3241082512
8167,5422395073,5422395074
8168,5422395073,3241082499
8169,5422395074,5422395073
8170,5422395074,5422395076
8171,5422395074,5422395080
8172,5422395076,5422395080
8173,5422395076,5422395078
8174,5422395076,5422395074
8175,5422395078,3241082515
8176,5422395078,5422395082
8177,5422395078,5422395076
8178,5422395080,5422395076
8179,5422395080,5422395082
8180,5422395080,5422395074
8181,5422395082,5422395078
8182,5422395082,3241082501
8183,5422395082,5422395080
8184,5422577529,9671714989
8185,5422577529,6630054645
8186,5422577529,6672876413
8187,5422577529,9916563964
8188,5422633966,5422633973
8189,5422633966,5422633974
8190,5422633973,2537853879
8191,5422633974,2477347652
8192,5422633981,5422633974
8193,5422633981,5422633973
8194,5469028880,3053558013
8195,5469028880,3053558012
8196,5469028881,5469028886
8197,5469028881,5469028880
8198,5469028886,1170839255
8199,5469028887,5469028892
8200,5469028887,9906861932
8201,5469028891,9987353739
8202,5469028892,5469028895
8203,5469028892,9906861933
8204,5469028893,412780756
8205,5469028893,9906861933
8206,5469028893,5469028894
8207,5469028894,5469028893
8208,5469028894,5469028891
8209,5469028895,9907063673
8210,5469028895,9906861934
8211,5469028896,1170839731
8212,5469028896,9709299561
8213,5471144704,6741805203
8214,5471144704,3451529976
8215,5471144708,3480705243
8216,5471144708,9976522409
8217,5471144720,9671715068
8218,5471144720,5471154534
8219,5471144720,5269927714
8220,5471154529,6327768519
8221,5471154529,6738224302
8222,5471154530,9977337370
8223,5471154530,5471154546
8224,5471154531,5471154530
8225,5471154531,6633212031
8226,5471154533,5471154534
8227,5471154533,5269927714
8228,5471154534,5471144720
8229,5471154534,4689050394
8230,5471154534,9906858677
8231,5471154546,5471154547
8232,5471154546,9977337341
8233,5471154547,5471154531
8234,5471154548,9977337354
8235,5471154549,5471154548
8236,5471154549,412767715
8237,5471154551,9977337357
8238,5471154551,412774895
8239,5471154551,5471154549
8240,5471154573,9992107796
8241,5471154574,3502590690
8242,5471154574,5471154578
8243,5471154578,3502590898
8244,5471154579,3966900766
8245,5471154579,5471154584
8246,5471154584,12148328527
8247,5471154590,3502590900
8248,5471154590,5471154594
8249,5471154594,9992107732
8250,5471154607,5471154619
8251,5471154610,4361619920
8252,5471154610,5471154607
8253,5471154611,2476377703
8254,5471154611,2511165674
8255,5471154615,9979308761
8256,5471154615,5471154617
8257,5471154617,6313054010
8258,5471154617,5471154615
8259,5471154618,5471154619
8260,5471154618,5471154611
8261,5471154619,5471154721
8262,5471154619,5471154618
8263,5471154619,6313054009
8264,5471154620,6313054385
8265,5471154620,9911485718
8266,5471154620,6313176950
8267,5471154721,9911485718
8268,5471154721,5471154619
8269,5471154721,5471154723
8270,5471154723,9911455413
8271,5471154723,7984022041
8272,5471154723,5471154730
8273,5471154723,5471154721
8274,5471154726,9911485719
8275,5471154726,6313054389
8276,5471154726,10002385025
8277,5471154730,5471154731
8278,5471154730,6313177191
8279,5471154730,5471154723
8280,5471154731,5471154730
8281,5471154731,9979128181
8282,5498026982,2504889850
8283,5498026982,5498049155
8284,5498026986,5498049155
8285,5498049150,5498049155
8286,5498049155,5498026986
8287,5498049155,5498049150
8288,5498049155,5498026982
8289,5507719904,9906988412
8290,5507719904,9906988396
8291,5507719907,2839601347
8292,5507719908,9916435846
8293,5507719910,9916442258
8294,5507719910,9916435900
8295,5507719911,5507719908
8296,5507719911,5507719910
8297,5507719914,9916435867
8298,5507719914,3968873176
8299,5507719917,5507719907
8300,5507719917,8666869712
8301,5509741515,5311366731
8302,5509741515,5509741518
8303,5509741518,5509741739
8304,5509741518,5509741740
8305,5509741518,5509741515
8306,5509741738,5509741739
8307,5509741738,5509803422
8308,5509741739,5509741738
8309,5509741739,5509741518
8310,5509741739,5509741745
8311,5509741740,5509741745
8312,5509741740,5509741745
8313,5509741740,5509741518
8314,5509741745,5509741739
8315,5509741745,5509741740
8316,5509741745,5509741740
8317,5509803422,5509741515
8318,5509847743,5509847813
8319,5509847743,5509847951
8320,5509847743,5509847944
8321,5509847747,5509847921
8322,5509847747,5509847820
8323,5509847747,6263417366
8324,5509847748,5509847813
8325,5509847748,9687410308
8326,5509847748,5509847942
8327,5509847749,6565410460
8328,5509847749,5509847812
8329,5509847752,5509847957
8330,5509847752,5509847753
8331,5509847752,406459681
8332,5509847753,5509847752
8333,5509847753,5509847952
8334,5509847753,5509847948
8335,5509847764,5509847801
8336,5509847764,5509847820
8337,5509847764,9685819245
8338,5509847767,5509847802
8339,5509847767,5509847806
8340,5509847767,5509847925
8341,5509847777,9112231794
8342,5509847777,5509847778
8343,5509847778,5509847777
8344,5509847778,6430386597
8345,5509847778,6430386605
8346,5509847779,6430386605
8347,5509847779,6430386595
8348,5509847779,6546573308
8349,5509847780,9685490139
8350,5509847780,6430386595
8351,5509847780,6275997498
8352,5509847783,5509847796
8353,5509847783,5509847788
8354,5509847783,5509847786
8355,5509847783,9685490139
8356,5509847785,9686043517
8357,5509847785,6285286499
8358,5509847785,5509847803
8359,5509847786,5509847783
8360,5509847786,6284124125
8361,5509847786,9689936051
8362,5509847788,5509847783
8363,5509847788,5509847789
8364,5509847788,6430386639
8365,5509847789,5509847793
8366,5509847789,5509847788
8367,5509847789,5509847797
8368,5509847792,6275997498
8369,5509847792,9686043517
8370,5509847792,5509847793
8371,5509847792,9691294966
8372,5509847793,5509847794
8373,5509847793,5509847792
8374,5509847793,5509847789
8375,5509847794,5509847793
8376,5509847794,5509847803
8377,5509847794,6284123683
8378,5509847795,5509847797
8379,5509847795,6284123676
8380,5509847795,5509847800
8381,5509847796,9687410312
8382,5509847796,5509847783
8383,5509847796,5509847798
8384,5509847797,5509847795
8385,5509847797,5509847798
8386,5509847797,5509847789
8387,5509847798,5509847797
8388,5509847798,5509847796
8389,5509847798,5509847799
8390,5509847799,5509847798
8391,5509847799,5509847800
8392,5509847799,9687410312
8393,5509847800,6284123678
8394,5509847800,5509847795
8395,5509847800,5509847799
8396,5509847801,5509847764
8397,5509847801,6285286485
8398,5509847801,9685819246
8399,5509847801,5509847802
8400,5509847802,5509847767
8401,5509847802,6285286489
8402,5509847802,6285286498
8403,5509847802,5509847801
8404,5509847803,6284123674
8405,5509847803,5509847794
8406,5509847803,5509847785
8407,5509847804,9561633879
8408,5509847804,6284123649
8409,5509847804,6284123678
8410,5509847805,9561633886
8411,5509847805,6284123674
8412,5509847805,6285286498
8413,5509847806,6285286499
8414,5509847806,5509847767
8415,5509847806,6430386587
8416,5509847809,6314454187
8417,5509847809,9689029493
8418,5509847809,5509847937
8419,5509847810,6283124139
8420,5509847810,5509847811
8421,5509847810,5509847940
8422,5509847810,6283124143
8423,5509847811,5509847817
8424,5509847811,6283124058
8425,5509847811,5509847810
8426,5509847812,9687420135
8427,5509847812,9687420133
8428,5509847813,5509847748
8429,5509847813,5509847743
8430,5509847813,9687410307
8431,5509847817,5509847811
8432,5509847820,5509847764
8433,5509847820,5509847938
8434,5509847820,5509847747
8435,5509847921,5509847940
8436,5509847921,5509847922
8437,5509847921,5509847923
8438,5509847921,5509847747
8439,5509847922,6284506254
8440,5509847922,5509847921
8441,5509847922,5509847933
8442,5509847922,5509847927
8443,5509847923,5509847925
8444,5509847923,5509847924
8445,5509847923,5509847921
8446,5509847924,5509847923
8447,5509847924,5509847925
8448,5509847924,5509847933
8449,5509847925,5509847923
8450,5509847925,5509847767
8451,5509847925,5509847924
8452,5509847926,6566277825
8453,5509847926,10801939355
8454,5509847926,5509847933
8455,5509847927,6283124139
8456,5509847927,6284506254
8457,5509847927,5509847922
8458,5509847933,5509847926
8459,5509847933,5509847924
8460,5509847933,5509847937
8461,5509847933,5509847922
8462,5509847937,5509847809
8463,5509847937,6430386587
8464,5509847937,5509847933
8465,5509847938,5509847820
8466,5509847938,6565410460
8467,5509847938,5509847939
8468,5509847939,5509847942
8469,5509847939,5509847940
8470,5509847939,5509847938
8471,5509847939,6263417366
8472,5509847940,5509847943
8473,5509847940,5509847921
8474,5509847940,5509847810
8475,5509847940,5509847939
8476,5509847942,5509847939
8477,5509847942,5509847943
8478,5509847942,5509847748
8479,5509847942,9003557114
8480,5509847943,5509847940
8481,5509847943,9687410300
8482,5509847943,5509847942
8483,5509847944,9687420133
8484,5509847944,5509847743
8485,5509847944,5509847982
8486,5509847948,5509847974
8487,5509847948,5509847981
8488,5509847948,5509847951
8489,5509847948,5509847753
8490,5509847951,6283123996
8491,5509847951,5509847743
8492,5509847951,5509847948
8493,5509847952,6283123996
8494,5509847952,5509847957
8495,5509847952,5509847753
8496,5509847957,5509847752
8497,5509847957,5509847952
8498,5509847957,406459681
8499,5509847969,5509847972
8500,5509847969,5509847970
8501,5509847969,6328143961
8502,5509847970,5509847969
8503,5509847971,5509847972
8504,5509847972,5509847969
8505,5509847972,5509847979
8506,5509847972,5509847971
8507,5509847973,5509847974
8508,5509847974,5509847975
8509,5509847974,5509847948
8510,5509847974,5509847973
8511,5509847975,5509847979
8512,5509847975,5509847974
8513,5509847975,5509847980
8514,5509847976,5509847980
8515,5509847976,5509847982
8516,5509847976,5509847979
8517,5509847979,5509847972
8518,5509847979,5509847975
8519,5509847979,5509847976
8520,5509847980,5509847976
8521,5509847980,5509847975
8522,5509847980,5509847981
8523,5509847981,5509847980
8524,5509847981,5509847948
8525,5509847981,5509847982
8526,5509847982,5509847976
8527,5509847982,5509847981
8528,5509847982,5509847944
8529,5509939264,9922077548
8530,5509939264,8234025207
8531,5509939264,5509939268
8532,5509939268,677293257
8533,5509939268,5509939264
8534,5510003746,5510003748
8535,5510003746,8892348537
8536,5510003746,9039339016
8537,5510003748,8892348536
8538,5510003748,8892348537
8539,5510003748,5510003746
8540,5510020348,5510020349
8541,5510020348,9974349811
8542,5510020348,5510020352
8543,5510020348,2537853867
8544,5510020349,5510020348
8545,5510020352,5510020348
8546,5510028763,2476825212
8547,5510028763,5510028764
8548,5510028763,5510003746
8549,5510028764,9974349793
8550,5510028764,5510028763
8551,5510038913,9042257393
8552,5510038913,3226271721
8553,5510038913,9974349793
8554,5510047515,9042257393
8555,5578846663,5824604351
8556,5578846663,5578846711
8557,5578846663,5824604423
8558,5578846670,8948666208
8559,5578846670,2839601316
8560,5578846670,6524832881
8561,5578846707,5824604354
8562,5578846707,2537839895
8563,5578846707,5824604350
8564,5578846707,5824604288
8565,5578846708,7981297362
8566,5578846708,2537839878
8567,5578846708,5824604321
8568,5578846708,5578859375
8569,5578846709,5578846712
8570,5578846709,5578846710
8571,5578846709,5824604325
8572,5578846710,5578846711
8573,5578846710,5824604422
8574,5578846711,5578846663
8575,5578846711,5578846710
8576,5578846711,5824604352
8577,5578846712,5578846709
8578,5578846712,5824604307
8579,5578859353,5578859356
8580,5578859353,11027994838
8581,5578859353,5578859358
8582,5578859355,5578859356
8583,5578859355,9908926670
8584,5578859356,5578859353
8585,5578859356,5578859357
8586,5578859356,5578859355
8587,5578859357,5578859356
8588,5578859358,5578859360
8589,5578859358,5578859353
8590,5578859358,1171848108
8591,5578859360,5578859358
8592,5578859360,1171848108
8593,5578859361,406515193
8594,5578859361,3520804187
8595,5578859361,7991587479
8596,5578859362,11027994848
8597,5578859362,7991587479
8598,5578859362,406515190
8599,5578859363,3520804187
8600,5578859363,3520804189
8601,5578859363,7991587480
8602,5578859364,7991587480
8603,5578859364,5578859362
8604,5578859370,11027994844
8605,5578859370,5578859364
8606,5578859375,5578846708
8607,5578859375,2537839884
8608,5578859375,2839601316
8609,5578859377,2839601316
8610,5578859377,10159596349
8611,5578859377,9781139534
8612,5636738652,13001229344
8613,5636738652,6327768776
8614,5636738652,6327767453
8615,5636738652,9916569997
8616,5691462119,5471144704
8617,5721703101,1371263873
8618,5725800556,6324987020
8619,5725800556,6324987023
8620,5725800558,12855404890
8621,5725800560,5725800562
8622,5725800561,5725800560
8623,5725800561,6325445087
8624,5725800562,5725800563
8625,5725800562,5725800558
8626,5725800563,5725800561
8627,5725800563,1282895953
8628,5755083483,4168513237
8629,5755083483,4168513236
8630,5755083483,5755083484
8631,5755083484,5755083483
8632,5755083484,2191032668
8633,5755083485,4964161487
8634,5755083485,5755083487
8635,5755083486,403222930
8636,5755083486,4964161489
8637,5755083486,4964161490
8638,5755083487,5755083528
8639,5755083487,5755083492
8640,5755083488,5755083527
8641,5755083488,4964161490
8642,5755083488,5755083489
8643,5755083489,9657776331
8644,5755083489,4964161491
8645,5755083489,5755083490
8646,5755083489,5755083488
8647,5755083490,5755083489
8648,5755083490,5755083494
8649,5755083490,9657776332
8650,5755083492,8300138905
8651,5755083492,9657776331
8652,5755083492,906119722
8653,5755083494,4964161491
8654,5755083494,5755083502
8655,5755083494,5755083490
8656,5755083494,5755083499
8657,5755083498,4964161494
8658,5755083498,5755083504
8659,5755083498,5755083499
8660,5755083499,5755083498
8661,5755083499,5755083503
8662,5755083499,5755083494
8663,5755083500,4964161492
8664,5755083500,4964161494
8665,5755083500,5755083503
8666,5755083501,5755083502
8667,5755083502,5755083494
8668,5755083502,4964161492
8669,5755083502,5755083503
8670,5755083502,5755083501
8671,5755083503,5755083500
8672,5755083503,5755083499
8673,5755083503,5755083502
8674,5755083504,5755083498
8675,5755083504,1180316530
8676,5755083504,5755083505
8677,5755083505,4964161477
8678,5755083505,4964161478
8679,5755083505,5755083504
8680,5755083506,5755083512
8681,5755083506,1180316530
8682,5755083506,5755083509
8683,5755083508,5755083509
8684,5755083509,5755083508
8685,5755083509,5755083506
8686,5755083509,9910982555
8687,5755083512,403222930
8688,5755083512,5755083506
8689,5755083512,9910982555
8690,5755083513,4964161498
8691,5755083513,4964161501
8692,5755083513,5755083515
8693,5755083515,4964161497
8694,5755083515,5755083516
8695,5755083515,4964161501
8696,5755083515,5755083513
8697,5755083516,8096747529
8698,5755083516,5755083517
8699,5755083516,5755083515
8700,5755083517,5755083521
8701,5755083517,9907928902
8702,5755083517,5755083516
8703,5755083519,9657776348
8704,5755083519,2191032907
8705,5755083520,5755083521
8706,5755083520,8096747528
8707,5755083521,9657776348
8708,5755083521,5755083517
8709,5755083521,5755083520
8710,5755083522,5755083525
8711,5755083525,4964161477
8712,5755083525,9907928892
8713,5755083525,5755083522
8714,5755083526,4964161488
8715,5755083526,4964161482
8716,5755083526,5755083527
8717,5755083527,5755083528
8718,5755083527,5755083488
8719,5755083527,5755083526
8720,5755083528,5755083487
8721,5755083528,5755083527
8722,5755083528,4964161488
8723,5755083530,5755083535
8724,5755083530,9642377699
8725,5755083535,5755083530
8726,5755083535,4168513244
8727,5755083535,5755083542
8728,5755083542,1180316644
8729,5755083542,9910240837
8730,5755083543,4964161479
8731,5755083543,5755083549
8732,5755083545,4964161483
8733,5755083545,4964161481
8734,5755083545,5755083547
8735,5755083546,5755083548
8736,5755083546,5755083547
8737,5755083546,4964161481
8738,5755083547,5755083549
8739,5755083547,5755083546
8740,5755083547,5755083545
8741,5755083548,5755083546
8742,5755083548,5755083549
8743,5755083548,4964161479
8744,5755083549,5755083547
8745,5755083549,5755083543
8746,5755083549,5755083548
8747,5755083551,412478115
8748,5755083551,4361620922
8749,5769580863,9959159170
8750,5769580864,8847974470
8751,5769580864,10592101949
8752,5769580865,5769580864
8753,5769580865,10592101941
8754,5777251913,9976522384
8755,5777251913,9709623336
8756,5777433492,5898135217
8757,5777433492,5777433504
8758,5777433493,9907941735
8759,5777433493,5507719904
8760,5777433499,13307970313
8761,5777433499,406135445
8762,5777433501,2839601067
8763,5777433501,2839601238
8764,5777433501,1170838806
8765,5777433502,5898135224
8766,5777433502,9910232402
8767,5777433502,5898135222
8768,5777433504,5777433505
8769,5777433504,9910232402
8770,5777433505,5777433499
8771,5777433506,9910232402
8772,5777433506,5898135226
8773,5777433506,5777433505
8774,5777433732,6004182241
8775,5777433732,5777433733
8776,5777433733,406149779
8777,5777433733,5777433732
8778,5808741407,9907941721
8779,5808741407,8365983653
8780,5808741412,9982785597
8781,5808741412,6014117469
8782,5808741435,9910240858
8783,5808741436,5808741441
8784,5808741436,9907941684
8785,5808741436,9907941673
8786,5808741437,5808741441
8787,5808741437,5808741439
8788,5808741437,9907941671
8789,5808741437,9907941672
8790,5808741438,8300149223
8791,5808741438,610579525
8792,5808741439,5808741437
8793,5808741439,8300149223
8794,5808741439,5808741438
8795,5808741441,5808741437
8796,5808741441,5808741436
8797,5808741441,5808741442
8798,5808741442,5808741441
8799,5808741442,610579525
8800,5808741442,1629280303
8801,5808741445,9907941671
8802,5808741445,9907941675
8803,5808741452,5905816676
8804,5808741452,9907941648
8805,5808741452,9907941688
8806,5824604280,5824604285
8807,5824604285,5824604391
8808,5824604285,5824604397
8809,5824604285,5824604280
8810,5824604286,5824604398
8811,5824604286,7994636334
8812,5824604287,5824604363
8813,5824604287,5824604397
8814,5824604287,5824604387
8815,5824604287,1176788134
8816,5824604288,5824604359
8817,5824604288,5824604363
8818,5824604288,5578846707
8819,5824604288,5824604289
8820,5824604289,5824604299
8821,5824604289,2537839895
8822,5824604289,5824604291
8823,5824604289,5824604288
8824,5824604290,5824604292
8825,5824604290,5824604294
8826,5824604291,5824604293
8827,5824604291,5824604289
8828,5824604291,7994636328
8829,5824604292,401285414
8830,5824604292,5824604293
8831,5824604293,5824604292
8832,5824604293,5824604291
8833,5824604293,5824604294
8834,5824604294,5824604290
8835,5824604294,5824604295
8836,5824604294,5824604293
8837,5824604295,5824604294
8838,5824604295,5824604299
8839,5824604295,5824604298
8840,5824604298,5824604313
8841,5824604298,1176788179
8842,5824604298,5824604295
8843,5824604299,5824604295
8844,5824604299,5824604289
8845,5824604299,5824604300
8846,5824604300,2537839895
8847,5824604300,5824604313
8848,5824604300,5824604299
8849,5824604307,5824604350
8850,5824604307,5578846712
8851,5824604307,5824604308
8852,5824604308,2537839895
8853,5824604308,5824604326
8854,5824604308,5824604307
8855,5824604313,5824604300
8856,5824604313,5824604298
8857,5824604313,5824604316
8858,5824604316,5824604318
8859,5824604316,5824604319
8860,5824604316,5824604313
8861,5824604317,5824604319
8862,5824604318,5824604326
8863,5824604318,5824604322
8864,5824604318,5824604316
8865,5824604319,5824604316
8866,5824604319,5824604317
8867,5824604319,5824604320
8868,5824604320,2537839878
8869,5824604320,9906988347
8870,5824604320,5824604319
8871,5824604321,5578846708
8872,5824604321,5824604322
8873,5824604321,5824604323
8874,5824604322,5824604318
8875,5824604322,2537839878
8876,5824604322,5824604321
8877,5824604323,5824604324
8878,5824604323,5824604321
8879,5824604323,5824604325
8880,5824604324,5824604323
8881,5824604324,5824604422
8882,5824604324,7981297362
8883,5824604324,5824604419
8884,5824604324,5824604419
8885,5824604325,5824604323
8886,5824604325,5578846709
8887,5824604325,5824604326
8888,5824604326,5824604318
8889,5824604326,5824604308
8890,5824604326,5824604325
8891,5824604333,2839601191
8892,5824604333,9671715028
8893,5824604333,9671715035
8894,5824604335,9906988350
8895,5824604335,5824604492
8896,5824604335,5824604490
8897,5824604336,9906988341
8898,5824604336,5824604495
8899,5824604336,5824604497
8900,5824604350,5824604307
8901,5824604350,5824604353
8902,5824604350,5578846707
8903,5824604351,1176788134
8904,5824604351,5578846663
8905,5824604351,5824604353
8906,5824604352,5578846712
8907,5824604352,5824604353
8908,5824604353,5824604351
8909,5824604353,5824604350
8910,5824604353,5824604352
8911,5824604353,5824604354
8912,5824604354,1176788134
8913,5824604354,5578846707
8914,5824604354,5824604353
8915,5824604359,5824604372
8916,5824604359,5824604288
8917,5824604359,5824604364
8918,5824604362,5824604364
8919,5824604362,5824604364
8920,5824604362,5824604363
8921,5824604363,5824604288
8922,5824604363,5824604287
8923,5824604363,5824604362
8924,5824604364,5824604359
8925,5824604364,5824604365
8926,5824604364,5824604362
8927,5824604364,5824604362
8928,5824604365,5824604364
8929,5824604365,5824604370
8930,5824604365,5824604370
8931,5824604370,5824604371
8932,5824604370,5824604365
8933,5824604370,5824604365
8934,5824604371,5824604370
8935,5824604371,5824604379
8936,5824604371,5824604382
8937,5824604372,5824604375
8938,5824604372,5824604359
8939,5824604372,5824604382
8940,5824604375,7994636330
8941,5824604375,5824604372
8942,5824604375,5824604381
8943,5824604376,5824604381
8944,5824604376,5824604380
8945,5824604376,5824604377
8946,5824604377,11027994782
8947,5824604377,5824604376
8948,5824604379,5824604371
8949,5824604379,5824604380
8950,5824604379,5824604380
8951,5824604380,5824604376
8952,5824604380,5824604379
8953,5824604380,5824604379
8954,5824604381,5824604375
8955,5824604381,5824604376
8956,5824604381,5824604382
8957,5824604382,5824604371
8958,5824604382,5824604372
8959,5824604382,5824604381
8960,5824604383,5269928327
8961,5824604383,5824604406
8962,5824604383,5824604387
8963,5824604387,5824604287
8964,5824604387,5824604388
8965,5824604387,5824604383
8966,5824604388,5824604387
8967,5824604388,5824604389
8968,5824604388,5824604406
8969,5824604389,5824604388
8970,5824604389,5824604394
8971,5824604389,5824604395
8972,5824604391,5824604398
8973,5824604391,5824604285
8974,5824604391,5824604394
8975,5824604394,5824604391
8976,5824604394,5824604389
8977,5824604394,5824604396
8978,5824604395,5824604389
8979,5824604395,5824604396
8980,5824604395,5824604396
8981,5824604396,5824604397
8982,5824604396,5824604395
8983,5824604396,5824604395
8984,5824604396,5824604394
8985,5824604397,5824604287
8986,5824604397,5824604285
8987,5824604397,5824604396
8988,5824604398,5824604286
8989,5824604398,5824604391
8990,5824604398,5824604404
8991,5824604401,5824604402
8992,5824604401,5824604405
8993,5824604401,5824604404
8994,5824604402,5824604401
8995,5824604402,5824604286
8996,5824604404,5824604405
8997,5824604404,5824604398
8998,5824604404,5824604401
8999,5824604405,5824604404
9000,5824604405,5824604406
9001,5824604405,5824604401
9002,5824604406,5824604383
9003,5824604406,5824604405
9004,5824604406,5824604388
9005,5824604419,5824604324
9006,5824604419,5824604324
9007,5824604419,8948666208
9008,5824604419,5824604423
9009,5824604422,5824604423
9010,5824604422,5578846710
9011,5824604422,5824604324
9012,5824604423,5824604422
9013,5824604423,5824604419
9014,5824604423,5578846663
9015,5824604490,5824604497
9016,5824604490,5824604335
9017,5824604490,5824604493
9018,5824604491,1172876800
9019,5824604491,5824604494
9020,5824604491,1172876580
9021,5824604492,5824604335
9022,5824604492,1172876800
9023,5824604492,5824604493
9024,5824604493,5824604494
9025,5824604493,5824604490
9026,5824604493,5824604492
9027,5824604494,5824604491
9028,5824604494,5824604493
9029,5824604494,5824604496
9030,5824604495,5824604336
9031,5824604495,1172876580
9032,5824604495,5824604496
9033,5824604496,5824604495
9034,5824604496,5824604494
9035,5824604496,5824604497
9036,5824604497,5824604336
9037,5824604497,5824604490
9038,5824604497,5824604496
9039,5824604504,9916570018
9040,5824604504,406510133
9041,5824604506,4689045579
9042,5824604506,4689045577
9043,5824604506,9916570018
9044,5824619930,5824619931
9045,5824619931,5824619936
9046,5824619931,5824619940
9047,5824619931,5824619930
9048,5824619932,5824619933
9049,5824619933,5824619940
9050,5824619933,5824619932
9051,5824619933,5824619934
9052,5824619934,1171848095
9053,5824619934,5824619935
9054,5824619934,5824619933
9055,5824619935,5824619934
9056,5824619935,1171848122
9057,5824619935,5824619941
9058,5824619936,11027994844
9059,5824619936,5824619931
9060,5824619936,5824619937
9061,5824619937,5824619936
9062,5824619937,2469069144
9063,5824619937,5824619941
9064,5824619940,5824619931
9065,5824619940,5824619933
9066,5824619940,5824619941
9067,5824619941,5824619940
9068,5824619941,5824619935
9069,5824619941,5824619937
9070,5897122597,6312677319
9071,5897122597,404596768
9072,5898135196,5898135209
9073,5898135196,5898135205
9074,5898135196,5898135204
9075,5898135198,9976522375
9076,5898135198,3048331503
9077,5898135198,5898135200
9078,5898135199,5898135200
9079,5898135199,3048331503
9080,5898135200,5898135198
9081,5898135200,5898135204
9082,5898135200,5898135201
9083,5898135200,5898135199
9084,5898135201,5898135200
9085,5898135202,5898135204
9086,5898135204,5898135200
9087,5898135204,5898135196
9088,5898135204,5898135202
9089,5898135205,5898135196
9090,5898135205,9982785636
9091,5898135205,5898135207
9092,5898135207,3480705243
9093,5898135207,5898135205
9094,5898135208,5898135207
9095,5898135208,5898135210
9096,5898135209,9976522374
9097,5898135209,5898135196
9098,5898135209,5898135210
9099,5898135210,5898135209
9100,5898135210,5898135208
9101,5898135210,5898135211
9102,5898135211,5898135210
9103,5898135212,5898135225
9104,5898135212,5898135229
9105,5898135216,5898135219
9106,5898135216,5898135217
9107,5898135216,5898135237
9108,5898135217,5777433492
9109,5898135217,5898135224
9110,5898135217,5898135216
9111,5898135219,5898135222
9112,5898135219,5898135216
9113,5898135219,5898135224
9114,5898135219,5898135223
9115,5898135220,5898135222
9116,5898135220,5898135226
9117,5898135220,5898135225
9118,5898135222,5898135220
9119,5898135222,5898135219
9120,5898135222,5777433502
9121,5898135223,5898135237
9122,5898135223,5898135227
9123,5898135223,5898135219
9124,5898135224,5898135217
9125,5898135224,5777433502
9126,5898135224,5898135219
9127,5898135225,5898135212
9128,5898135225,5898135220
9129,5898135225,5898135227
9130,5898135226,5777433506
9131,5898135226,1170838627
9132,5898135226,5898135220
9133,5898135227,5898135223
9134,5898135227,5898135239
9135,5898135227,5898135225
9136,5898135228,5898135239
9137,5898135228,5898135238
9138,5898135228,5898135229
9139,5898135229,5898135228
9140,5898135229,3480705241
9141,5898135237,5898135223
9142,5898135237,5898135238
9143,5898135237,5898135216
9144,5898135238,5898135239
9145,5898135238,5898135237
9146,5898135238,5898135228
9147,5898135239,5898135228
9148,5898135239,5898135227
9149,5898135239,5898135238
9150,5898135240,5898135242
9151,5898135242,6327902983
9152,5898135242,5898135246
9153,5898135242,5898135240
9154,5898135245,5898135246
9155,5898135245,9652036456
9156,5898135246,5898135242
9157,5898135246,5898135250
9158,5898135246,5898135245
9159,5898135248,5898135264
9160,5898135248,5898135245
9161,5898135249,5898135250
9162,5898135249,5898135256
9163,5898135249,5898135264
9164,5898135250,5898135249
9165,5898135250,5898135246
9166,5898135250,5898135257
9167,5898135252,5898135253
9168,5898135253,5898135256
9169,5898135253,5898135252
9170,5898135253,5898135254
9171,5898135254,5898135257
9172,5898135254,5898135255
9173,5898135254,5898135253
9174,5898135255,5898135256
9175,5898135255,5898135254
9176,5898135255,5898135257
9177,5898135256,5898135253
9178,5898135256,5898135249
9179,5898135256,5898135255
9180,5898135257,5898135254
9181,5898135257,5898135250
9182,5898135257,5898135255
9183,5898135259,5898135261
9184,5898135259,6327902983
9185,5898135259,5898135260
9186,5898135260,5898135259
9187,5898135260,5898135887
9188,5898135260,5898135284
9189,5898135261,5898135277
9190,5898135261,5898135259
9191,5898135261,5898135885
9192,5898135264,5898135248
9193,5898135264,5898135249
9194,5898135264,5898135269
9195,5898135268,5898135269
9196,5898135269,5898135268
9197,5898135269,5898135264
9198,5898135269,5898135273
9199,5898135273,5898135284
9200,5898135273,5898135885
9201,5898135273,5898135269
9202,5898135274,5898135278
9203,5898135274,5898135248
9204,5898135277,401257641
9205,5898135277,5898135261
9206,5898135277,5898135278
9207,5898135278,5898135279
9208,5898135278,5898135277
9209,5898135278,5898135274
9210,5898135279,5898135278
9211,5898135279,406135442
9212,5898135284,5898135885
9213,5898135284,5898135273
9214,5898135284,5898135260
9215,5898135885,5898135261
9216,5898135885,5898135284
9217,5898135885,5898135273
9218,5898135887,5898135260
9219,5898135889,5898135890
9220,5898135890,5898135889
9221,5898135890,5898135893
9222,5898135890,5898135910
9223,5898135893,5898135890
9224,5898135893,5898135903
9225,5898135893,5898135894
9226,5898135894,5898135893
9227,5898135902,9976522375
9228,5898135902,5898135903
9229,5898135903,5898135893
9230,5898135903,5898135902
9231,5898135903,5898135909
9232,5898135909,5898135902
9233,5898135909,5898135903
9234,5898135910,5898135890
9235,5898135910,401285165
9236,5898135910,5898135912
9237,5898135912,9976522376
9238,5898135912,5898135910
9239,5898135913,9976522380
9240,5898135913,5898135920
9241,5898135920,5898135913
9242,5898135920,5777433492
9243,5898135921,9907984236
9244,5898135921,5898135925
9245,5898135922,5898135923
9246,5898135923,5898135922
9247,5898135923,5898135925
9248,5898135923,5898135924
9249,5898135924,5898135923
9250,5898135925,5898135923
9251,5898135925,5898135926
9252,5898135925,5898135921
9253,5898135926,5898135925
9254,5898135926,5898135944
9255,5898135926,5898135943
9256,5898135927,5898135921
9257,5898135927,5898135943
9258,5898135928,5898135929
9259,5898135929,5898135928
9260,5898135929,5898135932
9261,5898135929,5898135931
9262,5898135931,5898135933
9263,5898135931,5898135932
9264,5898135931,5898135929
9265,5898135932,5898135929
9266,5898135932,5898135944
9267,5898135932,5898135931
9268,5898135933,5898135931
9269,5898135933,5898135954
9270,5898135933,5898135934
9271,5898135934,5898135933
9272,5898135935,5898135955
9273,5898135935,5898135940
9274,5898135937,5898135950
9275,5898135937,9906858700
9276,5898135940,5898135948
9277,5898135940,5898135946
9278,5898135941,5898135927
9279,5898135942,5898135955
9280,5898135942,5898135945
9281,5898135942,5898135946
9282,5898135943,5898135926
9283,5898135943,5898135927
9284,5898135943,5898135949
9285,5898135944,5898135932
9286,5898135944,5898135926
9287,5898135944,5898135945
9288,5898135945,5898135942
9289,5898135945,5898135954
9290,5898135945,5898135944
9291,5898135946,5898135949
9292,5898135946,5898135942
9293,5898135946,5898135940
9294,5898135948,5898135941
9295,5898135948,5898135949
9296,5898135949,5898135943
9297,5898135949,5898135946
9298,5898135949,5898135948
9299,5898135950,5898135935
9300,5898135950,5898135957
9301,5898135952,5898135953
9302,5898135952,2839601033
9303,5898135952,5898135959
9304,5898135953,5898135956
9305,5898135953,5898135954
9306,5898135953,5898135952
9307,5898135954,5898135945
9308,5898135954,5898135933
9309,5898135954,5898135953
9310,5898135955,5898135935
9311,5898135955,5898135942
9312,5898135955,5898135956
9313,5898135956,5898135953
9314,5898135956,5898135957
9315,5898135956,5898135955
9316,5898135957,5898135956
9317,5898135957,5898135950
9318,5898135957,8418804537
9319,5898135959,8418804537
9320,5898135959,5898135952
9321,5898135972,5898135959
9322,5898135972,12558454765
9323,5901876108,9911257842
9324,5901876108,9906986113
9325,5901876114,9911257845
9326,5901876115,11255181545
9327,5901876115,5901876114
9328,5901931858,5901931859
9329,5901931858,1634844112
9330,5901931858,403226219
9331,5901931859,5901931861
9332,5901931859,5901931858
9333,5901931860,5901931861
9334,5901931860,1634844110
9335,5901931860,1634844112
9336,5901931860,5901931862
9337,5901931861,567877257
9338,5901931861,5901931860
9339,5901931862,5238335711
9340,5901931862,5901931860
9341,5901931862,9906881582
9342,5901931870,1634844110
9343,5901931870,9642377707
9344,5901931870,5901931871
9345,5901931871,5901931870
9346,5904084575,1719100533
9347,5904084575,9910240894
9348,5904084576,2168403092
9349,5904084579,1719100529
9350,5904084579,1719100488
9351,5904084579,1719100571
9352,5904084580,5904084581
9353,5904084581,1719057958
9354,5904084581,5904084580
9355,5904085388,677292316
9356,5904085388,8365983667
9357,5905816631,3053560761
9358,5905816631,9907063675
9359,5905816631,5905816636
9360,5905816636,3053560761
9361,5905816636,3053544525
9362,5905816636,5905816631
9363,5905816639,3053558012
9364,5905816639,2168403104
9365,5905816640,9910240927
9366,5905816640,3050102118
9367,5905816643,9987353700
9368,5905816643,5905816648
9369,5905816643,5905816648
9370,5905816645,5905816649
9371,5905816645,3053715605
9372,5905816645,5905816648
9373,5905816648,5905816645
9374,5905816648,5905816643
9375,5905816648,5905816643
9376,5905816649,3050105866
9377,5905816649,5905816645
9378,5905816649,5905816652
9379,5905816651,3050102117
9380,5905816651,5905816654
9381,5905816651,5905816658
9382,5905816652,5905816658
9383,5905816652,5905816649
9384,5905816652,5905816654
9385,5905816654,5905816651
9386,5905816654,2676836507
9387,5905816654,5905816652
9388,5905816655,3050105867
9389,5905816655,3050105866
9390,5905816655,5905816658
9391,5905816658,5905816652
9392,5905816658,5905816651
9393,5905816658,5905816655
9394,5905816659,9907941693
9395,5905816659,2676836447
9396,5905816671,5905816659
9397,5905816671,9907941686
9398,5905816673,9907941647
9399,5905816673,9907941673
9400,5905816676,5905816671
9401,5905816785,4964161492
9402,5905816785,8425207726
9403,5905816808,6312786584
9404,5905816808,8299350123
9405,5905816821,9960588929
9406,5905816821,3966902358
9407,5905841111,5905841114
9408,5905841111,4964161031
9409,5905841113,9399469323
9410,5905841113,5905841119
9411,5905841114,7988056396
9412,5905841114,4964161031
9413,5905841115,13142248881
9414,5905841115,6630187667
9415,5905841117,5905841115
9416,5905841117,5905841120
9417,5905841119,7988056390
9418,5905841119,3881555697
9419,5905841120,5905841121
9420,5905841120,12662564683
9421,5905841121,9926607500
9422,5905841121,12103116728
9423,5905870237,9910232412
9424,5905870237,9910240857
9425,5905870237,412477290
9426,5905870238,412476975
9427,5905870238,2676836430
9428,5905870242,5905870246
9429,5905870242,334304164
9430,5905870243,4964161470
9431,5905870243,2191083249
9432,5905870243,5905870246
9433,5905870245,5905870246
9434,5905870245,5905870247
9435,5905870245,3058314704
9436,5905870246,5905870245
9437,5905870246,5905870242
9438,5905870246,5905870243
9439,5905870247,5905870245
9440,5905870247,5905870243
9441,5905870248,5905871185
9442,5905870248,5905870255
9443,5905870248,5905870251
9444,5905870251,5905870253
9445,5905870251,5905870252
9446,5905870251,5905870248
9447,5905870252,5905871186
9448,5905870252,5905870251
9449,5905870252,2713933547
9450,5905870253,5905870251
9451,5905870253,5905870282
9452,5905870253,5905870284
9453,5905870254,2504890750
9454,5905870254,5905870255
9455,5905870255,5905870254
9456,5905870255,5905870248
9457,5905870255,5905870284
9458,5905870257,5905870282
9459,5905870257,5905870279
9460,5905870257,5905870266
9461,5905870265,10963991874
9462,5905870265,5905870277
9463,5905870265,5905870270
9464,5905870266,5905870267
9465,5905870266,5905870271
9466,5905870266,5905870257
9467,5905870267,5905870266
9468,5905870267,5905870280
9469,5905870267,5905870270
9470,5905870268,5905870280
9471,5905870270,5905870271
9472,5905870270,5905870271
9473,5905870270,5905870265
9474,5905870270,5905870267
9475,5905870271,5905870270
9476,5905870271,5905870270
9477,5905870271,5905870266
9478,5905870277,2713933547
9479,5905870277,5905870279
9480,5905870277,5905870265
9481,5905870278,10963991874
9482,5905870278,5905870242
9483,5905870279,5905870277
9484,5905870279,5905870257
9485,5905870279,5905870280
9486,5905870280,5905870267
9487,5905870280,5905870268
9488,5905870280,5905870279
9489,5905870281,5905870282
9490,5905870281,5905870283
9491,5905870282,5905870257
9492,5905870282,5905870253
9493,5905870282,5905870281
9494,5905870283,403208780
9495,5905870283,5905870284
9496,5905870284,5905870253
9497,5905870284,5905870283
9498,5905870284,5905870255
9499,5905871185,5905870248
9500,5905871185,2504890750
9501,5905871185,5905871186
9502,5905871186,5905870252
9503,5905871186,5905871185
9504,5905871186,2713933558
9505,5905871187,677292383
9506,5905871187,334304444
9507,5905871189,677292406
9508,5905871189,5905871190
9509,5905871190,9657776414
9510,5905871190,2191083531
9511,5905871190,5905871189
9512,5905871191,5905871194
9513,5905871191,9657776414
9514,5905871191,5905871192
9515,5905871192,412477071
9516,5905871192,5905871191
9517,5905871193,5905871194
9518,5905871193,5905871196
9519,5905871194,5905871193
9520,5905871194,5905871195
9521,5905871194,5905871191
9522,5905871195,5905871196
9523,5905871195,5905871202
9524,5905871195,5905871194
9525,5905871196,5905871197
9526,5905871196,5905871195
9527,5905871197,412477077
9528,5905871197,5905871200
9529,5905871200,5905871201
9530,5905871200,5905871202
9531,5905871200,5905871197
9532,5905871201,5905871200
9533,5905871201,4361620920
9534,5905871202,4361620920
9535,5905871202,5905871203
9536,5905871202,5905871200
9537,5905871202,5905871195
9538,5905871203,4361620896
9539,5905871203,5905871202
9540,5905871203,9657776413
9541,5905871211,403226219
9542,5905871211,9709623305
9543,5907622014,412475980
9544,5913128278,2839601175
9545,5913128278,9922079365
9546,5913128278,2839601108
9547,5913128279,1179260104
9548,5913128279,2839601196
9549,5913128279,5913128280
9550,5913128280,6632518645
9551,5913128280,5913128279
9552,5913128283,5913128284
9553,5913128283,6276137396
9554,5913128283,2839601357
9555,5913128283,6276137352
9556,5913128284,6276137351
9557,5913128284,406447368
9558,5913128284,5913128283
9559,5913132385,9922079367
9560,5913132385,9922079363
9561,5913132385,9916570086
9562,5913132386,2839601088
9563,5913132386,5913132388
9564,5913132386,9922079363
9565,5913132387,9922079364
9566,5913132387,5913132385
9567,5913132388,5913132389
9568,5913132388,9922079364
9569,5913132388,5913132386
9570,5913132388,2839601175
9571,5913132389,2839601306
9572,5913132389,2839601034
9573,5913132389,5913132388
9574,5913132390,5913128280
9575,5913132390,2839601196
9576,5913132393,406486067
9577,5913132393,6565410399
9578,5913132394,5913132393
9579,5913132394,2839601330
9580,5913132396,6566249866
9581,5913132396,406494822
9582,5913132396,5913132399
9583,5913132399,1179259684
9584,5913132399,6566249865
9585,5913132399,5913132396
9586,5913132400,9922079366
9587,5913132400,9922079368
9588,5913132401,406451330
9589,5913132401,5913132413
9590,5913132401,2538059769
9591,5913132401,5913132402
9592,5913132402,406449021
9593,5913132402,6627695255
9594,5913132402,5913132401
9595,5913132405,5913132441
9596,5913132405,9034120455
9597,5913132405,11702603861
9598,5913132406,5913132407
9599,5913132406,5913132411
9600,5913132406,5913132413
9601,5913132407,5913132406
9602,5913132407,6565409374
9603,5913132407,6627695255
9604,5913132411,406451332
9605,5913132411,6565409379
9606,5913132411,5913132406
9607,5913132412,5913132413
9608,5913132412,5913132419
9609,5913132412,1179259920
9610,5913132413,5913132412
9611,5913132413,5913132406
9612,5913132413,5913132401
9613,5913132417,1179259868
9614,5913132417,5913132423
9615,5913132419,406451332
9616,5913132419,5913132412
9617,5913132419,5913132423
9618,5913132420,412486858
9619,5913132420,5913132421
9620,5913132421,5913132424
9621,5913132421,5913132420
9622,5913132421,412486850
9623,5913132422,1179259920
9624,5913132422,5913132423
9625,5913132422,1179259868
9626,5913132423,5913132424
9627,5913132423,5913132422
9628,5913132423,5913132419
9629,5913132423,5913132417
9630,5913132424,5913132421
9631,5913132424,5913132423
9632,5913132424,406451332
9633,5913132425,5913132427
9634,5913132427,406451330
9635,5913132427,5913132430
9636,5913132427,5913132425
9637,5913132430,5913132427
9638,5913132430,406449019
9639,5913132430,5913132431
9640,5913132431,406449019
9641,5913132431,1179259722
9642,5913132431,5913132430
9643,5913132441,8092448501
9644,5913132441,5913132405
9645,5913132441,1179259916
9646,5913132448,6619140821
9647,5913132448,6620503343
9648,5913132448,5913132449
9649,5913132448,8092448501
9650,5913132449,1179259959
9651,5913132449,5913132448
9652,5913132449,1179259994
9653,5913132464,3046296578
9654,5913132464,1171848231
9655,5913132464,5913132465
9656,5913132464,5913132466
9657,5913132465,3662201591
9658,5913132465,5913132464
9659,5913132466,9066287225
9660,5913132466,3046296578
9661,5913132466,5913132464
9662,5913132469,3046359149
9663,5913132469,9906988352
9664,5913132469,9906988323
9665,5913132471,3046359150
9666,5913132471,1177761313
9667,5913132471,5913132472
9668,5913132471,9906988323
9669,5913132472,3046359151
9670,5913132472,9906988380
9671,5913132472,5913132473
9672,5913132472,5913132471
9673,5913132473,3046359152
9674,5913132473,9906988381
9675,5913132473,1171848299
9676,5913132473,5913132472
9677,5913132475,3046667748
9678,5913132475,9709299553
9679,5913132475,1170839578
9680,5913132479,3107953575
9681,5913132479,5913132480
9682,5913132480,10599521296
9683,5913132480,1171848365
9684,5913132480,5913132479
9685,5913132489,3107953572
9686,5913132489,5913132491
9687,5913132489,5913132490
9688,5913132490,1171848365
9689,5913132490,5913132489
9690,5913132491,5913132489
9691,5913132491,2476377858
9692,5913132491,3474469566
9693,5913132493,5913132494
9694,5913132493,5913132496
9695,5913132493,5913132497
9696,5913132494,2476377867
9697,5913132494,5913132498
9698,5913132494,5913132495
9699,5913132495,5913132494
9700,5913132495,3107941953
9701,5913132495,5913132496
9702,5913132496,3107941955
9703,5913132496,5913132493
9704,5913132496,5777433493
9705,5913132497,5913132493
9706,5913132497,3107941957
9707,5913132497,5913132498
9708,5913132498,2839601219
9709,5913132498,5913132494
9710,5913132498,5913132497
9711,5913132499,9906988408
9712,5913132499,2839601067
9713,5913132499,5913132501
9714,5913132501,9906988395
9715,5913132501,5913132504
9716,5913132501,5913132499
9717,5913132504,9907941734
9718,5913132504,5913132518
9719,5913132504,5913132501
9720,5913132505,2504900697
9721,5913132505,9906988391
9722,5913132505,5913132506
9723,5913132505,5913132512
9724,5913132506,5913132505
9725,5913132506,2839601221
9726,5913132506,1171848196
9727,5913132511,3483495921
9728,5913132512,9906988392
9729,5913132512,5913132513
9730,5913132512,5913132505
9731,5913132513,5913132512
9732,5913132513,2839601105
9733,5913132513,5913132514
9734,5913132514,9906988393
9735,5913132514,3107941959
9736,5913132514,5913132513
9737,5913132516,8414763034
9738,5913132516,9906988317
9739,5913132516,5913132519
9740,5913132518,5913132504
9741,5913132518,5913132519
9742,5913132518,8414763034
9743,5913132519,9906988411
9744,5913132519,5913132516
9745,5913132519,9906988318
9746,5913132519,5913132518
9747,5913132521,9906988318
9748,5913132524,2839601320
9749,5913132524,9066287226
9750,5913132524,3046296611
9751,5913132524,5913132525
9752,5913132525,2839601089
9753,5913132525,5913132524
9754,5913132525,2476377868
9755,5913132525,3046333300
9756,5913132527,406130944
9757,5913132527,2839601219
9758,6004182236,3241082529
9759,6004182236,6004182238
9760,6004182236,3241082531
9761,6004182238,9916435890
9762,6004182238,3241082538
9763,6004182241,406510116
9764,6004182241,6004182245
9765,6004182245,5777433733
9766,6004182245,6004182246
9767,6004182246,6004182250
9768,6004182246,401257636
9769,6004182250,406510118
9770,6004182250,6004182257
9771,6004182250,1172876509
9772,6004182257,406510119
9773,6004182257,6004182260
9774,6004182257,1172876580
9775,6004182260,2839601001
9776,6004182260,9916570019
9777,6004209429,3241082526
9778,6004209429,3826288374
9779,6004209429,3241082535
9780,6014117469,9907968655
9781,6043970554,6312786848
9782,6068385118,6068385121
9783,6068385118,12231850909
9784,6068385118,9974268107
9785,6068385121,9950583430
9786,6068385121,6068385118
9787,6068385121,3226271565
9788,6263417366,5509847747
9789,6263417366,5509847939
9790,6263417366,6263417367
9791,6263417367,6263417366
9792,6263418172,6283124056
9793,6275997498,6430386597
9794,6275997498,5509847792
9795,6275997498,5509847780
9796,6276137351,406449014
9797,6276137351,5913128284
9798,6276137351,6276137353
9799,6276137352,6276137359
9800,6276137352,2839601117
9801,6276137353,6276137357
9802,6276137353,6276137351
9803,6276137353,6276137355
9804,6276137354,6276137355
9805,6276137355,6276137354
9806,6276137355,6276137353
9807,6276137355,6276137356
9808,6276137356,6276137355
9809,6276137357,6276137359
9810,6276137357,6276137353
9811,6276137357,6276137358
9812,6276137358,6276137357
9813,6276137359,6276137352
9814,6276137359,6276137357
9815,6276137359,6276137361
9816,6276137361,6276137359
9817,6276137396,6276137408
9818,6276137396,2839601117
9819,6276137398,6276137407
9820,6276137398,6276137408
9821,6276137398,6276137408
9822,6276137407,6276137407
9823,6276137407,6276137407
9824,6276137407,6276137398
9825,6276137408,6276137396
9826,6276137408,6276137398
9827,6276137408,6276137398
9828,6283123996,5509847951
9829,6283123996,5509847952
9830,6283123996,6284506565
9831,6283124054,6283124057
9832,6283124054,6283124056
9833,6283124054,9687410300
9834,6283124056,6283124057
9835,6283124056,6263418172
9836,6283124056,6283124058
9837,6283124056,6283124054
9838,6283124057,6283124058
9839,6283124057,6283124054
9840,6283124057,6283124056
9841,6283124058,5509847811
9842,6283124058,6283124057
9843,6283124058,6283124056
9844,6283124139,5509847810
9845,6283124139,5509847927
9846,6283124139,6283124141
9847,6283124141,6284506251
9848,6283124141,6283124139
9849,6283124141,6283124146
9850,6283124142,6283124143
9851,6283124143,6283124142
9852,6283124143,6283124146
9853,6283124143,6283124173
9854,6283124143,5509847810
9855,6283124145,6283124146
9856,6283124146,6283124143
9857,6283124146,6283124141
9858,6283124146,6283124145
9859,6283124146,6283124173
9860,6283124173,6283124143
9861,6283124173,6284506251
9862,6283124173,6283124146
9863,6283854243,5311402820
9864,6283854243,6283854248
9865,6283854244,3472739191
9866,6283854244,3472739898
9867,6283854244,6283854247
9868,6283854247,6283854244
9869,6283854247,6283854248
9870,6283854247,6283854248
9871,6283854248,6283854247
9872,6283854248,6283854247
9873,6283854248,6283854243
9874,6284123649,6284124127
9875,6284123649,9685819246
9876,6284123649,5509847804
9877,6284123650,6284124127
9878,6284123659,6284124128
9879,6284123674,5509847803
9880,6284123674,5509847805
9881,6284123674,6284123684
9882,6284123676,6284123683
9883,6284123676,5509847795
9884,6284123676,6284123677
9885,6284123677,6284123684
9886,6284123677,6284123676
9887,6284123677,6284123678
9888,6284123678,5509847800
9889,6284123678,5509847804
9890,6284123678,6284123677
9891,6284123683,6284123676
9892,6284123683,6284123684
9893,6284123683,5509847794
9894,6284123684,6284123677
9895,6284123684,6284123674
9896,6284123684,6284123683
9897,6284124125,6284124128
9898,6284124125,9685819245
9899,6284124125,5509847786
9900,6284124127,6284123650
9901,6284124127,6284123649
9902,6284124127,6284124128
9903,6284124128,6284124125
9904,6284124128,6284123659
9905,6284124128,6284124127
9906,6284506251,6283124141
9907,6284506251,6284506252
9908,6284506251,6283124173
9909,6284506252,9812554202
9910,6284506252,6284506254
9911,6284506252,6284506251
9912,6284506254,5509847927
9913,6284506254,6566277825
9914,6284506254,6284506252
9915,6284506254,5509847922
9916,6284506565,6283123996
9917,6285286485,6285286489
9918,6285286485,6285286489
9919,6285286485,5509847801
9920,6285286489,6285286485
9921,6285286489,6285286485
9922,6285286489,5509847802
9923,6285286498,6285286499
9924,6285286498,5509847805
9925,6285286498,5509847802
9926,6285286499,5509847806
9927,6285286499,6285286498
9928,6285286499,6430386586
9929,6285286499,5509847785
9930,6312424592,412759691
9931,6312424592,334324836
9932,6312425123,3565011187
9933,6312425123,9951784432
9934,6312425123,9951784445
9935,6312425141,334305013
9936,6312425141,12227874736
9937,6312425142,3565011186
9938,6312425142,6312425123
9939,6312425698,12072047559
9940,6312425738,3565030295
9941,6312425738,9522780692
9942,6312425792,9845578108
9943,6312425792,3565035632
9944,6312425793,9522780686
9945,6312425793,6312425792
9946,6312425863,2191083488
9947,6312425863,6312426004
9948,6312425864,412475426
9949,6312425864,6312425873
9950,6312425865,9907941736
9951,6312425865,6312425867
9952,6312425867,6312426009
9953,6312425873,412475557
9954,6312425873,6312425874
9955,6312425874,412475427
9956,6312425874,412475845
9957,6312425985,6312425988
9958,6312425985,6312425990
9959,6312425988,13274003736
9960,6312425990,1943924305
9961,6312425990,13279621287
9962,6312425990,6312425988
9963,6312426001,2191083322
9964,6312426003,2191032259
9965,6312426003,412475557
9966,6312426003,6312426004
9967,6312426004,6312426003
9968,6312426004,403222079
9969,6312426009,6312425873
9970,6312426009,412475426
9971,6312426010,412475424
9972,6312426010,7193046626
9973,6312426010,6312426013
9974,6312426013,6312426009
9975,6312426013,2191032440
9976,6312426024,3967220921
9977,6312426024,9907941551
9978,6312426028,677295401
9979,6312426028,785860536
9980,6312426030,8233067049
9981,6312426030,6312426028
9982,6312426030,403118301
9983,6312426064,412479110
9984,6312426064,2511157970
9985,6312426064,6312426065
9986,6312426065,2511157959
9987,6312426065,412479109
9988,6312426065,6312426030
9989,6312426072,412475846
9990,6312426072,1177761308
9991,6312426072,6312426075
9992,6312426074,6312426075
9993,6312426075,412475847
9994,6312426075,412475846
9995,6312426075,6312426074
9996,6312426075,6312426072
9997,6312426231,9967102197
9998,6312426231,3967147672
9999,6312426232,3520797775
10000,6312426232,6312426231
10001,6312426235,7193046632
10002,6312426237,412479111
10003,6312426258,4964161446
10004,6312426258,6312426237
10005,6312676405,2191032801
10006,6312676408,9967102194
10007,6312676462,2191032445
10008,6312676462,6312676464
10009,6312676464,6312676518
10010,6312676464,6312676462
10011,6312676464,6312676483
10012,6312676481,6312676482
10013,6312676481,6312676538
10014,6312676481,6312676527
10015,6312676482,6312676520
10016,6312676482,6312676483
10017,6312676482,6312676481
10018,6312676483,6312676482
10019,6312676483,3520797777
10020,6312676483,6312676464
10021,6312676518,6312676524
10022,6312676518,6312676464
10023,6312676518,6312676548
10024,6312676520,6312676482
10025,6312676520,6312676524
10026,6312676520,6312676524
10027,6312676524,6312676520
10028,6312676524,6312676520
10029,6312676524,6312676518
10030,6312676527,6312676533
10031,6312676527,6312676481
10032,6312676527,6312676536
10033,6312676533,6312676563
10034,6312676533,6312676536
10035,6312676533,6312676527
10036,6312676536,6312676538
10037,6312676536,6312676533
10038,6312676536,6312676527
10039,6312676538,6312676481
10040,6312676538,6312676544
10041,6312676538,6312676536
10042,6312676544,6312676548
10043,6312676544,6312676538
10044,6312676544,6312676551
10045,6312676548,6312676518
10046,6312676548,6312676544
10047,6312676548,6312676551
10048,6312676551,6312676556
10049,6312676551,6312676548
10050,6312676551,6312676544
10051,6312676556,6312676563
10052,6312676556,6312676563
10053,6312676556,6312676551
10054,6312676563,6312676533
10055,6312676563,6312676556
10056,6312676563,6312676556
10057,6312676710,6312786566
10058,6312676710,10554956241
10059,6312676722,8082873421
10060,6312676722,8082873446
10061,6312676743,10543771400
10062,6312676743,8925923341
10063,6312676759,12269414453
10064,6312676761,8925923341
10065,6312676761,6630187657
10066,6312676798,2471042501
10067,6312676798,6312676799
10068,6312676799,9967100277
10069,6312676799,2476377736
10070,6312676806,6312676807
10071,6312676806,2471042526
10072,6312676807,6312676798
10073,6312676807,6312676811
10074,6312676811,2471025525
10075,6312676813,6312676816
10076,6312676813,6313585899
10077,6312676816,10582582830
10078,6312676816,6312676819
10079,6312676819,2476377736
10080,6312676819,9967100277
10081,6312676860,2471025525
10082,6312676860,6312676813
10083,6312677026,2471025527
10084,6312677026,6313585731
10085,6312677215,3520797779
10086,6312677215,6312426232
10087,6312677216,6312677215
10088,6312677216,3401699986
10089,6312677217,9967102138
10090,6312677217,6313926546
10091,6312677218,2471025508
10092,6312677218,9967102086
10093,6312677281,6312677287
10094,6312677281,6312677304
10095,6312677287,9659767574
10096,6312677288,6312677289
10097,6312677288,6312677292
10098,6312677289,6312677293
10099,6312677289,6312677288
10100,6312677289,4361619949
10101,6312677290,4929522426
10102,6312677290,6312677298
10103,6312677290,6312677300
10104,6312677291,6312677310
10105,6312677291,6312677307
10106,6312677292,4361620891
10107,6312677292,6312677303
10108,6312677293,6312677298
10109,6312677293,6312677289
10110,6312677293,6312677294
10111,6312677294,4361620891
10112,6312677294,6312677297
10113,6312677294,6312677305
10114,6312677294,6312677293
10115,6312677295,6312677281
10116,6312677295,6312677305
10117,6312677296,6312677306
10118,6312677296,6312677295
10119,6312677297,6312677294
10120,6312677297,6312677310
10121,6312677297,6312677299
10122,6312677297,6312677306
10123,6312677298,6312677290
10124,6312677298,6312677293
10125,6312677298,6312677301
10126,6312677298,6312677299
10127,6312677299,6312677298
10128,6312677299,6312677297
10129,6312677299,6312677311
10130,6312677300,8346279097
10131,6312677300,6312677311
10132,6312677300,6312677291
10133,6312677301,403361529
10134,6312677301,6312677298
10135,6312677303,6312677304
10136,6312677303,6312677287
10137,6312677304,6312677305
10138,6312677304,4361620891
10139,6312677305,6312677294
10140,6312677305,6312677295
10141,6312677305,6312677306
10142,6312677306,6312677297
10143,6312677306,6312677296
10144,6312677306,6312677309
10145,6312677307,403357889
10146,6312677308,6312677296
10147,6312677308,6312677309
10148,6312677309,6312677310
10149,6312677309,6312677307
10150,6312677309,6312677308
10151,6312677310,6312677297
10152,6312677310,6312677291
10153,6312677310,6312677311
10154,6312677310,6312677309
10155,6312677311,6312677300
10156,6312677311,6312677299
10157,6312677311,6312677310
10158,6312677313,4929522426
10159,6312677313,4929522427
10160,6312677313,8346279084
10161,6312677314,6312677315
10162,6312677315,6312677314
10163,6312677315,8346279084
10164,6312677315,6312677319
10165,6312677317,9704737490
10166,6312677317,404596768
10167,6312677317,6312677319
10168,6312677317,6312677321
10169,6312677318,9704737490
10170,6312677318,8346279097
10171,6312677319,5897122597
10172,6312677319,6312677315
10173,6312677319,6312677317
10174,6312677321,6312677317
10175,6312677321,1371263847
10176,6312677326,6312677328
10177,6312677326,3520802737
10178,6312677327,6312677328
10179,6312677327,9985953042
10180,6312677328,6312677326
10181,6312677328,1371263832
10182,6312677328,6313585121
10183,6312677328,6312677327
10184,6312677331,6312677333
10185,6312677331,6313585270
10186,6312677332,9985953048
10187,6312677332,6312677333
10188,6312677333,9985953044
10189,6312677333,6312677334
10190,6312677333,6312677331
10191,6312677333,6312677332
10192,6312677334,6312677333
10193,6312677370,9931589938
10194,6312677370,6312677371
10195,6312677370,2511160239
10196,6312677371,403351255
10197,6312677371,6312677372
10198,6312677372,9911031894
10199,6312677372,9911031902
10200,6312786564,6312676722
10201,6312786564,9399469322
10202,6312786566,3881555697
10203,6312786566,9910982633
10204,6312786570,9910982633
10205,6312786570,3881555615
10206,6312786584,6312786701
10207,6312786584,3520802736
10208,6312786700,417643361
10209,6312786700,5905816808
10210,6312786701,6312786700
10211,6312786701,7988056391
10212,6312786716,6312786717
10213,6312786717,9926607468
10214,6312786717,9992056985
10215,6312786718,9992056986
10216,6312786718,3502590903
10217,6312786812,8081309210
10218,6312786812,9618655862
10219,6312786848,403349466
10220,6312786848,9931569516
10221,6312786848,6043970554
10222,6312786857,6312786859
10223,6312786857,6312786861
10224,6312786858,6312786861
10225,6312786859,403349466
10226,6312786859,6312786861
10227,6312786861,6312786858
10228,6312786861,6312786857
10229,6312786861,6312786859
10230,6312786931,9991875529
10231,6312786931,415994294
10232,6312786932,3881555489
10233,6312786932,6312786931
10234,6312786933,8347400839
10235,6312786933,9992107776
10236,6312787116,3502590905
10237,6312787116,6312787120
10238,6312787120,9992146430
10239,6312787142,8301725145
10240,6312787149,6312787165
10241,6312787149,8301725158
10242,6312787156,3881555686
10243,6312787156,9991875544
10244,6312787160,417643359
10245,6312787160,8301725139
10246,6312787165,7988056391
10247,6312787165,6312786700
10248,6312787191,403115591
10249,6312787191,403367327
10250,6312787222,9910982563
10251,6312787222,8300138895
10252,6312787228,8300138898
10253,6312787228,8300138895
10254,6312787232,8301538035
10255,6312787232,4288212613
10256,6312787419,6314118133
10257,6313051162,9992107803
10258,6313051162,9992107816
10259,6313051163,9310096115
10260,6313051163,7999848514
10261,6313053010,3502591540
10262,6313053010,3047444633
10263,6313053020,9992107817
10264,6313053020,3881555419
10265,6313053055,9992107775
10266,6313053055,3967025552
10267,6313053056,6313053055
10268,6313053056,9992107767
10269,6313053194,9991875542
10270,6313053194,8925923326
10271,6313053510,5269995331
10272,6313053510,13267041434
10273,6313053518,4687033846
10274,6313053523,6313053518
10275,6313053523,13267041423
10276,6313053524,8649285435
10277,6313053524,6313053523
10278,6313053534,9991832629
10279,6313053534,9991832625
10280,6313053535,6313053534
10281,6313053535,4687033850
10282,6313053536,8222128532
10283,6313053564,2511164613
10284,6313053564,6313175963
10285,6313053565,9991832638
10286,6313053565,8222036925
10287,6313053576,6313053577
10288,6313053576,7828101853
10289,6313053577,5269995017
10290,6313053577,6313053581
10291,6313053581,9978855173
10292,6313053581,6627695262
10293,6313053584,9978855185
10294,6313053723,6313176314
10295,6313053723,9878571731
10296,6313053723,9878571733
10297,6313053724,9878571728
10298,6313053724,9878616981
10299,6313053724,9878571742
10300,6313053724,6313176312
10301,6313053726,8221939131
10302,6313053726,6313053750
10303,6313053750,9878571742
10304,6313053750,9878571735
10305,6313053750,6313053726
10306,6313053750,9878616981
10307,6313054009,6313054010
10308,6313054009,7984022041
10309,6313054010,6313054009
10310,6313054010,5471154618
10311,6313054050,6313054051
10312,6313054050,403003332
10313,6313054051,8065710634
10314,6313054084,6313054185
10315,6313054084,6313054051
10316,6313054185,8720798362
10317,6313054187,9899024429
10318,6313054258,6620503333
10319,6313054258,7984022037
10320,6313054258,2473549065
10321,6313054258,9911455409
10322,6313054259,6313054272
10323,6313054259,9911455409
10324,6313054259,9899024436
10325,6313054259,6313176980
10326,6313054260,9911455409
10327,6313054260,5269995346
10328,6313054260,6620503333
10329,6313054260,7794109769
10330,6313054261,6620503333
10331,6313054261,6313176898
10332,6313054261,2473549065
10333,6313054272,8019790414
10334,6313054272,6313054274
10335,6313054272,6313054259
10336,6313054274,6313054279
10337,6313054274,6313054392
10338,6313054274,6313054272
10339,6313054275,1179259997
10340,6313054275,6313054392
10341,6313054279,7984022038
10342,6313054279,6313054274
10343,6313054279,6313054281
10344,6313054280,6313054282
10345,6313054280,6313054284
10346,6313054280,7984022038
10347,6313054281,6313054279
10348,6313054281,7984022037
10349,6313054281,8019790414
10350,6313054282,6313054280
10351,6313054282,7984022037
10352,6313054282,9063925969
10353,6313054284,6313054385
10354,6313054284,6313176949
10355,6313054284,8892286901
10356,6313054284,6313054280
10357,6313054385,6313054284
10358,6313054385,5471154620
10359,6313054385,8892286902
10360,6313054386,9121474551
10361,6313054386,6313054392
10362,6313054386,10002385025
10363,6313054387,10002385025
10364,6313054387,6313054389
10365,6313054387,8150892719
10366,6313054389,9911485720
10367,6313054389,6313177188
10368,6313054389,6313054387
10369,6313054392,6313054274
10370,6313054392,6313054386
10371,6313054392,6313054275
10372,6313054397,8096908302
10373,6313054405,6622846391
10374,6313054405,9975307831
10375,6313054419,2504886164
10376,6313054435,6313054887
10377,6313054435,6622973312
10378,6313054435,6313054890
10379,6313054461,9960577517
10380,6313054772,12662663934
10381,6313054772,11978246635
10382,6313054776,13245403190
10383,6313054776,13245403195
10384,6313054777,9975307828
10385,6313054777,7788691369
10386,6313054781,6313054796
10387,6313054781,9975307825
10388,6313054784,6313054781
10389,6313054784,6313054776
10390,6313054796,8096939317
10391,6313054796,9033717314
10392,6313054807,6622846390
10393,6313054807,9899027678
10394,6313054813,9960532012
10395,6313054830,7788691958
10396,6313054830,2473546508
10397,6313054874,6313177135
10398,6313054874,6313054887
10399,6313054874,6313054891
10400,6313054887,6313054874
10401,6313054887,6313054890
10402,6313054887,6313054435
10403,6313054890,6313054891
10404,6313054890,9870235171
10405,6313054890,6313054887
10406,6313054890,6313054435
10407,6313054891,6313054890
10408,6313054891,6313177095
10409,6313054891,6313054874
10410,6313055059,6622846385
10411,6313055059,6313055189
10412,6313055059,13275605983
10413,6313055189,2473546512
10414,6313055192,6313055198
10415,6313055192,6313055193
10416,6313055192,7788691963
10417,6313055193,2473546525
10418,6313055193,6313055192
10419,6313055193,6313055198
10420,6313055198,6313055192
10421,6313055198,6313055199
10422,6313055198,6313055193
10423,6313055199,6313055198
10424,6313055199,9975307894
10425,6313055199,9975307911
10426,6313055217,6313055235
10427,6313055231,12429519992
10428,6313055231,6313055235
10429,6313055231,12429519987
10430,6313055235,9975307894
10431,6313055235,6313055231
10432,6313055235,6313055217
10433,6313055241,9951894110
10434,6313055241,12429519989
10435,6313055241,12429519987
10436,6313055241,12429520011
10437,6313055246,6313055247
10438,6313055247,6313055248
10439,6313055247,6313055246
10440,6313055247,4162009211
10441,6313055247,7788691965
10442,6313055248,6313055247
10443,6313055248,6313055249
10444,6313055248,7788691958
10445,6313055249,6313055248
10446,6313055249,2473546508
10447,6313055249,4162009211
10448,6313055263,9975307809
10449,6313055263,9975307790
10450,6313055281,2473546531
10451,6313055281,12241697879
10452,6313055281,12241697878
10453,6313055282,2473546535
10454,6313055282,6313055305
10455,6313055282,3969074062
10456,6313055292,12241697879
10457,6313055292,6313055282
10458,6313055305,6313055282
10459,6313055607,2473537462
10460,6313175921,2511162057
10461,6313175921,2511164616
10462,6313175921,6313175922
10463,6313175921,7828101843
10464,6313175922,6313175921
10465,6313175922,6313176097
10466,6313175922,6313176096
10467,6313175923,9991832633
10468,6313175923,10012282848
10469,6313175923,10012282857
10470,6313175954,6313175960
10471,6313175954,6313175960
10472,6313175960,6313175954
10473,6313175960,6313175962
10474,6313175962,2511164613
10475,6313175962,6313175963
10476,6313175963,9991832691
10477,6313175963,9991869091
10478,6313175967,10012282850
10479,6313176096,6313175922
10480,6313176096,2511164616
10481,6313176097,6313175922
10482,6313176097,6313176098
10483,6313176097,415993913
10484,6313176098,2511162039
10485,6313176098,6313176097
10486,6313176170,3654409288
10487,6313176198,6313176199
10488,6313176198,6313176236
10489,6313176198,6313176215
10490,6313176199,6313176201
10491,6313176199,6313176198
10492,6313176199,9878592131
10493,6313176201,6313176205
10494,6313176201,6313176199
10495,6313176201,9878592132
10496,6313176201,6313176238
10497,6313176205,9878571732
10498,6313176205,6313176237
10499,6313176205,6313176201
10500,6313176215,6313176317
10501,6313176215,6313176198
10502,6313176215,9878571742
10503,6313176236,6313176198
10504,6313176236,6313176255
10505,6313176236,6313176246
10506,6313176237,6313176205
10507,6313176237,6313176238
10508,6313176237,6313176245
10509,6313176238,6313176237
10510,6313176238,6313176201
10511,6313176238,6313176245
10512,6313176245,6313176238
10513,6313176245,6313176255
10514,6313176245,6313176237
10515,6313176246,6313176255
10516,6313176246,6313176257
10517,6313176246,6313176236
10518,6313176255,6313176246
10519,6313176255,6313176245
10520,6313176255,6313176236
10521,6313176257,6313176246
10522,6313176312,9878571729
10523,6313176312,6313176317
10524,6313176312,6313053724
10525,6313176312,9878598627
10526,6313176314,9878592131
10527,6313176314,6313176317
10528,6313176314,6313053723
10529,6313176317,6313176215
10530,6313176317,6313176312
10531,6313176317,6313176314
10532,6313176329,6313176330
10533,6313176329,9061482109
10534,6313176330,6313176329
10535,6313176330,6313053584
10536,6313176331,9978855155
10537,6313176331,6313176338
10538,6313176332,9978855155
10539,6313176332,4361620901
10540,6313176332,6313176335
10541,6313176335,6313176337
10542,6313176335,6313176332
10543,6313176335,9061482109
10544,6313176335,9978855156
10545,6313176337,6313176335
10546,6313176338,9978855156
10547,6313176338,9978855137
10548,6313176898,6313054261
10549,6313176898,7992017094
10550,6313176898,8035720963
10551,6313176949,6313176968
10552,6313176949,6313054284
10553,6313176949,6313176950
10554,6313176950,9911485725
10555,6313176950,6313176949
10556,6313176950,6313176969
10557,6313176968,9121474551
10558,6313176968,6313176949
10559,6313176968,7984022038
10560,6313176968,6313176969
10561,6313176969,9121474550
10562,6313176969,6313176968
10563,6313176969,9911485723
10564,6313176980,6313054259
10565,6313176980,9899024435
10566,6313176981,6313176980
10567,6313176981,9033795336
10568,6313176983,6313176984
10569,6313176984,6623149602
10570,6313176984,6313177085
10571,6313177085,6633294254
10572,6313177085,6633294255
10573,6313177085,6313176984
10574,6313177095,9870235175
10575,6313177095,6313054891
10576,6313177095,6313177099
10577,6313177099,1179259788
10578,6313177099,11702603859
10579,6313177099,6313177095
10580,6313177135,6313054874
10581,6313177135,8892286893
10582,6313177135,7788691894
10583,6313177148,2504886137
10584,6313177148,6633294256
10585,6313177160,6313176981
10586,6313177160,1179259997
10587,6313177179,9911455413
10588,6313177179,9911485720
10589,6313177179,9911485721
10590,6313177188,9911485721
10591,6313177188,6313177190
10592,6313177190,9911485722
10593,6313177190,2191032231
10594,6313177190,9899024429
10595,6313177191,9911485722
10596,6313177191,4361620939
10597,6313177193,5471154617
10598,6313177194,3968910028
10599,6313177194,9978855226
10600,6313177194,9649161639
10601,6313177196,6313177197
10602,6313177196,8221939135
10603,6313177197,6313177198
10604,6313177197,9979127597
10605,6313177197,6313177196
10606,6313177198,6313177197
10607,6313177198,404642377
10608,6313177198,6313177201
10609,6313177201,2511164672
10610,6313177201,6313177198
10611,6313177219,9899024392
10612,6313177219,6313177266
10613,6313177219,6313177265
10614,6313177226,404642377
10615,6313177226,9979127598
10616,6313177232,6313177236
10617,6313177232,404641802
10618,6313177233,6313177234
10619,6313177233,9892625006
10620,6313177233,9892625008
10621,6313177234,6313177236
10622,6313177234,6313177235
10623,6313177234,6313177233
10624,6313177234,9907928858
10625,6313177235,6313177234
10626,6313177235,6313177277
10627,6313177236,6313177232
10628,6313177236,6313177234
10629,6313177236,404642363
10630,6313177238,6313263422
10631,6313177238,9937483278
10632,6313177238,3232021723
10633,6313177240,6313177243
10634,6313177240,9908676986
10635,6313177243,6313177280
10636,6313177243,3230755147
10637,6313177244,6313177243
10638,6313177244,5374253270
10639,6313177250,6313177254
10640,6313177250,6373255880
10641,6313177250,4964161516
10642,6313177254,4964161510
10643,6313177254,6313177250
10644,6313177254,4964161511
10645,6313177265,6313177219
10646,6313177265,9657776366
10647,6313177266,6313177219
10648,6313177266,9921269716
10649,6313177266,9979127600
10650,6313177275,404642371
10651,6313177276,8221939129
10652,6313177276,6313177277
10653,6313177277,2511164625
10654,6313177279,6313177244
10655,6313177279,6313177226
10656,6313177280,6313177279
10657,6313177280,403022992
10658,6313177284,6313177385
10659,6313177284,4361621040
10660,6313177385,6313177276
10661,6313177398,9671686503
10662,6313177398,3451467065
10663,6313177430,9931482378
10664,6313177430,8686418521
10665,6313177430,9931470209
10666,6313177450,9931482343
10667,6313177450,9931482347
10668,6313177450,9931482347
10669,6313177452,6313177461
10670,6313177454,6313177460
10671,6313177454,9931470207
10672,6313177454,9931482343
10673,6313177454,9931470201
10674,6313177460,6313177454
10675,6313177460,9931482396
10676,6313177460,9931482385
10677,6313177461,6313177452
10678,6313177461,9931482301
10679,6313177461,9931482385
10680,6313177470,9931482378
10681,6313177470,9931482381
10682,6313177470,9931470209
10683,6313177479,9920387114
10684,6313177479,6313177480
10685,6313177480,403025835
10686,6313177483,8948592141
10687,6313177484,6313177596
10688,6313177484,3967087992
10689,6313177585,6313177601
10690,6313177585,6313177586
10691,6313177586,403112426
10692,6313177586,6313177597
10693,6313177589,4964161561
10694,6313177589,403108897
10695,6313177594,8300138892
10696,6313177594,403367329
10697,6313177596,6313177586
10698,6313177596,6313177597
10699,6313177597,9911031883
10700,6313177598,403112428
10701,6313177598,6313177599
10702,6313177599,403113836
10703,6313177600,6313177585
10704,6313177600,6313177601
10705,6313177601,3967087992
10706,6313177602,403112426
10707,6313177602,6313177603
10708,6313177603,2191032603
10709,6313177604,4964161596
10710,6313177604,6313177605
10711,6313177605,334304113
10712,6313177606,6313177608
10713,6313177606,9931569512
10714,6313177606,4964161548
10715,6313177607,9931569463
10716,6313177607,12177816706
10717,6313177607,12558988219
10718,6313177608,9931569513
10719,6313177608,12177816698
10720,6313177608,9709623317
10721,6313177609,2191032569
10722,6313177632,6313177818
10723,6313177632,6313177633
10724,6313177633,8233185911
10725,6313177633,415993917
10726,6313177794,2191032238
10727,6313177795,4964161546
10728,6313177795,4964161542
10729,6313177796,403108046
10730,6313177796,6313177806
10731,6313177803,9892782633
10732,6313177803,9918250961
10733,6313177803,9922650303
10734,6313177806,6811549414
10735,6313177806,6313177796
10736,6313177806,9931569461
10737,6313177806,9892782633
10738,6313177818,6313177632
10739,6313177818,7988056408
10740,6313263152,9892846138
10741,6313263152,3232112981
10742,6313263152,9892846134
10743,6313263153,9892846134
10744,6313263153,6313263155
10745,6313263153,9891188593
10746,6313263154,9891188592
10747,6313263154,3232112961
10748,6313263154,9891188593
10749,6313263155,9891188597
10750,6313263155,6313263153
10751,6313263155,9891188582
10752,6313263156,9891188582
10753,6313263156,9891188590
10754,6313263156,9891188594
10755,6313263421,8221939129
10756,6313263421,9671715465
10757,6313263421,6313263422
10758,6313263422,9917615660
10759,6313263422,6313177238
10760,6313263422,6313263421
10761,6313263485,6313263492
10762,6313263485,6313263486
10763,6313263485,6313263489
10764,6313263486,6313263485
10765,6313263486,8907249744
10766,6313263486,8907249744
10767,6313263486,6313263493
10768,6313263487,6313263492
10769,6313263487,8646486461
10770,6313263487,8646486471
10771,6313263489,6313263493
10772,6313263489,6313263491
10773,6313263489,415993785
10774,6313263489,6313263485
10775,6313263491,6313263489
10776,6313263491,8907258061
10777,6313263491,8646486472
10778,6313263492,6313263487
10779,6313263492,6313263485
10780,6313263492,8646486472
10781,6313263492,8646486460
10782,6313263493,6313263489
10783,6313263493,6313263486
10784,6313263493,8907249744
10785,6313263553,10026051768
10786,6313263553,6313263555
10787,6313263554,2191032433
10788,6313263554,6313263553
10789,6313263555,415993843
10790,6313263555,6313263557
10791,6313263556,10026051781
10792,6313263556,6313263574
10793,6313263556,10026051809
10794,6313263557,10026051781
10795,6313263557,6313263554
10796,6313263574,6313263556
10797,6313263574,10026051814
10798,6313263574,10026051782
10799,6313263605,403349477
10800,6313263605,8925923326
10801,6313263837,335579308
10802,6313263837,6313263840
10803,6313263837,12088349757
10804,6313263838,6313263840
10805,6313263840,6313263838
10806,6313263840,6313263841
10807,6313263840,6313263837
10808,6313263841,6313263842
10809,6313263841,6313263840
10810,6313263841,6313263843
10811,6313263842,6313263841
10812,6313263843,6313263837
10813,6313263843,7915338809
10814,6313263843,6313263841
10815,6313263902,6313263904
10816,6313263904,8418664604
10817,6313263904,3578758133
10818,6313263904,6313263902
10819,6313263930,6313263931
10820,6313263930,10048648124
10821,6313263930,10048648123
10822,6313263930,8418664604
10823,6313263931,6313263930
10824,6313263931,6313263932
10825,6313263931,8417955281
10826,6313263932,3578802072
10827,6313263932,3578758132
10828,6313263932,6313263931
10829,6313263999,8222036930
10830,6313263999,6313264019
10831,6313264002,6313264180
10832,6313264002,3578801948
10833,6313264019,5362617471
10834,6313264019,9906824112
10835,6313264155,9951896647
10836,6313264155,9951896628
10837,6313264155,9951896629
10838,6313264155,9951894111
10839,6313264166,8222036934
10840,6313264166,6313264002
10841,6313264167,3969071636
10842,6313264170,6313264167
10843,6313264180,3578802053
10844,6313515409,6313515435
10845,6313515409,412759162
10846,6313515435,412759162
10847,6313515435,412759154
10848,6313519348,8233067046
10849,6313519348,10048872852
10850,6313519355,12625815853
10851,6313519355,8080904713
10852,6313519356,9967102135
10853,6313519356,2471025512
10854,6313519357,9967102128
10855,6313519357,2471042444
10856,6313519358,2471042489
10857,6313519358,9966105464
10858,6313519359,6313519358
10859,6313519359,12178314579
10860,6313519409,6313519830
10861,6313519409,13119031589
10862,6313519415,9966105465
10863,6313519415,6313519357
10864,6313519417,9967102071
10865,6313519417,6313519418
10866,6313519418,9967097544
10867,6313519418,6313519417
10868,6313519446,12178314588
10869,6313519446,2471025511
10870,6313519447,6313519446
10871,6313519447,6313519358
10872,6313519559,6313519560
10873,6313519559,6312677026
10874,6313519560,2471042518
10875,6313519560,6313519359
10876,6313519826,2476377831
10877,6313519826,9967102124
10878,6313519827,9967102127
10879,6313519827,6313519828
10880,6313519828,6313519356
10881,6313519828,9967102131
10882,6313519829,2471025507
10883,6313519829,9967102113
10884,6313519830,2476377822
10885,6313519903,9967102084
10886,6313519903,6312677218
10887,6313519919,6313519829
10888,6313519919,9967102119
10889,6313519920,6313519919
10890,6313519920,9967102117
10891,6313519921,2468982740
10892,6313519921,9967102116
10893,6313519928,2468982755
10894,6313519928,9967097603
10895,6313519957,2468982741
10896,6313519957,2471025514
10897,6313520041,4168513235
10898,6313520041,4168513234
10899,6313520041,6313520042
10900,6313520042,1177761402
10901,6313520049,9967102227
10902,6313520049,2469095906
10903,6313520050,9967102225
10904,6313520050,6313520049
10905,6313520054,6313520063
10906,6313520054,2471042550
10907,6313520057,6313520058
10908,6313520057,9967102210
10909,6313520058,2471042550
10910,6313520058,6313520063
10911,6313520063,6313520064
10912,6313520063,9967102224
10913,6313520064,2471042459
10914,6313520064,6313520067
10915,6313520067,6313520068
10916,6313520067,11375718752
10917,6313520068,2471042432
10918,6313520068,6313585338
10919,6313520069,9967102104
10920,6313520069,2471042487
10921,6313520218,6313520054
10922,6313520218,2469095975
10923,6313520300,6313520321
10924,6313520300,6313520304
10925,6313520304,6313520316
10926,6313520304,6313520316
10927,6313520316,6313520321
10928,6313520321,9967102220
10929,6313583469,6313585086
10930,6313583469,3520802744
10931,6313583470,6313583474
10932,6313583474,6313583470
10933,6313583474,6313585086
10934,6313583474,6313583480
10935,6313583477,6313583480
10936,6313583477,6313583479
10937,6313583477,6313583478
10938,6313583478,6313583477
10939,6313583478,6313583469
10940,6313583479,6313583477
10941,6313583479,6630187659
10942,6313583480,6313583477
10943,6313583480,6313583474
10944,6313583480,6313585086
10945,6313585086,6313583474
10946,6313585086,6313583469
10947,6313585086,6313583480
10948,6313585121,6312677328
10949,6313585269,6312677332
10950,6313585269,9985953042
10951,6313585270,6313585269
10952,6313585270,2468521927
10953,6313585336,2468982736
10954,6313585336,9671715168
10955,6313585337,2471042432
10956,6313585337,6313585338
10957,6313585338,6313520069
10958,6313585338,6313585339
10959,6313585339,6313585634
10960,6313585339,2471042515
10961,6313585342,9967102153
10962,6313585342,6313585343
10963,6313585343,9967102153
10964,6313585343,6313585344
10965,6313585344,2191032916
10966,6313585344,9967102155
10967,6313585345,4168490224
10968,6313585345,6313585348
10969,6313585348,6313585349
10970,6313585348,9967102146
10971,6313585349,6313585350
10972,6313585349,9967102146
10973,6313585350,9967102148
10974,6313585350,1177761461
10975,6313585351,2468982744
10976,6313585351,9967102139
10977,6313585366,6313585379
10978,6313585366,6313585367
10979,6313585367,6313585366
10980,6313585367,6313585367
10981,6313585367,6313585367
10982,6313585379,6313585351
10983,6313585379,6313585380
10984,6313585380,6313585379
10985,6313585380,6312677216
10986,6313585630,2471042515
10987,6313585630,6313585634
10988,6313585634,6313585635
10989,6313585634,6313585342
10990,6313585635,2471042510
10991,6313585635,6313585636
10992,6313585636,9967102103
10993,6313585636,6313585637
10994,6313585637,6313585638
10995,6313585637,9967102103
10996,6313585638,9967102098
10997,6313585638,2471042491
10998,6313585707,6313585708
10999,6313585707,9967102105
11000,6313585708,9967102107
11001,6313585708,2471042484
11002,6313585721,2471042526
11003,6313585721,6312676807
11004,6313585722,6313585721
11005,6313585722,6313585730
11006,6313585730,6313585731
11007,6313585730,2471025527
11008,6313585731,6312676860
11009,6313585731,6313585897
11010,6313585784,2471042419
11011,6313585784,6313585787
11012,6313585787,6313585788
11013,6313585787,2191032508
11014,6313585788,2471042481
11015,6313585788,3966746842
11016,6313585790,3966746840
11017,6313585790,2471042480
11018,6313585791,2471042423
11019,6313585791,8000002442
11020,6313585818,6313585819
11021,6313585818,6313585884
11022,6313585819,6313585820
11023,6313585819,2471042477
11024,6313585820,8080941727
11025,6313585820,8080941724
11026,6313585821,2191032468
11027,6313585821,3966742716
11028,6313585830,6628705611
11029,6313585830,3966746843
11030,6313585870,6313585791
11031,6313585870,6313585885
11032,6313585872,8000002443
11033,6313585872,8080941722
11034,6313585883,6313585884
11035,6313585883,6313585819
11036,6313585884,6313585885
11037,6313585884,6313585791
11038,6313585885,6628705612
11039,6313585885,6628705609
11040,6313585897,6313585784
11041,6313585897,6313519559
11042,6313585898,6313585897
11043,6313585898,6312676860
11044,6313585899,2191032436
11045,6313585899,6313585898
11046,6313586005,6312677026
11047,6313586005,6313519560
11048,6313586146,2468982758
11049,6313586146,9969471674
11050,6313586146,9969471678
11051,6313586306,3966736371
11052,6313586306,10727602901
11053,6313586308,2471042552
11054,6313586308,6313586309
11055,6313586309,3966755821
11056,6313586309,6627146855
11057,6313586309,2471042492
11058,6313924229,412947293
11059,6313924229,8416321447
11060,6313924262,8416321447
11061,6313924516,10173682682
11062,6313924516,6313924229
11063,6313924520,10173682682
11064,6313924579,412947208
11065,6313924579,414093226
11066,6313924980,9975307741
11067,6313924981,9975307766
11068,6313924982,9975307764
11069,6313924983,9975307744
11070,6313924983,6313925099
11071,6313924984,9975307769
11072,6313924984,9975307745
11073,6313925088,6313924980
11074,6313925088,6313925089
11075,6313925089,6313925094
11076,6313925089,6313925094
11077,6313925090,3226271640
11078,6313925090,6313925098
11079,6313925090,12055627549
11080,6313925094,6313925095
11081,6313925094,6313925097
11082,6313925095,6313925096
11083,6313925095,6313925096
11084,6313925096,6313925095
11085,6313925096,414087381
11086,6313925096,6313925097
11087,6313925097,6313925098
11088,6313925097,3226271640
11089,6313925098,6313925089
11090,6313925098,6313924980
11091,6313925099,9975307760
11092,6313925122,8879695856
11093,6313925122,8879695855
11094,6313925122,414087381
11095,6313925341,6313054772
11096,6313925341,9974268118
11097,6313925625,412479119
11098,6313925625,7193046627
11099,6313925625,7193046637
11100,6313925625,6313925632
11101,6313925626,8933180677
11102,6313925626,8933180686
11103,6313925627,412479619
11104,6313925627,2511157970
11105,6313925627,6313925632
11106,6313925632,6313925625
11107,6313925632,412479664
11108,6313925632,6313925627
11109,6313926546,6313926547
11110,6313926546,9967102140
11111,6313926547,9967102142
11112,6313926547,2468982735
11113,6313926548,2468982750
11114,6313926548,2191032693
11115,6314116758,9950414975
11116,6314116758,6314116761
11117,6314116761,12088349746
11118,6314116763,9671686481
11119,6314116763,9950414975
11120,6314116764,6314116763
11121,6314116764,9061406357
11122,6314116766,9950414970
11123,6314116768,6314116766
11124,6314116768,10651999215
11125,6314118040,6314118101
11126,6314118040,11238395554
11127,6314118041,6314118101
11128,6314118041,6314118102
11129,6314118101,6314118041
11130,6314118101,6314118040
11131,6314118101,11238395608
11132,6314118102,11238395391
11133,6314118102,4964148407
11134,6314118102,6314118041
11135,6314118110,11238395554
11136,6314118110,6314118133
11137,6314118110,9061568836
11138,6314118110,9061406402
11139,6314118133,6314118110
11140,6314118133,6312787419
11141,6314118133,12103163231
11142,6314118133,12103163222
11143,6314396029,6314452468
11144,6314396030,11032465801
11145,6314396030,2476848400
11146,6314396036,412490561
11147,6314452468,6314396030
11148,6314453714,11032468907
11149,6314453714,334363416
11150,6314453715,11032468814
11151,6314453715,11032468814
11152,6314453720,11032468813
11153,6314453720,11032468910
11154,6314453819,8234025209
11155,6314453819,6314453820
11156,6314453820,6314453819
11157,6314453841,10069475798
11158,6314453841,6314453819
11159,6314454030,9115854884
11160,6314454030,9115854881
11161,6314454030,9115854882
11162,6314454038,412489576
11163,6314454038,6314454040
11164,6314454040,6314454041
11165,6314454040,9115854836
11166,6314454040,6314454038
11167,6314454041,6314454040
11168,6314454041,9115854832
11169,6314454041,9115854833
11170,6314454187,10801939355
11171,6314454187,5509847809
11172,6314703266,418795681
11173,6314703266,6314703270
11174,6314703270,9061541137
11175,6314703270,418795681
11176,6324986963,6325446402
11177,6324986969,9968282189
11178,6324986969,8859359228
11179,6324986970,6324986963
11180,6324987019,12855404893
11181,6324987020,8847974439
11182,6324987020,2191032368
11183,6324987022,6324987020
11184,6324987022,6324987023
11185,6324987023,12855404892
11186,6324987023,5286523606
11187,6325444914,6325444925
11188,6325444914,6325445167
11189,6325444919,2469943508
11190,6325444919,6325445168
11191,6325444922,9967768327
11192,6325444922,9968289769
11193,6325444925,6325444922
11194,6325444925,9684180050
11195,6325444929,9684180050
11196,6325444929,6325444922
11197,6325444930,9684180051
11198,6325444930,6325444929
11199,6325444931,6325667328
11200,6325444931,6325444930
11201,6325444932,6325444931
11202,6325444932,6325667327
11203,6325445085,1282895892
11204,6325445085,1282895868
11205,6325445086,6325445085
11206,6325445086,1282895984
11207,6325445087,6325445086
11208,6325445087,2468976101
11209,6325445118,9967768284
11210,6325445118,8847974441
11211,6325445119,6325445546
11212,6325445119,9967768306
11213,6325445122,6325445125
11214,6325445122,2469943756
11215,6325445124,9112308399
11216,6325445124,12860353626
11217,6325445125,6325444919
11218,6325445125,6325445124
11219,6325445126,2469943756
11220,6325445126,6325445125
11221,6325445167,6325445168
11222,6325445167,2469943508
11223,6325445168,6325445169
11224,6325445168,6325445167
11225,6325445168,6325444925
11226,6325445169,6325445168
11227,6325445503,6325444929
11228,6325445509,2162487713
11229,6325445546,9967768293
11230,6325445546,2469943529
11231,6325445547,6325445548
11232,6325445548,9967768328
11233,6325445548,1282895983
11234,6325445549,9967768301
11235,6325445549,6325445119
11236,6325445550,2168469731
11237,6325445550,2168469742
11238,6325445551,2168469713
11239,6325445551,6325445558
11240,6325445552,2168469732
11241,6325445552,6325667473
11242,6325445558,6325445692
11243,6325445558,8879837087
11244,6325445561,6325445562
11245,6325445562,2470793139
11246,6325445562,2470793123
11247,6325445564,13345634562
11248,6325445564,719127916
11249,6325445565,9956432411
11250,6325445568,6325445561
11251,6325445568,9956432410
11252,6325445692,6325445693
11253,6325445692,6325445561
11254,6325445693,6325445694
11255,6325445693,6325445699
11256,6325445694,9968282206
11257,6325445694,9956432407
11258,6325445695,8847974476
11259,6325445695,6325667570
11260,6325445697,9968282213
11261,6325445697,6325445695
11262,6325445698,6325445694
11263,6325445698,6325445699
11264,6325445699,6325445558
11265,6325445699,2168469713
11266,6325445734,6325445697
11267,6325445734,9956336360
11268,6325445751,6325445550
11269,6325445751,6325445754
11270,6325445754,6325445755
11271,6325445754,6325445751
11272,6325445754,6325445762
11273,6325445755,6325445754
11274,6325445755,6325445758
11275,6325445755,6325446090
11276,6325445758,6325445775
11277,6325445758,6325445755
11278,6325445762,6325445767
11279,6325445762,6325445754
11280,6325445762,6325446086
11281,6325445762,6325446090
11282,6325445767,6325445762
11283,6325445774,6325445775
11284,6325445774,2168469741
11285,6325445775,6325445774
11286,6325445775,9967768280
11287,6325445775,6325446090
11288,6325446086,6325446087
11289,6325446086,6325445751
11290,6325446086,6325445762
11291,6325446087,9967768290
11292,6325446087,6325446086
11293,6325446090,6325445762
11294,6325446090,6325445775
11295,6325446090,6325446097
11296,6325446090,6325445755
11297,6325446097,6325446090
11298,6325446143,2191032894
11299,6325446143,2476378075
11300,6325446402,8847974472
11301,6325666525,11005652362
11302,6325666525,11252949065
11303,6325666525,13202450202
11304,6325667327,6325667328
11305,6325667327,6325445509
11306,6325667328,2503930339
11307,6325667329,6325444930
11308,6325667329,6325445503
11309,6325667363,6325667386
11310,6325667363,6325667442
11311,6325667363,6325667440
11312,6325667364,6325667365
11313,6325667364,6325667373
11314,6325667364,6325667370
11315,6325667364,6325667366
11316,6325667365,6325667364
11317,6325667365,6325667370
11318,6325667365,6325667366
11319,6325667366,6325667364
11320,6325667366,6325667365
11321,6325667366,6325667373
11322,6325667370,6325667364
11323,6325667370,6325667373
11324,6325667370,6325667365
11325,6325667373,6325667364
11326,6325667373,6325667386
11327,6325667373,6325667366
11328,6325667373,6325667370
11329,6325667386,6325667363
11330,6325667386,6325667387
11331,6325667386,6325667451
11332,6325667386,6325667373
11333,6325667387,6325667386
11334,6325667388,6325667414
11335,6325667388,6325667416
11336,6325667388,6325667417
11337,6325667388,6325667421
11338,6325667389,6325446087
11339,6325667389,6325667421
11340,6325667390,6325667429
11341,6325667390,6325667431
11342,6325667390,6325667427
11343,6325667390,6325667426
11344,6325667412,6325667414
11345,6325667414,6325667433
11346,6325667414,6325667388
11347,6325667414,6325667415
11348,6325667414,6325667412
11349,6325667415,6325667414
11350,6325667415,6325667432
11351,6325667415,6325667421
11352,6325667416,6325667388
11353,6325667416,6325667418
11354,6325667416,6325667421
11355,6325667417,6325667452
11356,6325667417,6325667388
11357,6325667417,6325667440
11358,6325667418,6325667454
11359,6325667418,6325667416
11360,6325667418,6325667419
11361,6325667419,6325667418
11362,6325667421,6325667415
11363,6325667421,6325667388
11364,6325667421,6325667389
11365,6325667421,6325667416
11366,6325667423,6325667428
11367,6325667423,6325667424
11368,6325667423,6325667424
11369,6325667424,6325667429
11370,6325667424,6325667425
11371,6325667424,6325667423
11372,6325667424,6325667423
11373,6325667425,6325667424
11374,6325667426,6325667390
11375,6325667427,6325667428
11376,6325667427,6325667430
11377,6325667427,6325667390
11378,6325667428,6325667423
11379,6325667428,6325667427
11380,6325667428,6325667429
11381,6325667429,6325667424
11382,6325667429,6325667390
11383,6325667429,6325667428
11384,6325667430,6325667427
11385,6325667430,6325667432
11386,6325667430,6325667431
11387,6325667431,6325667390
11388,6325667431,6325667438
11389,6325667431,6325667430
11390,6325667432,6325667430
11391,6325667432,6325667415
11392,6325667432,6325667433
11393,6325667433,6325667438
11394,6325667433,6325667414
11395,6325667433,6325667432
11396,6325667438,6325667431
11397,6325667438,6325667433
11398,6325667438,6325667439
11399,6325667439,6325667438
11400,6325667440,6325667363
11401,6325667440,6325667459
11402,6325667440,6325667417
11403,6325667441,6325667457
11404,6325667441,6325667443
11405,6325667441,6325667444
11406,6325667442,6325667363
11407,6325667442,6325667460
11408,6325667442,6325667461
11409,6325667443,6325667462
11410,6325667443,6325667450
11411,6325667443,6325667441
11412,6325667444,6325667441
11413,6325667445,6325667450
11414,6325667445,6325667448
11415,6325667445,6325667448
11416,6325667448,6325667451
11417,6325667448,6325667445
11418,6325667448,6325667445
11419,6325667449,6325667451
11420,6325667449,6325667461
11421,6325667449,6325667463
11422,6325667450,6325667445
11423,6325667450,6325667443
11424,6325667450,6325667463
11425,6325667451,6325667449
11426,6325667451,6325667448
11427,6325667451,6325667386
11428,6325667452,6325667454
11429,6325667452,6325667417
11430,6325667452,6325667453
11431,6325667453,6325667452
11432,6325667454,6325667418
11433,6325667454,6325667452
11434,6325667454,6325667455
11435,6325667455,6325667454
11436,6325667456,6325667457
11437,6325667457,6325667441
11438,6325667457,6325667459
11439,6325667457,6325667456
11440,6325667458,6325667459
11441,6325667459,6325667457
11442,6325667459,6325667440
11443,6325667459,6325667458
11444,6325667460,6325667462
11445,6325667460,6325667442
11446,6325667460,6325667461
11447,6325667461,6325667449
11448,6325667461,6325667460
11449,6325667461,6325667442
11450,6325667462,6325667443
11451,6325667462,6325667460
11452,6325667462,6325667463
11453,6325667463,6325667450
11454,6325667463,6325667449
11455,6325667463,6325667462
11456,6325667472,6325667473
11457,6325667472,2168469732
11458,6325667473,1943924966
11459,6325667473,6325667474
11460,6325667474,6325667477
11461,6325667474,6325445734
11462,6325667477,1943924966
11463,6325667477,2168469716
11464,6325667478,6325667472
11465,6325667478,6325445126
11466,6325667537,412200846
11467,6325667537,2168469719
11468,6325667568,6325667569
11469,6325667568,6326297753
11470,6325667569,6326297753
11471,6325667569,412198653
11472,6325667570,412201738
11473,6325667570,6325667568
11474,6325667614,412198486
11475,6325667614,6326297295
11476,6325667614,6326297292
11477,6326297292,412198260
11478,6326297292,6325667614
11479,6326297295,8859358475
11480,6326297295,6325667614
11481,6326297295,412200961
11482,6326297407,5270420115
11483,6326297407,6326297410
11484,6326297410,3969297678
11485,6326297410,3969278744
11486,6326297410,6326466711
11487,6326297439,2168469796
11488,6326297439,12153686381
11489,6326297440,6326297441
11490,6326297440,2168469795
11491,6326297441,2168469799
11492,6326297625,3969278744
11493,6326297625,3969278721
11494,6326297625,6326297627
11495,6326297627,12153686367
11496,6326297627,6326297625
11497,6326297656,2473434467
11498,6326297753,9956336373
11499,6326297754,2168469657
11500,6326297754,412198572
11501,6326297754,412199348
11502,6326297779,412200960
11503,6326297782,2469943541
11504,6326297863,9891032863
11505,6326297863,12590126777
11506,6326297863,3969386662
11507,6326297927,12151598268
11508,6326298052,2469943537
11509,6326298052,12151598263
11510,6326298055,9891032861
11511,6326298055,9021497733
11512,6326298066,412727847
11513,6326298066,6326298052
11514,6326298066,9947715260
11515,6326298078,6326298126
11516,6326298078,2168469838
11517,6326298091,9950439543
11518,6326298091,9952188338
11519,6326298092,8847970084
11520,6326298092,2469943501
11521,6326298092,2469943558
11522,6326298123,6326298078
11523,6326298123,9938301757
11524,6326298124,6326298123
11525,6326298124,6326298125
11526,6326298125,9969492094
11527,6326298125,9969471711
11528,6326298126,9947715241
11529,6326298126,2168469839
11530,6326298298,412728335
11531,6326298331,9938398272
11532,6326298331,12620877436
11533,6326298336,8859366155
11534,6326298336,8859366157
11535,6326298338,1943925156
11536,6326298338,9938398270
11537,6326298339,2593864620
11538,6326298339,6326298338
11539,6326298341,7880947987
11540,6326298341,12620877445
11541,6326298348,9969471536
11542,6326298348,9943816610
11543,6326298349,2839601072
11544,6326298349,6326298348
11545,6326298359,2306162120
11546,6326298359,9969471521
11547,6326298360,2593864629
11548,6326298360,6326298359
11549,6326298363,2469060832
11550,6326298368,412199346
11551,6326298368,3969278695
11552,6326298374,3969278695
11553,6326298374,8096737816
11554,6326298392,9956432592
11555,6326298392,6326298395
11556,6326298395,412201866
11557,6326466447,7477947885
11558,6326466447,6326466449
11559,6326466449,7878039445
11560,6326466449,9969471755
11561,6326466456,10995295171
11562,6326466456,9942617834
11563,6326466456,2593864583
11564,6326466461,9942617979
11565,6326466463,9942617968
11566,6326466463,2469060838
11567,6326466518,9969471540
11568,6326466518,6326466519
11569,6326466519,6326466520
11570,6326466519,9969471557
11571,6326466520,9042648555
11572,6326466520,9969471642
11573,6326466527,665772905
11574,6326466539,9938353431
11575,6326466539,9969471600
11576,6326466540,6326466541
11577,6326466540,9969471593
11578,6326466540,9969471592
11579,6326466541,6326466540
11580,6326466541,6326466550
11581,6326466544,6326466588
11582,6326466544,9969471542
11583,6326466544,6326466583
11584,6326466550,6326466584
11585,6326466550,6326466551
11586,6326466551,6326466586
11587,6326466551,6326466541
11588,6326466552,6326466586
11589,6326466552,11805305838
11590,6326466572,9969471593
11591,6326466572,9969471582
11592,6326466572,6326466579
11593,6326466579,6326466583
11594,6326466579,6326466572
11595,6326466579,6326466584
11596,6326466583,9969471602
11597,6326466583,6326466544
11598,6326466583,6326466579
11599,6326466584,9969471553
11600,6326466584,6326466550
11601,6326466584,6326466579
11602,6326466586,6326466552
11603,6326466586,6326466551
11604,6326466586,9969471554
11605,6326466587,9969471554
11606,6326466587,9969471540
11607,6326466587,6326466588
11608,6326466588,6326466544
11609,6326466588,6326466587
11610,6326466588,9969471553
11611,6326466706,2306079968
11612,6326466706,5270420009
11613,6326466711,12141249854
11614,6326466711,9031359829
11615,6326466765,9969471712
11616,6326466765,6326466797
11617,6326466770,9969492096
11618,6326466770,9969471766
11619,6326466781,6326466795
11620,6326466781,6326466788
11621,6326466788,9969471713
11622,6326466788,6326466781
11623,6326466789,6326466788
11624,6326466789,6326466795
11625,6326466795,9938301758
11626,6326466795,6326466789
11627,6326466796,665776439
11628,6326466796,9938301750
11629,6326466797,9969471725
11630,6326466840,2306079968
11631,6326504578,1943925113
11632,6326504578,6790359115
11633,6326504767,7985204405
11634,6326504922,3305928457
11635,6326504922,6326504923
11636,6326504922,6326504924
11637,6326504923,6326504922
11638,6326504923,6790359126
11639,6326504923,6790359123
11640,6326504923,6790359125
11641,6326504924,3050154644
11642,6326504924,3050168633
11643,6326504924,6326504922
11644,6326531650,6326531658
11645,6326531650,10592101929
11646,6326531651,6326531660
11647,6326531651,10739951702
11648,6326531652,10739951695
11649,6326531652,2468972465
11650,6326531653,9968289761
11651,6326531653,10592101931
11652,6326531656,6326531653
11653,6326531656,10592101938
11654,6326531657,6326531656
11655,6326531657,10592101933
11656,6326531658,10592101945
11657,6326531658,6326531661
11658,6326531660,8847974469
11659,6326531660,10739951701
11660,6326531661,6326531657
11661,6326531661,10592101943
11662,6326531664,5769580863
11663,6326531664,10592101948
11664,6326531685,2468972421
11665,6326531685,13118996876
11666,6326531686,6326531685
11667,6326531686,3969278687
11668,6326531760,412754529
11669,6327767420,2839601045
11670,6327767420,6327767448
11671,6327767420,2839601231
11672,6327767440,6327767441
11673,6327767440,9671715056
11674,6327767440,6327767448
11675,6327767441,6327767440
11676,6327767441,9671715061
11677,6327767441,9671715060
11678,6327767448,2839601141
11679,6327767448,6327767440
11680,6327767448,6327767420
11681,6327767448,6327768759
11682,6327767453,6327905529
11683,6327767453,2839601395
11684,6327767453,5636738652
11685,6327767481,9671715057
11686,6327767481,9671715062
11687,6327767481,9671715058
11688,6327767482,9671715058
11689,6327767482,334363442
11690,6327768515,10980362295
11691,6327768519,5471144720
11692,6327768545,2511551299
11693,6327768659,1177761353
11694,6327768659,1177761300
11695,6327768659,8463470197
11696,6327768759,2839601395
11697,6327768759,6327905528
11698,6327768759,6327767448
11699,6327768776,13001229327
11700,6327768776,5636738652
11701,6327768776,6327768779
11702,6327768779,6327768776
11703,6327768779,6327768784
11704,6327768784,9916570000
11705,6327768822,1177761300
11706,6327768822,6327902975
11707,6327768822,6327768829
11708,6327768829,6327768822
11709,6327902975,1177761301
11710,6327902975,6327768822
11711,6327902975,6327902983
11712,6327902983,5898135259
11713,6327902983,5898135242
11714,6327902983,6327902975
11715,6327905528,6327905529
11716,6327905528,6327905529
11717,6327905528,6327768759
11718,6327905529,6327767453
11719,6327905529,6327905528
11720,6327905529,6327905528
11721,6327905848,9671715028
11722,6327905848,1172876393
11723,6327905848,1176788248
11724,6327906002,9916435911
11725,6327906002,9916435861
11726,6327906003,6327906002
11727,6327906003,9916442287
11728,6327906004,9916435888
11729,6327906004,3241082536
11730,6327906005,9916569949
11731,6327906005,9916435880
11732,6327906007,9916435888
11733,6327906007,9916442284
11734,6327906007,6327906008
11735,6327906007,9916569949
11736,6327906008,9916435911
11737,6327906008,9916435887
11738,6327906008,6327906007
11739,6327906290,9061998515
11740,6327906290,12558454757
11741,6327906290,3480684929
11742,6328143961,8929851462
11743,6328143961,8929851463
11744,6328143961,5509847969
11745,6328237668,9684180055
11746,6328237668,6325444932
11747,6351365968,8299978142
11748,6351365968,4964161523
11749,6351507248,4964161516
11750,6351507248,4964161527
11751,6351507248,6351507251
11752,6351507251,6351365968
11753,6351507251,6351507248
11754,6373255880,6313177250
11755,6430386586,9685490178
11756,6430386586,6285286499
11757,6430386586,6430386587
11758,6430386586,6430386588
11759,6430386587,6430386586
11760,6430386587,5509847937
11761,6430386587,5509847806
11762,6430386588,6430386586
11763,6430386595,5509847780
11764,6430386595,6430386596
11765,6430386595,5509847779
11766,6430386596,6430386595
11767,6430386597,6430386598
11768,6430386597,5509847778
11769,6430386597,6275997498
11770,6430386598,6430386597
11771,6430386605,5509847779
11772,6430386605,5509847778
11773,6430386605,6546573307
11774,6430386639,5509847788
11775,6524832881,5578846670
11776,6534526295,6534526296
11777,6534526296,3049392829
11778,6534526296,6534526295
11779,6534526296,2191083411
11780,6546573301,9812554213
11781,6546573303,6546573308
11782,6546573303,9812554198
11783,6546573304,6546573303
11784,6546573304,11233693782
11785,6546573306,9812554212
11786,6546573306,6546573321
11787,6546573307,6430386605
11788,6546573307,6546573301
11789,6546573308,5509847779
11790,6546573308,6546573307
11791,6546573321,6546573304
11792,6546573321,6549287013
11793,6549287013,6546573321
11794,6565409374,5913132407
11795,6565409379,6565409380
11796,6565409379,2538059758
11797,6565409379,5913132411
11798,6565409380,6565409379
11799,6565410399,2839601330
11800,6565410399,406494822
11801,6565410443,8929857468
11802,6565410443,8092448501
11803,6565410443,6620503343
11804,6565410460,5509847749
11805,6565410460,5509847938
11806,6565410460,6565410463
11807,6565410463,6565410460
11808,6566249865,5913132399
11809,6566249865,406449014
11810,6566249865,6566249866
11811,6566249866,5913132396
11812,6566249866,406494829
11813,6566249866,6566249865
11814,6566249877,8065710639
11815,6566249877,6566297186
11816,6566277825,6284506254
11817,6566277825,5509847926
11818,6566277825,6566277826
11819,6566277826,6566277825
11820,6566297186,5270670364
11821,6566297186,412486507
11822,6566297192,9671686496
11823,6566297192,6627827944
11824,6566297192,2191032302
11825,6567782077,2575825333
11826,6567782077,6567782078
11827,6567782077,12135554728
11828,6567782078,6567782077
11829,6567782078,406459681
11830,6567782078,8929851456
11831,6619045810,6313054419
11832,6619045810,9121474548
11833,6619140821,6620503345
11834,6619140821,6625302253
11835,6619140821,5913132448
11836,6619140821,1179259994
11837,6620380050,6620380053
11838,6620380053,1943925113
11839,6620380053,6620380050
11840,6620503333,6313054261
11841,6620503333,6313054260
11842,6620503333,6625204195
11843,6620503333,6313054258
11844,6620503343,5913132448
11845,6620503343,6565410443
11846,6620503343,6620503345
11847,6620503345,6619140821
11848,6620503345,8929796967
11849,6620503345,6620503343
11850,6621830733,3969048514
11851,6621830733,11233693800
11852,6621830739,6621830733
11853,6622846385,6313055059
11854,6622846385,5000414155
11855,6622846390,8096908315
11856,6622846390,8096908310
11857,6622846391,6313055189
11858,6622846392,6622846391
11859,6622846392,8096908315
11860,6622973312,6313054435
11861,6623149601,6313054275
11862,6623149601,6623149602
11863,6623149602,403004953
11864,6623149602,6313177085
11865,6623149605,9979127599
11866,6623149605,8892286905
11867,6625204195,5269995345
11868,6625204195,8892286898
11869,6625204195,6620503333
11870,6625268752,12565740111
11871,6625268752,7981096907
11872,6625268759,9974259077
11873,6625268759,9974259082
11874,6625268784,5270670365
11875,6625268784,9908902698
11876,6625294515,406451996
11877,6625294515,6625294516
11878,6625294515,2839601273
11879,6625294515,8002887497
11880,6625294516,4361619977
11881,6625294516,6625294515
11882,6625294518,12565740112
11883,6625294518,12565740113
11884,6625302253,8929796967
11885,6625302253,6619140821
11886,6625302257,6625302265
11887,6625302257,6625302258
11888,6625302257,1179259994
11889,6625302258,6625302257
11890,6625302258,2839601039
11891,6625302258,8002887495
11892,6625302265,6625302253
11893,6625302265,5001464673
11894,6625302267,6625302258
11895,6627146835,8000002443
11896,6627146835,8000002442
11897,6627146835,2471042423
11898,6627146836,1943923712
11899,6627146836,8080941732
11900,6627146837,8080904716
11901,6627146837,6627146836
11902,6627146838,2471042492
11903,6627146838,8080941725
11904,6627146855,8080941732
11905,6627146855,1943923712
11906,6627695211,6627695233
11907,6627695211,6627695217
11908,6627695211,6627695215
11909,6627695214,6627695233
11910,6627695214,406491946
11911,6627695214,8002985288
11912,6627695215,8002985288
11913,6627695215,6627695211
11914,6627695217,6627695220
11915,6627695217,6627695211
11916,6627695218,6627695215
11917,6627695218,6627695220
11918,6627695220,9922077550
11919,6627695220,6627695218
11920,6627695232,6627695217
11921,6627695232,6627695233
11922,6627695232,6630054649
11923,6627695233,6627695211
11924,6627695233,6627695214
11925,6627695233,6627695232
11926,6627695234,6627695235
11927,6627695234,1179259984
11928,6627695234,2839601281
11929,6627695234,1179260039
11930,6627695235,406451324
11931,6627695235,6627695234
11932,6627695235,2839601241
11933,6627695255,5913132402
11934,6627695255,5913132407
11935,6627695255,8929857468
11936,6627695262,9960517478
11937,6627695262,9978855175
11938,6627695262,9978855157
11939,6627827944,4361621003
11940,6627827944,6566297192
11941,6627827959,3968868545
11942,6627827959,412486423
11943,6627827961,412486507
11944,6627827961,412486423
11945,6627827961,6627827963
11946,6627827963,6627827961
11947,6627827963,412486148
11948,6627827964,6632526016
11949,6627827964,6627827966
11950,6627827966,3968868548
11951,6627827966,6627827964
11952,6627827974,9928853665
11953,6627827974,9928853339
11954,6627827974,6627827977
11955,6627827977,9921269614
11956,6627827977,6627827974
11957,6628705609,6313585830
11958,6628705609,6313585818
11959,6628705610,10314256969
11960,6628705610,6628705609
11961,6628705611,6628705610
11962,6628705612,6628705613
11963,6628705613,6313585870
11964,6628831877,6313519348
11965,6628831877,10612067044
11966,6628831882,8376927499
11967,6628831882,9965560132
11968,6630054645,9671714990
11969,6630054645,5422577529
11970,6630054645,9922077539
11971,6630054646,6630054650
11972,6630054646,9916585815
11973,6630054646,9671714990
11974,6630054647,9916570134
11975,6630054647,9916585815
11976,6630054647,9916570151
11977,6630054648,9916564000
11978,6630054648,9916570051
11979,6630054648,9916570134
11980,6630054649,9916569921
11981,6630054649,6627695232
11982,6630054649,9916570051
11983,6630054650,9671714989
11984,6630054650,9916585816
11985,6630054651,2476825200
11986,6630054651,2468984809
11987,6630054651,2476825212
11988,6630054652,9922077549
11989,6630054652,2468984809
11990,6630054656,9922077553
11991,6630054656,9916570052
11992,6630187647,3966755827
11993,6630187647,6313585821
11994,6630187648,3966742713
11995,6630187648,3966755827
11996,6630187648,3966742700
11997,6630187649,8080941745
11998,6630187649,3966742713
11999,6630187654,6630187657
12000,6630187654,6312676759
12001,6630187657,2476377740
12002,6630187657,6312676743
12003,6630187659,7988056392
12004,6630187659,7988056397
12005,6630187660,6630187659
12006,6630187660,3520802735
12007,6630187666,7988056400
12008,6630187666,6313585336
12009,6630187667,6630187669
12010,6630187667,6630187666
12011,6630187668,6630187666
12012,6630187668,6630187669
12013,6630187669,5905841117
12014,6630187669,1371263801
12015,6630187670,1943923748
12016,6630187675,9967100278
12017,6630187677,6630187678
12018,6630187677,6312676816
12019,6630187678,3740175343
12020,6630187678,6630187677
12021,6630187678,10582582836
12022,6630187678,6630187679
12023,6630187679,12136130574
12024,6630187679,6630187678
12025,6630187680,6630187681
12026,6630187680,10582582836
12027,6630187680,10582582703
12028,6630187681,10582582933
12029,6630187681,10582582923
12030,6630187681,6630187680
12031,6630187682,3740175344
12032,6630187682,10582582923
12033,6630187683,10543771386
12034,6630187683,9967100279
12035,6632518645,8434066649
12036,6632518645,406447375
12037,6632518646,412485034
12038,6632518646,9922077585
12039,6632518647,6632518646
12040,6632518647,9922079317
12041,6632518650,412485148
12042,6632518650,3047172393
12043,6632518650,6632526013
12044,6632518656,2839601020
12045,6632518656,2839601132
12046,6632518656,6632518658
12047,6632518658,9922079362
12048,6632518670,6566249877
12049,6632518670,1179260016
12050,6632526013,3047172393
12051,6632526013,9910240952
12052,6632526016,412485148
12053,6632526030,4361621046
12054,6632526030,9921269696
12055,6632526036,403313612
12056,6632526036,4361620949
12057,6632634201,5913132393
12058,6632634201,406491946
12059,6632634203,406486071
12060,6632634203,2839601281
12061,6633198140,9916569962
12062,6633198140,13333923893
12063,6633198145,5311403339
12064,6633198145,9922077558
12065,6633198146,6633198145
12066,6633198146,9916569973
12067,6633212025,9916570015
12068,6633212025,5471154533
12069,6633212028,6633212025
12070,6633212028,401285245
12071,6633212031,412772641
12072,6633212031,8022474928
12073,6633294254,6313177085
12074,6633294254,403004953
12075,6633294255,6633294256
12076,6633294255,2504886137
12077,6633294256,6633294254
12078,6633294256,6633294255
12079,6633303998,8096939318
12080,6633304014,6633303998
12081,6633304039,2510467773
12082,6633304039,8309859627
12083,6633304048,3969074079
12084,6633304048,3969074137
12085,6633304051,6633304039
12086,6649961332,13308453654
12087,6672809946,1179259631
12088,6672809946,6672809947
12089,6672809947,6622846392
12090,6672809947,6672809946
12091,6672876413,5422577529
12092,6672876413,9922079406
12093,6738078253,9926607373
12094,6738078253,9669222568
12095,6738078254,6738078256
12096,6738078254,11250365514
12097,6738078255,2191032897
12098,6738078256,6738078255
12099,6738078256,6738078257
12100,6738078256,9926607374
12101,6738078257,6738078256
12102,6738078257,2191032755
12103,6738078257,2191032897
12104,6738078258,4964161494
12105,6738078261,9907941732
12106,6738078261,5808741452
12107,6738078262,9907941731
12108,6738104485,9044495125
12109,6738104485,8365983645
12110,6738104485,9907941648
12111,6738151713,5269955426
12112,6738193081,3050121105
12113,6738193081,3050115706
12114,6738193081,9671715104
12115,6738193084,3050115707
12116,6738193084,3050116609
12117,6738224287,7985204506
12118,6738224290,9977337390
12119,6738224290,6738224287
12120,6738224292,9977337342
12121,6738224292,9977337382
12122,6738224294,9906858678
12123,6738224294,6738224292
12124,6738224302,9977337382
12125,6738224302,9977337369
12126,6738224302,9906858678
12127,6741805203,1170839258
12128,6741805204,3053580339
12129,6741805204,6741805210
12130,6741805210,9907941557
12131,6741805210,677292371
12132,6768741930,3050127698
12133,6768741930,9911257846
12134,6768741930,12438105632
12135,6768741931,3050159797
12136,6768741931,9982785615
12137,6768741931,9709333188
12138,6768741932,12438105632
12139,6768741932,4361619964
12140,6768796452,5904084575
12141,6784336335,9061406395
12142,6784336338,9061406395
12143,6784336338,6314116758
12144,6784396539,2477431530
12145,6784841277,8858670844
12146,6784841277,12103163222
12147,6784860567,2510446081
12148,6784860567,11127386654
12149,6784860570,11127386654
12150,6784860570,11127386684
12151,6784860589,2510446080
12152,6790022014,6790022041
12153,6790022014,6790022056
12154,6790022014,5028750338
12155,6790022014,5028750334
12156,6790022015,6790022056
12157,6790022015,6790022016
12158,6790022015,5028748918
12159,6790022016,6790022015
12160,6790022016,6790022018
12161,6790022016,6790022055
12162,6790022018,6790022016
12163,6790022018,5028750365
12164,6790022018,5028750358
12165,6790022019,415994309
12166,6790022019,6790022020
12167,6790022020,5028750365
12168,6790022020,5028748906
12169,6790022020,6790022019
12170,6790022020,6790022055
12171,6790022025,6790022046
12172,6790022025,5028750335
12173,6790022025,5028750337
12174,6790022025,6790022040
12175,6790022034,6790022054
12176,6790022034,5028750338
12177,6790022034,6790022050
12178,6790022039,5028750345
12179,6790022039,5028750349
12180,6790022039,6790022048
12181,6790022040,6790022047
12182,6790022040,6790022048
12183,6790022040,6790022025
12184,6790022041,6790022046
12185,6790022041,6790022014
12186,6790022041,5028750340
12187,6790022041,6790022042
12188,6790022042,6790022045
12189,6790022042,5028750334
12190,6790022042,6790022041
12191,6790022042,6790022043
12192,6790022043,6790022042
12193,6790022043,5028750330
12194,6790022043,6790022044
12195,6790022044,6790022043
12196,6790022044,6790022045
12197,6790022044,5028750335
12198,6790022045,5028750335
12199,6790022045,6790022042
12200,6790022045,6790022046
12201,6790022045,6790022044
12202,6790022046,6790022025
12203,6790022046,6790022041
12204,6790022046,6790022047
12205,6790022046,6790022045
12206,6790022047,6790022040
12207,6790022047,5028750340
12208,6790022047,6790022046
12209,6790022048,6790022049
12210,6790022048,6790022039
12211,6790022048,6790022040
12212,6790022049,6790022050
12213,6790022049,6790022048
12214,6790022049,6790022054
12215,6790022050,6790022049
12216,6790022050,6790022034
12217,6790022050,5028750340
12218,6790022054,5028750343
12219,6790022054,6790022034
12220,6790022054,6790022049
12221,6790022055,6790022016
12222,6790022055,5028750329
12223,6790022055,6790022020
12224,6790022056,5028750329
12225,6790022056,6790022015
12226,6790022056,6790022014
12227,6790108528,5028750353
12228,6790108528,5028750325
12229,6790108528,5028748900
12230,6790359113,9042648555
12231,6790359115,5270420009
12232,6790359115,9969471693
12233,6790359115,9042648555
12234,6790359123,6790359124
12235,6790359123,6326504923
12236,6790359123,2477339371
12237,6790359124,6790359125
12238,6790359124,3305928459
12239,6790359124,6790359123
12240,6790359125,1943924798
12241,6790359125,6790359124
12242,6790359125,6326504923
12243,6790359126,1943924798
12244,6790359126,9671715076
12245,6790359126,6326504923
12246,6790359127,6790359128
12247,6790359127,412780511
12248,6790359128,334650533
12249,6790359128,334650460
12250,6790359128,6790359127
12251,6790602572,5028748910
12252,6790602572,5028748908
12253,6790602572,6790602573
12254,6790602573,415993765
12255,6790602573,6790602572
12256,6811519882,6811549385
12257,6811519882,9917608679
12258,6811519882,9892818229
12259,6811549385,6811519882
12260,6811549385,9892818219
12261,6811549385,9917608698
12262,6811549413,9918250939
12263,6811549413,9930957211
12264,6811549413,6811549416
12265,6811549414,6811549416
12266,6811549414,6313177806
12267,6811549414,9922650303
12268,6811549416,6811549413
12269,6811549416,6811549414
12270,6811549416,12177809557
12271,7184847169,6014117469
12272,7184847198,9907968658
12273,7184847207,3496199411
12274,7184847207,9907968634
12275,7184847216,9042373935
12276,7184847216,9042373932
12277,7193046626,412479109
12278,7193046626,6312426010
12279,7193046627,6313925625
12280,7193046627,2511157970
12281,7193046627,7193046628
12282,7193046628,7193046637
12283,7193046628,7193046627
12284,7193046628,7193046629
12285,7193046629,7193046643
12286,7193046629,7193046628
12287,7193046629,7193046638
12288,7193046632,6312426064
12289,7193046632,7193046643
12290,7193046637,8933180686
12291,7193046637,6313925625
12292,7193046637,7193046628
12293,7193046638,7193046646
12294,7193046638,7193046629
12295,7193046638,7193046643
12296,7193046643,7193046632
12297,7193046643,7193046629
12298,7193046643,7193046638
12299,7193046646,7193046638
12300,7301966917,4361619915
12301,7301966917,7301966918
12302,7301966918,9921269648
12303,7314613903,11978246620
12304,7314613903,7987931565
12305,7477931582,8153217083
12306,7477931582,7477931583
12307,7477931583,9942617905
12308,7477931583,7878030767
12309,7477947885,9969492105
12310,7477947885,10997353226
12311,7477947887,9969471756
12312,7477947887,9938306024
12313,7477947890,9938306029
12314,7477947890,8153217080
12315,7477947891,7477947890
12316,7477947891,7477931583
12317,7477947893,9969471719
12318,7477947893,7477947898
12319,7477947894,9969492057
12320,7477947894,9969492086
12321,7477947898,9031359827
12322,7477947906,1943925203
12323,7477947908,9969471716
12324,7477947908,9969471738
12325,7477947909,9938353428
12326,7477947909,9938402317
12327,7477947910,7477947911
12328,7477947910,7878037175
12329,7477947911,9938352906
12330,7477947911,9938306025
12331,7477947913,9969471769
12332,7477947913,6326466796
12333,7477947914,7477947887
12334,7477947914,9938352905
12335,7477947915,1943925142
12336,7477947916,9938306023
12337,7477947916,7477947885
12338,7477947922,9969492106
12339,7477947922,7477947923
12340,7477947922,10979372826
12341,7477947923,7878030760
12342,7477947923,7477947922
12343,7477947923,9969471759
12344,7477947924,9969471759
12345,7477947924,7477947925
12346,7477947924,10979361385
12347,7477947925,7477947924
12348,7477947925,9938352899
12349,7477947925,9938301788
12350,7477947927,9938372593
12351,7477947927,8153217085
12352,7477947927,7477947933
12353,7477947928,10979372812
12354,7477947928,8153217085
12355,7477947928,8153217090
12356,7477947929,9969492090
12357,7477947929,7477947930
12358,7477947930,9969492077
12359,7477947933,9938372594
12360,7477947933,9939524582
12361,7477947933,6326466539
12362,7477947938,7477947939
12363,7477947938,7878037180
12364,7477947939,9938372598
12365,7477947939,7878030768
12366,7478477040,9974259114
12367,7478477040,9974259108
12368,7478945662,10965275974
12369,7478945662,7478945663
12370,7478945663,3226271605
12371,7478945663,10048668319
12372,7478945663,7478945662
12373,7478945673,9974267946
12374,7478945673,9950583546
12375,7478945681,2477328520
12376,7478945681,8495992425
12377,7478945681,2476817470
12378,7552224083,418795936
12379,7552224083,7552224084
12380,7552224084,7552224083
12381,7552224084,6314703266
12382,7712735412,8087129930
12383,7712735412,3969048521
12384,7788691326,9975307807
12385,7788691340,6313054784
12386,7788691340,8096939319
12387,7788691350,11118655756
12388,7788691369,12662663949
12389,7788691381,9950574252
12390,7788691381,9950574266
12391,7788691894,6313177135
12392,7788691894,5001464670
12393,7788691894,9950583511
12394,7788691899,7788691947
12395,7788691947,9033717316
12396,7788691947,7788691899
12397,7788691947,9950574266
12398,7788691952,9975307813
12399,7788691952,9975307806
12400,7788691958,6313055248
12401,7788691958,9975307825
12402,7788691959,2473546525
12403,7788691959,4162009211
12404,7788691959,9975307913
12405,7788691963,13308453653
12406,7788691963,2473546525
12407,7788691963,6313055192
12408,7788691965,6313055247
12409,7794109769,6313054260
12410,7794109769,9899024436
12411,7794109769,5269995351
12412,7806293193,3555301451
12413,7828101843,9991832633
12414,7828101843,7828101849
12415,7828101843,6313175921
12416,7828101844,9991832632
12417,7828101844,7828101843
12418,7828101846,2511162037
12419,7828101846,3654388677
12420,7828101848,2191032629
12421,7828101849,2511162057
12422,7828101849,9991832688
12423,7828101853,8014835693
12424,7828101853,9978855148
12425,7878030746,9942618048
12426,7878030747,9969492109
12427,7878030747,9938301785
12428,7878030748,9969471762
12429,7878030748,9938301786
12430,7878030749,7878030748
12431,7878030749,9938353435
12432,7878030750,9938372616
12433,7878030750,6326466527
12434,7878030752,7878030755
12435,7878030752,9969492100
12436,7878030753,9969471764
12437,7878030753,7878030756
12438,7878030754,7878030753
12439,7878030754,9938301787
12440,7878030755,9969492114
12441,7878030755,9969492110
12442,7878030756,9969492113
12443,7878030757,9969492111
12444,7878030757,7878030758
12445,7878030758,9969471765
12446,7878030758,12807888026
12447,7878030759,9938301809
12448,7878030760,7477947923
12449,7878030760,9938306023
12450,7878030760,10997353227
12451,7878030761,7477947924
12452,7878030761,9969471758
12453,7878030764,13084175535
12454,7878030767,9938402329
12455,7878030767,8153217083
12456,7878030768,9969471751
12457,7878030768,9938402319
12458,7878037174,7878039447
12459,7878037174,12497698577
12460,7878037175,9969471750
12461,7878037175,7878037174
12462,7878037176,13084175608
12463,7878037176,7878037177
12464,7878037177,13084175609
12465,7878037177,10979361404
12466,7878037177,13084175541
12467,7878037178,13084175610
12468,7878037178,13084175542
12469,7878037178,10979361404
12470,7878037179,13084175612
12471,7878037179,9938353437
12472,7878037180,13084175537
12473,7878037180,9938301812
12474,7878037181,13084175539
12475,7878037181,7878037182
12476,7878037182,13084175541
12477,7878037182,9938372593
12478,7878037182,7878037183
12479,7878037183,13084175542
12480,7878037183,9938353438
12481,7878037183,9938372594
12482,7878037184,13084175545
12483,7878037184,1943925078
12484,7878039439,12855404956
12485,7878039440,9969471731
12486,7878039441,9969471733
12487,7878039441,9969471728
12488,7878039442,9938353426
12489,7878039442,9938301761
12490,7878039444,665776447
12491,7878039444,9969492085
12492,7878039445,8152782133
12493,7878039445,6326466449
12494,7878039445,9969471767
12495,7878039446,7477947914
12496,7878039446,9969471754
12497,7878039447,9938352904
12498,7878039447,7477947910
12499,7878080987,9969471743
12500,7878080987,9938301762
12501,7878080988,9969471717
12502,7878080988,9969492060
12503,7878080989,9969471741
12504,7878080989,9969471746
12505,7878080990,9969471745
12506,7880044137,9969492088
12507,7880044137,8153217088
12508,7880146541,10979361382
12509,7880146541,9938353433
12510,7880146541,10979372826
12511,7880146542,9938353433
12512,7880146542,7878030747
12513,7880947987,2306162136
12514,7880947987,11124980197
12515,7880947988,2469058895
12516,7894498546,3107953561
12517,7894498546,7894498547
12518,7894498547,7894498546
12519,7915338808,7915338809
12520,7915338808,4964148414
12521,7915338808,8441839350
12522,7915338808,9951894064
12523,7915338809,3969146338
12524,7915338809,6313263843
12525,7915338809,7915338808
12526,7915338813,5269995538
12527,7915338821,10002385031
12528,7915338821,10153349106
12529,7915338821,4964161021
12530,7915338823,8441839341
12531,7915338823,10153349106
12532,7915338849,7915338809
12533,7915338854,5269995538
12534,7915338864,12662564501
12535,7915338866,3740175229
12536,7915338872,2468982751
12537,7915338872,6628831877
12538,7981096906,8627331066
12539,7981096906,3226271745
12540,7981096907,8090739187
12541,7981096907,8307508722
12542,7981096907,3226271745
12543,7981096907,6625268752
12544,7981297357,7981297358
12545,7981297357,7981297358
12546,7981297358,9975278214
12547,7981297358,9975307717
12548,7981297360,9975278215
12549,7981297360,12545522381
12550,7981297360,12137886902
12551,7981297361,9975278216
12552,7981297362,8948666208
12553,7981297362,5578846708
12554,7981297362,2839601316
12555,7981297362,5824604324
12556,7981297364,7994636341
12557,7981297364,2469069098
12558,7981297364,11114417366
12559,7981297371,12545522332
12560,7981297371,3969014194
12561,7981297372,12545522364
12562,7981297372,9048092407
12563,7984022037,6313054258
12564,7984022037,6313054282
12565,7984022037,6313054281
12566,7984022038,6313054279
12567,7984022038,6313176968
12568,7984022038,6313054280
12569,7984022041,5471154723
12570,7984022041,5471154730
12571,7984022047,4361621041
12572,7984022047,9671686496
12573,7984022047,9978855117
12574,7984059849,11161386136
12575,7984059850,11202750156
12576,7984059850,8307444100
12577,7984059850,8307508754
12578,7984059852,11378602377
12579,7984059852,11378602383
12580,7984059859,2503867845
12581,7984059864,11161431179
12582,7984059864,12186318952
12583,7985191076,7985204514
12584,7985191076,7985204306
12585,7985204306,7985204443
12586,7985204328,7985405818
12587,7985204328,2473485230
12588,7985204337,7985191076
12589,7985204340,7985405816
12590,7985204340,1943924900
12591,7985204345,11002943309
12592,7985204402,1172876620
12593,7985204402,1172876922
12594,7985204403,7985204402
12595,7985204405,7985204403
12596,7985204405,7985204436
12597,7985204431,1943924900
12598,7985204431,7985405816
12599,7985204436,9974268081
12600,7985204436,7985204345
12601,7985204443,7985204553
12602,7985204443,9969232365
12603,7985204466,7985204337
12604,7985204469,7985204466
12605,7985204469,7985204337
12606,7985204495,1172876775
12607,7985204495,1172876605
12608,7985204506,10980362290
12609,7985204506,11027994760
12610,7985204514,7985204431
12611,7985204514,7985204515
12612,7985204515,7985204514
12613,7985204515,7985204403
12614,7985204539,7985204540
12615,7985204540,6326504578
12616,7985204540,7985204557
12617,7985204551,10180385043
12618,7985204551,6326504767
12619,7985204551,7985204556
12620,7985204553,10180385043
12621,7985204556,7985204557
12622,7985204556,6326504578
12623,7985204557,11246154391
12624,7985204565,7985204571
12625,7985204565,2839601072
12626,7985204566,2839601323
12627,7985204566,9938301774
12628,7985204571,6326298349
12629,7985204571,7880947988
12630,7985244019,7985405819
12631,7985244027,2473485237
12632,7985244027,7985244019
12633,7985244032,11233659428
12634,7985244032,11127346286
12635,7985405816,7985405818
12636,7985405816,7985204345
12637,7985405818,7985405819
12638,7985405818,7985244032
12639,7985405819,7985204340
12640,7987931565,9974267921
12641,7988056388,5905841113
12642,7988056388,6312787149
12643,7988056390,7988056388
12644,7988056391,9399469325
12645,7988056391,7988056395
12646,7988056392,6313583478
12647,7988056392,7988056393
12648,7988056393,404596834
12649,7988056393,7988056394
12650,7988056394,2191032971
12651,7988056394,9674846349
12652,7988056395,6312787149
12653,7988056395,5905841113
12654,7988056396,6630187660
12655,7988056396,9399469320
12656,7988056397,4964161031
12657,7988056397,7988056396
12658,7988056398,7988056392
12659,7988056398,7988056397
12660,7988056400,7988056394
12661,7988056400,404596834
12662,7988056401,9717380269
12663,7988056401,7988056402
12664,7988056402,403351241
12665,7988056402,7988056403
12666,7988056403,9931569479
12667,7988056403,8957078158
12668,7988056405,7988056407
12669,7988056405,7988056406
12670,7988056406,2191032479
12671,7988056407,415993917
12672,7988056407,6313177632
12673,7988056408,7988056406
12674,7988056409,3047343157
12675,7988056409,7988056405
12676,7988077990,2469069050
12677,7988077990,334380078
12678,7988077990,5269995824
12679,7991587478,7991587479
12680,7991587478,406515193
12681,7991587478,406515190
12682,7991587479,5578859362
12683,7991587479,5578859361
12684,7991587479,7991587480
12685,7991587479,7991587478
12686,7991587480,5578859364
12687,7991587480,5578859363
12688,7991587480,7991587479
12689,7992017094,1179260035
12690,7992017094,10251421395
12691,7994636328,7994636330
12692,7994636328,5824604291
12693,7994636330,5824604375
12694,7994636330,5824604377
12695,7994636334,2469069141
12696,7994636334,11027994847
12697,7994636335,2469069144
12698,7994636335,7994636336
12699,7994636336,5269928325
12700,7994636341,7981297364
12701,7994636341,7994636344
12702,7994636344,2469069024
12703,7994808841,1172876458
12704,7994808841,2504856991
12705,7994808846,1171848099
12706,7994808850,9039358257
12707,7994808851,1172876776
12708,7994808851,9039358268
12709,7994808853,1172876548
12710,7994808853,1172876618
12711,7999848514,9061568855
12712,7999848523,10068555363
12713,7999848523,7999848524
12714,7999848524,10068555373
12715,7999848524,9310096114
12716,7999924251,3881555303
12717,7999924251,12039496736
12718,7999924252,9991875524
12719,7999924252,7999924251
12720,7999924253,3881555336
12721,7999924253,8081309205
12722,7999924259,7999924253
12723,7999924259,12558988234
12724,7999924271,3969145566
12725,7999924271,3969144212
12726,8000002442,6627146835
12727,8000002443,6313585872
12728,8000002443,8080941720
12729,8000002443,6627146835
12730,8002887495,8002887496
12731,8002887495,2471075953
12732,8002887495,2839601340
12733,8002887496,8002887497
12734,8002887496,406451967
12735,8002887496,406451996
12736,8002887497,2471075940
12737,8002887497,6625294515
12738,8002887497,8002887499
12739,8002887499,9908902701
12740,8002887499,4361620953
12741,8002985288,6632634201
12742,8002985288,1179260041
12743,8002985288,6627695214
12744,8003058301,8003058303
12745,8003058301,9950583483
12746,8003058301,9950583488
12747,8003058303,8003058305
12748,8003058303,8003058301
12749,8003058305,8003058303
12750,8003058305,5001464673
12751,8003058305,9750674992
12752,8003058307,6625302267
12753,8003058307,8003058303
12754,8008014123,9687410300
12755,8008115632,9899024384
12756,8008115632,3047195935
12757,8008115632,3047258150
12758,8014835693,7828101853
12759,8019790414,9911455409
12760,8019790414,6313054272
12761,8019790414,6313054281
12762,8022474928,412774484
12763,8022474928,8022474929
12764,8022474928,412772645
12765,8022474929,8022474928
12766,8022474929,5471154530
12767,8035720963,6313176898
12768,8065677979,7987931565
12769,8065710627,4361620965
12770,8065710627,8065710628
12771,8065710628,9911455414
12772,8065710634,4361620972
12773,8065710634,11042701306
12774,8065710639,5913132390
12775,8065710639,412486148
12776,8077511804,3226271594
12777,8077511804,8624030759
12778,8080904686,10048872865
12779,8080904686,9965560149
12780,8080904706,9965350492
12781,8080904706,10048872852
12782,8080904713,2471042407
12783,8080904714,8080904715
12784,8080904715,3966746843
12785,8080904715,6628705611
12786,8080904716,9819541028
12787,8080941720,8080904716
12788,8080941720,8000002443
12789,8080941720,6627146836
12790,8080941721,8080941720
12791,8080941722,6627146838
12792,8080941722,8080941721
12793,8080941724,8080941722
12794,8080941724,6313585883
12795,8080941725,8080941724
12796,8080941725,8080941727
12797,8080941727,6630187647
12798,8080941732,6627146837
12799,8080941732,9819541026
12800,8080941736,8080941737
12801,8080941736,2471042401
12802,8080941737,8080941738
12803,8080941737,2471042403
12804,8080941738,2511151366
12805,8080941738,2476377668
12806,8080941738,8080941739
12807,8080941739,2471043716
12808,8080941739,11026162641
12809,8080941739,2471043717
12810,8080941740,2471043712
12811,8080941745,10727609409
12812,8080941745,3966742705
12813,8081094004,8081094005
12814,8081094004,10554956235
12815,8081094005,6312676710
12816,8081094005,3881555646
12817,8081309204,6313051162
12818,8081309205,3881555368
12819,8081309205,12558988221
12820,8081309206,3881555370
12821,8081309206,8081309207
12822,8081309207,9992107738
12823,8081309209,5905816808
12824,8081309210,8081309211
12825,8081309210,9931589963
12826,8081309211,9655779501
12827,8082873420,6312786564
12828,8082873420,6312786570
12829,8082873421,8082873420
12830,8082873421,3881555652
12831,8082873428,3881555695
12832,8082873428,1371263800
12833,8082873446,12662564677
12834,8082873446,12662564684
12835,8082952154,11027994848
12836,8082952154,5578859360
12837,8087129930,9974259114
12838,8087129930,7712735412
12839,8087129930,8266000908
12840,8087652894,6630054656
12841,8087652894,5270670365
12842,8090691322,8090691323
12843,8090691323,8090691322
12844,8090691323,418808470
12845,8090691323,9808277558
12846,8090739184,5270670383
12847,8090739184,8090739185
12848,8090739185,9974267948
12849,8090739185,9974267948
12850,8090739187,7981096907
12851,8090739187,9034299881
12852,8090739187,12565740102
12853,8092448501,5913132441
12854,8092448501,5913132448
12855,8096580133,9942617970
12856,8096580137,2306162125
12857,8096737789,9956336389
12858,8096737789,334325330
12859,8096737793,412198572
12860,8096737793,8096737795
12861,8096737795,6326297292
12862,8096737795,334325326
12863,8096737816,412199347
12864,8096737816,9956432455
12865,8096747526,8096747528
12866,8096747526,4168513238
12867,8096747527,5755083543
12868,8096747527,8096747526
12869,8096747528,5755083517
12870,8096747528,8096747529
12871,8096747529,1371263874
12872,8096908301,8096908302
12873,8096908301,5269995351
12874,8096908302,8096908301
12875,8096908302,6313176983
12876,8096908310,13305918219
12877,8096908315,6622846390
12878,8096908315,8096908310
12879,8096939317,6313054796
12880,8096939318,6313054784
12881,8096939318,8418804561
12882,8096939319,9975307777
12883,8096939321,3969074137
12884,8096939322,3226271737
12885,8096939322,8096939321
12886,8115058826,7712735412
12887,8115058826,9960577520
12888,8150865748,9039339016
12889,8150865748,4361620953
12890,8150892719,9899024427
12891,8150892719,3968910023
12892,8150892719,6313054387
12893,8152782133,9969492101
12894,8152782133,6326466447
12895,8153217078,9969492066
12896,8153217078,8153217079
12897,8153217079,8153217078
12898,8153217079,7477931582
12899,8153217080,8153217081
12900,8153217080,9938372599
12901,8153217081,8153217080
12902,8153217081,9938306029
12903,8153217083,8153217078
12904,8153217083,7477931582
12905,8153217083,9938402330
12906,8153217085,9938301807
12907,8153217085,7477947927
12908,8153217085,7477947928
12909,8153217086,8153217087
12910,8153217086,9969492086
12911,8153217086,9938402329
12912,8153217087,8153217086
12913,8153217087,9969492087
12914,8153217088,7477947929
12915,8153217088,9969492089
12916,8153217089,13084175526
12917,8153217089,9942617918
12918,8153217090,13084175526
12919,8153217090,9938301801
12920,8153217090,7477947928
12921,8204307298,13245403187
12922,8204307298,12662663931
12923,8204307299,13245403193
12924,8221939124,9892625009
12925,8221939124,9917615660
12926,8221939124,9907928858
12927,8221939129,6313263421
12928,8221939129,8221939130
12929,8221939129,415992997
12930,8221939130,9979301494
12931,8221939130,8221939129
12932,8221939130,8221939131
12933,8221939131,8221939130
12934,8221939131,9979301496
12935,8221939131,8221939133
12936,8221939133,9121455086
12937,8221939133,9979127594
12938,8221939133,9979301497
12939,8221939133,8221939131
12940,8221939134,9979127594
12941,8221939134,9979301501
12942,8221939135,9979301497
12943,8221939135,6313177201
12944,8222036925,9991832648
12945,8222036925,8222036926
12946,8222036926,415985176
12947,8222036926,6313053564
12948,8222036930,8222036931
12949,8222036930,9042323870
12950,8222036931,3578802004
12951,8222036931,6313053576
12952,8222036934,9042323870
12953,8222036934,8222036931
12954,8222036939,8222128526
12955,8222036939,8222036940
12956,8222036940,3578801992
12957,8222036940,3578801956
12958,8222128526,8222128527
12959,8222128526,8222036940
12960,8222128527,6313264170
12961,8222128530,8222128531
12962,8222128531,335579308
12963,8222128531,7915338849
12964,8222128532,4687033847
12965,8222128532,9991832656
12966,8227683330,9192916102
12967,8227683331,1179259845
12968,8227683331,9908902704
12969,8233067046,8080904706
12970,8233067046,8233067047
12971,8233067047,6313519826
12972,8233067047,6313519409
12973,8233067049,4361620915
12974,8233150457,5270670398
12975,8233185911,6313177818
12976,8233185911,6313177633
12977,8234025205,5311403344
12978,8234025205,9671714999
12979,8234025207,9922077547
12980,8234025207,5509939264
12981,8234025207,3042566854
12982,8234025208,6314453841
12983,8234025209,8234025210
12984,8234025209,8234025208
12985,8234025210,2503867852
12986,8234025211,8234025208
12987,8234025211,8234025210
12988,8248305293,8248305294
12989,8248305294,2511164601
12990,8248305294,8248305293
12991,8266000908,7478945663
12992,8266000908,8087129930
12993,8272988825,5471154590
12994,8272988825,5311349224
12995,8285837989,9906986113
12996,8285837989,9906986112
12997,8285837989,3050127694
12998,8296314352,3740175296
12999,8296314355,13275543893
13000,8296314358,10582583020
13001,8296314360,8296314352
13002,8296314360,8296314361
13003,8296314361,3740175289
13004,8299350123,5905816785
13005,8299350123,8299350125
13006,8299350125,2476377818
13007,8299350126,8299350125
13008,8299350126,9910982576
13009,8299565617,4361620971
13010,8299565617,9075898640
13011,8299978139,4964161517
13012,8299978142,403316635
13013,8299978142,403314521
13014,8299978150,8299978151
13015,8299978150,4964161526
13016,8299978151,403313444
13017,8299978151,403313330
13018,8299978153,8299978150
13019,8299978161,9892782620
13020,8299978162,8418365405
13021,8299978162,8299978170
13022,8299978170,13307625637
13023,8299978172,3047155550
13024,8299978172,8299978178
13025,8299978177,8299978178
13026,8299978177,2476377838
13027,8299978178,1171848164
13028,8299978186,8299978187
13029,8299978186,403279006
13030,8299978187,1171848181
13031,8299978195,9910982582
13032,8299978195,3967070907
13033,8299978199,6312677326
13034,8299978199,2191032310
13035,8300138892,8300138893
13036,8300138892,8299350126
13037,8300138893,9346318105
13038,8300138893,8300138892
13039,8300138893,9910982579
13040,8300138893,9642296866
13041,8300138894,9346318105
13042,8300138894,403357877
13043,8300138895,6312787228
13044,8300138895,6312787222
13045,8300138895,9910982573
13046,8300138898,403367329
13047,8300138898,8300138904
13048,8300138904,2191032635
13049,8300138904,403367329
13050,8300138905,5755083492
13051,8300138905,8300149222
13052,8300138905,8300138912
13053,8300138905,9910232403
13054,8300138912,8300138913
13055,8300138912,5755083535
13056,8300138913,11911783752
13057,8300149218,1180316600
13058,8300149218,9906881574
13059,8300149222,8300149223
13060,8300149223,5808741438
13061,8300149223,5808741439
13062,8300149223,412477571
13063,8300149226,8300138905
13064,8300149226,11911783752
13065,8300149237,1176788273
13066,8300149237,2645379456
13067,8301538026,8301538030
13068,8301538026,8301538033
13069,8301538030,9910982560
13070,8301538033,12623517537
13071,8301538033,4929522427
13072,8301538034,4288212613
13073,8301538034,403115120
13074,8301538035,8301538033
13075,8301538035,8301538030
13076,8301725119,1371263832
13077,8301725119,8301725125
13078,8301725125,5905841117
13079,8301725126,10582583013
13080,8301725126,8301725131
13081,8301725131,6630187667
13082,8301725139,9992146435
13083,8301725139,6312787165
13084,8301725144,6312787116
13085,8301725144,8301725145
13086,8301725145,8301725152
13087,8301725145,8301725148
13088,8301725148,8365992998
13089,8301725148,8301725149
13090,8301725149,9926607472
13091,8301725150,8301725149
13092,8301725150,8301725152
13093,8301725152,3881555677
13094,8301725152,8301725153
13095,8301725153,8301725144
13096,8301725153,9992146422
13097,8301725158,417643359
13098,8307444100,7984059850
13099,8307444100,8307508755
13100,8307444100,11161413467
13101,8307444102,7984059864
13102,8307444102,11010633753
13103,8307444103,8307444102
13104,8307444103,11161431178
13105,8307444104,7984059867
13106,8307444104,11161431178
13107,8307444106,8307444104
13108,8307444106,11161431176
13109,8307508722,7981096907
13110,8307508744,8495992425
13111,8307508753,11161413124
13112,8307508753,11161413123
13113,8307508754,8307508755
13114,8307508754,11202750157
13115,8307508754,7984059849
13116,8307508755,8307444100
13117,8307508755,11161386142
13118,8307508755,8307508754
13119,8309859627,6633304048
13120,8309859627,6633304039
13121,8340524769,12565738692
13122,8346268009,10067423296
13123,8346268009,7915338866
13124,8346268012,12485440085
13125,8346268012,10567830040
13126,8346268013,10567830040
13127,8346268013,12485440085
13128,8346279084,8346279097
13129,8346279084,6312677315
13130,8346279084,6312677313
13131,8346279097,8346279084
13132,8346279097,6312677300
13133,8346279097,4929522426
13134,8347400839,3881555449
13135,8347400839,9991875525
13136,8365983582,5469028896
13137,8365983583,8365983582
13138,8365983583,8365983587
13139,8365983587,3453705831
13140,8365983645,9907941674
13141,8365983645,9907941689
13142,8365983667,677292317
13143,8365992979,8081309209
13144,8365992979,8365992980
13145,8365992980,8081309209
13146,8365992980,8365992999
13147,8365992986,8365992987
13148,8365992987,9926607472
13149,8365992987,6312786716
13150,8365992988,8365992998
13151,8365992998,8301725148
13152,8365992998,6312787142
13153,8365992999,9926607473
13154,8365992999,8365992988
13155,8376927499,9965569468
13156,8376927499,9965563557
13157,8413557920,8082873428
13158,8413557920,8082873421
13159,8413557921,8413557920
13160,8413557946,3881553181
13161,8414529235,412485589
13162,8414529235,6313054185
13163,8414686194,404632205
13164,8414686194,4361621039
13165,8414754184,3045969240
13166,8414754184,9916442256
13167,8414754190,8414763021
13168,8414754190,13307625650
13169,8414754208,13307970313
13170,8414754208,406135449
13171,8414763021,404585578
13172,8414763022,1632794733
13173,8414763022,2476377865
13174,8414763034,2839601238
13175,8414763034,5913132516
13176,8414763034,493138058
13177,8415455838,406149790
13178,8415455845,401256897
13179,8415455845,1171848172
13180,8416308274,3335931100
13181,8416308274,9709623341
13182,8416308275,677292368
13183,8416308275,9982785612
13184,8416321445,1704654916
13185,8416321445,717523655
13186,8416321447,2473537402
13187,8416321447,6313924262
13188,8416735849,8416735851
13189,8416735849,12574312141
13190,8416735851,11127386620
13191,8417702087,2513900333
13192,8417702087,2513900348
13193,8417702087,9906861930
13194,8417955271,8417955281
13195,8417955271,6313263932
13196,8417955279,8417955271
13197,8417955280,10012857582
13198,8417955280,8417955279
13199,8417955281,8417955289
13200,8417955281,8417955280
13201,8417955282,8417955280
13202,8417955282,8417955289
13203,8417955289,8417955290
13204,8417955290,8417955296
13205,8417955290,8417955296
13206,8417955296,8417955282
13207,8418365402,6313177609
13208,8418365402,8418365405
13209,8418365405,9930957211
13210,8418664604,6313263904
13211,8418664604,11968527796
13212,8418664604,6313263930
13213,8418799402,9907941594
13214,8418799402,9907941592
13215,8418804537,5898135957
13216,8418804537,5898135937
13217,8418804537,5898135950
13218,8418804561,6313176983
13219,8418804561,6313054419
13220,8424227030,8424227038
13221,8424227030,8424227048
13222,8424227038,412479619
13223,8424227048,9967102215
13224,8425207726,5350972557
13225,8425207728,1180316661
13226,8434066643,2839601132
13227,8434066643,2839601168
13228,8434066643,8434066644
13229,8434066644,8434066643
13230,8434066644,9922077585
13231,8434066647,6632518646
13232,8434066647,8434066648
13233,8434066648,8434066644
13234,8434066649,1179260104
13235,8434066649,8434066648
13236,8441839341,9951894064
13237,8441839341,11702603828
13238,8441839341,7915338823
13239,8441839350,7915338808
13240,8441839350,4964148413
13241,8441839353,9975307851
13242,8463470197,13001229340
13243,8463470197,6327768659
13244,8463470197,13001229345
13245,8484482647,10069475750
13246,8495992425,7478945681
13247,8495992425,11161413123
13248,8495992425,8307508744
13249,8495992425,2476817470
13250,8624030759,8077511804
13251,8624030759,12565739933
13252,8624030759,2477332816
13253,8627215726,412770466
13254,8627215726,2469069123
13255,8627215726,8627215728
13256,8627215728,8627215726
13257,8627292288,8080904713
13258,8627292288,6313519921
13259,8627331066,3226271680
13260,8627331066,2477332816
13261,8627331069,3226271750
13262,8646486446,6313053581
13263,8646486446,5269995017
13264,8646486458,8907249733
13265,8646486458,8907249736
13266,8646486458,8907258063
13267,8646486460,8907249729
13268,8646486460,8907249740
13269,8646486460,6313263492
13270,8646486461,8907249729
13271,8646486461,8646486473
13272,8646486461,8907249734
13273,8646486461,6313263487
13274,8646486463,8907258061
13275,8646486463,8646486471
13276,8646486463,8646486470
13277,8646486469,8907249733
13278,8646486469,8646486473
13279,8646486469,8907249734
13280,8646486470,8646486473
13281,8646486470,8646486471
13282,8646486470,8907258062
13283,8646486470,8646486463
13284,8646486471,6313263487
13285,8646486471,8646486463
13286,8646486471,8646486472
13287,8646486471,8646486470
13288,8646486472,6313263492
13289,8646486472,6313263491
13290,8646486472,8646486471
13291,8646486473,8646486469
13292,8646486473,8646486470
13293,8646486473,8646486461
13294,8646486473,8646486474
13295,8646486474,8646486473
13296,8646486474,8907258062
13297,8649285434,9991832630
13298,8649285434,8649285435
13299,8649285435,9991832639
13300,8666869712,8666890029
13301,8666869712,8666890024
13302,8666869712,5507719917
13303,8666869713,8666890025
13304,8666869713,8666869716
13305,8666869713,8666890019
13306,8666869716,9916435867
13307,8666869716,8666890017
13308,8666869716,8666890030
13309,8666869716,8666869713
13310,8666890017,8666869716
13311,8666890019,8666890026
13312,8666890019,8666890031
13313,8666890019,8666869713
13314,8666890024,8666890028
13315,8666890024,8666869712
13316,8666890024,8666890027
13317,8666890025,8666869713
13318,8666890025,8666890028
13319,8666890025,8666890026
13320,8666890026,8666890019
13321,8666890026,8666890025
13322,8666890026,8666890027
13323,8666890027,8666890024
13324,8666890027,8666890026
13325,8666890027,8666890031
13326,8666890028,8666890025
13327,8666890028,8666890024
13328,8666890028,8666890030
13329,8666890029,8666869712
13330,8666890029,9916435867
13331,8666890029,8666890030
13332,8666890030,8666890029
13333,8666890030,8666890028
13334,8666890030,8666869716
13335,8666890031,8666890027
13336,8666890031,8666890019
13337,8666890031,8666890033
13338,8666890033,3045969240
13339,8666890033,9916442257
13340,8666890033,8666890031
13341,8666890034,8666890035
13342,8666890034,9916435867
13343,8666890034,8666890041
13344,8666890035,8666890034
13345,8666890035,8666890041
13346,8666890035,8666890041
13347,8666890038,3107953602
13348,8666890038,3107953605
13349,8666890038,8666890041
13350,8666890041,8666890038
13351,8666890041,8666890035
13352,8666890041,8666890035
13353,8666890041,8666890034
13354,8686180108,8686418521
13355,8686180108,9039504169
13356,8686180108,10007624002
13357,8686385492,10012204328
13358,8686385492,9921269646
13359,8686385492,10012204329
13360,8686385492,9905347053
13361,8686405323,4964161580
13362,8686405323,2191032854
13363,8686405325,9907928877
13364,8686405325,9039504169
13365,8686405327,3447927216
13366,8686405332,3447927216
13367,8686405332,10007624002
13368,8686405332,9898978879
13369,8686418521,3257579076
13370,8686418521,6313177430
13371,8686418521,8686180108
13372,8720798362,4361619908
13373,8720798362,9921269614
13374,8720798362,4361620981
13375,8767017739,406094257
13376,8767017739,1170838938
13377,8767017742,3047742500
13378,8767017742,8767017746
13379,8767017746,1176788242
13380,8847970060,12590126773
13381,8847970060,12590126750
13382,8847970068,9684180060
13383,8847970068,9949418805
13384,8847970069,11005652363
13385,8847970069,6325666525
13386,8847970073,8847974477
13387,8847970073,10201821882
13388,8847970074,9112308402
13389,8847970074,10897536908
13390,8847970084,2469943537
13391,8847970084,6326298092
13392,8847970084,9952188338
13393,8847970085,6326298124
13394,8847970085,2308210998
13395,8847974417,2168469724
13396,8847974421,8847974422
13397,8847974422,6325445087
13398,8847974422,5725800560
13399,8847974429,11802193656
13400,8847974429,8847970060
13401,8847974435,719127405
13402,8847974435,1282895979
13403,8847974435,1282895973
13404,8847974437,6324987022
13405,8847974437,9967768307
13406,8847974438,8847974440
13407,8847974438,9968282175
13408,8847974439,8847974437
13409,8847974439,9968282176
13410,8847974440,6325445118
13411,8847974440,6325445774
13412,8847974441,8847974438
13413,8847974441,9967768289
13414,8847974462,10592101942
13415,8847974462,8847974463
13416,8847974463,9959159121
13417,8847974463,8847974462
13418,8847974464,9959159117
13419,8847974464,10739951698
13420,8847974465,9959159118
13421,8847974465,10592101935
13422,8847974465,10592101934
13423,8847974465,10592101939
13424,8847974466,9959159119
13425,8847974466,10592101951
13426,8847974466,10592101939
13427,8847974466,10592101932
13428,8847974467,8847974462
13429,8847974467,10592101951
13430,8847974468,8847974469
13431,8847974469,6326531652
13432,8847974469,8847974468
13433,8847974470,6326531664
13434,8847974470,8847974471
13435,8847974471,5769580865
13436,8847974471,8847974470
13437,8847974472,6324986969
13438,8847974472,6324986970
13439,8847974473,9956336357
13440,8847974473,8847974474
13441,8847974474,412754566
13442,8847974474,9956336388
13443,8847974475,6325445697
13444,8847974475,6325667477
13445,8847974476,8847974475
13446,8847974477,8847974478
13447,8847974477,10201821883
13448,8847974478,9112308399
13449,8847974478,2469943543
13450,8858670821,417643357
13451,8858670821,8858670822
13452,8858670822,3881555516
13453,8858670822,8858670821
13454,8858670845,10068555369
13455,8858670845,6313051163
13456,8858670846,7999848524
13457,8858670846,10068555372
13458,8858673605,414093187
13459,8858673605,3226271578
13460,8859358420,6326298126
13461,8859358431,8859366153
13462,8859358431,9969471720
13463,8859358432,8859366153
13464,8859358459,13084175614
13465,8859358459,9938301784
13466,8859358473,9956336412
13467,8859358473,412198615
13468,8859358475,6326297295
13469,8859358475,9952188373
13470,8859358495,412199348
13471,8859358495,9956432455
13472,8859358513,412727847
13473,8859358513,2469943501
13474,8859358513,412727860
13475,8859359223,9968282205
13476,8859359223,2476378080
13477,8859359228,2191032598
13478,8859366153,8859358432
13479,8859366153,8859358431
13480,8859366153,8859366156
13481,8859366155,9938301753
13482,8859366155,8859366156
13483,8859366155,6326298336
13484,8859366156,8859366155
13485,8859366156,8859366153
13486,8859366156,8859366157
13487,8859366157,8859366156
13488,8859366157,8859358431
13489,8859366168,9752671649
13490,8859366168,9969232378
13491,8879695855,6313925122
13492,8879695856,6313925122
13493,8879837087,2470793093
13494,8879837087,8879837088
13495,8879837087,13345634565
13496,8879837088,8879837087
13497,8879837088,6325445551
13498,8892286893,6313177135
13499,8892286893,9960532006
13500,8892286893,5000414155
13501,8892286898,6672809946
13502,8892286898,6625204195
13503,8892286901,8892286902
13504,8892286901,6313054284
13505,8892286902,2191032780
13506,8892286902,6313054385
13507,8892286905,9979127600
13508,8892286905,9979127583
13509,8892286908,9921269716
13510,8892348536,5510028764
13511,8892348536,5510003748
13512,8892348537,5510003748
13513,8892348537,5422633981
13514,8907249729,8646486460
13515,8907249729,8646486461
13516,8907249729,8907249730
13517,8907249730,8907249729
13518,8907249730,8907249734
13519,8907249730,8907249735
13520,8907249733,8646486458
13521,8907249733,8646486469
13522,8907249733,8907249735
13523,8907249734,8646486461
13524,8907249734,8907249730
13525,8907249734,8646486469
13526,8907249735,8907249733
13527,8907249735,8907249730
13528,8907249735,8907249736
13529,8907249736,8907249737
13530,8907249736,8646486458
13531,8907249736,8907249735
13532,8907249737,8907249736
13533,8907249737,8907249740
13534,8907249737,8907249740
13535,8907249740,8646486460
13536,8907249740,8907249737
13537,8907249740,8907249737
13538,8907249744,6313263486
13539,8907249744,6313263486
13540,8907249744,6313263493
13541,8907258060,415993785
13542,8907258060,8907258061
13543,8907258061,6313263491
13544,8907258061,8646486463
13545,8907258061,8907258060
13546,8907258062,415993780
13547,8907258062,8646486470
13548,8907258063,8646486474
13549,8907258063,8646486458
13550,8925923326,6313263605
13551,8925923326,6313053194
13552,8925923326,12185803773
13553,8925923340,9967100278
13554,8925923341,10543771399
13555,8925923341,6312676761
13556,8925923341,9967100294
13557,8925923343,3966757427
13558,8925923343,10543771399
13559,8929796967,6620503345
13560,8929851456,2575825333
13561,8929851456,6567782078
13562,8929851456,2575825334
13563,8929851458,8929851459
13564,8929851459,2575825334
13565,8929851459,8929851462
13566,8929851459,8929851460
13567,8929851459,8929851458
13568,8929851460,8929851459
13569,8929851460,3226271586
13570,8929851461,8929851462
13571,8929851462,8929851459
13572,8929851462,6328143961
13573,8929851462,8929851463
13574,8929851462,8929851461
13575,8929851463,8929851462
13576,8929851463,6328143961
13577,8929851463,3226271586
13578,8929857468,6565410443
13579,8929857468,6627695255
13580,8933180677,8933180687
13581,8933180677,6312426235
13582,8933180679,12192144291
13583,8933180680,9682305823
13584,8933180681,8933180682
13585,8933180681,9682305823
13586,8933180681,12192144291
13587,8933180682,8933180681
13588,8933180682,12192144284
13589,8933180682,12192144291
13590,8933180686,7193046637
13591,8933180686,6313925626
13592,8933180686,8933180687
13593,8933180687,8933180689
13594,8933180687,8933180689
13595,8933180687,8933180677
13596,8933180687,8933180686
13597,8933180689,9682305823
13598,8933180689,8933180687
13599,8933180689,8933180687
13600,8948592141,6313177484
13601,8948592141,334304113
13602,8948666208,7981297362
13603,8948666208,5578846670
13604,8948666208,5824604419
13605,8948697012,9950583558
13606,8948697014,3226271671
13607,8948717319,10069475747
13608,8948717319,8948697014
13609,8948717320,10069475748
13610,8948717320,8948717325
13611,8948717325,5270670401
13612,8948717328,334360403
13613,8948784462,334363433
13614,8948784462,13202416587
13615,8948784462,11002943337
13616,8953003088,412947293
13617,8953003094,6313924516
13618,8953003094,2471113892
13619,8957078157,415993920
13620,8957078157,9934875730
13621,8957078158,8957078157
13622,8957078158,9934875730
13623,8957078221,415994292
13624,8957078221,9934252121
13625,8957078246,9934252105
13626,8957078246,7988056402
13627,8957078272,8957078311
13628,8957078272,9934252114
13629,8957078288,8957078221
13630,8957078288,12485469079
13631,8957078311,8957078246
13632,8957078311,9934252115
13633,8975083348,8975083349
13634,8975083349,9025678065
13635,8975083349,2469083126
13636,8975083349,8975083348
13637,8975083349,3226271709
13638,8982543637,4168513243
13639,8982543637,9642377710
13640,9003557114,5509847942
13641,9018689582,2504882039
13642,9021497733,12151598268
13643,9021497733,12151598256
13644,9025678061,2504882039
13645,9025678062,6625302267
13646,9025678065,3226271721
13647,9025678065,8975083349
13648,9025678065,9042257393
13649,9025678065,3226271739
13650,9026173158,412198661
13651,9031359827,6326466711
13652,9031359827,412728335
13653,9031359828,9031359827
13654,9031359828,6326466706
13655,9031359829,9031359828
13656,9031359832,6326298374
13657,9033717314,9033717316
13658,9033717314,2473546547
13659,9033717316,9033717314
13660,9033717316,7788691947
13661,9033717316,9960532012
13662,9033795336,8096939319
13663,9034063979,9671686504
13664,9034063979,7301966918
13665,9034063983,403278101
13666,9034063984,1171848456
13667,9034063984,9921269646
13668,9034064002,403306021
13669,9034064002,3881555709
13670,9034120455,406449021
13671,9034120455,8929857468
13672,9034120455,5913132405
13673,9034120456,6632634203
13674,9034120456,406491954
13675,9034120457,406487679
13676,9034299881,8090739187
13677,9037449550,406458792
13678,9037449550,9976220647
13679,9037449556,5270670390
13680,9037725736,2503867803
13681,9037725736,2575825333
13682,9037857968,418805076
13683,9039291481,9039291492
13684,9039291481,9039291490
13685,9039291482,9039291483
13686,9039291482,1943924962
13687,9039291483,2191032910
13688,9039291483,9039291484
13689,9039291484,2191032707
13690,9039291485,9039291488
13691,9039291485,2476378095
13692,9039291488,9039291481
13693,9039291488,2168469725
13694,9039291489,9039291482
13695,9039291489,2191032910
13696,9039291490,2191032333
13697,9039291490,9039291489
13698,9039291491,9039291482
13699,9039291491,2168469708
13700,9039291492,2191032333
13701,9039291492,2470793127
13702,9039339016,9974349743
13703,9039358226,7994808846
13704,9039358244,402993698
13705,9039358244,9974349737
13706,9039358257,9974349742
13707,9039358257,9812588955
13708,9039358268,9916435882
13709,9039358268,7994808850
13710,9039358273,1172876655
13711,9039358273,7994808846
13712,9039504166,2645379589
13713,9039504166,9039504168
13714,9039504166,3256837497
13715,9039504168,9039504166
13716,9039504169,10011965372
13717,9039504169,8686405325
13718,9039504169,8686180108
13719,9040056226,11233693800
13720,9040056226,11978246605
13721,9040056226,12565739855
13722,9042257393,5510038913
13723,9042257393,9025678065
13724,9042257393,5510047515
13725,9042323870,8222036934
13726,9042323870,6313264167
13727,9042323878,9951896646
13728,9042323878,9951896621
13729,9042323878,9951896648
13730,9042323878,9951896641
13731,9042323879,6313264166
13732,9042323879,9951896651
13733,9042335521,10069475772
13734,9042365267,3046664602
13735,9042365267,406120051
13736,9042365267,3287346792
13737,9042373932,9907941695
13738,9042373935,9906988355
13739,9042373935,10558523753
13740,9042373944,7184847198
13741,9042373944,9907968683
13742,9042648550,9939524582
13743,9042648550,9969492077
13744,9042648550,9969471559
13745,9042648555,6326466520
13746,9042648555,6790359113
13747,9042648555,6790359115
13748,9043417205,3740175329
13749,9043417205,8296314358
13750,9043417215,3740175330
13751,9043417215,3740175315
13752,9043469739,9974268059
13753,9043469739,10074938870
13754,9043486924,12485440093
13755,9043486924,3740175253
13756,9043486950,9960479312
13757,9043486952,3740174916
13758,9043486974,2476377724
13759,9043486997,2476377780
13760,9044495125,6738104485
13761,9046536750,9271269526
13762,9046536750,6328237668
13763,9046536751,11005652337
13764,9048024333,9048024335
13765,9048024333,9048024337
13766,9048024333,2469069129
13767,9048024335,9048024333
13768,9048024335,8948784462
13769,9048024336,9048024337
13770,9048024336,3969014201
13771,9048024337,9048024333
13772,9048024337,9048024336
13773,9048024337,334363433
13774,9048024337,338475997
13775,9048025260,3226271767
13776,9048025260,12137886902
13777,9048092396,12545522380
13778,9048092396,9048024336
13779,9048092407,9048092408
13780,9048092407,12545522362
13781,9048092408,2504876356
13782,9048092408,9048092407
13783,9048092410,9048092416
13784,9048092410,9951896812
13785,9048092412,9976522346
13786,9048092416,3048997266
13787,9048092416,9951896670
13788,9048096220,9951896673
13789,9048115417,9369367718
13790,9048115417,334380318
13791,9048115417,5269995789
13792,9048115417,412503538
13793,9048115421,13202416602
13794,9055067026,3456768491
13795,9055067026,9903914433
13796,9055067026,2676836543
13797,9055088305,6313925341
13798,9055088305,8858673605
13799,9061221520,8416321445
13800,9061221520,10173682672
13801,9061221523,717523655
13802,9061221523,8416321445
13803,9061261516,2476377699
13804,9061261516,9043486974
13805,9061406355,5269995535
13806,9061406355,9663457998
13807,9061406356,9061406357
13808,9061406356,6314116763
13809,9061406357,10651999214
13810,9061406357,9061406358
13811,9061406358,10651999213
13812,9061406358,3729145916
13813,9061406375,4361620935
13814,9061406375,9951894073
13815,9061406376,9951894084
13816,9061406376,9951894083
13817,9061406376,9951894074
13818,9061406395,6784336338
13819,9061406395,9061406399
13820,9061406395,6784336335
13821,9061406399,9061406395
13822,9061406402,6314118110
13823,9061406402,9061568846
13824,9061406402,10592361202
13825,9061406403,9061406412
13826,9061406406,9061406412
13827,9061406412,9061406403
13828,9061406412,10592377130
13829,9061406412,9061406406
13830,9061482109,6313176335
13831,9061482109,4361621031
13832,9061541121,11026162612
13833,9061541121,3966722917
13834,9061541122,11026162612
13835,9061541122,9061541132
13836,9061541124,9061541128
13837,9061541124,10651788098
13838,9061541124,3966722929
13839,9061541126,9061541134
13840,9061541126,3740175264
13841,9061541128,9061541124
13842,9061541128,9061541134
13843,9061541128,9061541134
13844,9061541132,11026162631
13845,9061541132,10188983290
13846,9061541134,9061541126
13847,9061541134,9061541128
13848,9061541134,9061541128
13849,9061541137,6314703270
13850,9061541137,3740175301
13851,9061541138,3740175279
13852,9061541138,6314703266
13853,9061568836,9061568837
13854,9061568836,4964161021
13855,9061568836,6314118110
13856,9061568836,10002385031
13857,9061568837,9061568836
13858,9061568846,9468637396
13859,9061568846,9061406402
13860,9061568855,9310096115
13861,9061568855,7999848514
13862,9061998515,9061998516
13863,9061998515,3480648626
13864,9061998516,5898135972
13865,9061998516,12558454764
13866,9062045361,3480705236
13867,9062045361,9897134858
13868,9062045364,9982785636
13869,9062045364,3480648635
13870,9062045364,9982785635
13871,9062045366,3480648628
13872,9062045366,2839601274
13873,9062083486,9062045366
13874,9063925969,8892286901
13875,9063925969,6313054282
13876,9066287225,3107941947
13877,9066287225,5913132466
13878,9066287225,9905394676
13879,9066287225,3046333300
13880,9066287226,9066287227
13881,9066287226,5913132524
13882,9066287226,406130934
13883,9066287226,9066287233
13884,9066287227,3046296612
13885,9066287227,9066287226
13886,9066287227,406130931
13887,9066287227,9906988320
13888,9066287230,9066287231
13889,9066287230,3046338304
13890,9066287230,9709299551
13891,9066287230,3046667745
13892,9066287231,3046667816
13893,9066287231,9709299552
13894,9066287231,9066287232
13895,9066287231,9066287230
13896,9066287232,9906988319
13897,9066287232,2839601127
13898,9066287232,9066287233
13899,9066287232,9066287231
13900,9066287233,9066287226
13901,9066287233,9066287232
13902,9066287233,2839601320
13903,9066287233,9906988320
13904,9075898640,4361619922
13905,9075898664,403211225
13906,9075898664,9642296859
13907,9083387006,9083454217
13908,9083387006,9083454254
13909,9083387006,9083454227
13910,9083438778,2468972433
13911,9083438778,2511142653
13912,9083438778,9083438795
13913,9083438784,9083438795
13914,9083438784,9083438790
13915,9083438784,9083454253
13916,9083438790,9083438784
13917,9083438790,9083438798
13918,9083438790,9083451224
13919,9083438795,9083438798
13920,9083438795,9083438784
13921,9083438795,9083438778
13922,9083438798,9083438790
13923,9083438798,9083438795
13924,9083438798,9083451264
13925,9083451224,9083451285
13926,9083451224,9083451237
13927,9083451224,9083438790
13928,9083451237,9083451224
13929,9083451237,9083451285
13930,9083451237,9083451264
13931,9083451262,2468972433
13932,9083451262,2191032410
13933,9083451262,9083454253
13934,9083451264,9083451283
13935,9083451264,9083451237
13936,9083451264,9083438798
13937,9083451283,9083451264
13938,9083451283,9083451283
13939,9083451283,9083451283
13940,9083451285,9083451237
13941,9083451285,9083451224
13942,9083451285,9083451287
13943,9083451287,9083454256
13944,9083451287,9083451308
13945,9083451287,9083451285
13946,9083451308,9083451287
13947,9083451308,9083451308
13948,9083451308,9083451308
13949,9083451311,9083454254
13950,9083451311,9083451322
13951,9083451311,9083454256
13952,9083451322,9083451311
13953,9083451322,9083451322
13954,9083451322,9083451322
13955,9083454217,9083387006
13956,9083454217,9083454217
13957,9083454217,9083454217
13958,9083454227,9083454229
13959,9083454227,9083387006
13960,9083454227,9083454253
13961,9083454229,9083454227
13962,9083454229,9083454229
13963,9083454229,9083454229
13964,9083454253,9083451262
13965,9083454253,9083438784
13966,9083454253,9083454227
13967,9083454254,9083451311
13968,9083454254,9083387006
13969,9083454254,9083454255
13970,9083454255,9083454254
13971,9083454256,9083451287
13972,9083454256,9083451311
13973,9083454256,9083454262
13974,9083454262,9083454256
13975,9112231777,412489565
13976,9112231777,9112231779
13977,9112231779,6546573306
13978,9112231779,9112231777
13979,9112231794,10069475813
13980,9112308399,9112308400
13981,9112308399,412199931
13982,9112308400,8847974477
13983,9112308400,9112308401
13984,9112308401,8847970073
13985,9112308401,9271241416
13986,9112308402,9271269520
13987,9112308402,9271241409
13988,9115854827,9115854828
13989,9115854827,9115854847
13990,9115854827,9115854846
13991,9115854828,9115854827
13992,9115854828,1943923868
13993,9115854828,9960492266
13994,9115854829,9115854830
13995,9115854829,3226271752
13996,9115854830,9115854834
13997,9115854830,9115854833
13998,9115854831,9115854832
13999,9115854831,9115854836
14000,9115854832,6314454041
14001,9115854832,9115854831
14002,9115854832,9115854835
14003,9115854833,9115854835
14004,9115854833,6314454041
14005,9115854833,9115854830
14006,9115854834,9115854835
14007,9115854834,9115854831
14008,9115854835,9115854833
14009,9115854835,9115854832
14010,9115854835,9115854834
14011,9115854836,6314454040
14012,9115854836,3226271749
14013,9115854846,9960492265
14014,9115854846,9115854847
14015,9115854846,9115854827
14016,9115854847,9960492266
14017,9115854847,9115854827
14018,9115854847,9115854846
14019,9115854878,9115854879
14020,9115854878,9115854880
14021,9115854878,13274154933
14022,9115854879,9115854881
14023,9115854879,9115854878
14024,9115854880,9115854881
14025,9115854880,9115854882
14026,9115854880,9115854878
14027,9115854881,9115854879
14028,9115854881,9115854886
14029,9115854881,9115854880
14030,9115854881,6314454030
14031,9115854882,6314454030
14032,9115854882,9115854900
14033,9115854882,9115854880
14034,9115854883,9115854903
14035,9115854883,412490561
14036,9115854884,6314454030
14037,9115854884,9115854901
14038,9115854884,9115854886
14039,9115854886,9115854881
14040,9115854886,9115854893
14041,9115854886,9115854884
14042,9115854893,9115854895
14043,9115854893,9115854894
14044,9115854893,9115854886
14045,9115854894,9115854893
14046,9115854895,9115854896
14047,9115854895,9115854893
14048,9115854895,9115854899
14049,9115854896,9115854895
14050,9115854899,9115854895
14051,9115854900,9115854901
14052,9115854900,9115854902
14053,9115854900,9115854882
14054,9115854901,9115854884
14055,9115854901,9115854903
14056,9115854901,9115854900
14057,9115854902,9115854903
14058,9115854902,412489576
14059,9115854902,9115854900
14060,9115854903,9115854901
14061,9115854903,9115854883
14062,9115854903,9115854902
14063,9121455086,8221939133
14064,9121474548,9870235171
14065,9121474548,6619045810
14066,9121474548,9121474549
14067,9121474549,9121474548
14068,9121474550,5471154726
14069,9121474550,9121474551
14070,9121474550,9911485724
14071,9121474551,6313054386
14072,9121474551,6313176968
14073,9121474551,9121474550
14074,9128991332,412772669
14075,9128991332,9128991333
14076,9128991332,9399613174
14077,9128991333,3305928451
14078,9128991333,3305928444
14079,9128991333,9128991332
14080,9192874183,9907928873
14081,9192874183,3967259384
14082,9192916101,9192916102
14083,9192916101,1179259684
14084,9192916102,9192916101
14085,9192916102,406486067
14086,9271241407,9271269518
14087,9271241407,9271241416
14088,9271241407,9271241409
14089,9271241407,412200889
14090,9271241409,9271269519
14091,9271241409,9271241407
14092,9271241409,2168469841
14093,9271241410,9271241415
14094,9271241410,412200893
14095,9271241411,8847970074
14096,9271241411,9537048949
14097,9271241411,9271241415
14098,9271241412,9271241411
14099,9271241412,9271241414
14100,9271241414,9271241415
14101,9271241414,9684180054
14102,9271241414,412200893
14103,9271241414,9271241412
14104,9271241415,10897536908
14105,9271241415,9271241414
14106,9271241415,9271241411
14107,9271241415,9271241410
14108,9271241416,9271241407
14109,9271241416,10897536908
14110,9271241416,9112308402
14111,9271269518,9271241407
14112,9271269518,2473432137
14113,9271269519,9271241409
14114,9271269519,9271269520
14115,9271269519,9952188335
14116,9271269520,9271269521
14117,9271269520,9537048953
14118,9271269521,8847970074
14119,9271269521,9537048949
14120,9271269522,9537048972
14121,9271269522,9684180056
14122,9271269524,9537048978
14123,9271269524,11005652371
14124,9271269526,9886568384
14125,9271269526,11005652339
14126,9271269527,1282886282
14127,9295115309,9709623311
14128,9295115309,4288212614
14129,9295115309,9295166421
14130,9295166421,4929522435
14131,9295166421,9642296866
14132,9295166421,4288212614
14133,9295166421,9295115309
14134,9310096057,10067423296
14135,9310096057,12485440085
14136,9310096113,7999848523
14137,9310096113,3881555326
14138,9310096114,9310096113
14139,9310096114,12103163243
14140,9310096115,9992107826
14141,9346318105,8300138894
14142,9346318105,8300138893
14143,9346318105,4929522433
14144,9369367718,9048115417
14145,9369367718,5269995788
14146,9369367718,5269995787
14147,9399469318,9399469322
14148,9399469318,6312676722
14149,9399469319,9399469318
14150,9399469319,5905841114
14151,9399469320,9399469324
14152,9399469320,9399469319
14153,9399469321,9399469320
14154,9399469321,6630187660
14155,9399469322,9399469323
14156,9399469322,5905841119
14157,9399469323,9399469324
14158,9399469323,9399469319
14159,9399469324,9399469325
14160,9399469324,7988056395
14161,9399469325,9399469321
14162,9399613172,3456728317
14163,9399613172,9399613173
14164,9399613173,3967252789
14165,9399613173,3456728317
14166,9399613174,9399613175
14167,9399613174,9128991332
14168,9399613174,412772671
14169,9399613175,3305928444
14170,9399613175,3305928439
14171,9399613175,9399613174
14172,9399613176,412772665
14173,9399613176,412772664
14174,9399613177,3050158688
14175,9399613177,3050158689
14176,9399613177,9399613176
14177,9399613178,9906988335
14178,9399613178,3050168633
14179,9399613178,9399613177
14180,9399613181,334360364
14181,9399613181,9906988333
14182,9455204180,5030353914
14183,9455204180,5030373106
14184,9455204180,5030383935
14185,9468637384,10592377130
14186,9468637384,11127386638
14187,9468637396,10592377126
14188,9468637396,4361620943
14189,9522780686,6312425738
14190,9522780686,9951784444
14191,9522780692,3565030295
14192,9522780692,3565030304
14193,9522780698,3562836935
14194,9522780699,10175860567
14195,9522780699,5030596321
14196,9522780699,9522809921
14197,9522809921,3562836916
14198,9522809921,3562807819
14199,9522809927,9522780698
14200,9522809927,10175833207
14201,9537048949,9271269522
14202,9537048949,9537048969
14203,9537048949,9271241411
14204,9537048953,10262345837
14205,9537048954,9537048970
14206,9537048954,9537048953
14207,9537048956,9537048968
14208,9537048956,9684180058
14209,9537048959,10977614392
14210,9537048959,9537048977
14211,9537048960,10977614394
14212,9537048960,9537048962
14213,9537048962,10977620806
14214,9537048962,8847970068
14215,9537048968,9969220908
14216,9537048968,9537048977
14217,9537048969,9537048970
14218,9537048969,9537048972
14219,9537048969,9537048949
14220,9537048969,10262345839
14221,9537048970,9271269521
14222,9537048970,9537048969
14223,9537048972,9945445632
14224,9537048972,9271269522
14225,9537048972,9537048969
14226,9537048972,9684180057
14227,9537048974,10262345836
14228,9537048974,11005652402
14229,9537048974,11005652400
14230,9537048975,10977620806
14231,9537048975,11005652362
14232,9537048975,9537048976
14233,9537048976,10977614394
14234,9537048976,9537048975
14235,9537048976,9537048978
14236,9537048977,10977620814
14237,9537048977,10977614393
14238,9537048977,9537048968
14239,9537048978,9271269524
14240,9537048978,10977614393
14241,9537048978,9537048976
14242,9537048981,8847970069
14243,9561633879,9561633886
14244,9561633879,9561633886
14245,9561633879,5509847804
14246,9561633886,5509847805
14247,9561633886,9561633879
14248,9561633886,9561633879
14249,9584963937,9812588992
14250,9584963938,9974349811
14251,9584963938,9584963958
14252,9584963939,9584963938
14253,9584963958,9974349810
14254,9584963958,9974349794
14255,9618655862,9926607477
14256,9618655862,6312786812
14257,9618655862,9655779501
14258,9642296857,9967097602
14259,9642296857,9966105458
14260,9642296857,2471042442
14261,9642296859,412475865
14262,9642296859,412475866
14263,9642296860,403361495
14264,9642296860,677295393
14265,9642296860,9642296863
14266,9642296862,677295395
14267,9642296862,677295403
14268,9642296862,9642296863
14269,9642296863,403361492
14270,9642296863,677295367
14271,9642296863,9642296860
14272,9642296863,9642296862
14273,9642296864,6313177594
14274,9642296864,9642296866
14275,9642296866,8300138893
14276,9642296866,9295166421
14277,9642296866,9642296864
14278,9642296868,2191032512
14279,9642296868,9642296869
14280,9642296869,9659767573
14281,9642296869,9642296868
14282,9642342414,9906988349
14283,9642377680,4964161595
14284,9642377680,9908682451
14285,9642377680,9931482410
14286,9642377682,9931482412
14287,9642377682,9931482420
14288,9642377692,9931569481
14289,9642377692,9642377693
14290,9642377693,415994312
14291,9642377693,9931569478
14292,9642377694,9642377695
14293,9642377695,3047343157
14294,9642377695,9642377694
14295,9642377695,9931569478
14296,9642377695,9931569481
14297,9642377698,1180316586
14298,9642377698,9642377699
14299,9642377699,8300138913
14300,9642377699,9642377698
14301,9642377703,403247411
14302,9642377703,677292338
14303,9642377703,677292417
14304,9642377707,5901931870
14305,9642377707,10963991841
14306,9642377707,5238335711
14307,9642377708,2676836403
14308,9642377708,2676836407
14309,9642377708,9905347134
14310,9642377709,9642377710
14311,9642377709,9905347134
14312,9642377709,2676836396
14313,9642377710,1180316674
14314,9642377710,1180316570
14315,9642377710,8982543637
14316,9642377710,9642377709
14317,9649000326,9709299576
14318,9649161639,6313177194
14319,9649161639,5471154731
14320,9649161644,9663342121
14321,9649161647,404596808
14322,9652036456,3480618984
14323,9652036456,401284764
14324,9652036456,1177761309
14325,9652912006,2191032242
14326,9652912006,9652912007
14327,9652912007,2470793112
14328,9652912007,9652912006
14329,9653799373,334650553
14330,9653799373,2691058650
14331,9653799373,9653799374
14332,9653799374,3050119720
14333,9653799374,3050119719
14334,9653799374,9653799375
14335,9653799374,9653799373
14336,9653799375,9653799374
14337,9653799375,9653799377
14338,9653799375,9653799376
14339,9653799376,3050119720
14340,9653799376,403237773
14341,9653799376,9653799375
14342,9653799377,9653799375
14343,9653799377,3050119719
14344,9653799378,334650460
14345,9653799378,9653799380
14346,9653799378,412767432
14347,9653799380,412767433
14348,9653799380,334650461
14349,9653799380,9653799381
14350,9653799380,9653799378
14351,9653799381,334650462
14352,9653799381,412767434
14353,9653799381,9653799382
14354,9653799381,9653799380
14355,9653799382,412767435
14356,9653799382,334650463
14357,9653799382,9653799383
14358,9653799382,9653799381
14359,9653799383,412767436
14360,9653799383,9653799382
14361,9653799383,3305928448
14362,9653799384,412774902
14363,9653799384,412774901
14364,9653799384,334650466
14365,9653799385,4689050399
14366,9653799385,9653799386
14367,9653799385,406515196
14368,9653799386,9653799385
14369,9653799386,5269927718
14370,9653806335,4964161514
14371,9653806338,9653806339
14372,9653806338,4964161513
14373,9653806338,9925270271
14374,9653806339,9653806338
14375,9653806339,4964161514
14376,9653806339,9925270273
14377,9653806339,9925270272
14378,9653806347,3287346783
14379,9653806347,1177761404
14380,9653806347,9653806350
14381,9653806350,1171848164
14382,9653806350,9653806347
14383,9653806351,1170839195
14384,9653806351,9907968712
14385,9653806352,9907968712
14386,9653806352,406109739
14387,9653806353,9926607477
14388,9653806360,9671715138
14389,9653806360,9671715126
14390,9653806363,9671715127
14391,9653806371,9653806372
14392,9653806372,9671715127
14393,9653806372,9671715126
14394,9653806372,9653806371
14395,9655758647,9991875532
14396,9655758647,9991875543
14397,9655758647,403349466
14398,9655758648,417643362
14399,9655758648,9991875543
14400,9655779501,9653806353
14401,9655779501,9618655862
14402,9657776325,2476377833
14403,9657776325,9657776328
14404,9657776328,12623517525
14405,9657776328,9657776325
14406,9657776329,404596727
14407,9657776329,9657776330
14408,9657776330,9657776329
14409,9657776331,5755083492
14410,9657776331,5755083489
14411,9657776331,9657776332
14412,9657776332,5755083490
14413,9657776332,906119722
14414,9657776332,9657776333
14415,9657776332,9657776331
14416,9657776333,4964161492
14417,9657776333,9657776332
14418,9657776333,4168513244
14419,9657776334,1180316530
14420,9657776334,4964161477
14421,9657776334,9657776335
14422,9657776335,9657776334
14423,9657776345,677295349
14424,9657776345,677295348
14425,9657776345,9657776346
14426,9657776346,677295420
14427,9657776346,677295359
14428,9657776346,9657776345
14429,9657776347,5755083520
14430,9657776347,9657776348
14431,9657776348,5755083519
14432,9657776348,5755083521
14433,9657776348,9907928901
14434,9657776348,9657776347
14435,9657776353,9709623326
14436,9657776353,9657776354
14437,9657776353,2191032755
14438,9657776354,4964161616
14439,9657776354,4964161609
14440,9657776354,9907928910
14441,9657776354,9657776353
14442,9657776356,4964161606
14443,9657776356,403329681
14444,9657776356,9657776357
14445,9657776357,9657776356
14446,9657776357,9911031882
14447,9657776357,9657776359
14448,9657776359,403112763
14449,9657776359,9657776357
14450,9657776360,403306021
14451,9657776360,4964161529
14452,9657776360,9657776361
14453,9657776361,403316636
14454,9657776361,9657776360
14455,9657776362,9657776364
14456,9657776362,4361621001
14457,9657776362,9657776363
14458,9657776363,9657776362
14459,9657776363,403306020
14460,9657776364,3214186013
14461,9657776364,9657776362
14462,9657776364,9657776365
14463,9657776365,9657776364
14464,9657776365,9921269516
14465,9657776365,9921269511
14466,9657776366,9657776367
14467,9657776366,4361619927
14468,9657776367,9657776366
14469,9657776378,9950583525
14470,9657776378,2477332817
14471,9657776406,9965563549
14472,9657776406,2191032304
14473,9657776413,9657776414
14474,9657776413,5905871203
14475,9657776413,2191083374
14476,9657776414,5905871190
14477,9657776414,9657776413
14478,9657776414,5905871191
14479,9658346968,334363416
14480,9658346968,412503538
14481,9658346968,5269995789
14482,9659767572,9642296868
14483,9659767572,6313585270
14484,9659767573,6312677281
14485,9659767573,9659767572
14486,9659767574,9659767573
14487,9659767574,8424227048
14488,9663342114,13279751080
14489,9663342120,9663342122
14490,9663342121,9663342122
14491,9663342121,9649161644
14492,9663342121,3740175272
14493,9663342122,9663342120
14494,9663342122,9663342123
14495,9663342122,9663342121
14496,9663342122,3740175279
14497,9663342123,9663342122
14498,9663342123,13279751072
14499,9663342123,13279751065
14500,9663432598,2473537462
14501,9663432598,2473537462
14502,9663432598,3969071636
14503,9663457998,9663458002
14504,9663457998,9951894069
14505,9663457998,9061406355
14506,9663458002,9663458028
14507,9663458002,9663458010
14508,9663458002,9663457998
14509,9663458010,10002385042
14510,9663458010,9663458029
14511,9663458010,9663458002
14512,9663458028,10651999217
14513,9663458028,9663458029
14514,9663458028,9663458002
14515,9663458029,9663458028
14516,9663458029,9663458010
14517,9663458029,9663458034
14518,9663458034,6314116768
14519,9663458034,9663458029
14520,9669222568,4964161622
14521,9669222568,9926607374
14522,9671686481,9951894104
14523,9671686481,9935869538
14524,9671686493,4361621041
14525,9671686493,9671686496
14526,9671686496,6566297192
14527,9671686496,7984022047
14528,9671686496,9671686493
14529,9671686501,9910232389
14530,9671686501,1171848160
14531,9671686503,6313177398
14532,9671686503,9671686504
14533,9671686504,9671686503
14534,9671686504,9671686514
14535,9671686504,9034063979
14536,9671686506,9671686501
14537,9671686507,9910232391
14538,9671686507,2538057002
14539,9671686509,9910232390
14540,9671686509,9671686510
14541,9671686509,9910232391
14542,9671686510,9671686511
14543,9671686510,9671686509
14544,9671686510,9671686503
14545,9671686511,9671686510
14546,9671686513,9671686514
14547,9671686513,9671686515
14548,9671686513,9671714924
14549,9671686514,9671686513
14550,9671686514,9671686509
14551,9671686515,9671686513
14552,9671686515,9671714929
14553,9671686515,9671714924
14554,9671686515,9671714920
14555,9671714918,9928949531
14556,9671714918,9671714920
14557,9671714918,9671714923
14558,9671714919,9671714937
14559,9671714919,9928949530
14560,9671714919,9671714923
14561,9671714920,9671714918
14562,9671714920,9671714922
14563,9671714920,9671686515
14564,9671714921,9671714929
14565,9671714921,9671714937
14566,9671714921,9671714922
14567,9671714922,9671714921
14568,9671714922,9671714920
14569,9671714922,9671714923
14570,9671714923,9671714919
14571,9671714923,9671714918
14572,9671714923,9671714922
14573,9671714924,9671686515
14574,9671714924,9671714927
14575,9671714924,9671686513
14576,9671714927,9671714938
14577,9671714927,9671714929
14578,9671714927,9671714924
14579,9671714929,9671686515
14580,9671714929,9671714921
14581,9671714929,9671714927
14582,9671714932,9671714941
14583,9671714932,9671714934
14584,9671714932,9671714940
14585,9671714934,9671714932
14586,9671714937,9671714921
14587,9671714937,9671714919
14588,9671714937,9671714939
14589,9671714938,9671714940
14590,9671714938,9671714927
14591,9671714938,9671714939
14592,9671714939,9671714941
14593,9671714939,9671714938
14594,9671714939,9671714937
14595,9671714940,9671714938
14596,9671714940,9671714941
14597,9671714940,9671714932
14598,9671714941,9671714939
14599,9671714941,9671714932
14600,9671714941,9671714940
14601,9671714949,4608966194
14602,9671714949,9916612626
14603,9671714949,4613933799
14604,9671714952,9671714958
14605,9671714952,9671714954
14606,9671714952,9916612621
14607,9671714954,9671714952
14608,9671714954,9916612620
14609,9671714955,9916585809
14610,9671714955,9671714956
14611,9671714955,9671714960
14612,9671714956,9671714958
14613,9671714956,9916585810
14614,9671714956,9671714955
14615,9671714957,9916570149
14616,9671714957,9916564012
14617,9671714958,9671714952
14618,9671714958,9671714956
14619,9671714958,9916564012
14620,9671714958,9671714960
14621,9671714960,9916612621
14622,9671714960,9671714955
14623,9671714960,9671714962
14624,9671714960,9671714958
14625,9671714962,9671714963
14626,9671714962,9671714960
14627,9671714962,9916612621
14628,9671714963,9916585807
14629,9671714963,9671714962
14630,9671714974,2476825208
14631,9671714974,9671714977
14632,9671714977,9922079386
14633,9671714977,2476825208
14634,9671714977,9916442222
14635,9671714977,9671714974
14636,9671714981,9671714982
14637,9671714981,9916585798
14638,9671714982,9916585805
14639,9671714982,3474281634
14640,9671714982,9671714981
14641,9671714983,9916570076
14642,9671714983,9916435916
14643,9671714984,9916570127
14644,9671714984,3474281634
14645,9671714988,9922079391
14646,9671714988,9916564003
14647,9671714989,6630054650
14648,9671714989,5422577529
14649,9671714989,9671714990
14650,9671714989,9916564003
14651,9671714990,6630054646
14652,9671714990,6630054645
14653,9671714990,9671714989
14654,9671714993,2477347652
14655,9671714993,2477347647
14656,9671714993,9685599269
14657,9671714996,406441967
14658,9671714996,406444297
14659,9671714998,9916570123
14660,9671714998,2839601190
14661,9671714998,2839601307
14662,9671714999,9671715004
14663,9671714999,9671715011
14664,9671714999,2504856991
14665,9671715001,2537843187
14666,9671715001,9671715002
14667,9671715002,9671715001
14668,9671715002,9671715012
14669,9671715002,9671715016
14670,9671715004,9671714999
14671,9671715004,9671715016
14672,9671715004,9671715012
14673,9671715004,9671715010
14674,9671715010,8234025205
14675,9671715010,9671715004
14676,9671715011,1172876458
14677,9671715011,9671715012
14678,9671715012,9671715004
14679,9671715012,9671715011
14680,9671715012,9671715002
14681,9671715016,9671715004
14682,9671715016,9671715017
14683,9671715016,9671715002
14684,9671715017,9671715016
14685,9671715017,9671715010
14686,9671715019,9916435898
14687,9671715019,9671715027
14688,9671715019,9671715022
14689,9671715019,1172876655
14690,9671715022,9671715023
14691,9671715022,9671715027
14692,9671715022,9671715019
14693,9671715023,1172876776
14694,9671715023,2537843196
14695,9671715023,9671715022
14696,9671715026,9916435896
14697,9671715026,2537843196
14698,9671715026,9671715027
14699,9671715027,9671715026
14700,9671715027,9671715019
14701,9671715027,9671715022
14702,9671715028,5824604333
14703,9671715028,6327905848
14704,9671715028,9671715029
14705,9671715029,9671715028
14706,9671715029,9671715031
14707,9671715029,9671715035
14708,9671715031,9906988340
14709,9671715031,9671715029
14710,9671715035,9906988340
14711,9671715035,5824604333
14712,9671715035,9671715029
14713,9671715053,9671715059
14714,9671715053,6327767482
14715,9671715054,9671715055
14716,9671715054,9671715066
14717,9671715054,9671715063
14718,9671715054,9671715056
14719,9671715055,9671715054
14720,9671715055,9671715064
14721,9671715055,9671715056
14722,9671715056,6327767440
14723,9671715056,9671715054
14724,9671715056,9671715055
14725,9671715057,6327767481
14726,9671715057,9671715063
14727,9671715057,9671715064
14728,9671715058,6327767482
14729,9671715058,9671715059
14730,9671715058,6327767481
14731,9671715059,9671715061
14732,9671715059,9671715053
14733,9671715059,9671715060
14734,9671715059,9671715058
14735,9671715060,2839601098
14736,9671715060,9671715059
14737,9671715060,6327767441
14738,9671715061,9908926671
14739,9671715061,9671715059
14740,9671715061,6327767441
14741,9671715061,9671715062
14742,9671715062,9671715061
14743,9671715062,6327767481
14744,9671715062,9908926672
14745,9671715063,9671715057
14746,9671715063,9671715054
14747,9671715063,9671715064
14748,9671715063,9671715065
14749,9671715064,9671715063
14750,9671715064,9671715055
14751,9671715064,9671715057
14752,9671715065,9671715063
14753,9671715065,9908926672
14754,9671715065,9671715066
14755,9671715066,9671715054
14756,9671715066,9908926671
14757,9671715066,9671715065
14758,9671715068,406513848
14759,9671715068,5471144720
14760,9671715068,9671715069
14761,9671715069,9671715068
14762,9671715069,412775807
14763,9671715076,412772661
14764,9671715076,6790359126
14765,9671715076,9671715077
14766,9671715077,1943924798
14767,9671715077,9671715076
14768,9671715077,412772659
14769,9671715082,3050158688
14770,9671715085,9671715089
14771,9671715085,9671715086
14772,9671715086,334650534
14773,9671715086,9671715090
14774,9671715086,9671715087
14775,9671715086,9671715085
14776,9671715087,9671715091
14777,9671715087,9905543720
14778,9671715087,9671715086
14779,9671715088,9906314950
14780,9671715088,3305928445
14781,9671715088,9905543720
14782,9671715089,3305928437
14783,9671715089,9671715090
14784,9671715090,9671715086
14785,9671715090,334650533
14786,9671715090,9671715091
14787,9671715090,9671715089
14788,9671715091,3050154646
14789,9671715091,9671715087
14790,9671715091,9671715090
14791,9671715097,3305928431
14792,9671715097,3305928443
14793,9671715097,9671715098
14794,9671715098,2476377970
14795,9671715098,9671715097
14796,9671715101,9987353721
14797,9671715101,9987353735
14798,9671715102,3053760293
14799,9671715102,3053760292
14800,9671715102,9671715103
14801,9671715103,2513900348
14802,9671715103,3050148060
14803,9671715103,9671715102
14804,9671715104,3050115707
14805,9671715104,6738193081
14806,9671715104,9671715105
14807,9671715105,3050121105
14808,9671715105,3050115708
14809,9671715105,9671715104
14810,9671715112,2713902976
14811,9671715112,9903914433
14812,9671715112,9903914446
14813,9671715118,4964161458
14814,9671715125,9671715132
14815,9671715125,9967102110
14816,9671715126,9653806372
14817,9671715126,9653806360
14818,9671715126,9671715135
14819,9671715127,9653806372
14820,9671715127,9671715136
14821,9671715127,9653806363
14822,9671715129,9671715135
14823,9671715129,9671715143
14824,9671715129,9671715130
14825,9671715129,9671715146
14826,9671715130,9671715139
14827,9671715130,9671715129
14828,9671715130,9671715147
14829,9671715131,9671715132
14830,9671715131,9671715144
14831,9671715131,9671715142
14832,9671715132,9671715143
14833,9671715132,9671715125
14834,9671715132,9671715131
14835,9671715135,9671715126
14836,9671715135,9671715129
14837,9671715135,9671715145
14838,9671715135,9671715147
14839,9671715136,9671715127
14840,9671715136,9671715145
14841,9671715136,9671715146
14842,9671715137,9671715140
14843,9671715137,9671715142
14844,9671715137,9671715138
14845,9671715138,2191032708
14846,9671715138,9671715137
14847,9671715139,9671715141
14848,9671715139,9671715130
14849,9671715139,9671715140
14850,9671715140,9671715137
14851,9671715140,9671715139
14852,9671715140,9671715147
14853,9671715141,9671715144
14854,9671715141,9671715139
14855,9671715141,9671715142
14856,9671715142,9671715137
14857,9671715142,9671715141
14858,9671715142,9671715131
14859,9671715143,9671715129
14860,9671715143,9671715132
14861,9671715143,9671715144
14862,9671715144,9671715131
14863,9671715144,9671715141
14864,9671715144,9671715143
14865,9671715145,9671715136
14866,9671715145,9671715135
14867,9671715145,9671715146
14868,9671715146,9671715129
14869,9671715146,9671715145
14870,9671715146,9671715136
14871,9671715147,9671715135
14872,9671715147,9671715130
14873,9671715147,9671715140
14874,9671715150,9671715161
14875,9671715150,9671715159
14876,9671715158,6313585337
14877,9671715158,9671715176
14878,9671715159,9671715150
14879,9671715159,9671715162
14880,9671715159,9671715182
14881,9671715160,9671715169
14882,9671715160,9671715162
14883,9671715161,9671715162
14884,9671715161,2191032354
14885,9671715162,9671715160
14886,9671715162,9671715159
14887,9671715162,9671715161
14888,9671715162,9671715170
14889,9671715168,9671715158
14890,9671715168,9671715173
14891,9671715169,9671715174
14892,9671715169,9671715170
14893,9671715170,9671715173
14894,9671715170,9671715173
14895,9671715170,9671715162
14896,9671715173,9671715170
14897,9671715173,9671715174
14898,9671715173,9671715168
14899,9671715174,6313585336
14900,9671715175,9671715176
14901,9671715176,9671715175
14902,9671715176,9671715158
14903,9671715176,9671715182
14904,9671715176,9671715182
14905,9671715182,9671715176
14906,9671715182,9671715176
14907,9671715182,9671715159
14908,9671715183,9671715190
14909,9671715183,9967097600
14910,9671715184,9671715242
14911,9671715184,9671715189
14912,9671715184,9671715248
14913,9671715186,3967147666
14914,9671715186,9671715194
14915,9671715187,9967102085
14916,9671715187,9671715228
14917,9671715189,9671715184
14918,9671715189,9671715226
14919,9671715189,9671715228
14920,9671715190,9671715204
14921,9671715190,9671715183
14922,9671715190,9671715222
14923,9671715193,9671715186
14924,9671715193,9671715196
14925,9671715194,9671715186
14926,9671715194,9671715256
14927,9671715194,9671715247
14928,9671715196,9671715193
14929,9671715196,9671715255
14930,9671715196,9671715197
14931,9671715196,9671715247
14932,9671715197,9671715196
14933,9671715198,2468982744
14934,9671715198,9671768203
14935,9671715201,9671715202
14936,9671715201,9671715215
14937,9671715202,9671715251
14938,9671715202,9671715201
14939,9671715202,9671768203
14940,9671715204,9671715226
14941,9671715204,9671715190
14942,9671715204,9671715205
14943,9671715205,9671715204
14944,9671715205,9671715208
14945,9671715205,9671715208
14946,9671715208,9671715209
14947,9671715208,9671715205
14948,9671715208,9671715205
14949,9671715209,9671715215
14950,9671715209,9671715215
14951,9671715209,9671715208
14952,9671715209,9671715216
14953,9671715215,9671715201
14954,9671715215,9671715209
14955,9671715215,9671715209
14956,9671715216,9671715209
14957,9671715216,9671715222
14958,9671715216,9671715222
14959,9671715222,9671715190
14960,9671715222,9671715216
14961,9671715222,9671715216
14962,9671715226,9671715189
14963,9671715226,9671715204
14964,9671715226,9671715227
14965,9671715227,9671715226
14966,9671715228,9671715187
14967,9671715228,9671715229
14968,9671715228,9671715189
14969,9671715229,9671715228
14970,9671715229,9671715231
14971,9671715229,9671715231
14972,9671715231,9671715241
14973,9671715231,9671715229
14974,9671715231,9671715229
14975,9671715241,9671715231
14976,9671715241,9671715241
14977,9671715241,9671715241
14978,9671715242,9671715263
14979,9671715242,9671715184
14980,9671715242,9671715244
14981,9671715244,9671715255
14982,9671715244,9671715247
14983,9671715244,9671715242
14984,9671715247,9671715196
14985,9671715247,9671715194
14986,9671715247,9671715244
14987,9671715248,9671715184
14988,9671715248,9671715252
14989,9671715248,9671715252
14990,9671715251,9671715271
14991,9671715251,9671715202
14992,9671715251,9671715252
14993,9671715252,9671715251
14994,9671715252,9671715248
14995,9671715252,9671715248
14996,9671715255,9671715196
14997,9671715255,9671715271
14998,9671715255,9671715244
14999,9671715256,9671715263
15000,9671715256,9671715257
15001,9671715256,9671715194
15002,9671715257,9671715256
15003,9671715257,9671715257
15004,9671715257,9671715257
15005,9671715263,9671715256
15006,9671715263,9671715242
15007,9671715263,9671715270
15008,9671715270,9671715263
15009,9671715270,9671715270
15010,9671715270,9671715270
15011,9671715271,9671715255
15012,9671715271,9671715251
15013,9671715271,9671715274
15014,9671715274,9671715271
15015,9671715465,8248305294
15016,9671715465,9671715466
15017,9671715466,9671715467
15018,9671715466,9671715465
15019,9671715466,9671789188
15020,9671715467,9671715466
15021,9671768203,9671715198
15022,9671768203,9671715201
15023,9671782224,9671782239
15024,9671782224,9671782251
15025,9671782225,9671782239
15026,9671782225,9671782233
15027,9671782225,9671782251
15028,9671782233,9671782238
15029,9671782233,9671782225
15030,9671782233,9671782239
15031,9671782238,9671782224
15032,9671782238,9671782233
15033,9671782239,9671782225
15034,9671782239,9671782224
15035,9671782239,9671782233
15036,9671782251,2476377740
15037,9671782251,9671782225
15038,9671789188,9937483278
15039,9671789188,9671715466
15040,9671789188,9892624996
15041,9672191476,6630187668
15042,9672191476,9672191481
15043,9672191481,9672191476
15044,9674345083,9674345087
15045,9674345083,9674345089
15046,9674345086,403357856
15047,9674345086,9674345089
15048,9674345087,3967080452
15049,9674345087,9674345089
15050,9674345089,9674345086
15051,9674345089,9674345083
15052,9674345089,9674345087
15053,9674345090,9926607370
15054,9674345090,9674345091
15055,9674345091,403357859
15056,9674345091,9674345090
15057,9674345092,2676836342
15058,9674483697,9674483703
15059,9674483697,9674483703
15060,9674483703,3520797779
15061,9674846349,2191032454
15062,9674846349,9674846350
15063,9674846350,9674846349
15064,9674846350,9674846355
15065,9674846350,9674846355
15066,9674846355,9674846356
15067,9674846355,9674846350
15068,9674846355,9674846350
15069,9674846356,9674846355
15070,9682305823,8933180681
15071,9682305823,8933180680
15072,9682305823,8933180689
15073,9684180050,9684180051
15074,9684180050,10201821880
15075,9684180051,9684180052
15076,9684180051,10201821884
15077,9684180052,6325444931
15078,9684180052,9684180053
15079,9684180053,6325444932
15080,9684180053,9684180054
15081,9684180054,9271241414
15082,9684180054,9684180055
15083,9684180055,9271241412
15084,9684180055,9684180056
15085,9684180056,9969220908
15086,9684180056,9684180057
15087,9684180057,9537048972
15088,9684180057,9684180058
15089,9684180058,10262345835
15090,9684180058,9945445632
15091,9684180060,10977620812
15092,9684180060,11005652399
15093,9685490139,5509847780
15094,9685490139,5509847783
15095,9685490139,9689936051
15096,9685490178,9689029493
15097,9685490178,6430386586
15098,9685490178,9689029494
15099,9685599269,2477347647
15100,9685599269,9671714993
15101,9685819245,9685819246
15102,9685819245,5509847764
15103,9685819245,6284124125
15104,9685819246,5509847801
15105,9685819246,6284123649
15106,9685819246,9685819245
15107,9686043517,5509847785
15108,9686043517,5509847792
15109,9686043517,9691294966
15110,9687103025,11005652340
15111,9687103025,9687103027
15112,9687103027,9271269527
15113,9687410300,9687410304
15114,9687410300,8008014123
15115,9687410300,5509847943
15116,9687410300,6283124054
15117,9687410304,9687410306
15118,9687410304,9687410305
15119,9687410305,9687410304
15120,9687410305,9687410300
15121,9687410306,9687410307
15122,9687410306,5509847748
15123,9687410307,9687410305
15124,9687410307,9687410306
15125,9687410308,9687410310
15126,9687410308,9687410309
15127,9687410309,9687410308
15128,9687410309,5509847813
15129,9687410310,5509847749
15130,9687410310,9687410311
15131,9687410311,9687410309
15132,9687410311,9687410310
15133,9687410312,5509847796
15134,9687410312,5509847799
15135,9687410312,9812554201
15136,9687410316,10069475795
15137,9687420133,5509847944
15138,9687420133,9687420135
15139,9687420135,9687410311
15140,9689029493,5509847809
15141,9689029493,9685490178
15142,9689029493,9689029494
15143,9689029494,9689029493
15144,9689029494,9691294958
15145,9689029494,9685490178
15146,9689936050,9689936051
15147,9689936051,5509847786
15148,9689936051,9685490139
15149,9689936051,9689936050
15150,9691294958,9689029494
15151,9691294966,9691294967
15152,9691294966,9686043517
15153,9691294966,5509847792
15154,9691294967,9691294966
15155,9704737490,6312677318
15156,9704737490,6312677317
15157,9704737490,9704737491
15158,9704737491,2468521927
15159,9704737491,9704737492
15160,9704737491,9704737490
15161,9704737492,9704737491
15162,9709248907,9982785594
15163,9709248907,6738151713
15164,9709248908,2676836440
15165,9709248908,9709248909
15166,9709248909,3048325056
15167,9709248909,9709248908
15168,9709248910,1170838880
15169,9709248910,9709248911
15170,9709248911,9709248910
15171,9709248914,2168403108
15172,9709248914,9907941593
15173,9709248914,9709248915
15174,9709248915,2168403105
15175,9709248915,403245444
15176,9709248915,9709248914
15177,9709299537,9906988363
15178,9709299537,2504889854
15179,9709299538,2676836433
15180,9709299538,9709299537
15181,9709299539,2676836454
15182,9709299539,9709299538
15183,9709299540,2676836451
15184,9709299540,9709299539
15185,9709299541,3048325055
15186,9709299541,9709299540
15187,9709299542,2676836463
15188,9709299542,9709299541
15189,9709299543,3048325061
15190,9709299543,9709299542
15191,9709299544,1171848043
15192,9709299544,9709299543
15193,9709299545,9906988400
15194,9709299545,3048326236
15195,9709299546,3048326224
15196,9709299546,9709299545
15197,9709299547,9709299546
15198,9709299548,3048331375
15199,9709299548,9709299547
15200,9709299550,3046338304
15201,9709299550,3046667814
15202,9709299550,9709299551
15203,9709299551,9066287230
15204,9709299551,9709299552
15205,9709299551,9709299550
15206,9709299551,3046667746
15207,9709299552,9066287231
15208,9709299552,3046338306
15209,9709299552,9709299551
15210,9709299553,5913132475
15211,9709299553,3046359147
15212,9709299553,9709299555
15213,9709299555,3046359147
15214,9709299555,9709299553
15215,9709299556,403251671
15216,9709299556,9709299557
15217,9709299557,677292304
15218,9709299557,9709299558
15219,9709299558,677292305
15220,9709299558,9709299559
15221,9709299559,1170839658
15222,9709299559,9709299560
15223,9709299560,9709299561
15224,9709299560,1170839731
15225,9709299561,5469028896
15226,9709299561,9910240892
15227,9709299571,9709299576
15228,9709299571,3480728612
15229,9709299571,9709299548
15230,9709299572,9709299571
15231,9709299572,3480716880
15232,9709299572,3480716881
15233,9709299573,9709299572
15234,9709299573,3480716884
15235,9709299573,3480716883
15236,9709299574,9709299573
15237,9709299574,9709299575
15238,9709299574,3480716876
15239,9709299575,9709299574
15240,9709299575,3480570197
15241,9709299576,3480716880
15242,9709299576,9709299571
15243,9709299577,9976522396
15244,9709299577,3048326226
15245,9709299578,9902040830
15246,9709299578,1170839321
15247,9709333180,3483654482
15248,9709333180,9982785610
15249,9709333184,6768741930
15250,9709333184,12438097700
15251,9709333187,2691058638
15252,9709333187,9709333184
15253,9709333188,412728533
15254,9709333188,9906314966
15255,9709333188,6768741931
15256,9709333190,412728535
15257,9709333190,9709333191
15258,9709333191,3053555210
15259,9709333191,3053547406
15260,9709333191,9709333192
15261,9709333192,3496199414
15262,9709333192,9709333193
15263,9709333193,412728536
15264,9709333193,9709333180
15265,9709359244,2191083499
15266,9709359244,403247407
15267,9709623220,1170839809
15268,9709623222,2471072944
15269,9709623222,9988467585
15270,9709623242,403251682
15271,9709623242,1180316604
15272,9709623243,2676836442
15273,9709623243,9709623249
15274,9709623244,403251678
15275,9709623244,412477651
15276,9709623244,9709623243
15277,9709623245,412477652
15278,9709623245,412477812
15279,9709623245,9709623244
15280,9709623248,9910240885
15281,9709623248,403251665
15282,9709623249,9709623242
15283,9709623249,2676836437
15284,9709623251,9892846195
15285,9709623251,9709623248
15286,9709623257,403227047
15287,9709623257,403241530
15288,9709623257,403227051
15289,9709623305,5905871211
15290,9709623305,10963991842
15291,9709623305,2504890760
15292,9709623311,9295115309
15293,9709623311,11250441170
15294,9709623311,9717295233
15295,9709623315,2191032229
15296,9709623315,9717295233
15297,9709623317,4964161548
15298,9709623317,6313177608
15299,9709623326,4964161613
15300,9709623326,9657776353
15301,9709623326,4964161616
15302,9709623326,4964161612
15303,9709623328,412480689
15304,9709623328,4964161612
15305,9709623336,2676836405
15306,9709623336,5777251913
15307,9709623336,9709623337
15308,9709623336,9976522385
15309,9709623337,3048222901
15310,9709623337,9709623336
15311,9709623337,9709623338
15312,9709623338,2676836399
15313,9709623338,9709623337
15314,9709623339,2168403100
15315,9709623339,9709623340
15316,9709623340,3496199413
15317,9709623340,3053555210
15318,9709623340,9709623339
15319,9709623341,3053547407
15320,9709623341,8416308274
15321,9709623341,9709623343
15322,9709623343,3053547407
15323,9709623343,3335931098
15324,9709623343,9709623341
15325,9717295232,9985953057
15326,9717295232,9717295233
15327,9717295233,9717295232
15328,9717295233,9709623315
15329,9717295233,9709623311
15330,9717380264,9717380268
15331,9717380265,9717380266
15332,9717380265,9991875529
15333,9717380266,9717380265
15334,9717380266,9717380268
15335,9717380266,9717380270
15336,9717380267,3967147660
15337,9717380267,9717380273
15338,9717380268,9717380266
15339,9717380268,9717380264
15340,9717380268,9717380269
15341,9717380269,9717380267
15342,9717380269,9717380268
15343,9717380270,9717380273
15344,9717380270,9717380266
15345,9717380270,9717380272
15346,9717380272,9717380265
15347,9717380272,9717380270
15348,9717380273,9717380270
15349,9717380273,9717380274
15350,9717380273,9717380267
15351,9717380274,9717380272
15352,9717380274,9717380273
15353,9717380305,1176788278
15354,9717380305,2676836377
15355,9750674992,8003058305
15356,9752671649,1943925041
15357,9752671649,9969232378
15358,9781139534,10159596351
15359,9781139534,5578859377
15360,9781139534,9781139535
15361,9781139535,9781139534
15362,9807725371,9974349799
15363,9807725371,2537853895
15364,9808277558,8090691323
15365,9812554198,6546573303
15366,9812554201,9687410312
15367,9812554202,6284506252
15368,9812554202,10801939364
15369,9812554202,9812554206
15370,9812554203,10801939364
15371,9812554203,6314454187
15372,9812554206,9812554202
15373,9812554207,9112231779
15374,9812554207,9812554212
15375,9812554212,9974348206
15376,9812554213,5509847777
15377,9812554213,9112231794
15378,9812588955,9974348208
15379,9812588973,9039358226
15380,9812588973,9974349742
15381,9812588992,5311366724
15382,9812588992,9974349745
15383,9812588998,9812588999
15384,9812588998,5311366417
15385,9812588999,5509939264
15386,9812589000,3472714273
15387,9812589000,5312968183
15388,9812589005,5509741738
15389,9812589005,9812588973
15390,9819541025,6627146855
15391,9819541025,3966755821
15392,9819541026,9819541025
15393,9819541027,6627146837
15394,9819541027,9819541026
15395,9819541028,9819541027
15396,9845571374,9845571385
15397,9845571385,2549776585
15398,9845571385,3555297270
15399,9845571407,3555297276
15400,9845571407,9845571374
15401,9845578108,412759164
15402,9845578108,6313515409
15403,9849363359,677292305
15404,9849363359,677292304
15405,9849363359,1170839068
15406,9870235171,9121474548
15407,9870235171,6313054890
15408,9870235171,9870235175
15409,9870235175,2504886164
15410,9870235175,6313177095
15411,9870235175,9870235171
15412,9878571728,9878571735
15413,9878571728,6313053724
15414,9878571728,9878571729
15415,9878571729,9878598625
15416,9878571729,6313176312
15417,9878571729,9878571728
15418,9878571730,9878598625
15419,9878571730,9878571732
15420,9878571730,9878598630
15421,9878571731,9878598630
15422,9878571731,9878598626
15423,9878571731,6313053723
15424,9878571732,9878571730
15425,9878571732,6313176205
15426,9878571732,9878571733
15427,9878571733,9878571732
15428,9878571733,9878592132
15429,9878571733,6313053723
15430,9878571735,9878571728
15431,9878571735,6313053750
15432,9878571735,9878616981
15433,9878571742,6313176215
15434,9878571742,6313053750
15435,9878571742,6313053724
15436,9878592131,6313176314
15437,9878592131,6313176199
15438,9878592131,9878592132
15439,9878592132,9878571733
15440,9878592132,9878592131
15441,9878592132,6313176201
15442,9878598625,9878571729
15443,9878598625,9878571730
15444,9878598625,9878598629
15445,9878598626,9878598629
15446,9878598626,9878598627
15447,9878598626,9878571731
15448,9878598627,9878598626
15449,9878598627,9878598629
15450,9878598627,6313176312
15451,9878598629,9878598626
15452,9878598629,9878598625
15453,9878598629,9878598630
15454,9878598629,9878598627
15455,9878598630,9878571731
15456,9878598630,9878571730
15457,9878598630,9878598629
15458,9878616981,6313053724
15459,9878616981,9878571735
15460,9878616981,6313053750
15461,9884534459,9969492104
15462,9884534462,11124980188
15463,9884534462,9884534459
15464,9884534496,9938372596
15465,9884534504,13084175606
15466,9884534504,9938306026
15467,9884709581,9886568386
15468,9884709581,11005652389
15469,9884709581,9886568385
15470,9886469419,13084175547
15471,9886568384,9886568386
15472,9886568384,9886568385
15473,9886568384,11005652366
15474,9886568385,9886568384
15475,9886568385,9884709581
15476,9886568385,11005652371
15477,9886568386,11005652360
15478,9886568386,9884709581
15479,9886568397,13202450202
15480,9891032861,12151598274
15481,9891032861,9891032862
15482,9891032862,2469943549
15483,9891032862,9950439542
15484,9891032863,2469943515
15485,9891032863,6326297863
15486,9891032863,9891032871
15487,9891032864,9952188341
15488,9891032864,9891032865
15489,9891032865,9891032866
15490,9891032865,2168469767
15491,9891032866,412727854
15492,9891032866,9891032867
15493,9891032867,2168469772
15494,9891032871,412727853
15495,9891032871,12590126777
15496,9891032871,9891032864
15497,9891188582,6313263156
15498,9891188582,6313263155
15499,9891188582,9891188583
15500,9891188583,9891188582
15501,9891188583,3232112978
15502,9891188583,9891188591
15503,9891188590,6313263156
15504,9891188590,9891188592
15505,9891188590,9891188591
15506,9891188591,9891188592
15507,9891188591,9891188590
15508,9891188591,9891188583
15509,9891188592,9891188590
15510,9891188592,6313263154
15511,9891188592,9891188591
15512,9891188593,6313263154
15513,9891188593,6313263153
15514,9891188593,9891188595
15515,9891188594,6313263156
15516,9891188594,9891188597
15517,9891188594,9891188595
15518,9891188595,9891188594
15519,9891188595,9891188593
15520,9891188595,9891188597
15521,9891188597,9891188594
15522,9891188597,6313263155
15523,9891188597,9891188595
15524,9892624996,9671789188
15525,9892624997,3232028507
15526,9892624997,9892818246
15527,9892624997,9892818252
15528,9892624999,9892818252
15529,9892624999,9892625005
15530,9892624999,9892818249
15531,9892625000,9892625002
15532,9892625000,9892625007
15533,9892625000,9892625004
15534,9892625000,9917574544
15535,9892625002,3232021723
15536,9892625002,9892625000
15537,9892625002,9892625003
15538,9892625002,9917615674
15539,9892625003,3232021722
15540,9892625003,9892625002
15541,9892625003,9892625004
15542,9892625004,9892625000
15543,9892625004,9892625003
15544,9892625004,9917608645
15545,9892625005,9892625007
15546,9892625005,9892624999
15547,9892625005,3232028507
15548,9892625005,9892625006
15549,9892625006,3230755149
15550,9892625006,6313177233
15551,9892625006,9892625005
15552,9892625007,9892625000
15553,9892625007,9892625005
15554,9892625007,9892625008
15555,9892625008,6313177233
15556,9892625008,9892625009
15557,9892625008,9892625007
15558,9892625009,9892625008
15559,9892625009,8221939124
15560,9892625009,9917574544
15561,9892625010,9892782617
15562,9892625010,9892818230
15563,9892625010,9917608640
15564,9892625011,9892782617
15565,9892625011,9892818229
15566,9892625011,9917574528
15567,9892625012,3232028506
15568,9892625012,9892625016
15569,9892625012,9917608640
15570,9892625015,9892782617
15571,9892625015,9917608641
15572,9892625015,9892782622
15573,9892625016,9892782622
15574,9892625016,9892625012
15575,9892625016,9917608641
15576,9892782617,9892625011
15577,9892782617,9892625010
15578,9892782617,9892625015
15579,9892782618,3232028506
15580,9892782618,9917608637
15581,9892782618,9892782621
15582,9892782620,9908682410
15583,9892782620,9892782621
15584,9892782621,9892782620
15585,9892782621,9892782618
15586,9892782621,9892782622
15587,9892782622,9892625016
15588,9892782622,9892625015
15589,9892782622,9892782621
15590,9892782633,6313177803
15591,9892782633,6313177806
15592,9892782633,9922650303
15593,9892782683,3232112990
15594,9892782683,3232112990
15595,9892782683,3232113004
15596,9892818219,9917608698
15597,9892818219,3232112984
15598,9892818219,3232113002
15599,9892818219,6811549385
15600,9892818229,9892625011
15601,9892818229,6811519882
15602,9892818229,9892818230
15603,9892818230,9917608648
15604,9892818230,9892625010
15605,9892818230,9892818229
15606,9892818245,9917569305
15607,9892818246,9892818248
15608,9892818246,9892818247
15609,9892818246,9892624997
15610,9892818247,9892818246
15611,9892818248,9892818246
15612,9892818248,3231940951
15613,9892818248,9892818249
15614,9892818249,9892818248
15615,9892818249,9892818252
15616,9892818249,9892624999
15617,9892818252,9892624999
15618,9892818252,9892818249
15619,9892818252,9892624997
15620,9892846132,3231940954
15621,9892846132,9892846138
15622,9892846132,9892846134
15623,9892846134,6313263152
15624,9892846134,6313263153
15625,9892846134,9892846132
15626,9892846135,3232112968
15627,9892846135,3232112978
15628,9892846135,9892846139
15629,9892846138,6313263152
15630,9892846138,9892846132
15631,9892846138,9892846141
15632,9892846139,9892846141
15633,9892846139,9892846140
15634,9892846139,9892846135
15635,9892846140,9892846139
15636,9892846140,3232112968
15637,9892846141,9892846139
15638,9892846141,9892846142
15639,9892846141,9892846138
15640,9892846142,9892846141
15641,9892846142,9892846140
15642,9892846179,9709623251
15643,9892846179,9892846181
15644,9892846181,677292353
15645,9892846181,9892846191
15646,9892846181,9910240897
15647,9892846182,334360338
15648,9892846183,3455119962
15649,9892846183,9892846182
15650,9892846185,1719100478
15651,9892846185,9892846183
15652,9892846185,9910240886
15653,9892846186,9892846185
15654,9892846186,9910240887
15655,9892846187,9892846186
15656,9892846187,9910240888
15657,9892846187,2168403099
15658,9892846188,9892846187
15659,9892846188,9910240893
15660,9892846188,2168403098
15661,9892846189,9892846188
15662,9892846189,9910240894
15663,9892846189,1719100534
15664,9892846190,9892846189
15665,9892846190,9910240895
15666,9892846190,2168403092
15667,9892846191,9910240935
15668,9892846191,9910240896
15669,9892846195,677292373
15670,9892846195,2168403085
15671,9892846196,9906881582
15672,9892846196,403241530
15673,9892846197,9911031893
15674,9892846197,403349464
15675,9894965063,3562360653
15676,9897134858,12159404962
15677,9897134858,2504889859
15678,9897134864,12216232933
15679,9897134870,10963991842
15680,9897134870,334304444
15681,9897147248,3485522062
15682,9897672617,9897672618
15683,9897672617,9907928911
15684,9897672618,412480691
15685,9897672618,9907928912
15686,9897672621,9987353681
15687,9897672621,2676836507
15688,9898978879,9905347053
15689,9898978879,8686405332
15690,9898978879,3257579076
15691,9899024377,3047258150
15692,9899024377,3047258148
15693,9899024377,9899024378
15694,9899024378,3047195935
15695,9899024378,3047192326
15696,9899024378,9899024377
15697,9899024383,3047258152
15698,9899024383,3047258150
15699,9899024383,9899024389
15700,9899024384,3047192587
15701,9899024384,8008115632
15702,9899024384,9899024389
15703,9899024389,9899024384
15704,9899024389,9899024383
15705,9899024389,3047258153
15706,9899024391,6313177265
15707,9899024391,9899024392
15708,9899024392,5374253269
15709,9899024392,9899024391
15710,9899024404,11042701325
15711,9899024404,9899024405
15712,9899024405,9979127591
15713,9899024405,9899024407
15714,9899024405,9899024406
15715,9899024405,9899024404
15716,9899024406,9979127590
15717,9899024406,9899024405
15718,9899024407,9899024405
15719,9899024407,9978855226
15720,9899024407,9899024408
15721,9899024408,9899024406
15722,9899024408,9899024407
15723,9899024426,3968910023
15724,9899024426,9899024427
15725,9899024427,9899024429
15726,9899024427,8150892719
15727,9899024427,9899024428
15728,9899024427,9899024426
15729,9899024428,9899024427
15730,9899024429,9899024427
15731,9899024429,9899024430
15732,9899024429,6313054187
15733,9899024429,6313177190
15734,9899024430,9899024429
15735,9899024435,8096908301
15736,9899024435,9899024436
15737,9899024436,9899024435
15738,9899024436,6313054259
15739,9899024436,7794109769
15740,9899027664,9899027669
15741,9899027664,9899027666
15742,9899027666,9899027664
15743,9899027669,6313054807
15744,9899027669,9899027670
15745,9899027670,9899027669
15746,9899027673,9899027678
15747,9899027678,6622846385
15748,9899027678,9899027673
15749,9901033983,4964161588
15750,9901033983,9931482416
15751,9901576581,8424227030
15752,9901576581,403115117
15753,9902040830,3048326226
15754,9902040830,9709299578
15755,9902194791,9906988359
15756,9902194791,9906988373
15757,9903654240,9903654241
15758,9903654241,2504900704
15759,9903654241,9903654240
15760,9903654241,1170839321
15761,9903914433,9903914446
15762,9903914433,9671715112
15763,9903914446,3456734355
15764,9903914446,9671715112
15765,9905347053,3450433211
15766,9905347053,8686385492
15767,9905347053,9898978879
15768,9905347134,9642377709
15769,9905347134,9642377708
15770,9905347134,11911785782
15771,9905394312,3450426648
15772,9905394312,1170839251
15773,9905394676,1171848231
15774,9905394676,3046327616
15775,9905394676,9066287225
15776,9905543682,3050105866
15777,9905543682,9987353701
15778,9905543682,3050148065
15779,9905543715,3054644035
15780,9905543715,9905543716
15781,9905543716,2691058639
15782,9905543716,3496510786
15783,9905543716,9905543715
15784,9905543720,9671715087
15785,9905543720,3305928433
15786,9905543720,9671715088
15787,9906314950,3305928436
15788,9906314950,9671715088
15789,9906314950,3305928433
15790,9906314966,1170839036
15791,9906314966,9910240919
15792,9906824112,2537881928
15793,9906824112,5263098277
15794,9906858672,3520804186
15795,9906858672,12558454748
15796,9906858675,6327768519
15797,9906858675,9906858672
15798,9906858677,9906858696
15799,9906858677,9906858672
15800,9906858678,9977337399
15801,9906858678,9977337401
15802,9906858696,5471154546
15803,9906858700,12558454677
15804,9906861920,3305928454
15805,9906861920,3305928448
15806,9906861920,2476377979
15807,9906861923,412775020
15808,9906861929,3050148060
15809,9906861929,9988467581
15810,9906861930,8417702087
15811,9906861930,9906861938
15812,9906861931,9906861930
15813,9906861932,5469028894
15814,9906861932,9906861931
15815,9906861933,5469028893
15816,9906861933,5469028892
15817,9906861933,9906861932
15818,9906861934,9987353740
15819,9906861934,5469028895
15820,9906861934,9906861933
15821,9906861938,2513900348
15822,9906861938,2513900342
15823,9906861938,9906861929
15824,9906861939,9906858675
15825,9906861939,12558454695
15826,9906861941,4689050396
15827,9906861941,5471154533
15828,9906881559,3046359147
15829,9906881559,2504900702
15830,9906881560,9906988378
15831,9906881560,9906988385
15832,9906881564,3453612184
15833,9906881564,2676836445
15834,9906881566,1176788168
15835,9906881574,8300149222
15836,9906881574,1180316551
15837,9906881582,567877257
15838,9906881582,5901931862
15839,9906881582,9892846196
15840,9906881582,677292398
15841,9906881583,9906881564
15842,9906881583,9653806351
15843,9906881584,2676836432
15844,9906881584,2676836411
15845,9906881584,2504900701
15846,9906881585,677292403
15847,9906881585,9906881586
15848,9906881585,677292412
15849,9906881585,403247403
15850,9906881586,9906881585
15851,9906881586,2191083411
15852,9906881586,403247399
15853,9906881586,677292419
15854,9906986112,5901876108
15855,9906986112,8285837989
15856,9906986113,9911257841
15857,9906986113,8285837989
15858,9906988317,5913132516
15859,9906988317,9906988318
15860,9906988317,3045969240
15861,9906988318,5913132519
15862,9906988318,9906988396
15863,9906988318,9906988317
15864,9906988318,5913132521
15865,9906988319,2839601312
15866,9906988319,9066287232
15867,9906988319,9906988320
15868,9906988319,3046338306
15869,9906988320,2839601338
15870,9906988320,9066287227
15871,9906988320,9906988319
15872,9906988320,9066287233
15873,9906988321,3046410161
15874,9906988321,3046410160
15875,9906988321,9906988322
15876,9906988321,3287346793
15877,9906988322,9906988323
15878,9906988322,9906988321
15879,9906988322,3046359150
15880,9906988323,9906988379
15881,9906988323,9906988322
15882,9906988323,5913132471
15883,9906988323,5913132469
15884,9906988324,406130931
15885,9906988324,9906988379
15886,9906988324,3046296612
15887,9906988333,3305928458
15888,9906988333,9906988336
15889,9906988333,9399613178
15890,9906988335,9399613178
15891,9906988335,3050168635
15892,9906988335,9906988336
15893,9906988336,9906988333
15894,9906988336,3305928450
15895,9906988336,334360364
15896,9906988339,9916435907
15897,9906988339,406149779
15898,9906988339,5777433732
15899,9906988340,9906988350
15900,9906988340,9671715035
15901,9906988341,9906988344
15902,9906988341,5824604336
15903,9906988341,10202423493
15904,9906988344,10159596351
15905,9906988344,9906988341
15906,9906988344,9906988345
15907,9906988345,10159596349
15908,9906988345,9906988346
15909,9906988346,2537839884
15910,9906988346,9906988347
15911,9906988347,5824604320
15912,9906988347,9906988350
15913,9906988347,1176788179
15914,9906988349,9906988344
15915,9906988349,9642342414
15916,9906988350,9906988341
15917,9906988350,9906988347
15918,9906988350,5824604335
15919,9906988351,1171848183
15920,9906988352,5913132469
15921,9906988352,2839601338
15922,9906988352,9906988379
15923,9906988353,2676836399
15924,9906988353,9906988370
15925,9906988353,9906881559
15926,9906988354,7184847216
15927,9906988354,9906988355
15928,9906988355,2560359159
15929,9906988355,9906988356
15930,9906988356,11028391234
15931,9906988356,9907968638
15932,9906988358,9906988373
15933,9906988358,9906988359
15934,9906988359,2676836438
15935,9906988359,9907984222
15936,9906988360,9906988386
15937,9906988363,9906988364
15938,9906988363,5269927689
15939,9906988364,1171848343
15940,9906988364,9906988365
15941,9906988365,2676836409
15942,9906988365,9976522387
15943,9906988366,2676836411
15944,9906988366,2676836405
15945,9906988366,9906988353
15946,9906988369,1177761313
15947,9906988369,3107941946
15948,9906988369,9906988324
15949,9906988370,2676836411
15950,9906988370,2504900701
15951,9906988370,9906988353
15952,9906988373,2676836461
15953,9906988373,1632794735
15954,9906988378,9906881560
15955,9906988378,3046359148
15956,9906988378,9906988352
15957,9906988379,9906988324
15958,9906988379,9906988323
15959,9906988379,1177761313
15960,9906988380,5913132472
15961,9906988380,3107941943
15962,9906988380,9906988381
15963,9906988381,5913132473
15964,9906988381,3107941941
15965,9906988381,1171848091
15966,9906988382,1171848091
15967,9906988382,3107941941
15968,9906988385,3046338306
15969,9906988385,2504900702
15970,9906988385,3046667746
15971,9906988386,9906988363
15972,9906988388,3107941957
15973,9906988388,406130944
15974,9906988388,9906988393
15975,9906988391,5913132505
15976,9906988391,2839601391
15977,9906988392,2839601397
15978,9906988392,5913132512
15979,9906988392,9906988391
15980,9906988393,2839601326
15981,9906988393,5913132514
15982,9906988393,9906988392
15983,9906988394,2504889846
15984,9906988395,3107941959
15985,9906988395,5913132501
15986,9906988395,9906988408
15987,9906988396,9906988411
15988,9906988396,5507719904
15989,9906988396,9906988318
15990,9906988398,5507719917
15991,9906988398,9916435870
15992,9906988399,2504889873
15993,9906988399,9906988394
15994,9906988400,9709299544
15995,9906988400,9906988399
15996,9906988401,5269927700
15997,9906988401,9906988400
15998,9906988403,9709299577
15999,9906988403,9976522395
16000,9906988404,9906988405
16001,9906988405,9906988403
16002,9906988405,9906988404
16003,9906988407,2504900697
16004,9906988407,9906988404
16005,9906988407,2504900704
16006,9906988408,2839601105
16007,9906988408,5913132499
16008,9906988408,9906988407
16009,9906988411,5913132519
16010,9906988411,9907941735
16011,9906988412,5507719907
16012,9906988412,5507719908
16013,9906988415,334360358
16014,9906988415,3050168639
16015,9906988415,3305928435
16016,9907063648,3050154642
16017,9907063648,9399613181
16018,9907063658,3054644039
16019,9907063658,9907063659
16020,9907063658,3496532619
16021,9907063658,3050151300
16022,9907063659,3496532619
16023,9907063659,9907063658
16024,9907063659,2691058643
16025,9907063667,9977337402
16026,9907063667,9977337393
16027,9907063669,6738224294
16028,9907063669,9977337338
16029,9907063672,9907063673
16030,9907063672,9987353741
16031,9907063672,9906861934
16032,9907063673,12141249844
16033,9907063673,9907063672
16034,9907063675,3053559114
16035,9907063675,5905816631
16036,9907063675,3053559115
16037,9907063676,3053560761
16038,9907063676,5469028886
16039,9907646556,10544104146
16040,9907928854,6738151713
16041,9907928854,5269955214
16042,9907928855,9907928856
16043,9907928855,10599559209
16044,9907928856,3107953585
16045,9907928856,3662201590
16046,9907928858,8221939124
16047,9907928858,2511164625
16048,9907928858,6313177234
16049,9907928859,2676836341
16050,9907928859,3967083157
16051,9907928860,9911031887
16052,9907928860,2713902930
16053,9907928864,9709623328
16054,9907928864,9907928865
16055,9907928865,3967259387
16056,9907928865,9907928868
16057,9907928868,3715348733
16058,9907928868,9907928873
16059,9907928873,8686405323
16060,9907928873,4361621029
16061,9907928875,3447927217
16062,9907928875,8686405327
16063,9907928876,9907928875
16064,9907928876,2191032854
16065,9907928877,8686405325
16066,9907928877,3257105269
16067,9907928886,2713902926
16068,9907928886,2713902930
16069,9907928886,9907928889
16070,9907928889,9907928860
16071,9907928889,9907941517
16072,9907928892,5755083525
16073,9907928892,677295429
16074,9907928892,9907928904
16075,9907928894,403361489
16076,9907928894,9907928899
16077,9907928896,9907941736
16078,9907928896,3967220918
16079,9907928897,677295344
16080,9907928897,677295353
16081,9907928897,9907928896
16082,9907928898,677295414
16083,9907928898,677295413
16084,9907928898,9907928897
16085,9907928899,677295359
16086,9907928899,677295358
16087,9907928899,9907928898
16088,9907928900,5755083519
16089,9907928900,9907928894
16090,9907928901,9657776348
16091,9907928901,9907928900
16092,9907928902,677295423
16093,9907928902,9907928901
16094,9907928903,5755083516
16095,9907928903,9907928902
16096,9907928904,4964161501
16097,9907928904,4964161502
16098,9907928904,9907928903
16099,9907928905,4964161478
16100,9907928905,4964161493
16101,9907928905,9907928892
16102,9907928907,11250365516
16103,9907928907,4964161608
16104,9907928907,9907928905
16105,9907928908,9907928907
16106,9907928909,9907928908
16107,9907928909,2191032831
16108,9907928909,4964161609
16109,9907928910,9657776354
16110,9907928910,9907928909
16111,9907928911,4964161616
16112,9907928911,9897672617
16113,9907928911,9907928910
16114,9907928912,4964161614
16115,9907928912,9897672618
16116,9907928912,9907928911
16117,9907928913,412480691
16118,9907928913,9907928912
16119,9907928914,3740175353
16120,9907928914,9907928913
16121,9907928915,4964161576
16122,9907928915,4964161577
16123,9907928915,9907928914
16124,9907928916,2191032743
16125,9907928916,9907928915
16126,9907941517,4964161581
16127,9907941517,9907928916
16128,9907941521,9925240723
16129,9907941521,9931482413
16130,9907941524,4964161589
16131,9907941524,4964161593
16132,9907941524,9925240726
16133,9907941551,4361621019
16134,9907941553,9907941594
16135,9907941553,334360341
16136,9907941556,677292371
16137,9907941556,9907941557
16138,9907941557,6741805210
16139,9907941557,677292318
16140,9907941557,9982785597
16141,9907941557,9907941559
16142,9907941559,5808741412
16143,9907941559,6738078261
16144,9907941592,9907941593
16145,9907941593,9709248914
16146,9907941593,9907941595
16147,9907941594,9907941599
16148,9907941594,9907941592
16149,9907941595,403245444
16150,9907941595,9910240939
16151,9907941596,677292346
16152,9907941596,9907941597
16153,9907941597,1719076658
16154,9907941597,1629280304
16155,9907941597,9907941598
16156,9907941598,3335931096
16157,9907941598,9907941556
16158,9907941599,3456766471
16159,9907941599,5901876115
16160,9907941647,8365983645
16161,9907941647,9044495125
16162,9907941648,5808741452
16163,9907941648,6738104485
16164,9907941648,5808741412
16165,9907941669,1180316644
16166,9907941669,9910240837
16167,9907941671,5808741445
16168,9907941671,5808741437
16169,9907941671,9907941669
16170,9907941672,9907941675
16171,9907941672,5808741437
16172,9907941672,9907941671
16173,9907941673,5808741436
16174,9907941673,9907941672
16175,9907941674,5905816673
16176,9907941674,9907941690
16177,9907941675,9907941672
16178,9907941675,9907941647
16179,9907941684,5808741436
16180,9907941684,9910240858
16181,9907941684,9907941691
16182,9907941686,9907941690
16183,9907941686,5905816673
16184,9907941688,9907941689
16185,9907941688,9907941674
16186,9907941689,9907941648
16187,9907941690,5905816676
16188,9907941690,9907941688
16189,9907941691,9907941686
16190,9907941692,2676836447
16191,9907941692,1629280303
16192,9907941692,9907941693
16193,9907941693,9907941691
16194,9907941693,5808741435
16195,9907941695,8365983667
16196,9907941695,677292356
16197,9907941714,8365983583
16198,9907941714,5350966641
16199,9907941721,6738078262
16200,9907941721,9907941732
16201,9907941731,5350966641
16202,9907941732,6738078262
16203,9907941732,9907941731
16204,9907941734,2476377878
16205,9907941734,9906988395
16206,9907941735,5913132518
16207,9907941735,9907941734
16208,9907941736,2191032440
16209,9907941736,6312425867
16210,9907968632,1170838601
16211,9907968634,9907968658
16212,9907968634,7184847169
16213,9907968638,2560359159
16214,9907968638,9907968632
16215,9907968647,7184847169
16216,9907968647,9907968655
16217,9907968655,3261535145
16218,9907968657,10558523753
16219,9907968657,11028391223
16220,9907968658,9907968657
16221,9907968678,9907968687
16222,9907968678,7184847207
16223,9907968683,7184847198
16224,9907968687,3453612184
16225,9907968687,9042373944
16226,9907968691,406109739
16227,9907968691,9907968698
16228,9907968698,3483074728
16229,9907968703,5691462119
16230,9907968703,3451531628
16231,9907968703,6741805203
16232,9907968707,3048325060
16233,9907968708,1170839656
16234,9907968708,9907984219
16235,9907968710,1170839496
16236,9907968710,9907968711
16237,9907968711,1170839195
16238,9907968711,9907968712
16239,9907968712,9653806352
16240,9907968712,9653806351
16241,9907968712,9907984221
16242,9907968714,2676836428
16243,9907968714,9907984222
16244,9907984218,9982785628
16245,9907984218,9907968707
16246,9907984219,9907984220
16247,9907984219,406094306
16248,9907984220,3453392776
16249,9907984220,9907968710
16250,9907984221,9906881583
16251,9907984221,9907968714
16252,9907984222,9906988360
16253,9907984222,9907984223
16254,9907984223,9902194791
16255,9907984223,9907984224
16256,9907984224,2676836444
16257,9907984224,9907984225
16258,9907984225,2676836460
16259,9907984225,9907984226
16260,9907984226,9907984218
16261,9907984226,2676836459
16262,9907984229,3480566615
16263,9907984229,9907984235
16264,9907984236,334363442
16265,9907984236,9907984241
16266,9908676986,4964161514
16267,9908676986,3230755147
16268,9908676989,11042701330
16269,9908676989,9908676992
16270,9908676992,403033004
16271,9908682318,11028391320
16272,9908682318,9908682325
16273,9908682325,3047778556
16274,9908682366,6313177609
16275,9908682366,9931569459
16276,9908682392,9917574528
16277,9908682392,9908682396
16278,9908682396,8299978170
16279,9908682410,403033004
16280,9908682410,9908682416
16281,9908682416,8299978162
16282,9908682451,9931482411
16283,9908682451,4964161590
16284,9908682451,9642377680
16285,9908682451,9931482412
16286,9908902670,1179260068
16287,9908902670,6313054397
16288,9908902682,9908902701
16289,9908902682,406456690
16290,9908902698,6630054656
16291,9908902701,9908902704
16292,9908902701,402990784
16293,9908902704,6625268784
16294,9908902704,1179259845
16295,9908902704,402990784
16296,9908926670,406515193
16297,9908926670,5269927720
16298,9908926671,9671715066
16299,9908926671,9671715061
16300,9908926671,9908926672
16301,9908926672,9671715065
16302,9908926672,9671715062
16303,9908926672,9908926671
16304,9910232388,9928853345
16305,9910232388,412483642
16306,9910232388,9928853347
16307,9910232389,9671686510
16308,9910232389,9910232390
16309,9910232390,9671686506
16310,9910232390,9910232391
16311,9910232391,9671686507
16312,9910232391,9928949532
16313,9910232391,9671686509
16314,9910232392,9910232393
16315,9910232392,9928949545
16316,9910232393,404632214
16317,9910232393,9928949537
16318,9910232402,5777433502
16319,9910232402,5777433506
16320,9910232403,906119710
16321,9910232412,412477651
16322,9910232412,5905870237
16323,9910232412,2476377889
16324,9910232415,4964161473
16325,9910232415,4361619984
16326,9910240817,9910982522
16327,9910240817,412475988
16328,9910240837,8425207726
16329,9910240837,4168513244
16330,9910240849,2676836390
16331,9910240849,1180316535
16332,9910240855,2676836452
16333,9910240855,1180322374
16334,9910240855,1629280290
16335,9910240855,677292309
16336,9910240856,9910240857
16337,9910240856,677292384
16338,9910240856,677292381
16339,9910240856,677292388
16340,9910240857,5905870237
16341,9910240857,9910240856
16342,9910240857,677292382
16343,9910240857,412477330
16344,9910240858,1629280303
16345,9910240858,9907941684
16346,9910240858,5808741435
16347,9910240868,677292376
16348,9910240868,412475981
16349,9910240868,677292382
16350,9910240868,677292396
16351,9910240871,677292304
16352,9910240871,677292309
16353,9910240871,1170839068
16354,9910240885,2676836476
16355,9910240885,403251665
16356,9910240886,403245438
16357,9910240886,9910240887
16358,9910240886,9892846185
16359,9910240887,9892846186
16360,9910240887,9910240888
16361,9910240888,2168403102
16362,9910240888,9892846187
16363,9910240888,9910240893
16364,9910240891,9910240892
16365,9910240891,677292314
16366,9910240892,9907941714
16367,9910240893,1719100533
16368,9910240893,9892846188
16369,9910240893,9910240894
16370,9910240894,5904084575
16371,9910240894,9892846189
16372,9910240894,9910240895
16373,9910240895,1719100455
16374,9910240895,9892846190
16375,9910240895,9910240936
16376,9910240896,677292343
16377,9910240896,9910240897
16378,9910240897,9910240898
16379,9910240897,9892846181
16380,9910240898,9892846179
16381,9910240898,9910240899
16382,9910240899,3335930689
16383,9910240899,9910240900
16384,9910240900,677292312
16385,9910240900,1170838686
16386,9910240900,9910240901
16387,9910240901,677292316
16388,9910240901,677292314
16389,9910240901,9910240891
16390,9910240904,2168403105
16391,9910240904,6768796452
16392,9910240905,5905816640
16393,9910240905,9910240922
16394,9910240916,1719066052
16395,9910240916,9910240939
16396,9910240917,3050127694
16397,9910240917,3050127696
16398,9910240917,9910240916
16399,9910240918,3050159797
16400,9910240918,9982785614
16401,9910240919,9709333190
16402,9910240919,9910240918
16403,9910240920,9987744722
16404,9910240920,9910240919
16405,9910240921,2676836503
16406,9910240921,1170839705
16407,9910240921,9910240920
16408,9910240922,2676836505
16409,9910240922,2676836504
16410,9910240922,9910240921
16411,9910240923,3496199415
16412,9910240923,9910240917
16413,9910240927,2168403104
16414,9910240928,5905816639
16415,9910240928,9910240927
16416,9910240930,9910240936
16417,9910240930,1719100455
16418,9910240932,677292342
16419,9910240932,9910240951
16420,9910240935,9892846190
16421,9910240935,9910240932
16422,9910240936,9910240896
16423,9910240936,9910240935
16424,9910240937,2168403095
16425,9910240937,9910240930
16426,9910240938,677292324
16427,9910240938,9910240937
16428,9910240939,9907941596
16429,9910240939,9910240938
16430,9910240950,403247411
16431,9910240951,2676836485
16432,9910240951,9910240950
16433,9910240952,6632526016
16434,9910240952,6627827977
16435,9910960998,2191032395
16436,9910960998,412479110
16437,9910960998,9910960998
16438,9910961001,677295348
16439,9910961001,403222084
16440,9910961013,412475988
16441,9910961013,9910982522
16442,9910982522,1180316623
16443,9910982523,4168513243
16444,9910982523,5755083485
16445,9910982555,5755083512
16446,9910982555,5755083509
16447,9910982555,9910982559
16448,9910982559,9910982555
16449,9910982560,9910982561
16450,9910982560,1371263870
16451,9910982561,9910982560
16452,9910982563,4964161608
16453,9910982563,9910982573
16454,9910982573,9910982576
16455,9910982573,8300138895
16456,9910982576,9910982579
16457,9910982579,8300138893
16458,9910982579,9910982588
16459,9910982582,6312786584
16460,9910982588,8300138894
16461,9910982588,9910982582
16462,9910982631,4168513237
16463,9910982631,412476993
16464,9910982631,4168513239
16465,9910982633,7988056390
16466,9911031869,9924733717
16467,9911031869,9925217377
16468,9911031869,9911031870
16469,9911031870,4964161597
16470,9911031870,9911031877
16471,9911031870,9911031869
16472,9911031877,4964161591
16473,9911031877,4964161594
16474,9911031877,9911031870
16475,9911031882,9911031884
16476,9911031882,9657776357
16477,9911031883,9657776359
16478,9911031883,9911031884
16479,9911031884,6313177484
16480,9911031884,9911031883
16481,9911031887,2191032792
16482,9911031887,4964161570
16483,9911031893,9911031902
16484,9911031893,9931589946
16485,9911031894,2191032238
16486,9911031894,9931569510
16487,9911031895,403354002
16488,9911031895,9911031896
16489,9911031896,3967087981
16490,9911031896,9911031897
16491,9911031897,3967087983
16492,9911031897,9911031898
16493,9911031898,3967087986
16494,9911031898,3967087992
16495,9911031901,403349464
16496,9911031902,9911031901
16497,9911031902,6312677371
16498,9911159509,3496416576
16499,9911159510,9911159509
16500,9911159510,9911159512
16501,9911159512,9911159513
16502,9911159512,9911159516
16503,9911159513,9911159509
16504,9911159513,9911159512
16505,9911159513,2676836543
16506,9911159516,3050168641
16507,9911159516,3500454854
16508,9911159516,9911159512
16509,9911257841,12438042787
16510,9911257841,9906986113
16511,9911257841,9911257842
16512,9911257842,11255181552
16513,9911257842,11255181547
16514,9911257843,9907941595
16515,9911257843,9907941599
16516,9911257845,11255181547
16517,9911257845,11255181552
16518,9911257846,9982785615
16519,9911257846,6768741930
16520,9911257846,12438097700
16521,9911257847,3050127698
16522,9911257847,12438042788
16523,9911257847,9911257846
16524,9911455409,8019790414
16525,9911455409,6313054260
16526,9911455409,6313054259
16527,9911455409,6313054258
16528,9911455413,9911485719
16529,9911455413,5471154723
16530,9911455413,6313177179
16531,9911455414,2191032231
16532,9911455414,9911485722
16533,9911485717,4361619909
16534,9911485717,2191032480
16535,9911485718,5471154620
16536,9911485718,5471154721
16537,9911485718,9911485717
16538,9911485719,5471154726
16539,9911485719,9911455413
16540,9911485719,9911485724
16541,9911485720,6313054389
16542,9911485720,6313177179
16543,9911485720,9911485719
16544,9911485721,6313177188
16545,9911485721,9911485720
16546,9911485721,6313177179
16547,9911485722,6313177191
16548,9911485722,6313177190
16549,9911485722,9911485721
16550,9911485723,6313176969
16551,9911485723,9911485725
16552,9911485724,9121474550
16553,9911485724,9911485723
16554,9911485725,6313176950
16555,9911485725,9911485718
16556,9916435833,9916435843
16557,9916435833,1177761301
16558,9916435842,9671714983
16559,9916435843,9916435860
16560,9916435843,9916435845
16561,9916435845,9916435909
16562,9916435845,2839601228
16563,9916435846,2504889850
16564,9916435846,9916435850
16565,9916435848,9671714974
16566,9916435848,9916585806
16567,9916435849,5311403327
16568,9916435849,9916435851
16569,9916435850,9916435849
16570,9916435850,3457037858
16571,9916435851,3241082511
16572,9916435851,9916435852
16573,9916435851,3472741445
16574,9916435852,3472741827
16575,9916435852,9916435854
16576,9916435852,3472741824
16577,9916435854,9916435856
16578,9916435854,3472714292
16579,9916435855,2469951307
16580,9916435855,9916435857
16581,9916435856,3241082483
16582,9916435856,9916435855
16583,9916435857,3472714265
16584,9916435857,9916563948
16585,9916435858,9916570078
16586,9916435858,406445403
16587,9916435860,9916442287
16588,9916435860,401257637
16589,9916435861,9916435845
16590,9916435861,9916435860
16591,9916435867,8666890029
16592,9916435867,5507719914
16593,9916435867,8666869716
16594,9916435867,8666890034
16595,9916435870,9906988396
16596,9916435880,406532712
16597,9916435880,9916569951
16598,9916435882,7994808841
16599,9916435882,9916435891
16600,9916435884,5507719910
16601,9916435884,9916435870
16602,9916435885,9916435846
16603,9916435885,9916435884
16604,9916435886,9916435910
16605,9916435886,9916435885
16606,9916435887,6327906008
16607,9916435887,9916435886
16608,9916435888,6327906004
16609,9916435888,6327906007
16610,9916435888,9916435887
16611,9916435889,9916435914
16612,9916435889,9916435880
16613,9916435890,9916435915
16614,9916435890,9916435889
16615,9916435891,3241082539
16616,9916435891,9916435890
16617,9916435891,9916435907
16618,9916435896,9671715026
16619,9916435896,9916435898
16620,9916435896,2537843187
16621,9916435897,9039358273
16622,9916435897,9916435882
16623,9916435898,9671715019
16624,9916435898,9916435897
16625,9916435900,2839601228
16626,9916435900,9916435909
16627,9916435907,9906988339
16628,9916435907,9916435891
16629,9916435909,9916435910
16630,9916435909,9916435885
16631,9916435910,9916435861
16632,9916435910,9916435911
16633,9916435911,6327906002
16634,9916435911,6327906008
16635,9916435911,9916442284
16636,9916435913,6327906005
16637,9916435913,9916435914
16638,9916435914,406510116
16639,9916435914,9916435915
16640,9916435915,6004182241
16641,9916435915,9916435907
16642,9916435916,9916442223
16643,9916435916,9916570075
16644,9916442217,9916442225
16645,9916442217,9671714981
16646,9916442220,9916442221
16647,9916442220,3474281638
16648,9916442221,9916435855
16649,9916442221,2469083090
16650,9916442222,9922079385
16651,9916442222,9671714977
16652,9916442223,9916570032
16653,9916442223,412485348
16654,9916442225,9916570125
16655,9916442225,9922077574
16656,9916442227,9922079385
16657,9916442227,9916442225
16658,9916442229,9916442220
16659,9916442229,9922079398
16660,9916442230,9916442221
16661,9916442230,9916442229
16662,9916442234,677293268
16663,9916442234,5311402820
16664,9916442235,9916442236
16665,9916442235,9916563944
16666,9916442236,2477347643
16667,9916442236,9916442230
16668,9916442240,2469083138
16669,9916442240,9916442248
16670,9916442241,9916442235
16671,9916442246,3457047418
16672,9916442247,3107953605
16673,9916442247,3968873169
16674,9916442248,5507719911
16675,9916442252,9916442241
16676,9916442252,9916442247
16677,9916442256,9916442260
16678,9916442256,9916442257
16679,9916442257,8666890033
16680,9916442257,2839601228
16681,9916442257,9916442258
16682,9916442258,5507719914
16683,9916442258,3968873176
16684,9916442260,9916435843
16685,9916442260,1177761301
16686,9916442262,3472741441
16687,9916442262,3472741824
16688,9916442262,3241082508
16689,9916442284,6327906007
16690,9916442284,9916569947
16691,9916442287,9916569946
16692,9916442287,6327906003
16693,9916563940,9916563941
16694,9916563940,9944581730
16695,9916563941,9916563940
16696,9916563941,9671715017
16697,9916563944,9922079407
16698,9916563948,9916563949
16699,9916563948,9916563950
16700,9916563949,3474281638
16701,9916563949,3474281637
16702,9916563950,9916563951
16703,9916563950,9922079401
16704,9916563951,2469951309
16705,9916563951,9916563958
16706,9916563955,3042566855
16707,9916563955,9916563957
16708,9916563957,5422633966
16709,9916563958,4607653329
16710,9916563958,4607653328
16711,9916563958,9916563959
16712,9916563959,3241082480
16713,9916563959,4607653326
16714,9916563959,9916564016
16715,9916563960,9922079404
16716,9916563960,9916563961
16717,9916563961,406501678
16718,9916563961,9916564005
16719,9916563964,4608962424
16720,9916563964,5422577529
16721,9916563964,9922077542
16722,9916563995,9916564010
16723,9916563995,9916570078
16724,9916564000,406496463
16725,9916564000,9916570133
16726,9916564003,9671714989
16727,9916564003,9671714988
16728,9916564003,9922079392
16729,9916564005,9916564006
16730,9916564005,9916563964
16731,9916564006,406501678
16732,9916564006,9916569926
16733,9916564008,2839601172
16734,9916564008,2839601062
16735,9916564008,406447361
16736,9916564009,9922079370
16737,9916564009,9916564008
16738,9916564010,9916570047
16739,9916564010,9916435858
16740,9916564012,9671714958
16741,9916564012,9671714957
16742,9916564012,9916570148
16743,9916564013,9916585811
16744,9916564013,4608966197
16745,9916564014,4608966194
16746,9916564014,9916564013
16747,9916564016,9916563960
16748,9916564016,9922079403
16749,9916569917,9916564016
16750,9916569917,3241082480
16751,9916569921,9916570050
16752,9916569924,6627695232
16753,9916569924,9916569921
16754,9916569926,9916569927
16755,9916569926,9922077545
16756,9916569927,9922077546
16757,9916569927,9916569978
16758,9916569946,406151029
16759,9916569946,9916569948
16760,9916569947,9916435913
16761,9916569947,9916569949
16762,9916569948,6327906003
16763,9916569948,9916569947
16764,9916569949,6327906005
16765,9916569949,6327906007
16766,9916569949,9916569951
16767,9916569950,406532712
16768,9916569950,9922077555
16769,9916569951,9916435888
16770,9916569951,9916569950
16771,9916569959,9916569960
16772,9916569959,5311403338
16773,9916569960,5311403328
16774,9916569960,9916569961
16775,9916569961,3241082516
16776,9916569961,3241082515
16777,9916569961,9916569962
16778,9916569962,3241082502
16779,9916569962,6633198140
16780,9916569962,9916569964
16781,9916569963,1171848226
16782,9916569963,9916570100
16783,9916569964,9916569963
16784,9916569964,3472714290
16785,9916569973,9916569974
16786,9916569973,5509939268
16787,9916569974,6633198145
16788,9916569974,9922077559
16789,9916569978,9916569979
16790,9916569978,406501695
16791,9916569979,13333923894
16792,9916569979,9916569973
16793,9916569980,6633212028
16794,9916569980,9916569997
16795,9916569997,401285245
16796,9916569997,9916570001
16797,9916569997,5636738652
16798,9916570000,401257637
16799,9916570000,9916569946
16800,9916570001,6327768779
16801,9916570001,6327768784
16802,9916570015,1176788308
16803,9916570016,4689045582
16804,9916570016,9916570015
16805,9916570017,9916570016
16806,9916570017,4689045579
16807,9916570018,5824604504
16808,9916570018,5824604506
16809,9916570018,9916570017
16810,9916570019,4689045577
16811,9916570019,406510126
16812,9916570019,9916570018
16813,9916570029,4361619918
16814,9916570029,9916570039
16815,9916570029,6632518650
16816,9916570032,9916570080
16817,9916570032,9916612627
16818,9916570039,412485036
16819,9916570039,9916570040
16820,9916570040,9916570085
16821,9916570040,9916570041
16822,9916570040,9922077575
16823,9916570041,9916570086
16824,9916570041,9916570042
16825,9916570042,9916570087
16826,9916570042,412485348
16827,9916570042,9916570032
16828,9916570044,9916570089
16829,9916570044,9916570045
16830,9916570045,9916570090
16831,9916570045,406445403
16832,9916570045,9916570046
16833,9916570046,9916570091
16834,9916570046,9916570047
16835,9916570047,9916570084
16836,9916570047,9916570048
16837,9916570048,9916570049
16838,9916570048,2839601062
16839,9916570049,406496463
16840,9916570049,9916570050
16841,9916570050,9916564000
16842,9916570050,9916570051
16843,9916570051,6630054649
16844,9916570051,6630054648
16845,9916570051,9922077522
16846,9916570052,9922077549
16847,9916570052,9916570053
16848,9916570053,406456491
16849,9916570053,2469083126
16850,9916570058,412485039
16851,9916570070,9916570058
16852,9916570070,2839601091
16853,9916570071,9922077577
16854,9916570071,2839601237
16855,9916570074,9916442223
16856,9916570074,9916570092
16857,9916570075,9916570126
16858,9916570075,9916570074
16859,9916570076,9916570127
16860,9916570076,9671714983
16861,9916570076,9916570075
16862,9916570077,9916435842
16863,9916570077,9916570076
16864,9916570078,9916570129
16865,9916570078,9916570077
16866,9916570080,9916570093
16867,9916570084,9916564009
16868,9916570085,9922079367
16869,9916570085,9916570040
16870,9916570085,9916570086
16871,9916570086,9916570041
16872,9916570086,9916570087
16873,9916570086,5913132385
16874,9916570087,9916570042
16875,9916570087,9922079368
16876,9916570087,9916570080
16877,9916570089,9916570044
16878,9916570089,412485290
16879,9916570089,9916570090
16880,9916570090,406445417
16881,9916570090,9916570045
16882,9916570090,9916570091
16883,9916570091,9916570046
16884,9916570091,9922079370
16885,9916570091,9916570084
16886,9916570092,412485348
16887,9916570092,9916570071
16888,9916570093,9916612627
16889,9916570093,9916570089
16890,9916570099,1171848209
16891,9916570099,9916569917
16892,9916570100,1171848485
16893,9916570100,9916570099
16894,9916570101,9922079330
16895,9916570101,9916570102
16896,9916570102,406444289
16897,9916570102,9916570122
16898,9916570121,2468984809
16899,9916570121,2469083141
16900,9916570122,406444292
16901,9916570122,2839601055
16902,9916570122,9916570123
16903,9916570123,9671714998
16904,9916570123,9922077573
16905,9916570125,9916570126
16906,9916570125,9916570074
16907,9916570126,9916442217
16908,9916570126,9916570127
16909,9916570127,9671714984
16910,9916570127,9916570076
16911,9916570127,9916570128
16912,9916570128,9916570077
16913,9916570128,9916570129
16914,9916570129,9916570147
16915,9916570129,9916612619
16916,9916570130,9916570131
16917,9916570130,9916563995
16918,9916570131,9916570132
16919,9916570131,406475537
16920,9916570132,9916570133
16921,9916570132,9916570150
16922,9916570133,9916570151
16923,9916570133,9916570134
16924,9916570134,6630054648
16925,9916570134,6630054647
16926,9916570134,9922077535
16927,9916570135,9916585800
16928,9916570135,9922077536
16929,9916570135,2468984809
16930,9916570146,9671714984
16931,9916570146,9916570128
16932,9916570147,9671714963
16933,9916570147,9916570146
16934,9916570148,9671714954
16935,9916570148,9916570130
16936,9916570149,9916570148
16937,9916570149,9916570131
16938,9916570150,9916585813
16939,9916570150,9916570149
16940,9916570151,9916570150
16941,9916570151,9916585814
16942,9916585798,2469083072
16943,9916585798,9916585805
16944,9916585800,2476825200
16945,9916585805,2476825208
16946,9916585805,9671714982
16947,9916585805,9916585806
16948,9916585806,9916570146
16949,9916585806,9916585807
16950,9916585807,2476825213
16951,9916585807,9916585809
16952,9916585809,4608962423
16953,9916585809,9671714955
16954,9916585809,9916585810
16955,9916585810,9671714956
16956,9916585810,4608966197
16957,9916585810,9916585811
16958,9916585811,9916585812
16959,9916585811,9916564012
16960,9916585812,9671714957
16961,9916585812,9916585813
16962,9916585813,2476825233
16963,9916585813,9916585814
16964,9916585814,9916585816
16965,9916585814,9916585815
16966,9916585815,6630054647
16967,9916585815,6630054646
16968,9916585815,9922077537
16969,9916585816,2476825233
16970,9916585816,9916564003
16971,9916612619,9916612620
16972,9916612619,9916570130
16973,9916612620,9916612621
16974,9916612620,9916612619
16975,9916612620,9916570147
16976,9916612621,9671714960
16977,9916612621,9916612620
16978,9916612621,9671714952
16979,9916612621,9671714962
16980,9916612622,4607653326
16981,9916612622,9916612623
16982,9916612622,4608964004
16983,9916612623,9916612626
16984,9916612623,9916612622
16985,9916612623,4613933799
16986,9916612626,9922079389
16987,9916612626,9671714949
16988,9916612627,9916435916
16989,9916612627,9916570044
16990,9916612628,9916569927
16991,9916612628,406501695
16992,9917569305,9917608637
16993,9917569305,3231940953
16994,9917569305,9892818245
16995,9917574528,8299978161
16996,9917574528,9892625011
16997,9917574536,9917574537
16998,9917574536,3232112978
16999,9917574537,9908682392
17000,9917574537,9917574539
17001,9917574539,3232112978
17002,9917574539,3232112976
17003,9917574539,9917574537
17004,9917574544,9892625009
17005,9917574544,9892625000
17006,9917574544,9917615674
17007,9917608634,3231940953
17008,9917608634,3231940950
17009,9917608634,9917608635
17010,9917608635,9917608634
17011,9917608635,9917608639
17012,9917608635,9917608639
17013,9917608637,9917569305
17014,9917608637,9917608639
17015,9917608637,9892782618
17016,9917608639,9917608637
17017,9917608639,9917608635
17018,9917608639,9917608635
17019,9917608640,9917608641
17020,9917608640,9892625010
17021,9917608640,9892625012
17022,9917608641,9892625015
17023,9917608641,9892625016
17024,9917608641,9917608640
17025,9917608642,3232028506
17026,9917608642,9917608643
17027,9917608642,3232113010
17028,9917608643,9917608642
17029,9917608645,3232113008
17030,9917608645,9917608646
17031,9917608645,9892625004
17032,9917608646,9917608645
17033,9917608648,3232112982
17034,9917608648,3232112999
17035,9917608648,9892818230
17036,9917608650,9917608653
17037,9917608651,3232021722
17038,9917608651,3232112992
17039,9917608651,9917608656
17040,9917608653,9917608650
17041,9917608653,3232112992
17042,9917608653,9917608659
17043,9917608653,3232112999
17044,9917608656,9917608659
17045,9917608656,9917608659
17046,9917608656,9917608651
17047,9917608659,9917608653
17048,9917608659,9917608656
17049,9917608659,9917608656
17050,9917608676,9918250955
17051,9917608679,6811519882
17052,9917608679,9918250961
17053,9917608679,9918250939
17054,9917608679,9918250955
17055,9917608697,3232112981
17056,9917608698,9892818219
17057,9917608698,6811549385
17058,9917608698,3232112997
17059,9917615660,8221939124
17060,9917615660,6313263422
17061,9917615660,9917615674
17062,9917615674,9937483279
17063,9917615674,9917615660
17064,9917615674,9892625002
17065,9917615674,9917574544
17066,9918250939,6811549413
17067,9918250939,9918250940
17068,9918250939,9917608679
17069,9918250940,9918250939
17070,9918250940,12177809557
17071,9918250940,9918250961
17072,9918250955,9917608679
17073,9918250955,9917608676
17074,9918250955,3232112976
17075,9918250961,6313177803
17076,9918250961,9917608679
17077,9918250961,9918250940
17078,9920387112,4964161541
17079,9920387114,403108246
17080,9920387114,9920387115
17081,9920387115,4964161541
17082,9920387115,9920387114
17083,9920387115,9920400221
17084,9920387116,4964161541
17085,9920387116,4964161542
17086,9920387116,9920400217
17087,9920387116,9920400221
17088,9920400217,6313177795
17089,9920400217,9920387116
17090,9920400218,4964161542
17091,9920400218,4964161540
17092,9920400218,9920400221
17093,9920400221,9920387115
17094,9920400221,9920400218
17095,9920400221,9920387116
17096,9920841848,4964161515
17097,9920841848,4964161517
17098,9920841848,9925270272
17099,9920841892,4361620930
17100,9920841892,9920841898
17101,9920841898,9657776363
17102,9921269511,4361621001
17103,9921269511,9657776365
17104,9921269516,9931470207
17105,9921269516,9931470200
17106,9921269516,9931482353
17107,9921269516,9931470208
17108,9921269516,9657776365
17109,9921269517,3046668301
17110,9921269517,3451388422
17111,9921269518,3451436195
17112,9921269518,9921269586
17113,9921269522,9921269517
17114,9921269523,3451436194
17115,9921269523,9921269524
17116,9921269524,412483435
17117,9921269524,3451436193
17118,9921269524,9921269525
17119,9921269525,412483435
17120,9921269525,9921269522
17121,9921269527,3451389299
17122,9921269527,9921269546
17123,9921269539,1170838884
17124,9921269539,1170839796
17125,9921269540,1170839120
17126,9921269540,9921269539
17127,9921269542,9921269540
17128,9921269543,3046660173
17129,9921269543,9921269542
17130,9921269544,3046400394
17131,9921269544,3046649832
17132,9921269544,9921269543
17133,9921269545,3046659049
17134,9921269545,9921269544
17135,9921269545,3046649831
17136,9921269546,3046658944
17137,9921269546,9921269545
17138,9921269554,1171848525
17139,9921269554,9921269588
17140,9921269572,1171848111
17141,9921269584,1171848179
17142,9921269584,9921269647
17143,9921269585,9921269584
17144,9921269585,9921269518
17145,9921269586,9921269523
17146,9921269586,9921269585
17147,9921269587,9921269586
17148,9921269587,3451436195
17149,9921269588,2538057035
17150,9921269588,9921269587
17151,9921269588,3450409416
17152,9921269592,10012204329
17153,9921269592,1171848144
17154,9921269614,4361619908
17155,9921269614,9928853344
17156,9921269646,8686385492
17157,9921269646,9921269683
17158,9921269647,9921269572
17159,9921269647,9921269592
17160,9921269648,9921269647
17161,9921269648,6313177398
17162,9921269674,3450433211
17163,9921269674,3257579072
17164,9921269674,8686385492
17165,9921269683,3257579072
17166,9921269689,3257579067
17167,9921269689,9921269674
17168,9921269694,9921269695
17169,9921269694,6632526030
17170,9921269695,9921269694
17171,9921269696,6632526030
17172,9921269696,4361619921
17173,9921269696,9921269716
17174,9921269716,8892286908
17175,9921269716,9921269696
17176,9921269716,6313177266
17177,9922077522,9916570052
17178,9922077522,9922077553
17179,9922077533,9922077548
17180,9922077534,6630054648
17181,9922077534,9922077522
17182,9922077535,9916570135
17183,9922077535,9922077534
17184,9922077536,6630054647
17185,9922077536,9922077535
17186,9922077537,9916585800
17187,9922077537,9922077536
17188,9922077538,9922077537
17189,9922077538,6630054646
17190,9922077539,2477347647
17191,9922077539,6630054645
17192,9922077539,9922077538
17193,9922077542,9916563955
17194,9922077542,9922077539
17195,9922077543,4608962424
17196,9922077543,9922077542
17197,9922077545,3472714271
17198,9922077545,9922077543
17199,9922077546,3042566854
17200,9922077546,9922077545
17201,9922077547,9916569978
17202,9922077547,9922077546
17203,9922077548,9916569979
17204,9922077548,9922077547
17205,9922077549,9916570135
17206,9922077549,9922077534
17207,9922077550,8087652894
17208,9922077553,6630054649
17209,9922077553,9922077550
17210,9922077555,2504856976
17211,9922077555,9922077557
17212,9922077555,9916569959
17213,9922077557,9922077558
17214,9922077557,9922077555
17215,9922077557,5311403339
17216,9922077558,9922077557
17217,9922077558,9922077559
17218,9922077558,3241082529
17219,9922077559,9922077558
17220,9922077559,3241082525
17221,9922077559,6004182236
17222,9922077571,9922077572
17223,9922077571,2839601237
17224,9922077571,9922077573
17225,9922077572,2839601190
17226,9922077572,9922077571
17227,9922077572,9922077577
17228,9922077573,9922077574
17229,9922077573,9916570125
17230,9922077574,3107953532
17231,9922077574,3474349794
17232,9922077575,9922077576
17233,9922077575,9916570071
17234,9922077576,9916570040
17235,9922077576,412485036
17236,9922077577,9922077576
17237,9922077577,9916570070
17238,9922077585,9922077586
17239,9922077585,6632518656
17240,9922077586,412485034
17241,9922077586,412485035
17242,9922079317,9922079323
17243,9922079317,9922079320
17244,9922079320,6627827966
17245,9922079320,9922079323
17246,9922079323,9929155547
17247,9922079329,3047258152
17248,9922079329,9922079338
17249,9922079330,9922079338
17250,9922079330,9922079329
17251,9922079338,412485146
17252,9922079349,3107953568
17253,9922079361,2839601344
17254,9922079361,9922079369
17255,9922079362,2839601088
17256,9922079362,9922079367
17257,9922079362,9922079363
17258,9922079363,9922079364
17259,9922079363,5913132386
17260,9922079363,5913132385
17261,9922079364,5913132388
17262,9922079364,5913132387
17263,9922079364,9922079365
17264,9922079365,5913128278
17265,9922079365,9922079368
17266,9922079365,9922079366
17267,9922079366,2839601108
17268,9922079366,5913132400
17269,9922079366,9922079361
17270,9922079367,9922079362
17271,9922079367,9916570085
17272,9922079367,2839601020
17273,9922079368,9922079365
17274,9922079368,5913132387
17275,9922079368,9916570087
17276,9922079369,9922079361
17277,9922079369,406445417
17278,9922079370,9916570091
17279,9922079370,2839601172
17280,9922079370,9922079369
17281,9922079385,9922079386
17282,9922079385,9922079399
17283,9922079386,9922079387
17284,9922079386,9671714977
17285,9922079386,9922079400
17286,9922079387,9922079388
17287,9922079387,9916435848
17288,9922079388,9916612623
17289,9922079388,9922079402
17290,9922079389,9922079390
17291,9922079389,9916564014
17292,9922079390,9922079391
17293,9922079390,2476825236
17294,9922079391,9922079392
17295,9922079391,9922079405
17296,9922079392,6672876413
17297,9922079392,9922079406
17298,9922079393,406441990
17299,9922079396,3107953559
17300,9922079396,9922079393
17301,9922079396,3107953563
17302,9922079397,9922079396
17303,9922079397,3107953564
17304,9922079398,9916442227
17305,9922079398,9922079397
17306,9922079399,9922079398
17307,9922079399,9916442220
17308,9922079400,3474281637
17309,9922079400,9922079386
17310,9922079400,9922079399
17311,9922079401,9922079400
17312,9922079401,9922079387
17313,9922079402,4608964007
17314,9922079402,9922079401
17315,9922079403,9922079389
17316,9922079403,9916612622
17317,9922079404,9922079403
17318,9922079404,9922079390
17319,9922079405,9916563961
17320,9922079405,9922079404
17321,9922079406,9922079405
17322,9922079406,9916564005
17323,9922079407,3472721998
17324,9922079407,9922079414
17325,9922079414,3472739902
17326,9922079414,1632773341
17327,9922079414,9922079407
17328,9922650303,6313177803
17329,9922650303,6811549414
17330,9922650303,12177809557
17331,9922650303,9892782633
17332,9924663515,4964161600
17333,9924663515,9925217378
17334,9924733717,4964161594
17335,9924733717,9911031869
17336,9924733717,9925217378
17337,9925217375,6313177483
17338,9925217375,9925217377
17339,9925217377,9911031869
17340,9925217377,4964161600
17341,9925217377,9925217375
17342,9925217377,9925217378
17343,9925217378,9924733717
17344,9925217378,9924663515
17345,9925217378,9925217377
17346,9925240723,9907941524
17347,9925240723,9925240724
17348,9925240724,9931482415
17349,9925240724,4964161589
17350,9925240724,9925240723
17351,9925240726,9925240727
17352,9925240726,9907928886
17353,9925240727,4964161589
17354,9925240727,2713902926
17355,9925240727,9925240726
17356,9925270271,4964161516
17357,9925270271,9925270273
17358,9925270271,9653806338
17359,9925270272,9920841848
17360,9925270272,9925270273
17361,9925270272,9653806339
17362,9925270273,4964161515
17363,9925270273,9925270272
17364,9925270273,9925270271
17365,9925270273,9653806339
17366,9926607345,9926607375
17367,9926607345,9926607379
17368,9926607369,2676836341
17369,9926607369,9926607370
17370,9926607370,9907928859
17371,9926607371,9926607370
17372,9926607371,3967080454
17373,9926607372,2676836342
17374,9926607372,3967080456
17375,9926607372,9926607371
17376,9926607373,412480640
17377,9926607373,6738078253
17378,9926607373,9926607372
17379,9926607374,9669222568
17380,9926607374,6738078256
17381,9926607374,9926607373
17382,9926607375,6738078255
17383,9926607375,9926607374
17384,9926607379,9926607406
17385,9926607381,9926607406
17386,9926607381,2676836374
17387,9926607381,1176788277
17388,9926607382,3261904341
17389,9926607406,2477339366
17390,9926607406,9926607415
17391,9926607406,9926607379
17392,9926607415,1176788349
17393,9926607415,9926607416
17394,9926607416,3047778552
17395,9926607416,9926607417
17396,9926607417,1176788227
17397,9926607417,9926607418
17398,9926607418,2676836385
17399,9926607418,2676836387
17400,9926607418,9926607419
17401,9926607419,3453392783
17402,9926607419,9926607420
17403,9926607420,3453392782
17404,9926607420,9926607425
17405,9926607422,3453392780
17406,9926607422,9926607423
17407,9926607423,3453392775
17408,9926607423,9926607382
17409,9926607424,406091158
17410,9926607425,9926607424
17411,9926607425,9926607422
17412,9926607430,9926607431
17413,9926607430,11250365510
17414,9926607431,9926607430
17415,9926607464,6312786716
17416,9926607464,8301725150
17417,9926607468,9926607464
17418,9926607468,6312786718
17419,9926607472,8365992988
17420,9926607472,9926607473
17421,9926607473,8365992986
17422,9926607473,11048173933
17423,9926607477,9618655862
17424,9926607477,3967070898
17425,9926607500,5905841111
17426,9926607500,5905841120
17427,9926607500,12662564675
17428,9926607506,8301725153
17429,9926607506,3881555677
17430,9926607508,5311349225
17431,9926607508,9926607525
17432,9926607509,3881555516
17433,9926607509,10007163020
17434,9926607510,9992107722
17435,9926607510,9992056999
17436,9926607517,9992056999
17437,9926607517,3881555653
17438,9926607517,9926607510
17439,9926607525,8272988825
17440,9926607525,9926607509
17441,9928853329,9928949536
17442,9928853329,9928853339
17443,9928853329,9928853330
17444,9928853330,9910232388
17445,9928853330,9928853329
17446,9928853339,404632205
17447,9928853339,6627827974
17448,9928853339,9928853329
17449,9928853342,9928853344
17450,9928853342,8414529235
17451,9928853343,9928853344
17452,9928853344,9928853343
17453,9928853344,9928853342
17454,9928853344,7301966917
17455,9928853345,3047283656
17456,9928853345,9910232388
17457,9928853345,9928853347
17458,9928853347,3968873159
17459,9928853347,9928853345
17460,9928853665,6627827974
17461,9928853822,9910240952
17462,9928853822,9928853823
17463,9928853823,9928853822
17464,9928949522,404632227
17465,9928949530,9671714919
17466,9928949530,8414686194
17467,9928949531,9671714918
17468,9928949531,9928949546
17469,9928949532,9910232392
17470,9928949532,9928949531
17471,9928949533,3046671286
17472,9928949533,9928949532
17473,9928949534,3046671268
17474,9928949534,404628444
17475,9928949534,9928949533
17476,9928949535,9928949534
17477,9928949535,3046671267
17478,9928949536,9928853329
17479,9928949536,9928949537
17480,9928949536,9928949544
17481,9928949537,9928949538
17482,9928949537,9928853330
17483,9928949538,404632214
17484,9928949538,9928949539
17485,9928949539,3047192326
17486,9928949539,3047192588
17487,9928949539,9928949540
17488,9928949540,9928949548
17489,9928949540,3047258148
17490,9928949540,9928949522
17491,9928949543,9928949536
17492,9928949543,9928949544
17493,9928949544,9910232393
17494,9928949545,9928949547
17495,9928949545,9928949546
17496,9928949546,9928949530
17497,9928949546,9928949547
17498,9928949547,8414686194
17499,9928949548,9928949522
17500,9928949549,9928949535
17501,9928949549,9928949550
17502,9928949550,404628444
17503,9928949551,3047172672
17504,9928949551,9928949552
17505,9928949551,3047171637
17506,9928949552,9928949551
17507,9929155547,3968868548
17508,9929155547,402996797
17509,9929395467,3451391119
17510,9929395467,3046668298
17511,9929395467,3451435492
17512,9929395467,3046659049
17513,9929422975,412481429
17514,9929422975,3047155552
17515,9929422975,403302714
17516,9929422976,412481424
17517,9929422976,3047155546
17518,9929422976,9929422975
17519,9929422979,412483002
17520,9929422979,3046660176
17521,9929422979,412483004
17522,9930957211,9908682366
17523,9930957211,6811549413
17524,9931470200,9931470202
17525,9931470200,9921269516
17526,9931470200,9931470206
17527,9931470200,9931482353
17528,9931470201,6313177454
17529,9931470201,9931470206
17530,9931470201,9931470205
17531,9931470202,9931470200
17532,9931470202,9931470205
17533,9931470202,9931482353
17534,9931470202,9931482301
17535,9931470203,9921269511
17536,9931470203,9931470208
17537,9931470205,9931470202
17538,9931470205,9931470206
17539,9931470205,9931470201
17540,9931470206,9931470201
17541,9931470206,9931470200
17542,9931470206,9931470205
17543,9931470206,9931470207
17544,9931470207,6313177454
17545,9931470207,9921269516
17546,9931470207,9931482344
17547,9931470207,9931470206
17548,9931470208,9931482344
17549,9931470208,9921269516
17550,9931470208,9931482347
17551,9931470208,9931470203
17552,9931470209,6313177470
17553,9931470209,9931482385
17554,9931470209,6313177430
17555,9931482301,6313177461
17556,9931482301,9931482303
17557,9931482301,9931470202
17558,9931482301,9931482320
17559,9931482303,9931482301
17560,9931482303,9931482312
17561,9931482303,9931482320
17562,9931482312,403108436
17563,9931482312,9931482303
17564,9931482320,9931482301
17565,9931482320,9931482303
17566,9931482320,9931482329
17567,9931482329,9931482320
17568,9931482343,6313177450
17569,9931482343,6313177454
17570,9931482343,9931482344
17571,9931482344,9931470207
17572,9931482344,9931470208
17573,9931482344,9931482343
17574,9931482347,9931470208
17575,9931482347,6313177450
17576,9931482347,6313177450
17577,9931482353,9921269516
17578,9931482353,9931470202
17579,9931482353,9931470200
17580,9931482364,9931482381
17581,9931482364,4361619930
17582,9931482364,9931482382
17583,9931482377,9931482378
17584,9931482377,9931482382
17585,9931482377,9931482380
17586,9931482378,6313177430
17587,9931482378,6313177470
17588,9931482378,9931482377
17589,9931482380,9931482382
17590,9931482380,9931482381
17591,9931482380,9931482377
17592,9931482381,6313177470
17593,9931482381,9931482364
17594,9931482381,9931482380
17595,9931482382,9931482380
17596,9931482382,9931482377
17597,9931482382,9931482364
17598,9931482385,9931470209
17599,9931482385,6313177461
17600,9931482385,6313177460
17601,9931482396,6313177460
17602,9931482401,2713902928
17603,9931482401,9931482419
17604,9931482409,6313177604
17605,9931482410,4964161601
17606,9931482410,9642377680
17607,9931482410,9931482409
17608,9931482411,2191032758
17609,9931482411,9908682451
17610,9931482411,9931482410
17611,9931482412,9642377682
17612,9931482412,9908682451
17613,9931482412,9931482411
17614,9931482413,9931482420
17615,9931482413,9931482412
17616,9931482415,2191032455
17617,9931482415,9925240724
17618,9931482415,9907941521
17619,9931482416,4964161587
17620,9931482416,9901033983
17621,9931482416,9931482415
17622,9931482417,4964161588
17623,9931482417,4964161587
17624,9931482417,9931482416
17625,9931482418,4964161572
17626,9931482418,4964161573
17627,9931482418,9931482417
17628,9931482419,4361619930
17629,9931482419,9931482418
17630,9931482420,2191032455
17631,9931569458,11042701332
17632,9931569459,2191032227
17633,9931569459,9931569461
17634,9931569461,9931569458
17635,9931569461,6313177806
17636,9931569463,9931569459
17637,9931569463,2191032569
17638,9931569475,9931569489
17639,9931569475,9991832649
17640,9931569478,9642377695
17641,9931569478,9642377693
17642,9931569478,9931569481
17643,9931569479,7988056409
17644,9931569479,9931569480
17645,9931569480,415994312
17646,9931569480,9931569478
17647,9931569481,9642377692
17648,9931569481,9642377695
17649,9931569481,9931569463
17650,9931569485,415993920
17651,9931569485,9931569479
17652,9931569486,415994009
17653,9931569486,9931569485
17654,9931569487,415994309
17655,9931569487,5030369419
17656,9931569487,9931569486
17657,9931569488,5030353912
17658,9931569488,9931569487
17659,9931569488,5030373106
17660,9931569489,415993794
17661,9931569489,9931569490
17662,9931569490,415993764
17663,9931569490,9931569488
17664,9931569502,4964161545
17665,9931569502,9931569513
17666,9931569508,403351255
17667,9931569509,6312677372
17668,9931569509,9931569508
17669,9931569510,9911031895
17670,9931569510,9931569509
17671,9931569511,2839601369
17672,9931569511,2191032238
17673,9931569511,9931569510
17674,9931569512,9931569511
17675,9931569512,4964161553
17676,9931569512,6313177606
17677,9931569513,4964161567
17678,9931569513,6313177608
17679,9931569513,9931569512
17680,9931569516,417643365
17681,9931569516,12558988219
17682,9931589938,6312677371
17683,9931589938,9931589945
17684,9931589939,9931589938
17685,9931589939,9931589945
17686,9931589945,9911031901
17687,9931589946,9911031894
17688,9931589946,9931589947
17689,9931589947,9931589946
17690,9931589958,9892846197
17691,9931589962,9931590046
17692,9931589962,9933481470
17693,9931589963,8081309211
17694,9931589963,3967070877
17695,9931589964,9991875543
17696,9931589964,9991875532
17697,9931590046,2511160239
17698,9931590046,9931589939
17699,9933481470,6312786857
17700,9933481470,9931589958
17701,9934252103,9934252104
17702,9934252103,9934875911
17703,9934252103,9934252118
17704,9934252104,9934875888
17705,9934252104,9934252103
17706,9934252104,9934252123
17707,9934252104,9934875913
17708,9934252105,8957078246
17709,9934252105,9934252117
17710,9934252105,12485840711
17711,9934252107,9934875913
17712,9934252107,9934875912
17713,9934252107,9934252114
17714,9934252114,9934252115
17715,9934252114,8957078272
17716,9934252114,9934252107
17717,9934252115,9934252114
17718,9934252115,8957078311
17719,9934252115,9934875911
17720,9934252117,9934875741
17721,9934252117,9934252118
17722,9934252117,9934252105
17723,9934252118,9934252117
17724,9934252118,9934252123
17725,9934252118,9934252103
17726,9934252121,9934875888
17727,9934252121,8957078221
17728,9934252121,9934252123
17729,9934252121,9934875728
17730,9934252122,9934875728
17731,9934252122,12485469081
17732,9934252122,12485469086
17733,9934252123,9934252104
17734,9934252123,9934252118
17735,9934252123,9934875728
17736,9934252123,9934252121
17737,9934875728,9934252122
17738,9934875728,9934252121
17739,9934875728,9934252123
17740,9934875728,12485469087
17741,9934875730,8957078158
17742,9934875730,8957078157
17743,9934875730,9934875740
17744,9934875738,9934875740
17745,9934875738,9934875752
17746,9934875738,9934875900
17747,9934875740,9934875900
17748,9934875740,9934875730
17749,9934875740,9934875738
17750,9934875741,9934252117
17751,9934875741,9934875900
17752,9934875741,9934875752
17753,9934875752,12485469083
17754,9934875752,9934875738
17755,9934875752,9934875741
17756,9934875888,415994292
17757,9934875888,9934252104
17758,9934875888,9934252121
17759,9934875888,9934875912
17760,9934875900,9934875740
17761,9934875900,9934875741
17762,9934875900,9934875738
17763,9934875911,9934252103
17764,9934875911,9934875913
17765,9934875911,9934252115
17766,9934875912,9934875888
17767,9934875912,9934875913
17768,9934875912,9934252107
17769,9934875913,9934252107
17770,9934875913,9934875912
17771,9934875913,9934875911
17772,9934875913,9934252104
17773,9935177944,9935177945
17774,9935177944,403351241
17775,9935177945,9935177944
17776,9935869538,10651999217
17777,9935869538,9061406356
17778,9935869538,9671686481
17779,9937483272,3232113000
17780,9937483272,9937483273
17781,9937483272,9937483274
17782,9937483273,3232112993
17783,9937483273,9937483275
17784,9937483273,9937483272
17785,9937483274,9937483272
17786,9937483275,9937483273
17787,9937483278,6313177238
17788,9937483278,9671789188
17789,9937483278,3232113005
17790,9937483279,9917615674
17791,9938301749,9938301754
17792,9938301749,6326298336
17793,9938301750,10979361381
17794,9938301752,9969492065
17795,9938301752,9938372587
17796,9938301753,8859366155
17797,9938301753,9938301749
17798,9938301754,9938301757
17799,9938301754,6326298078
17800,9938301756,6326298331
17801,9938301756,9969492095
17802,9938301757,9938301756
17803,9938301757,9938398272
17804,9938301758,6326466770
17805,9938301758,9938301759
17806,9938301759,7878039440
17807,9938301759,9969471726
17808,9938301760,7878039441
17809,9938301760,12855404954
17810,9938301761,9969471739
17811,9938301761,7477947909
17812,9938301762,9938301752
17813,9938301765,9969541517
17814,9938301768,1943925252
17815,9938301768,9969541521
17816,9938301771,9938301772
17817,9938301771,7985204571
17818,9938301772,9938301773
17819,9938301772,7985204565
17820,9938301773,9938301781
17821,9938301773,9938301774
17822,9938301774,9938301782
17823,9938301774,9938301768
17824,9938301779,9938301771
17825,9938301780,9938301772
17826,9938301780,9938301779
17827,9938301781,9938301780
17828,9938301782,9938301781
17829,9938301783,9969492099
17830,9938301783,9943816616
17831,9938301784,7878037179
17832,9938301785,7878030752
17833,9938301785,9969471763
17834,9938301786,9938301787
17835,9938301786,7878030753
17836,9938301787,9938352914
17837,9938301787,7878030749
17838,9938301788,7878030761
17839,9938301788,9938301810
17840,9938301791,7878037181
17841,9938301791,9938301813
17842,9938301801,7878030764
17843,9938301801,9938301807
17844,9938301802,9938301788
17845,9938301802,9938352899
17846,9938301807,9938372601
17847,9938301807,8153217085
17848,9938301807,9938306029
17849,9938301809,10997353226
17850,9938301809,9969492105
17851,9938301810,9938306025
17852,9938301810,9938352906
17853,9938301812,7878037181
17854,9938301812,9938301813
17855,9938301813,9938301814
17856,9938301813,7477947938
17857,9938301814,8153217081
17858,9938301814,9938372601
17859,9938306023,7878030760
17860,9938306023,7477947916
17861,9938306023,9969471757
17862,9938306024,7878030761
17863,9938306024,9938301810
17864,9938306025,9938301802
17865,9938306025,13084175607
17866,9938306026,7878037176
17867,9938306026,13084175538
17868,9938306029,7477947890
17869,9938306029,9938301807
17870,9938306029,7878030764
17871,9938352863,9884534496
17872,9938352863,9969471749
17873,9938352897,13084175615
17874,9938352899,7477947925
17875,9938352899,13084175609
17876,9938352899,9938353436
17877,9938352904,7878039446
17878,9938352904,9951050988
17879,9938352905,7477947910
17880,9938352905,9938352904
17881,9938352906,9938352905
17882,9938352906,7477947887
17883,9938352913,7878030749
17884,9938352913,9938352914
17885,9938352914,13084175613
17886,9938352914,9938352915
17887,9938352915,7878030754
17888,9938352915,9938352897
17889,9938353425,7477947908
17890,9938353426,12855404953
17891,9938353426,9969471734
17892,9938353427,9938301761
17893,9938353427,9938353426
17894,9938353428,9938353427
17895,9938353428,7477947913
17896,9938353429,7878030746
17897,9938353429,9969492108
17898,9938353430,9938353434
17899,9938353430,10979361382
17900,9938353431,7878030750
17901,9938353432,7878030747
17902,9938353432,9938353433
17903,9938353433,7880146542
17904,9938353433,7880146541
17905,9938353433,9938353430
17906,9938353434,9938353435
17907,9938353434,7878030748
17908,9938353435,9938353436
17909,9938353435,7477947925
17910,9938353436,9938352913
17911,9938353436,13084175611
17912,9938353437,7878037178
17913,9938353437,13084175544
17914,9938353438,7878037184
17915,9938353438,9938372615
17916,9938372587,7878080987
17917,9938372587,9969471737
17918,9938372593,7477947927
17919,9938372593,9938301791
17920,9938372593,7878037182
17921,9938372594,7477947933
17922,9938372594,7878037183
17923,9938372594,9938372593
17924,9938372596,9938372587
17925,9938372596,9969492065
17926,9938372598,8153217079
17927,9938372598,9938372599
17928,9938372599,7477947938
17929,9938372599,9938301814
17930,9938372601,9938301791
17931,9938372601,7477947927
17932,9938372613,6326466527
17933,9938372613,9938372616
17934,9938372615,9938353431
17935,9938372615,9938372594
17936,9938372616,7878037184
17937,9938372616,9938372615
17938,9938398270,9938301749
17939,9938398270,9939735578
17940,9938398271,9938301754
17941,9938398271,9938398270
17942,9938398272,9938398271
17943,9938398272,2306166475
17944,9938398274,9938301752
17945,9938398274,7477947909
17946,9938398275,9938398274
17947,9938398275,9969471771
17948,9938402317,7878039447
17949,9938402317,12497698577
17950,9938402319,9938398274
17951,9938402319,9969471771
17952,9938402329,7878030767
17953,9938402329,8153217086
17954,9938402329,9942617905
17955,9938402330,8153217083
17956,9938402330,9946682292
17957,9938402330,9938402329
17958,9939524582,9042648550
17959,9939524582,7477947933
17960,9939524582,10979372812
17961,9939735577,6326298363
17962,9939735577,9951050986
17963,9939735578,9939735577
17964,9939735578,2306162110
17965,9942617831,9942618045
17966,9942617831,2593864583
17967,9942617834,9942617831
17968,9942617834,6326466456
17969,9942617840,9938353429
17970,9942617840,10979372825
17971,9942617845,9969492106
17972,9942617845,9942617840
17973,9942617905,8153217087
17974,9942617905,9942617918
17975,9942617918,7477947891
17976,9942617918,13084175534
17977,9942617968,6326466463
17978,9942617968,9942617979
17979,9942617968,9942617990
17980,9942617969,9968309968
17981,9942617969,9942617980
17982,9942617969,9942617968
17983,9942617970,9968309969
17984,9942617970,9942617981
17985,9942617970,9942617969
17986,9942617979,6326466461
17987,9942617979,9942617968
17988,9942617979,9942617980
17989,9942617980,9942617969
17990,9942617980,9969471521
17991,9942617980,9942617981
17992,9942617981,9942617970
17993,9942617981,10995295171
17994,9942617990,2306162105
17995,9942618036,9976220407
17996,9942618036,9951050985
17997,9942618044,9942618045
17998,9942618044,2306162116
17999,9942618045,6326298339
18000,9942618046,11163197251
18001,9942618046,9942618047
18002,9942618047,9942618048
18003,9942618047,9943816613
18004,9942618048,9938301783
18005,9942618049,2168469839
18006,9942618049,9942618054
18007,9942618054,2168469817
18008,9943816610,9943816612
18009,9943816610,9942617834
18010,9943816612,9943816613
18011,9943816612,9942618044
18012,9943816613,9938301783
18013,9943816613,9943816615
18014,9943816614,6326298348
18015,9943816614,9943816612
18016,9943816615,9943816614
18017,9943816615,2839601149
18018,9943816616,9943816615
18019,9943816616,1943925259
18020,9944581730,9916563940
18021,9945445632,10262345836
18022,9945445632,9537048972
18023,9945445632,10262345839
18024,9946682292,9938398275
18025,9946682292,9938402330
18026,9946682293,7477947894
18027,9946682293,9969492073
18028,9947715241,6326298066
18029,9947715241,9947715242
18030,9947715242,9947715241
18031,9947715242,9947715272
18032,9947715242,9947715272
18033,9947715260,9976220615
18034,9947715260,6326298066
18035,9947715260,9947715272
18036,9947715272,9947715260
18037,9947715272,9947715242
18038,9947715272,9947715242
18039,9949418803,10977620814
18040,9949418803,10977614393
18041,9949418805,9537048956
18042,9949418805,10977620813
18043,9949418806,9949418803
18044,9950414969,6314116768
18045,9950414969,10002385043
18046,9950414970,9950414969
18047,9950414972,2473607931
18048,9950414972,2473607917
18049,9950414974,6314116761
18050,9950414974,6314116764
18051,9950414975,9950414974
18052,9950414976,6313051162
18053,9950414976,9310105217
18054,9950439542,9950439543
18055,9950439542,9952188335
18056,9950439542,9891032863
18057,9950439543,2469943549
18058,9950439543,9950439542
18059,9950574232,2575836668
18060,9950574232,13245403179
18061,9950574232,12473223087
18062,9950574252,7788691381
18063,9950574252,9950574253
18064,9950574252,9950574265
18065,9950574253,9950574263
18066,9950574253,9950574254
18067,9950574253,9950574252
18068,9950574254,9950574253
18069,9950574261,9950574263
18070,9950574263,9950574253
18071,9950574263,13245403180
18072,9950574263,9950574261
18073,9950574264,9950574265
18074,9950574265,9950574264
18075,9950574265,9950574252
18076,9950574265,9950574276
18077,9950574266,7788691947
18078,9950574266,7788691381
18079,9950574266,9950574274
18080,9950574274,9950574266
18081,9950574276,9950574287
18082,9950574276,9950574285
18083,9950574276,9950574265
18084,9950574285,9950574276
18085,9950574286,9950574287
18086,9950574287,9950574286
18087,9950574287,9950574276
18088,9950574287,5000414155
18089,9950574288,9950574300
18090,9950574300,12231850909
18091,9950574300,9974267954
18092,9950574300,9950574288
18093,9950574304,9950583430
18094,9950574304,9950583457
18095,9950574304,9950574310
18096,9950574306,9950574316
18097,9950574306,9950574309
18098,9950574306,9950583436
18099,9950574309,9950574306
18100,9950574310,414093206
18101,9950574310,9950574304
18102,9950574310,9950574316
18103,9950574310,9950583457
18104,9950574316,9950574306
18105,9950574316,9950583457
18106,9950574316,9950574310
18107,9950583429,9950583436
18108,9950583430,9950574304
18109,9950583430,6068385121
18110,9950583430,9950583442
18111,9950583436,9950583429
18112,9950583436,9950574306
18113,9950583436,9950583442
18114,9950583442,9950583436
18115,9950583442,9950583430
18116,9950583442,10960157787
18117,9950583442,9950583457
18118,9950583457,9950574304
18119,9950583457,9950574316
18120,9950583457,9950583442
18121,9950583457,9950574310
18122,9950583467,414093206
18123,9950583467,414093209
18124,9950583467,9950583473
18125,9950583473,9950583467
18126,9950583477,414093211
18127,9950583483,8003058301
18128,9950583487,9950583488
18129,9950583488,9950583487
18130,9950583488,8003058301
18131,9950583488,9950583495
18132,9950583494,9950583495
18133,9950583495,9950583494
18134,9950583495,9950583488
18135,9950583495,9950583500
18136,9950583498,9950583500
18137,9950583500,9950583498
18138,9950583500,9950583495
18139,9950583500,9950583504
18140,9950583500,9950583506
18141,9950583504,9950583500
18142,9950583506,9950583500
18143,9950583511,7788691894
18144,9950583525,9657776378
18145,9950583532,10069475752
18146,9950583532,9950583545
18147,9950583532,10069475791
18148,9950583533,9950583546
18149,9950583533,2503867869
18150,9950583533,9950583545
18151,9950583545,9950583546
18152,9950583545,9950583532
18153,9950583545,9950583533
18154,9950583546,9950583545
18155,9950583546,9950583533
18156,9950583546,7478945673
18157,9950583558,12137856000
18158,9950583558,10069503828
18159,9951050985,9942618036
18160,9951050985,9951050987
18161,9951050986,9942618036
18162,9951050986,9951050987
18163,9951050987,9951050986
18164,9951050987,6326298363
18165,9951050987,2549786099
18166,9951050988,9938353428
18167,9951050988,9938402317
18168,9951784432,1943924622
18169,9951784432,6312425123
18170,9951784432,3565015168
18171,9951784443,9951784444
18172,9951784443,412759693
18173,9951784443,412759164
18174,9951784444,9951784445
18175,9951784444,9951784443
18176,9951784444,6312424592
18177,9951784445,9951784444
18178,9951784445,6312425738
18179,9951894059,9951894064
18180,9951894064,8441839341
18181,9951894064,7915338808
18182,9951894064,9951894059
18183,9951894065,9951894084
18184,9951894066,418792978
18185,9951894066,9951894074
18186,9951894066,9951894083
18187,9951894069,9951894090
18188,9951894069,9951894088
18189,9951894069,9663457998
18190,9951894071,10592361202
18191,9951894072,9951894073
18192,9951894073,9951894074
18193,9951894073,9951894072
18194,9951894073,9061406375
18195,9951894074,9951894066
18196,9951894074,9951894073
18197,9951894074,9061406376
18198,9951894083,9951894088
18199,9951894083,9951894066
18200,9951894083,9061406376
18201,9951894084,9061406376
18202,9951894084,9951894065
18203,9951894084,9951894085
18204,9951894084,9951894091
18205,9951894085,9951894091
18206,9951894085,9951894084
18207,9951894085,9951894105
18208,9951894087,9951894091
18209,9951894088,9951894083
18210,9951894088,9951894069
18211,9951894088,9951894090
18212,9951894090,9935869538
18213,9951894090,9951894088
18214,9951894091,9951894085
18215,9951894091,9951894087
18216,9951894091,9951894084
18217,9951894091,9951894095
18218,9951894095,9951894091
18219,9951894104,9061406375
18220,9951894104,9951894105
18221,9951894105,9951894104
18222,9951894105,9951894085
18223,9951894105,9951894109
18224,9951894109,9951894105
18225,9951894110,6313055241
18226,9951894111,6313264155
18227,9951894113,9951896641
18228,9951894113,9951896620
18229,9951894113,9951896642
18230,9951896620,9951894113
18231,9951896621,9042323878
18232,9951896621,9951896630
18233,9951896621,9951896623
18234,9951896623,9951896638
18235,9951896623,9951896621
18236,9951896623,9951896633
18237,9951896627,9951896633
18238,9951896627,9951896642
18239,9951896627,9951896637
18240,9951896628,6313264155
18241,9951896628,9951896630
18242,9951896628,9951896632
18243,9951896629,9951896648
18244,9951896629,6313264155
18245,9951896629,9951896630
18246,9951896630,9951896628
18247,9951896630,9951896621
18248,9951896630,9951896631
18249,9951896630,9951896629
18250,9951896631,9951896630
18251,9951896631,9951896633
18252,9951896631,9951896632
18253,9951896632,9951896631
18254,9951896632,9951896628
18255,9951896632,2473537483
18256,9951896633,9951896631
18257,9951896633,9951896627
18258,9951896633,9951896623
18259,9951896637,9951896627
18260,9951896638,9951896623
18261,9951896638,9951896642
18262,9951896638,9951896641
18263,9951896641,9951894113
18264,9951896641,9042323878
18265,9951896641,9951896638
18266,9951896642,9951896638
18267,9951896642,9951896627
18268,9951896642,9951894113
18269,9951896646,9951896651
18270,9951896646,9042323878
18271,9951896646,9951896649
18272,9951896647,9951896652
18273,9951896647,6313264155
18274,9951896647,9951896649
18275,9951896648,9042323878
18276,9951896648,9951896629
18277,9951896648,9951896649
18278,9951896649,9951896647
18279,9951896649,9951896646
18280,9951896649,9951896648
18281,9951896650,9951896652
18282,9951896650,9951896651
18283,9951896650,3969071639
18284,9951896651,9951896646
18285,9951896651,9951896650
18286,9951896651,9042323879
18287,9951896652,9951896650
18288,9951896652,9951896647
18289,9951896652,9951896653
18290,9951896653,9951896652
18291,9951896654,9975307786
18292,9951896656,9975307719
18293,9951896656,7981297360
18294,9951896659,9951896670
18295,9951896659,9951896673
18296,9951896659,9951896663
18297,9951896663,9951896670
18298,9951896663,9951896665
18299,9951896663,9951896659
18300,9951896665,9951896663
18301,9951896670,9951896659
18302,9951896670,9951896663
18303,9951896670,9048092416
18304,9951896670,9951896672
18305,9951896672,9951896670
18306,9951896673,9951896674
18307,9951896673,9048096220
18308,9951896673,9951896659
18309,9951896674,9951896673
18310,9951896674,10074938870
18311,9951896683,9951896781
18312,9951896683,9951896686
18313,9951896685,9951896781
18314,9951896686,9951896734
18315,9951896686,9951896748
18316,9951896691,9951896692
18317,9951896692,9951896749
18318,9951896692,9951896693
18319,9951896692,9951896691
18320,9951896693,9951896692
18321,9951896693,9951896701
18322,9951896693,9951896746
18323,9951896701,9951896725
18324,9951896701,9951896693
18325,9951896711,9951896713
18326,9951896711,9951896712
18327,9951896711,3969014201
18328,9951896712,9951896711
18329,9951896713,2513900320
18330,9951896713,9951896711
18331,9951896713,9951896725
18332,9951896725,2513900320
18333,9951896725,9951896713
18334,9951896734,9951896735
18335,9951896734,9951896701
18336,9951896735,9951896734
18337,9951896746,9951896749
18338,9951896746,9951896748
18339,9951896746,9951896693
18340,9951896748,9951896749
18341,9951896748,9951896686
18342,9951896748,9951896746
18343,9951896749,9951896692
18344,9951896749,9951896748
18345,9951896749,9951896746
18346,9951896752,9951896763
18347,9951896763,9043469739
18348,9951896763,9951896752
18349,9951896770,9951896683
18350,9951896770,9951896780
18351,9951896779,9951896780
18352,9951896780,9951896770
18353,9951896780,9951896781
18354,9951896780,9951896779
18355,9951896781,9951896683
18356,9951896781,9951896780
18357,9951896781,9951896685
18358,9951896812,9048092410
18359,9951896813,9951896814
18360,9951896813,334363420
18361,9951896814,9951896813
18362,9951896814,9951896826
18363,9951896814,9951896839
18364,9951896816,9951896838
18365,9951896816,2469069005
18366,9951896816,9951896833
18367,9951896821,9951896839
18368,9951896821,9951896836
18369,9951896821,9951896826
18370,9951896825,9951896826
18371,9951896826,9951896838
18372,9951896826,9951896825
18373,9951896826,9951896814
18374,9951896826,9951896821
18375,9951896833,9951896836
18376,9951896833,2469069005
18377,9951896833,9951896835
18378,9951896833,9951896816
18379,9951896835,9951896833
18380,9951896836,9951896821
18381,9951896836,9951896833
18382,9951896836,9951896838
18383,9951896838,9951896816
18384,9951896838,9951896826
18385,9951896838,9951896836
18386,9951896839,9951896821
18387,9951896839,2469069129
18388,9951896839,9951896814
18389,9951896842,5269995801
18390,9951896842,9951896843
18391,9951896842,9951896844
18392,9951896843,9951896842
18393,9951896844,9951896863
18394,9951896844,9951896842
18395,9951896844,9951896848
18396,9951896848,9951896844
18397,9951896849,9951896850
18398,9951896850,9951896851
18399,9951896850,9951896849
18400,9951896850,9951896854
18401,9951896851,9951896854
18402,9951896851,9951896850
18403,9951896851,9951896863
18404,9951896854,9951896851
18405,9951896854,9951896869
18406,9951896854,9951896874
18407,9951896854,9951896850
18408,9951896858,9951896861
18409,9951896858,9951896874
18410,9951896858,9951896866
18411,9951896861,9951896874
18412,9951896861,9951896863
18413,9951896861,9951896858
18414,9951896863,9951896851
18415,9951896863,9951896844
18416,9951896863,9951896861
18417,9951896866,9951896867
18418,9951896866,9951896876
18419,9951896866,9951896858
18420,9951896867,9951896866
18421,9951896867,9951896874
18422,9951896867,9951896885
18423,9951896867,9951896869
18424,9951896869,9951896882
18425,9951896869,9951896854
18426,9951896869,9951896871
18427,9951896869,9951896867
18428,9951896871,9951896869
18429,9951896872,9951896883
18430,9951896872,9951896873
18431,9951896872,9951896888
18432,9951896873,9951896885
18433,9951896873,9951896872
18434,9951896873,9951896876
18435,9951896874,9951896861
18436,9951896874,9951896867
18437,9951896874,9951896858
18438,9951896874,9951896854
18439,9951896876,9951896866
18440,9951896876,9951896880
18441,9951896876,9951896873
18442,9951896880,9951896876
18443,9951896881,9951896885
18444,9951896882,9951896883
18445,9951896882,9951896869
18446,9951896882,9951896885
18447,9951896883,9951896872
18448,9951896883,9951896882
18449,9951896883,9951896884
18450,9951896884,9951896883
18451,9951896885,9951896867
18452,9951896885,9951896873
18453,9951896885,9951896882
18454,9951896885,9951896881
18455,9951896886,9951896888
18456,9951896888,2469068978
18457,9951896888,9951896872
18458,9951896888,9951896890
18459,9951896888,9951896886
18460,9951896890,9951896888
18461,9952188324,9952188353
18462,9952188333,9891032862
18463,9952188333,9952188335
18464,9952188335,9950439542
18465,9952188335,6326297863
18466,9952188335,9271269519
18467,9952188337,12151598263
18468,9952188337,2469943537
18469,9952188338,6326298091
18470,9952188338,8847970084
18471,9952188338,9952188337
18472,9952188339,2469943501
18473,9952188339,412727853
18474,9952188339,9952188338
18475,9952188341,9952188371
18476,9952188352,2168469785
18477,9952188352,9952188353
18478,9952188353,9952188339
18479,9952188353,9952188324
18480,9952188354,2168469769
18481,9952188363,2168469771
18482,9952188363,9952188354
18483,9952188371,2168469773
18484,9952188371,9952188372
18485,9952188372,2473434490
18486,9952188373,2168469755
18487,9952188373,9952188381
18488,9952188381,9891032867
18489,9952188382,2168469753
18490,9952188382,9952188389
18491,9952188389,6326297295
18492,9952188487,2473434485
18493,9952188487,2473434467
18494,9952188487,2473434488
18495,9956335918,6326298395
18496,9956336142,3969278689
18497,9956336159,1282895957
18498,9956336159,1282895922
18499,9956336166,2191032207
18500,9956336166,6325445565
18501,9956336172,2191032679
18502,9956336172,9956336178
18503,9956336178,9956336196
18504,9956336183,2511142624
18505,9956336183,9956336189
18506,9956336189,12059609438
18507,9956336190,2511142633
18508,9956336190,2511142655
18509,9956336196,2476378072
18510,9956336196,9956336202
18511,9956336202,9968282204
18512,9956336203,6325446143
18513,9956336209,2476378067
18514,9956336209,9956336203
18515,9956336345,1282895890
18516,9956336345,9956336346
18517,9956336346,12059609437
18518,9956336357,9968282206
18519,9956336359,6325667474
18520,9956336360,9956336359
18521,9956336360,6325445734
18522,9956336361,412754566
18523,9956336361,9956336365
18524,9956336365,6326531760
18525,9956336366,412198649
18526,9956336366,9956336372
18527,9956336372,9956336401
18528,9956336373,8847974473
18529,9956336373,9956336357
18530,9956336380,8847974474
18531,9956336380,9956336388
18532,9956336388,6325445568
18533,9956336389,412198615
18534,9956336389,9956336395
18535,9956336395,412201738
18536,9956336400,2469943546
18537,9956336400,2469943520
18538,9956336400,9956336407
18539,9956336401,412198653
18540,9956336401,9956336405
18541,9956336405,2469943546
18542,9956336407,8859358473
18543,9956336407,9956336412
18544,9956336412,334325330
18545,9956432404,13345634564
18546,9956432404,9956432406
18547,9956432406,2470793123
18548,9956432406,2470793093
18549,9956432406,9956432404
18550,9956432407,9956336380
18551,9956432407,9956432410
18552,9956432410,6325445693
18553,9956432410,9956432407
18554,9956432411,9956336361
18555,9956432411,9956432416
18556,9956432416,9956432411
18557,9956432417,9956336159
18558,9956432417,9956432420
18559,9956432420,9956432417
18560,9956432455,8859358495
18561,9956432455,2168469657
18562,9956432592,412754507
18563,9956432619,2511142619
18564,9956432619,9956432626
18565,9956432623,2468972473
18566,9956432623,13118996874
18567,9956432624,2468972393
18568,9956432624,9956432623
18569,9956432625,2191032485
18570,9956432625,9959159128
18571,9956432625,9959159168
18572,9956432626,2191032579
18573,9956432626,2468972433
18574,9956432626,9956432625
18575,9956432627,2511142638
18576,9956432627,12059609433
18577,9959142816,13118996872
18578,9959142816,13118996869
18579,9959159117,9959142816
18580,9959159118,8847974465
18581,9959159118,10739951696
18582,9959159119,8847974466
18583,9959159119,9959159118
18584,9959159120,8847974467
18585,9959159120,9959159119
18586,9959159121,2191032906
18587,9959159121,9959159120
18588,9959159128,9956432625
18589,9959159128,2191032410
18590,9959159137,6326531686
18591,9959159152,2468972445
18592,9959159152,9959159164
18593,9959159159,2191032485
18594,9959159159,9959159168
18595,9959159160,2468972456
18596,9959159161,2191032605
18597,9959159161,9959159160
18598,9959159164,9959159169
18599,9959159164,9959159161
18600,9959159165,9959159164
18601,9959159165,2468972445
18602,9959159166,9959159167
18603,9959159166,9959159128
18604,9959159167,9959159121
18605,9959159167,9959159165
18606,9959159168,9956432624
18607,9959159168,9959159166
18608,9959159169,9959159170
18609,9959159170,8847974471
18610,9959159170,9959159165
18611,9959212981,9959159169
18612,9960479312,9043486952
18613,9960479312,12229415751
18614,9960492260,11161413123
18615,9960492260,11202750156
18616,9960492260,11161413124
18617,9960492265,3226271601
18618,9960492265,9115854846
18619,9960492265,9960492266
18620,9960492266,3226271666
18621,9960492266,9115854847
18622,9960492266,9960492265
18623,9960492266,9115854828
18624,9960517478,6627695262
18625,9960532006,8892286893
18626,9960532012,9033717316
18627,9960532012,6313054813
18628,9960532012,9960577517
18629,9960577517,2473546547
18630,9960577517,6313054461
18631,9960577517,9960532012
18632,9960577520,8115058826
18633,9960588929,6784841277
18634,9960588929,10554956234
18635,9965350487,8080904686
18636,9965350489,9965350492
18637,9965350489,8233067047
18638,9965350492,10048872851
18639,9965350492,9965563607
18640,9965351218,9965560178
18641,9965538381,9965569370
18642,9965538382,9966105462
18643,9965538382,2476377816
18644,9965538384,10048872874
18645,9965538384,9965560141
18646,9965560049,10048872865
18647,9965560049,9965560149
18648,9965560059,10048872871
18649,9965560065,10048872874
18650,9965560065,9965560141
18651,9965560066,13119031589
18652,9965560066,6313519830
18653,9965560127,10048872852
18654,9965560127,9965569469
18655,9965560127,10612067036
18656,9965560129,9965560131
18657,9965560129,10048872851
18658,9965560130,6628831882
18659,9965560131,10048872852
18660,9965560131,9965560129
18661,9965560131,9965569469
18662,9965560132,9965560146
18663,9965560136,9965538384
18664,9965560136,9965538382
18665,9965560138,9965560136
18666,9965560141,9965569370
18667,9965560141,10048872849
18668,9965560144,10048872851
18669,9965560144,11251604845
18670,9965560144,9965563607
18671,9965560145,9965560150
18672,9965560145,9965569467
18673,9965560145,9965560144
18674,9965560146,9965563555
18675,9965560146,9965563558
18676,9965560147,9965560150
18677,9965560147,11251604844
18678,9965560147,11276079035
18679,9965560149,11251604843
18680,9965560149,9965569332
18681,9965560150,9965560147
18682,9965560150,9965560145
18683,9965560153,10048872872
18684,9965560178,9965560179
18685,9965560178,10314256969
18686,9965560179,9965569450
18687,9965560179,9965560178
18688,9965560264,9965560066
18689,9965560264,9965560267
18690,9965560266,9965560066
18691,9965560266,9965560267
18692,9965560267,9965538384
18693,9965563549,9965563558
18694,9965563549,9657776406
18695,9965563549,9965563555
18696,9965563555,9965560145
18697,9965563555,9965563556
18698,9965563556,9965560132
18699,9965563556,8376927499
18700,9965563557,9965560130
18701,9965563557,7915338872
18702,9965563558,9965563549
18703,9965563607,9965569332
18704,9965563607,11251604843
18705,9965569332,9965350489
18706,9965569332,10048872868
18707,9965569370,9965560136
18708,9965569370,9965560139
18709,9965569467,9965560145
18710,9965569467,9965569468
18711,9965569467,9965563556
18712,9965569468,9965569467
18713,9965569468,9965569469
18714,9965569468,9965560129
18715,9965569469,9965569468
18716,9965569469,9965560127
18717,9965569469,9965563557
18718,9966105458,9642296857
18719,9966105458,9966105459
18720,9966105459,6313519417
18721,9966105462,2471042431
18722,9966105462,9966105463
18723,9966105463,9966105464
18724,9966105463,2471042489
18725,9966105464,6313519357
18726,9966105464,9966105465
18727,9966105465,9966105466
18728,9966105465,6313519447
18729,9966105466,2471042442
18730,9966105466,9966105458
18731,9967097544,3967147666
18732,9967097544,9967097546
18733,9967097545,2191032230
18734,9967097546,9967102143
18735,9967097546,9967097547
18736,9967097547,6313585351
18737,9967097547,9967097545
18738,9967097600,9967102138
18739,9967097600,6312677217
18740,9967097602,9967097603
18741,9967097602,9642296857
18742,9967097602,9967102081
18743,9967097603,6313519928
18744,9967097603,9967097602
18745,9967097603,9967102114
18746,9967100276,2191032251
18747,9967100276,2476377733
18748,9967100277,9967100276
18749,9967100277,6630187682
18750,9967100278,6630187675
18751,9967100278,10582582668
18752,9967100278,8925923340
18753,9967100279,3740175344
18754,9967100279,9967100276
18755,9967100283,6313520218
18756,9967100283,3520802734
18757,9967100292,6312676759
18758,9967100292,6312676761
18759,9967100294,6630187683
18760,9967100294,9967100292
18761,9967100298,3740175342
18762,9967100298,6630187681
18763,9967100304,9967100294
18764,9967100304,10543771399
18765,9967100305,10582582903
18766,9967100305,9967100306
18767,9967100306,9967100298
18768,9967100306,10582582902
18769,9967100307,10582582667
18770,9967100307,9967100308
18771,9967100308,9967100279
18772,9967100308,10543771386
18773,9967102019,1177761349
18774,9967102019,9967102145
18775,9967102029,1371263841
18776,9967102029,9967102073
18777,9967102071,1371263845
18778,9967102071,9967102072
18779,9967102072,12178314567
18780,9967102073,9967102093
18781,9967102074,1371263844
18782,9967102074,9967102076
18783,9967102076,12178314443
18784,9967102077,1371263848
18785,9967102077,9967102078
18786,9967102078,6313519418
18787,9967102079,2471025516
18788,9967102079,9967102080
18789,9967102080,9967097603
18790,9967102081,6313519903
18791,9967102081,9967102084
18792,9967102084,2468982760
18793,9967102085,6312677218
18794,9967102085,9967102086
18795,9967102086,9671715183
18796,9967102087,9967102088
18797,9967102087,2471025508
18798,9967102088,2468982753
18799,9967102089,9967102090
18800,9967102089,2191032740
18801,9967102090,9967102151
18802,9967102091,2191032942
18803,9967102091,9967102092
18804,9967102092,4168498453
18805,9967102093,9967102094
18806,9967102093,2191032674
18807,9967102094,2471025510
18808,9967102095,2191032794
18809,9967102095,9967102096
18810,9967102096,9967102097
18811,9967102097,9967102098
18812,9967102097,6313585638
18813,9967102098,9967102230
18814,9967102099,9967102100
18815,9967102099,2471042491
18816,9967102100,9967102106
18817,9967102101,9967102102
18818,9967102101,2471042528
18819,9967102102,2471042510
18820,9967102103,9967102089
18821,9967102104,6313585707
18822,9967102104,9967102105
18823,9967102105,9967102101
18824,9967102106,9967102107
18825,9967102106,6313585708
18826,9967102107,6312676806
18827,9967102108,2471042484
18828,9967102108,9967102109
18829,9967102109,6630187654
18830,9967102110,9967102111
18831,9967102110,2471042417
18832,9967102111,2471042487
18833,9967102112,9967102113
18834,9967102112,6313519829
18835,9967102113,9967097602
18836,9967102114,9967102115
18837,9967102114,2471025507
18838,9967102115,2468982740
18839,9967102116,9967102117
18840,9967102116,6313519920
18841,9967102117,12625815887
18842,9967102118,9967102119
18843,9967102118,6313519919
18844,9967102119,6313519415
18845,9967102120,2471025512
18846,9967102120,9967102123
18847,9967102123,2476377831
18848,9967102124,6313519827
18849,9967102124,9967102127
18850,9967102127,13119031604
18851,9967102128,6313519828
18852,9967102128,9967102131
18853,9967102131,9967102118
18854,9967102132,6313519356
18855,9967102132,9967102135
18856,9967102135,6313519355
18857,9967102136,2468982735
18858,9967102136,9967102137
18859,9967102137,2471025514
18860,9967102138,9671715198
18861,9967102139,6313926546
18862,9967102139,9967102140
18863,9967102140,6313585380
18864,9967102141,9967102142
18865,9967102141,6313926547
18866,9967102142,6313926548
18867,9967102143,1177761461
18868,9967102143,9967102144
18869,9967102144,12178314433
18870,9967102145,4168490224
18871,9967102146,12178313873
18872,9967102147,6313585350
18873,9967102147,9967102148
18874,9967102148,9967097547
18875,9967102149,9967102150
18876,9967102149,2191032916
18877,9967102150,9967102091
18878,9967102151,2191032267
18879,9967102151,9967102152
18880,9967102152,6313585635
18881,9967102153,2191032355
18882,9967102154,6313585344
18883,9967102154,9967102155
18884,9967102155,6313585345
18885,9967102191,3967147672
18886,9967102191,9967102193
18887,9967102193,12178382301
18888,9967102194,6312426231
18889,9967102194,9967102197
18890,9967102197,6312426235
18891,9967102199,2191032493
18892,9967102199,9967102204
18893,9967102204,9967102226
18894,9967102205,2191032580
18895,9967102205,2191032637
18896,9967102210,2191032438
18897,9967102210,9967102214
18898,9967102214,9642296869
18899,9967102215,2191032513
18900,9967102215,9967102219
18901,9967102219,2191032760
18902,9967102220,2469095906
18903,9967102220,9967102221
18904,9967102221,2191032435
18905,9967102222,2469095948
18906,9967102222,9967102223
18907,9967102223,6313520064
18908,9967102224,6313520050
18909,9967102224,9967102225
18910,9967102225,9967102205
18911,9967102226,6313520049
18912,9967102226,9967102227
18913,9967102227,6313520041
18914,9967102230,6313585722
18915,9967768280,6325445118
18916,9967768280,9967768284
18917,9967768284,9967768302
18918,9967768285,8847974441
18919,9967768285,9967768289
18920,9967768289,1282895879
18921,9967768290,6325445546
18922,9967768290,9967768293
18923,9967768293,6325445122
18924,9967768294,2469943529
18925,9967768294,9967768297
18926,9967768297,9967768329
18927,9967768298,6325445549
18928,9967768298,9967768301
18929,9967768301,9967768285
18930,9967768302,6325445119
18931,9967768302,9967768306
18932,9967768306,6325446086
18933,9967768307,1282895866
18934,9967768307,9967768311
18935,9967768311,1282895916
18936,9967768312,1282895991
18937,9967768312,9967768316
18938,9967768316,1282895877
18939,9967768317,1282895993
18940,9967768317,9967768321
18941,9967768321,1282895907
18942,9967768322,1282895941
18943,9967768322,9967768326
18944,9967768326,6324987022
18945,9967768327,6325444914
18946,9967768327,6325445547
18947,9967768328,9967768298
18948,9967768328,9967768329
18949,9967768329,6325445547
18950,9967768329,6325444914
18951,9968282174,8847974437
18952,9968282177,8847974440
18953,9968282189,2191032871
18954,9968282201,9968282202
18955,9968282201,2476378075
18956,9968282202,9968282203
18957,9968282202,2191032796
18958,9968282203,9968282204
18959,9968282203,2191032757
18960,9968282204,2476378080
18961,9968282204,9968282205
18962,9968282205,13345634564
18963,9968282205,9956336172
18964,9968282206,6325445695
18965,9968282206,9968282213
18966,9968282207,8859359228
18967,9968282207,9968282189
18968,9968282208,9968282201
18969,9968282208,2470793085
18970,9968282209,9968282208
18971,9968282209,9968282202
18972,9968282213,6325445698
18973,9968282213,9956336360
18974,9968289761,6326531650
18975,9968289769,12660037083
18976,9968289770,13345634573
18977,9968289770,1282895882
18978,9968309968,9942617969
18979,9968309969,9942617970
18980,9969220908,6328237668
18981,9969220908,9537048959
18982,9969232354,10992671788
18983,9969232354,9969232365
18984,9969232365,12549113302
18985,9969232374,10992671788
18986,9969232374,6326504767
18987,9969232378,9752671649
18988,9969232378,8859366168
18989,9969232378,9969232380
18990,9969232380,9969232384
18991,9969232380,9969232378
18992,9969232380,9969232381
18993,9969232381,8859366168
18994,9969232381,9969232380
18995,9969232384,9969232380
18996,9969232384,9969232392
18997,9969232384,12549113304
18998,9969232392,9969232384
18999,9969471521,9942617980
19000,9969471521,2593864583
19001,9969471521,10995295171
19002,9969471523,9969471524
19003,9969471524,2469058895
19004,9969471536,9969471523
19005,9969471536,2469058880
19006,9969471539,9969471523
19007,9969471539,2469058880
19008,9969471540,6326466518
19009,9969471540,6326466587
19010,9969471540,9969471542
19011,9969471541,9969471542
19012,9969471542,9969471541
19013,9969471542,9969471540
19014,9969471542,6326466544
19015,9969471553,6326466588
19016,9969471553,6326466584
19017,9969471553,9969471554
19018,9969471554,6326466587
19019,9969471554,6326466586
19020,9969471554,9969471553
19021,9969471557,9969471559
19022,9969471557,9969471558
19023,9969471557,6326466519
19024,9969471558,9969471557
19025,9969471558,9969471581
19026,9969471558,9969471560
19027,9969471559,9042648550
19028,9969471559,9969471557
19029,9969471559,9969471560
19030,9969471560,9969471559
19031,9969471560,9969471558
19032,9969471560,9969471570
19033,9969471561,9969471581
19034,9969471570,9969471581
19035,9969471570,9969471560
19036,9969471570,9969471571
19037,9969471571,9969471570
19038,9969471581,9969471561
19039,9969471581,9969471558
19040,9969471581,9969471570
19041,9969471582,9969471587
19042,9969471582,9969471602
19043,9969471582,6326466572
19044,9969471587,9969471600
19045,9969471587,9969471582
19046,9969471587,12397448180
19047,9969471587,9969471604
19048,9969471590,9969471597
19049,9969471590,9969471592
19050,9969471590,12397448180
19051,9969471592,6326466540
19052,9969471592,9969471590
19053,9969471592,9969471597
19054,9969471593,6326466540
19055,9969471593,6326466572
19056,9969471593,12397448180
19057,9969471594,12397448180
19058,9969471594,9969471597
19059,9969471594,9969471601
19060,9969471597,9969471594
19061,9969471597,9969471590
19062,9969471597,9969471592
19063,9969471599,9969471601
19064,9969471600,9969471587
19065,9969471600,9969471601
19066,9969471600,6326466539
19067,9969471601,9969471600
19068,9969471601,9969471599
19069,9969471601,9969471594
19070,9969471602,9969471582
19071,9969471602,9969471604
19072,9969471602,6326466583
19073,9969471603,9969471604
19074,9969471604,9969471603
19075,9969471604,9969471602
19076,9969471604,9969471587
19077,9969471605,11805305841
19078,9969471605,9969471606
19079,9969471606,9969471605
19080,9969471606,9969471625
19081,9969471606,9969471615
19082,9969471607,9969471615
19083,9969471607,9969471635
19084,9969471607,9969471614
19085,9969471608,9969471625
19086,9969471608,9969471626
19087,9969471608,9969471634
19088,9969471609,9969471605
19089,9969471609,9969471635
19090,9969471614,9969471607
19091,9969471615,9969471606
19092,9969471615,9969471607
19093,9969471615,9969471625
19094,9969471625,9969471608
19095,9969471625,9969471606
19096,9969471625,9969471615
19097,9969471626,9969471608
19098,9969471626,3974449175
19099,9969471634,7985204551
19100,9969471634,9969471608
19101,9969471635,9969471607
19102,9969471635,9969471636
19103,9969471635,9969471609
19104,9969471636,9969471635
19105,9969471636,9969471641
19106,9969471636,9969471641
19107,9969471641,9969471636
19108,9969471641,9969471636
19109,9969471641,9969471642
19110,9969471642,9969471609
19111,9969471642,9969471641
19112,9969471674,9969471678
19113,9969471674,6313586146
19114,9969471678,9969471674
19115,9969471678,2468982737
19116,9969471678,6313586146
19117,9969471693,7477947898
19118,9969471693,9969471719
19119,9969471702,9969471713
19120,9969471702,9969471732
19121,9969471711,9938301756
19122,9969471712,6326466781
19123,9969471712,9969492103
19124,9969471713,6326466797
19125,9969471713,9969471712
19126,9969471714,7878039439
19127,9969471714,9969471702
19128,9969471715,9938353425
19129,9969471715,12855404955
19130,9969471716,7878080989
19131,9969471716,9969471715
19132,9969471717,9969471740
19133,9969471717,7878080990
19134,9969471718,9969492060
19135,9969471718,9969471717
19136,9969471719,9969492083
19137,9969471719,9969471729
19138,9969471720,8859358420
19139,9969471720,8859358420
19140,9969471725,9969471702
19141,9969471725,7878039439
19142,9969471726,9938301750
19143,9969471728,7878039440
19144,9969471728,9969471726
19145,9969471729,7878039444
19146,9969471731,6326466789
19147,9969471731,9969471732
19148,9969471732,9969471728
19149,9969471732,9969471733
19150,9969471733,9969471714
19151,9969471733,12855404952
19152,9969471734,9969471715
19153,9969471734,9969471735
19154,9969471735,7878039442
19155,9969471735,9969471742
19156,9969471736,7878080987
19157,9969471736,9969471737
19158,9969471737,9969492064
19159,9969471737,9969471718
19160,9969471738,7878080988
19161,9969471739,9938301762
19162,9969471739,9969471743
19163,9969471740,9969471738
19164,9969471740,9969471716
19165,9969471741,7878080990
19166,9969471741,9969471740
19167,9969471742,9969471736
19168,9969471742,9969471747
19169,9969471743,7878039442
19170,9969471743,9969471742
19171,9969471745,9969471736
19172,9969471745,9969471747
19173,9969471746,9969471735
19174,9969471747,9969471741
19175,9969471747,9969471746
19176,9969471748,9884534496
19177,9969471748,9969471749
19178,9969471749,9969492072
19179,9969471750,7477947939
19180,9969471751,7878037174
19181,9969471751,9969471750
19182,9969471752,7477947915
19183,9969471752,9969492115
19184,9969471754,7878039445
19185,9969471754,9969471768
19186,9969471755,7477947914
19187,9969471755,9969471754
19188,9969471756,9969471755
19189,9969471756,7477947916
19190,9969471757,9938306024
19191,9969471757,9969471756
19192,9969471758,7878030760
19193,9969471758,9969471757
19194,9969471759,7477947923
19195,9969471759,7477947924
19196,9969471759,9969471758
19197,9969471762,7880146542
19198,9969471762,9938353430
19199,9969471763,9938301786
19200,9969471763,9969471762
19201,9969471764,7878030757
19202,9969471764,9969471763
19203,9969471765,7878030756
19204,9969471765,9969471764
19205,9969471766,8152782133
19206,9969471766,9969471767
19207,9969471767,7878039445
19208,9969471767,665776439
19209,9969471767,9969471768
19210,9969471768,9969471769
19211,9969471768,6326466796
19212,9969471769,7878039446
19213,9969471769,9951050988
19214,9969471771,9969492066
19215,9969471771,9938402330
19216,9969492057,7880044137
19217,9969492058,7477947893
19218,9969492060,9969492062
19219,9969492062,9969492082
19220,9969492062,9969492063
19221,9969492063,9969471718
19222,9969492063,9969492064
19223,9969492064,9938372596
19224,9969492064,9969492084
19225,9969492065,9938352863
19226,9969492065,9938398275
19227,9969492066,7878030768
19228,9969492066,9938372598
19229,9969492072,665776447
19230,9969492072,9969492085
19231,9969492073,9969492072
19232,9969492073,9946682292
19233,9969492077,9042648550
19234,9969492077,7477947930
19235,9969492077,9969492090
19236,9969492082,7477947893
19237,9969492082,9969492070
19238,9969492083,9969492063
19239,9969492083,9969492082
19240,9969492084,9969471729
19241,9969492084,9969492083
19242,9969492085,9969471748
19243,9969492085,9969492084
19244,9969492086,7477947894
19245,9969492086,9969492073
19246,9969492086,8153217086
19247,9969492087,9969492057
19248,9969492087,9969492086
19249,9969492088,8153217089
19250,9969492088,9969492087
19251,9969492089,9969492088
19252,9969492089,8153217088
19253,9969492089,13084175519
19254,9969492090,10979372812
19255,9969492090,7477947929
19256,9969492090,9969492089
19257,9969492094,6326466765
19258,9969492095,9938301758
19259,9969492095,9969492103
19260,9969492096,9969492095
19261,9969492096,6326298331
19262,9969492097,7477947906
19263,9969492097,9969492112
19264,9969492098,7878030755
19265,9969492098,9969492100
19266,9969492099,9938301785
19267,9969492099,9969492109
19268,9969492100,9943816616
19269,9969492100,9969492099
19270,9969492101,13200715711
19271,9969492103,9969492094
19272,9969492103,9969471711
19273,9969492104,6326466447
19274,9969492104,9969492101
19275,9969492105,9969492104
19276,9969492105,9884534462
19277,9969492106,7477947922
19278,9969492106,7878030759
19279,9969492106,9942617845
19280,9969492108,9938353432
19281,9969492108,10979372825
19282,9969492109,7878030746
19283,9969492109,9969492108
19284,9969492110,7878030758
19285,9969492110,9969492111
19286,9969492111,7878030752
19287,9969492112,9969492098
19288,9969492113,9969492115
19289,9969492113,7477947915
19290,9969492114,7477947906
19291,9969492114,9969492112
19292,9969492115,12807888026
19293,9969492115,9969471765
19294,9969541517,9938301768
19295,9969541517,9938301782
19296,9969541518,10558670782
19297,9969541519,1943925252
19298,9969541519,9969541521
19299,9969541521,9969492116
19300,9969541521,10558670782
19301,9969921732,9975307815
19302,9974259069,9974259071
19303,9974259071,10965275995
19304,9974259071,9974259075
19305,9974259072,9974259076
19306,9974259073,6625294518
19307,9974259073,10965275976
19308,9974259075,9974259103
19309,9974259076,10965275994
19310,9974259076,9974259090
19311,9974259077,10965275988
19312,9974259078,9974259079
19313,9974259078,10965275984
19314,9974259079,9974259082
19315,9974259079,9974259080
19316,9974259080,10965275983
19317,9974259080,9974259077
19318,9974259081,9974259072
19319,9974259081,9974259078
19320,9974259082,9974259081
19321,9974259082,9974259087
19322,9974259086,9974259087
19323,9974259086,9974259081
19324,9974259087,10965275975
19325,9974259087,8627331069
19326,9974259090,9974259072
19327,9974259090,9974259078
19328,9974259103,10965275985
19329,9974259103,10048642496
19330,9974259104,9974259111
19331,9974259106,9974267918
19332,9974259108,9974267920
19333,9974259108,9974259111
19334,9974259108,9974259107
19335,9974259109,9974267923
19336,9974259109,9974267931
19337,9974259111,9974259114
19338,9974259111,9974259108
19339,9974259114,7478477040
19340,9974259114,8087129930
19341,9974259114,9974259116
19342,9974259116,9974259105
19343,9974259116,9974267918
19344,9974267917,9974267922
19345,9974267917,9974259109
19346,9974267918,7478477040
19347,9974267918,9974267919
19348,9974267918,9974259116
19349,9974267919,12565739855
19350,9974267919,9974267918
19351,9974267919,9974267920
19352,9974267920,9974267923
19353,9974267920,9974259108
19354,9974267920,9974267919
19355,9974267921,12565739935
19356,9974267921,11233693795
19357,9974267921,8077511804
19358,9974267922,9974267917
19359,9974267922,12565739855
19360,9974267923,9974259109
19361,9974267923,9974267920
19362,9974267923,9974267922
19363,9974267927,11233693797
19364,9974267928,9974267930
19365,9974267930,9974267923
19366,9974267930,9974267931
19367,9974267931,11233693797
19368,9974267931,9974267929
19369,9974267946,8090739184
19370,9974267948,9974267946
19371,9974267948,10048642498
19372,9974267952,9974267954
19373,9974267952,12135554712
19374,9974267954,12473223088
19375,9974267954,9950574300
19376,9974267954,9974267955
19377,9974267955,12473223087
19378,9974267955,9974267954
19379,9974267955,12135554705
19380,9974268026,9974268039
19381,9974268026,10980365616
19382,9974268027,11234025730
19383,9974268027,12453633002
19384,9974268039,11002943367
19385,9974268059,3969014213
19386,9974268073,5269995808
19387,9974268081,10271226901
19388,9974268102,9974268103
19389,9974268102,7788691381
19390,9974268103,12055676139
19391,9974268103,2468521682
19392,9974268107,9974267952
19393,9974268107,9974268108
19394,9974268108,12055676121
19395,9974268108,13245403179
19396,9974268111,9055088305
19397,9974268113,6313054777
19398,9974268113,13245403192
19399,9974268115,9975307827
19400,9974268117,8204307299
19401,9974268117,12662663933
19402,9974268118,9974268111
19403,9974268118,2839601292
19404,9974348180,1943923910
19405,9974348180,9974348181
19406,9974348181,1943923868
19407,9974348194,9999999155
19408,9974348205,677293266
19409,9974348205,3472714284
19410,9974348206,9974348205
19411,9974348206,9974348207
19412,9974348207,9812589005
19413,9974348208,9974348209
19414,9974348208,3472714279
19415,9974348209,6546573301
19416,9974349737,9916570121
19417,9974349742,9039358244
19418,9974349743,9039358226
19419,9974349743,9812588955
19420,9974349744,9974349756
19421,9974349745,9974349756
19422,9974349745,9974348208
19423,9974349756,9974348209
19424,9974349762,9974349765
19425,9974349762,9974349792
19426,9974349765,9974348207
19427,9974349792,9974349762
19428,9974349793,5510028764
19429,9974349793,9974349795
19430,9974349793,5510038913
19431,9974349794,2537853906
19432,9974349795,2537853895
19433,9974349795,2537853867
19434,9974349795,9974349799
19435,9974349799,9807725371
19436,9974349799,9974349809
19437,9974349799,2537853867
19438,9974349802,9584963937
19439,9974349802,9974349808
19440,9974349808,9807725371
19441,9974349808,9974349809
19442,9974349809,9974349794
19443,9974349809,9974349810
19444,9974349810,9584963958
19445,9974349810,2537853867
19446,9974349810,9974349811
19447,9974349811,5510020348
19448,9974349811,9584963938
19449,9974349811,9974349807
19450,9975278214,10069503833
19451,9975278214,9975307720
19452,9975278215,7981297360
19453,9975278215,9975307719
19454,9975278215,9975307736
19455,9975278216,9951896763
19456,9975278216,9975307734
19457,9975307717,9951896656
19458,9975307718,9975278214
19459,9975307718,9975307717
19460,9975307719,9975307735
19461,9975307719,9975307718
19462,9975307720,9043469739
19463,9975307720,9975307734
19464,9975307734,9975307718
19465,9975307734,9975307735
19466,9975307735,7981297361
19467,9975307735,9975307736
19468,9975307736,3969014201
19469,9975307736,9975278215
19470,9975307736,12545522380
19471,9975307741,6313925099
19472,9975307741,9975307744
19473,9975307744,6313925088
19474,9975307744,9975307770
19475,9975307745,6313924981
19476,9975307760,9975307763
19477,9975307760,9975307763
19478,9975307763,6313924983
19479,9975307763,9975307768
19480,9975307764,6313924984
19481,9975307766,6313925088
19482,9975307766,9975307770
19483,9975307768,9975307764
19484,9975307768,9975307767
19485,9975307769,6313924983
19486,9975307769,9975307768
19487,9975307770,9975307745
19488,9975307770,9975307769
19489,9975307777,9975307805
19490,9975307777,9951896654
19491,9975307786,7788691326
19492,9975307786,9975307791
19493,9975307788,2473546531
19494,9975307788,9975307913
19495,9975307789,2473546531
19496,9975307789,9975307810
19497,9975307789,2473546535
19498,9975307790,7788691326
19499,9975307790,9975307791
19500,9975307791,9975307806
19501,9975307791,9975307813
19502,9975307805,3969145627
19503,9975307806,9951896654
19504,9975307806,9975307805
19505,9975307807,9975307788
19506,9975307807,9975307810
19507,9975307809,2473546535
19508,9975307810,9975307790
19509,9975307810,9975307809
19510,9975307813,3969074063
19511,9975307815,7788691369
19512,9975307815,9975307828
19513,9975307825,7788691340
19514,9975307827,9974268113
19515,9975307827,13245403186
19516,9975307828,9969921741
19517,9975307828,9975307827
19518,9975307831,6672809947
19519,9975307831,9033795336
19520,9975307843,9975307844
19521,9975307844,9991875523
19522,9975307844,12558988227
19523,9975307845,13142248871
19524,9975307845,12039496736
19525,9975307851,7915338813
19526,9975307851,9975307852
19527,9975307851,4964161021
19528,9975307852,9975307851
19529,9975307852,9975307845
19530,9975307852,4964148414
19531,9975307866,8441839353
19532,9975307866,3967044162
19533,9975307875,9975307912
19534,9975307875,13308453654
19535,9975307884,2473546508
19536,9975307884,9975307912
19537,9975307894,6313055199
19538,9975307894,9975307913
19539,9975307894,6313055235
19540,9975307906,9975307911
19541,9975307906,11118655756
19542,9975307906,12438729344
19543,9975307911,6313055199
19544,9975307911,9975307906
19545,9975307911,13308453653
19546,9975307912,9975307875
19547,9975307912,2473546508
19548,9975307912,2473546512
19549,9975307913,7788691959
19550,9975307913,9975307894
19551,9975307913,9975307788
19552,9976220407,9976220408
19553,9976220407,9942618036
19554,9976220407,8096580137
19555,9976220408,9976220407
19556,9976220559,2549786124
19557,9976220559,9976220561
19558,9976220559,9976220594
19559,9976220559,9976220615
19560,9976220561,9976220628
19561,9976220561,9976220569
19562,9976220561,9976220559
19563,9976220561,9976220576
19564,9976220569,9976220561
19565,9976220573,11252949064
19566,9976220573,9976220603
19567,9976220573,9976220577
19568,9976220576,9976220577
19569,9976220576,9976220561
19570,9976220576,9976220600
19571,9976220576,9976220594
19572,9976220577,9976220576
19573,9976220577,9976220573
19574,9976220577,9976220614
19575,9976220579,9976220594
19576,9976220594,9976220576
19577,9976220594,9976220579
19578,9976220594,9976220559
19579,9976220600,9976220576
19580,9976220603,9976220573
19581,9976220614,9976220577
19582,9976220615,2549786124
19583,9976220615,9947715260
19584,9976220615,9976220559
19585,9976220628,9976220561
19586,9976220631,2549786099
19587,9976220647,9037449556
19588,9976220647,11184290616
19589,9976220656,9976220657
19590,9976220657,2575825333
19591,9976220657,9976220656
19592,9976220657,2575825334
19593,9976220657,2503867803
19594,9976220665,10069475745
19595,9976508891,9974268107
19596,9976508891,6068385121
19597,9976508915,8307444103
19598,9976508915,10965597357
19599,9976508915,11202750154
19600,9976522346,2469069098
19601,9976522346,9048092412
19602,9976522346,9976522350
19603,9976522350,9048092410
19604,9976522350,9976522352
19605,9976522352,5269995822
19606,9976522352,11234025732
19607,9976522354,11234025730
19608,9976522355,9976522356
19609,9976522355,9976522352
19610,9976522356,9976522355
19611,9976522357,7994636328
19612,9976522357,7994636344
19613,9976522365,7994636336
19614,9976522365,5269995824
19615,9976522371,9976522377
19616,9976522371,3451552589
19617,9976522374,9976522378
19618,9976522374,5898135209
19619,9976522374,9976522412
19620,9976522375,5898135198
19621,9976522375,9976522374
19622,9976522375,9976522379
19623,9976522376,5898135909
19624,9976522376,9976522380
19625,9976522377,1170838651
19626,9976522377,9976522382
19627,9976522377,9976522371
19628,9976522378,3048331376
19629,9976522378,9976522374
19630,9976522378,9976522379
19631,9976522379,3048331504
19632,9976522379,5898135913
19633,9976522379,9976522375
19634,9976522380,5898135920
19635,9976522382,3048222452
19636,9976522382,9976522383
19637,9976522383,9976522384
19638,9976522383,1170839147
19639,9976522384,406122658
19640,9976522384,9976522385
19641,9976522385,9709623336
19642,9976522385,3048222900
19643,9976522385,9976522386
19644,9976522386,2676836405
19645,9976522386,9976522387
19646,9976522387,9906988366
19647,9976522387,9976522388
19648,9976522388,1170838840
19649,9976522388,9976522389
19650,9976522389,9906881584
19651,9976522389,9976522390
19652,9976522390,2676836432
19653,9976522390,9976522391
19654,9976522391,9976522392
19655,9976522391,9976522402
19656,9976522392,2676836450
19657,9976522392,9976522393
19658,9976522393,9976522394
19659,9976522393,9976522404
19660,9976522394,3048322028
19661,9976522394,9976522395
19662,9976522395,9976522396
19663,9976522395,9976522406
19664,9976522396,9976522397
19665,9976522396,9976522407
19666,9976522397,9902040830
19667,9976522397,9976522398
19668,9976522398,3480705240
19669,9976522398,9976522399
19670,9976522399,3480705240
19671,9976522399,9976522400
19672,9976522400,9976522401
19673,9976522400,9976522411
19674,9976522401,9976522378
19675,9976522401,9976522412
19676,9976522402,9709248909
19677,9976522402,2676836440
19678,9976522403,9976522402
19679,9976522403,9976522392
19680,9976522404,3048325062
19681,9976522404,9976522403
19682,9976522405,9976522404
19683,9976522405,9976522394
19684,9976522406,9976522405
19685,9976522406,9906988401
19686,9976522407,5269927700
19687,9976522407,9976522406
19688,9976522408,9976522407
19689,9976522408,9976522397
19690,9976522409,9976522408
19691,9976522409,9976522398
19692,9976522410,9976522409
19693,9976522410,9976522399
19694,9976522411,9976522410
19695,9976522411,9897134858
19696,9976522412,9976522411
19697,9976522412,5898135208
19698,9977337337,9977337339
19699,9977337338,9977337344
19700,9977337339,412770466
19701,9977337339,9977337340
19702,9977337339,412772641
19703,9977337340,5471154547
19704,9977337340,9977337341
19705,9977337341,412767718
19706,9977337341,9977337389
19707,9977337342,6738224290
19708,9977337342,9977337343
19709,9977337343,9977337338
19710,9977337343,6738224294
19711,9977337344,11233659436
19712,9977337344,11028244230
19713,9977337354,9977337358
19714,9977337354,2476378004
19715,9977337357,9977337404
19716,9977337357,5471154551
19717,9977337358,5471154549
19718,9977337358,9977337357
19719,9977337359,5471154529
19720,9977337369,9977337380
19721,9977337369,6738224302
19722,9977337369,9977337359
19723,9977337370,9977337359
19724,9977337370,9977337380
19725,9977337380,9977337369
19726,9977337380,9977337391
19727,9977337380,9907063667
19728,9977337381,9906858696
19729,9977337382,9977337381
19730,9977337382,6738224302
19731,9977337384,6738224287
19732,9977337384,9977337390
19733,9977337389,9977337342
19734,9977337389,9977337381
19735,9977337390,412767718
19736,9977337390,9977337389
19737,9977337391,412774895
19738,9977337391,9977337380
19739,9977337391,9977337393
19740,9977337393,9977337391
19741,9977337393,9977337398
19742,9977337393,9907063667
19743,9977337398,9977337393
19744,9977337399,9907063669
19745,9977337401,9907063667
19746,9977337401,9977337369
19747,9977337402,9977337401
19748,9977337402,9977337399
19749,9977337404,9977337357
19750,9977337404,9977337405
19751,9977337404,12558385277
19752,9977337405,9977337404
19753,9977337408,12141249849
19754,9977337408,12558454617
19755,9977341020,334650466
19756,9977341020,2476378002
19757,9977341020,9977341022
19758,9977341022,9977341020
19759,9978855117,7984022047
19760,9978855136,2191032780
19761,9978855136,9978855202
19762,9978855137,9978855136
19763,9978855143,2473549099
19764,9978855143,9978855187
19765,9978855148,9978855149
19766,9978855149,9978855160
19767,9978855149,1179260035
19768,9978855152,9978855171
19769,9978855152,9978855194
19770,9978855154,9978855143
19771,9978855154,6313176331
19772,9978855155,6313176331
19773,9978855155,6313176332
19774,9978855155,9978855143
19775,9978855156,6313176338
19776,9978855156,6313176335
19777,9978855156,9978855155
19778,9978855157,9978855174
19779,9978855157,9978855158
19780,9978855158,9978855148
19781,9978855158,6313053577
19782,9978855160,9978855158
19783,9978855160,9978855174
19784,9978855166,9978855152
19785,9978855171,9978855157
19786,9978855171,9978855175
19787,9978855172,8646486446
19788,9978855173,9978855172
19789,9978855173,9978855186
19790,9978855174,9978855152
19791,9978855174,9978855165
19792,9978855175,6627695262
19793,9978855175,9978855173
19794,9978855185,9978855172
19795,9978855185,9978855186
19796,9978855186,2473549099
19797,9978855186,9978855187
19798,9978855187,9978855194
19799,9978855187,9978855171
19800,9978855194,9978855154
19801,9978855194,9978855200
19802,9978855196,9063925969
19803,9978855196,9978855202
19804,9978855200,2473549087
19805,9978855201,9978855200
19806,9978855201,9978855154
19807,9978855202,2473549075
19808,9978855202,9978855201
19809,9978855203,9978855201
19810,9978855203,2473549075
19811,9978855212,3968910028
19812,9978855212,9978855226
19813,9978855224,9979308758
19814,9978855224,8221939134
19815,9978855225,9899024408
19816,9978855225,9979301502
19817,9978855226,9899024407
19818,9978855226,6313177194
19819,9978855226,9978855225
19820,9978855227,4361621031
19821,9978855227,6313176330
19822,9979127553,9979127600
19823,9979127569,9982916185
19824,9979127590,9979127596
19825,9979127590,9979127591
19826,9979127591,9899024405
19827,9979127591,9979127592
19828,9979127591,9979127597
19829,9979127592,9899024404
19830,9979127592,6623149605
19831,9979127594,8221939133
19832,9979127594,8221939134
19833,9979127594,9982916185
19834,9979127594,9979127568
19835,9979127596,9979301500
19836,9979127596,6313177196
19837,9979127597,6313177197
19838,9979127597,9979127591
19839,9979127597,9979127596
19840,9979127598,9979127592
19841,9979127598,9979127597
19842,9979127599,9979127598
19843,9979127599,5374253268
19844,9979127600,8892286905
19845,9979127600,6313177266
19846,9979127600,9979127599
19847,9979128181,2511165666
19848,9979128181,6313177193
19849,9979301494,404640342
19850,9979301494,9979301496
19851,9979301495,2511165670
19852,9979301496,2511164672
19853,9979301496,9979301497
19854,9979301497,8221939135
19855,9979301497,8221939133
19856,9979301497,9979301500
19857,9979301500,9979301501
19858,9979301500,9979127594
19859,9979301501,9979127590
19860,9979301501,9979301502
19861,9979301502,9979301495
19862,9979301502,9978855224
19863,9979308758,9979308761
19864,9979308758,9978855227
19865,9979308761,2511165666
19866,9979308761,6313177193
19867,9982785533,412728536
19868,9982785533,3053559114
19869,9982785594,9982785610
19870,9982785594,9709248907
19871,9982785595,9982785611
19872,9982785595,3483670171
19873,9982785596,9982785595
19874,9982785596,3453688642
19875,9982785597,6741805210
19876,9982785597,9982785596
19877,9982785609,2676836479
19878,9982785610,9982785609
19879,9982785610,9709248907
19880,9982785611,9982785613
19881,9982785612,9982785611
19882,9982785612,6741805204
19883,9982785613,2689865496
19884,9982785613,9982785594
19885,9982785614,9910240923
19886,9982785615,6768741931
19887,9982785615,9911257846
19888,9982785615,9982785619
19889,9982785619,9982785620
19890,9982785619,12438042788
19891,9982785619,9982785615
19892,9982785620,9982785619
19893,9982785621,9982785614
19894,9982785621,9709623339
19895,9982785625,9982785626
19896,9982785626,3453551117
19897,9982785626,1170838601
19898,9982785628,2676836466
19899,9982785632,3048331375
19900,9982785632,9982785636
19901,9982785635,5898135199
19902,9982785636,5898135205
19903,9982785636,9062045364
19904,9982785636,9982785635
19905,9982916184,12438729322
19906,9982916184,11118655750
19907,9982916185,8221939134
19908,9982916185,9979308758
19909,9985953042,8299978199
19910,9985953043,9717295232
19911,9985953043,1371263847
19912,9985953044,6312677333
19913,9985953044,11250441167
19914,9985953047,6312677321
19915,9985953047,9985953048
19916,9985953048,9985953044
19917,9985953049,404596794
19918,9985953056,6312677327
19919,9985953056,9985953057
19920,9985953057,11250441169
19921,9985953058,11250441169
19922,9985953058,9985953056
19923,9985953061,404596813
19924,9985953061,1371263832
19925,9987353681,3050102114
19926,9987353681,9987353706
19927,9987353699,3053715605
19928,9987353699,3050110522
19929,9987353699,9987353700
19930,9987353700,5905816643
19931,9987353700,9987353701
19932,9987353701,9905543682
19933,9987353701,3050102111
19934,9987353701,9987353702
19935,9987353702,3050148065
19936,9987353702,3050148067
19937,9987353702,9987353703
19938,9987353703,3050148071
19939,9987353703,3050148070
19940,9987353703,9987353704
19941,9987353704,412780759
19942,9987353704,3050102116
19943,9987353704,9987353727
19944,9987353706,3050102112
19945,9987353706,9987353699
19946,9987353707,2476377919
19947,9987353707,412780759
19948,9987353707,9987353714
19949,9987353711,9987353734
19950,9987353711,9987353720
19951,9987353712,3050151292
19952,9987353712,3050151291
19953,9987353712,9987353713
19954,9987353713,3050148072
19955,9987353713,9987353707
19956,9987353713,3050148066
19957,9987353714,3050121109
19958,9987353714,3050121107
19959,9987353714,9987353711
19960,9987353715,3050102111
19961,9987353715,2691070093
19962,9987353715,9987353712
19963,9987353717,9987353718
19964,9987353717,2476377958
19965,9987353718,2476377973
19966,9987353718,9987353719
19967,9987353719,12558454617
19968,9987353719,9977337408
19969,9987353720,412780508
19970,9987353720,9987353721
19971,9987353721,9671715101
19972,9987353721,334650537
19973,9987353721,9987353722
19974,9987353722,3050154647
19975,9987353722,9987353736
19976,9987353722,9987353723
19977,9987353723,9987353737
19978,9987353723,3305928425
19979,9987353723,9987353724
19980,9987353724,2477339368
19981,9987353724,2477339374
19982,9987353724,9987353717
19983,9987353727,3050102116
19984,9987353727,9987353738
19985,9987353729,2476377934
19986,9987353729,2477339374
19987,9987353734,9987353738
19988,9987353734,3050121109
19989,9987353735,9987353720
19990,9987353735,9987353734
19991,9987353736,9671715101
19992,9987353736,9987353722
19993,9987353736,9987353740
19994,9987353737,9987353723
19995,9987353737,9987353736
19996,9987353737,9987353741
19997,9987353738,2513900345
19998,9987353738,9987353739
19999,9987353739,9987353735
20000,9987353739,412780756
20001,9987353740,9906861934
20002,9987353740,9987353741
20003,9987353740,9987353736
20004,9987353741,9907063672
20005,9987353741,9987353737
20006,9987353741,12141249843
20007,9987353742,12141249845
20008,9987353742,9906861923
20009,9987744722,1170839036
20010,9987744722,9987744727
20011,9987744727,1170839705
20012,9988467581,2471072944
20013,9988467581,9709623220
20014,9988467585,2471072940
20015,9991832625,2511162051
20016,9991832626,13267041384
20017,9991832626,10021784558
20018,9991832627,7828101849
20019,9991832627,9991832633
20020,9991832629,6313053524
20021,9991832629,9991832630
20022,9991832630,6313053535
20023,9991832630,12573826413
20024,9991832631,9991832689
20025,9991832631,9991832627
20026,9991832632,9991832635
20027,9991832633,7828101843
20028,9991832633,6313175923
20029,9991832633,9991832632
20030,9991832634,9991832637
20031,9991832634,2511162050
20032,9991832635,6313175923
20033,9991832635,9991832646
20034,9991832636,9991832647
20035,9991832636,9991832635
20036,9991832637,9991832636
20037,9991832637,2511162037
20038,9991832638,9991832634
20039,9991832639,6313053518
20040,9991832639,9991832640
20041,9991832640,8649285434
20042,9991832640,10012282859
20043,9991832646,6313053564
20044,9991832646,9991832647
20045,9991832647,8222036926
20046,9991832647,9991832648
20047,9991832648,9991832637
20048,9991832648,9991832638
20049,9991832649,9931569475
20050,9991832649,10026057322
20051,9991832650,9991832691
20052,9991832650,3578801956
20053,9991832656,6313175962
20054,9991832656,6313175954
20055,9991832688,9991832631
20056,9991832688,6313053535
20057,9991832689,10012282855
20058,9991832689,10012282860
20059,9991832691,9991832656
20060,9991832691,4687033847
20061,9991869091,6313175967
20062,9991869091,10012282858
20063,9991875523,3881555366
20064,9991875524,9991875527
20065,9991875525,9992107747
20066,9991875525,3881555395
20067,9991875526,7999924251
20068,9991875526,9991875524
20069,9991875527,9991875526
20070,9991875527,9975307843
20071,9991875529,9991875547
20072,9991875529,9992107719
20073,9991875532,9931589962
20074,9991875539,9991875540
20075,9991875539,9992146425
20076,9991875540,9991875545
20077,9991875540,9655758647
20078,9991875542,9992107791
20079,9991875542,9991875525
20080,9991875543,9655758647
20081,9991875543,9655758648
20082,9991875543,9991875545
20083,9991875544,9992057003
20084,9991875544,9991875539
20085,9991875545,9991875544
20086,9991875545,3881555686
20087,9991875547,6312786932
20088,9991875547,3881553194
20089,9992056970,3502591543
20090,9992056970,3881555441
20091,9992056985,3502591529
20092,9992056985,9992057004
20093,9992056986,9992056985
20094,9992056986,9926607468
20095,9992056987,9992057003
20096,9992056987,9991875539
20097,9992056999,9926607517
20098,9992056999,9992107721
20099,9992056999,9992107726
20100,9992057001,9992107718
20101,9992057001,3881555613
20102,9992057002,9992057001
20103,9992057002,6312787156
20104,9992057003,9992057002
20105,9992057003,9992107725
20106,9992057004,3881555632
20107,9992057004,9992057005
20108,9992057005,9992107721
20109,9992107718,9992107724
20110,9992107718,3881553190
20111,9992107719,9992056987
20112,9992107721,5311349224
20113,9992107721,9992056999
20114,9992107721,9992107722
20115,9992107722,9926607508
20116,9992107722,9992107723
20117,9992107723,3881555613
20118,9992107723,9992107718
20119,9992107724,9992057002
20120,9992107724,9992107725
20121,9992107725,9992107719
20122,9992107725,9991875547
20123,9992107726,3881555632
20124,9992107726,9992107731
20125,9992107731,3502590903
20126,9992107732,9992057004
20127,9992107732,9992057005
20128,9992107738,3881555392
20129,9992107738,9992107745
20130,9992107739,9992107740
20131,9992107739,3881555301
20132,9992107740,3881555328
20133,9992107740,9992107741
20134,9992107741,3967044179
20135,9992107741,9992107742
20136,9992107741,3967044174
20137,9992107742,3967044178
20138,9992107742,9992107743
20139,9992107743,3881555375
20140,9992107743,9992107744
20141,9992107744,3881555370
20142,9992107744,9992107738
20143,9992107745,9992107746
20144,9992107745,3881555377
20145,9992107746,3881555395
20146,9992107746,9992107747
20147,9992107747,9992107748
20148,9992107747,12558988220
20149,9992107748,9991875542
20150,9992107748,6313053194
20151,9992107754,3967025551
20152,9992107754,9992107760
20153,9992107760,3502590686
20154,9992107761,6313053056
20155,9992107761,9992107767
20156,9992107767,10544243189
20157,9992107768,6313053055
20158,9992107768,9992107775
20159,9992107775,8347400839
20160,9992107776,3967025552
20161,9992107776,9992107781
20162,9992107781,9992107846
20163,9992107786,6313263605
20164,9992107786,9992107792
20165,9992107790,9992107792
20166,9992107791,3881555449
20167,9992107791,9992107792
20168,9992107792,9992107791
20169,9992107792,9992107790
20170,9992107792,9992107786
20171,9992107796,12148328525
20172,9992107796,3966900768
20173,9992107802,9992107818
20174,9992107802,9992107807
20175,9992107803,12473237059
20176,9992107803,6313053020
20177,9992107807,6313053010
20178,9992107807,3881555437
20179,9992107809,6313053020
20180,9992107812,9992107813
20181,9992107813,9992107819
20182,9992107813,9992107828
20183,9992107815,9950414976
20184,9992107816,3966898656
20185,9992107816,9992107815
20186,9992107817,9992107818
20187,9992107817,9992107807
20188,9992107818,9992107803
20189,9992107818,9992107816
20190,9992107819,3881555419
20191,9992107819,9992107817
20192,9992107826,12103163240
20193,9992107826,9992107827
20194,9992107827,6313051163
20195,9992107827,10068555369
20196,9992107828,3881555406
20197,9992107828,9992107841
20198,9992107836,6312786933
20199,9992107841,3881555439
20200,9992107841,9992107842
20201,9992107842,3881555440
20202,9992107842,9992107843
20203,9992107843,3881555457
20204,9992107843,12148328530
20205,9992107844,3881555464
20206,9992107844,9992107845
20207,9992107845,9992107848
20208,9992107845,10007163021
20209,9992107846,3881555485
20210,9992107846,9992107836
20211,9992107847,9992107754
20212,9992107847,9992107846
20213,9992107848,9992107850
20214,9992107848,9992107847
20215,9992107849,9992107845
20216,9992107849,3881555464
20217,9992107850,9992107849
20218,9992107850,8858670822
20219,9992114595,9992107843
20220,9992114595,3881555440
20221,9992114605,10068555367
20222,9992114605,9992107742
20223,9992114607,7999924259
20224,9992114607,9975307866
20225,9992114609,3966902360
20226,9992114609,3881555509
20227,9992146417,8301725144
20228,9992146417,9992146422
20229,9992146422,8301725158
20230,9992146423,11125420996
20231,9992146430,6312787160
20232,9992146430,9992146435
20233,9992146435,9992146417
20234,9999999154,9974348180
20235,9999999154,13274154933
20236,9999999155,10965597355
20237,9999999155,11161386142
20238,10002385025,6313054387
20239,10002385025,6313054386
20240,10002385025,5471154726
20241,10002385031,4964161021
20242,10002385031,9061568836
20243,10002385031,7915338821
20244,10002385042,10002385043
20245,10002385042,9663458010
20246,10002385042,9663458034
20247,10002385043,10002385042
20248,10002385043,7915338854
20249,10002389964,2473607931
20250,10002389972,12103116438
20251,10007163019,10007163020
20252,10007163019,3967026763
20253,10007163020,10007163019
20254,10007163020,9992107849
20255,10007163021,9992107844
20256,10007163021,12148328531
20257,10007624002,8686405325
20258,10007639299,9905394312
20259,10007639299,1176788351
20260,10011965370,2645379456
20261,10011965372,9039504169
20262,10011965372,10011965373
20263,10011965372,3256822966
20264,10011965373,10011965372
20265,10012204328,10012204329
20266,10012204328,9921269572
20267,10012204329,9034063983
20268,10012204329,10012204328
20269,10012204329,8686385492
20270,10012204329,9921269646
20271,10012282848,6313175923
20272,10012282848,9991832646
20273,10012282850,9991832627
20274,10012282855,9991832650
20275,10012282857,10012282858
20276,10012282857,6313175967
20277,10012282858,10012282848
20278,10012282859,10012282860
20279,10012282859,10012282855
20280,10012282860,12573826414
20281,10012857582,2191032727
20282,10012857582,10012857583
20283,10012857583,8417955279
20284,10012857584,10208169117
20285,10012857584,10012857585
20286,10012857585,10012857586
20287,10012857586,10012857587
20288,10012857587,12254590722
20289,10021784558,9991832626
20290,10026051751,6313176098
20291,10026051751,415993850
20292,10026051753,10026051756
20293,10026051756,10026051753
20294,10026051756,10026051775
20295,10026051756,415993850
20296,10026051757,10026051759
20297,10026051757,10026051761
20298,10026051758,10026051760
20299,10026051758,10026051757
20300,10026051759,10026051757
20301,10026051759,10026051760
20302,10026051759,10026051768
20303,10026051760,2191032901
20304,10026051761,10026051757
20305,10026051761,415993843
20306,10026051761,10026051768
20307,10026051768,6313263553
20308,10026051768,10026051759
20309,10026051768,10026051761
20310,10026051769,10026051785
20311,10026051769,10026051773
20312,10026051769,10026051786
20313,10026051770,10026051775
20314,10026051770,10026051793
20315,10026051770,10026051787
20316,10026051770,10026051782
20317,10026051771,10026051792
20318,10026051771,10026051777
20319,10026051771,10026051776
20320,10026051773,10026051784
20321,10026051773,10026051789
20322,10026051773,10026051769
20323,10026051775,10026051756
20324,10026051775,10026051770
20325,10026051775,10026051794
20326,10026051775,10026051788
20327,10026051776,10026051771
20328,10026051776,10026051795
20329,10026051776,10026051798
20330,10026051777,10026051799
20331,10026051777,415993850
20332,10026051777,10026051771
20333,10026051778,10026051787
20334,10026051778,10026051784
20335,10026051778,10026051779
20336,10026051779,10026051778
20337,10026051779,10026051786
20338,10026051779,10026051782
20339,10026051779,10026051781
20340,10026051781,6313263557
20341,10026051781,6313263556
20342,10026051781,10026051779
20343,10026051782,6313263574
20344,10026051782,10026051779
20345,10026051782,10026051770
20346,10026051784,10026051778
20347,10026051784,10026051785
20348,10026051784,10026051773
20349,10026051785,10026051784
20350,10026051785,10026051769
20351,10026051785,10026051786
20352,10026051786,10026051779
20353,10026051786,10026051785
20354,10026051786,10026051769
20355,10026051787,10026051770
20356,10026051787,10026051778
20357,10026051787,10026051788
20358,10026051788,10026051775
20359,10026051788,10026051789
20360,10026051788,10026051787
20361,10026051789,10026051788
20362,10026051789,10026051790
20363,10026051789,10026051773
20364,10026051790,10026051789
20365,10026051791,10026051814
20366,10026051791,10026051799
20367,10026051791,10026051792
20368,10026051792,10026051771
20369,10026051792,10026051793
20370,10026051792,10026051791
20371,10026051793,10026051792
20372,10026051793,10026051770
20373,10026051793,10026051794
20374,10026051794,10026051795
20375,10026051794,10026051775
20376,10026051794,10026051793
20377,10026051795,10026051776
20378,10026051795,10026051794
20379,10026051795,10026051796
20380,10026051796,10026051795
20381,10026051798,10026051776
20382,10026051799,10026051791
20383,10026051799,10026051777
20384,10026051799,10026051803
20385,10026051803,10026051804
20386,10026051803,10026051811
20387,10026051803,10026051799
20388,10026051804,10026051803
20389,10026051804,10026051810
20390,10026051804,10026051816
20391,10026051808,10026051816
20392,10026051808,2191032901
20393,10026051808,2191032433
20394,10026051809,2191032433
20395,10026051809,6313263556
20396,10026051809,10026051811
20397,10026051810,10026051811
20398,10026051810,10026051804
20399,10026051810,10026051816
20400,10026051811,10026051809
20401,10026051811,10026051803
20402,10026051811,10026051810
20403,10026051811,10026051814
20404,10026051814,6313263574
20405,10026051814,10026051791
20406,10026051814,10026051811
20407,10026051816,10026051808
20408,10026051816,10026051804
20409,10026051816,10026051810
20410,10026057321,10026057322
20411,10026057321,10026057322
20412,10026057321,10026057324
20413,10026057322,10026057321
20414,10026057322,10026057321
20415,10026057322,9991832649
20416,10026057324,10026057321
20417,10031968574,10031968575
20418,10031968574,10031968581
20419,10031968574,10031968582
20420,10031968574,10031968585
20421,10031968575,10031968574
20422,10031968575,10031968584
20423,10031968575,10031968578
20424,10031968578,10069475804
20425,10031968578,10031968581
20426,10031968578,10031968575
20427,10031968581,10031968578
20428,10031968581,10069475803
20429,10031968581,10031968574
20430,10031968582,10031968574
20431,10031968584,10031968575
20432,10031968585,10031968574
20433,10031973017,2191032247
20434,10031973017,4168490225
20435,10031973027,403251675
20436,10031973027,9709623245
20437,10048642496,10965275983
20438,10048642496,6621830739
20439,10048642497,12565740125
20440,10048642498,9974259073
20441,10048642498,12565740125
20442,10048642500,10048642502
20443,10048642500,12565740125
20444,10048642500,10048642511
20445,10048642502,10048642508
20446,10048642502,10048642503
20447,10048642502,10048642500
20448,10048642503,10048642502
20449,10048642507,10048642508
20450,10048642508,10048642502
20451,10048642508,10048642507
20452,10048642508,10048642510
20453,10048642510,10048642508
20454,10048642511,10048642500
20455,10048648118,10048648119
20456,10048648118,10048648120
20457,10048648119,8222036939
20458,10048648120,10048648122
20459,10048648120,10048648118
20460,10048648121,10048648119
20461,10048648121,10048648120
20462,10048648122,10048648120
20463,10048648122,11968527798
20464,10048648122,11968527796
20465,10048648123,6313263930
20466,10048648124,6313263930
20467,10048668318,11978246604
20468,10048668318,10048668319
20469,10048668319,7478945663
20470,10048668319,10048668318
20471,10048668319,11978246603
20472,10048872851,9965560129
20473,10048872851,9965560144
20474,10048872851,9965569467
20475,10048872852,9965560131
20476,10048872852,9965560127
20477,10048872852,8080904706
20478,10048872852,6313519348
20479,10048872865,10048872871
20480,10048872865,9965560054
20481,10048872867,10048872868
20482,10048872867,9965350489
20483,10048872868,9965560049
20484,10048872868,9965560065
20485,10048872871,10048872872
20486,10048872871,9965560154
20487,10048872872,9965560065
20488,10048872872,9965560049
20489,10048872874,9965560266
20490,10048872874,10048872867
20491,10067423295,10963651860
20492,10067423296,9310096057
20493,10067423296,8346268009
20494,10067423296,10963651865
20495,10068555343,12255865961
20496,10068555363,3881555403
20497,10068555363,10068555365
20498,10068555365,13208749550
20499,10068555365,12103116627
20500,10068555365,10068555363
20501,10068555367,3967044179
20502,10068555367,12103116627
20503,10068555368,13208749551
20504,10068555368,13208749550
20505,10068555369,10068555372
20506,10068555369,8858670845
20507,10068555369,9992107812
20508,10068555372,8858670846
20509,10068555372,10068555369
20510,10068555372,10068555373
20511,10068555373,9992107827
20512,10068555373,10068555372
20513,10069475745,9976220665
20514,10069475745,10069475775
20515,10069475745,10069475760
20516,10069475746,8948717325
20517,10069475746,10069475748
20518,10069475747,10069475746
20519,10069475747,10069475771
20520,10069475748,10069475766
20521,10069475748,12137855991
20522,10069475750,8484482647
20523,10069475750,10069475752
20524,10069475752,12135554728
20525,10069475752,9950583532
20526,10069475752,10069503828
20527,10069475757,10096876700
20528,10069475757,10069475758
20529,10069475758,10069475745
20530,10069475760,10069475746
20531,10069475766,8948697014
20532,10069475766,10069475747
20533,10069475771,10069475772
20534,10069475771,12137855989
20535,10069475772,9042335521
20536,10069475772,10069475775
20537,10069475775,11978246631
20538,10069475775,10069475745
20539,10069475791,9950583532
20540,10069475792,12135554728
20541,10069475793,10069475792
20542,10069475793,10801939362
20543,10069475795,9687410316
20544,10069475795,10069475793
20545,10069475797,10069475798
20546,10069475797,6314453819
20547,10069475798,10069475812
20548,10069475798,10069503831
20549,10069475803,10031968581
20550,10069475803,12473257404
20551,10069475804,10031968578
20552,10069475804,10069475803
20553,10069475812,9812554207
20554,10069475812,10069475813
20555,10069475813,10069475797
20556,10069475813,11980455301
20557,10069503828,10069475797
20558,10069503831,3969014175
20559,10069503831,12137856000
20560,10069503833,7981297357
20561,10074938870,3969014194
20562,10074938870,11114417366
20563,10077774748,10727602900
20564,10077774748,10077774749
20565,10077774749,11019853661
20566,10077774749,2471042525
20567,10077774749,10077774748
20568,10096876700,13009316797
20569,10153349078,9310096113
20570,10153349078,417642402
20571,10153349106,13142248870
20572,10153349106,7915338821
20573,10159596349,5578859377
20574,10159596349,9906988345
20575,10159596349,10159596351
20576,10159596351,9781139534
20577,10159596351,9906988344
20578,10159596351,10159596349
20579,10173682672,2473537402
20580,10173682672,10173682682
20581,10173682682,6313924516
20582,10173682682,8953003094
20583,10173682682,6313924520
20584,10173796744,3107953583
20585,10175833196,10175860521
20586,10175833197,10175833207
20587,10175833207,10175860521
20588,10175860521,10175833196
20589,10175860521,10175860524
20590,10175860524,1629280301
20591,10175860524,10175833197
20592,10175860549,9522780698
20593,10175860549,11939750105
20594,10175860567,9522780699
20595,10180385043,9969232354
20596,10185783283,6630187649
20597,10185783283,12136130575
20598,10188983289,10188983290
20599,10188983289,3740175235
20600,10188983290,2471042449
20601,10188983290,3966716394
20602,10189213265,2511151335
20603,10189213265,10189213266
20604,10189213265,2511151338
20605,10189213266,2471042516
20606,10189213266,10189213267
20607,10189213267,2471042482
20608,10189213267,10189213268
20609,10189213268,2471042532
20610,10189213268,10727609405
20611,10201821871,10201821876
20612,10201821871,2162487713
20613,10201821876,10201821877
20614,10201821876,6325445503
20615,10201821877,6325667329
20616,10201821880,2469943543
20617,10201821882,9271241410
20618,10201821882,10201821883
20619,10201821883,9684180052
20620,10201821884,10201821880
20621,10201821884,8847974478
20622,10202423418,1172876676
20623,10202423418,8415455838
20624,10202423438,1172876806
20625,10202423477,401257634
20626,10202423477,1172876509
20627,10202423488,7994808851
20628,10202423493,2513900308
20629,10202423493,10202423497
20630,10202423497,8415455845
20631,10202423498,1171848253
20632,10202423498,10202423504
20633,10202423504,9906988349
20634,10208151012,10208151013
20635,10208151013,3969071634
20636,10208151013,10208151014
20637,10208151014,1704654820
20638,10208151014,10208151016
20639,10208151016,10012857585
20640,10208151016,10208169117
20641,10208169117,1704654838
20642,10251421321,12429520046
20643,10251421332,12429520031
20644,10251421332,10251421348
20645,10251421332,12429520046
20646,10251421348,10251421332
20647,10251421348,10251421386
20648,10251421374,10251421348
20649,10251421374,11118655750
20650,10251421386,2473537426
20651,10251421389,10251421374
20652,10251421389,10251421402
20653,10251421395,9978855160
20654,10251421395,10251421402
20655,10251421402,9978855203
20656,10257626753,7985204306
20657,10262345835,9949418805
20658,10262345835,11005652400
20659,10262345836,9537048974
20660,10262345836,9945445632
20661,10262345836,10262345835
20662,10262345837,10262345849
20663,10262345837,9952188333
20664,10262345839,9537048954
20665,10262345839,10262345840
20666,10262345839,9537048969
20667,10262345840,10262345836
20668,10262345840,11005652402
20669,10262345840,10262345839
20670,10262345842,11005652392
20671,10262345849,9537048954
20672,10262345849,10262345840
20673,10271226901,12453633006
20674,10271226901,12135554713
20675,10271227959,11127346287
20676,10280842821,3047785925
20677,10280842821,1176788168
20678,10298178523,9042373935
20679,10298178523,9042373932
20680,10314256969,6628705612
20681,10314256969,9965560178
20682,10543771386,9967100304
20683,10543771399,8925923341
20684,10543771399,10543771400
20685,10543771399,8925923343
20686,10543771400,404596844
20687,10544104146,9907646556
20688,10544104146,10544104153
20689,10544104153,10153349078
20690,10544104154,11127386684
20691,10544104154,12103163219
20692,10544243182,9992107761
20693,10544243182,10544243189
20694,10544243189,3881555394
20695,10544243189,10544243182
20696,10548076543,412759749
20697,10548076543,412759154
20698,10554956233,10554956234
20699,10554956234,9960588929
20700,10554956234,10554956235
20701,10554956234,13279751065
20702,10554956235,5905816821
20703,10554956235,10554956236
20704,10554956236,8081094005
20705,10554956236,10554956241
20706,10554956241,8413557946
20707,10554956241,10554956242
20708,10554956242,3881555646
20709,10558523753,10298178523
20710,10558523753,7184847169
20711,10558670782,9969541517
20712,10558670782,9969541520
20713,10567830040,3740175272
20714,10582582645,12136130566
20715,10582582645,2476377723
20716,10582582654,10582582656
20717,10582582654,10582582905
20718,10582582656,3740175335
20719,10582582656,10582582868
20720,10582582667,6630187675
20721,10582582667,10582582956
20722,10582582668,9967100308
20723,10582582668,10582582667
20724,10582582703,3740175342
20725,10582582830,10582582930
20726,10582582830,10582582931
20727,10582582836,6630187680
20728,10582582836,6630187678
20729,10582582836,10582582851
20730,10582582850,3740175343
20731,10582582851,10582582703
20732,10582582851,10582582850
20733,10582582852,9967100305
20734,10582582852,10582582904
20735,10582582868,10582582878
20736,10582582868,10582582869
20737,10582582869,3740175335
20738,10582582870,10582582868
20739,10582582870,10582582878
20740,10582582878,10582582645
20741,10582582880,10582582869
20742,10582582880,10582582886
20743,10582582886,3740175315
20744,10582582887,10582582654
20745,10582582887,10582582961
20746,10582582895,10582582905
20747,10582582895,10582582902
20748,10582582902,9967100307
20749,10582582903,10582582904
20750,10582582903,10582582656
20751,10582582904,10582582870
20752,10582582905,9967100306
20753,10582582908,9967100298
20754,10582582908,10582582923
20755,10582582923,6630187682
20756,10582582923,6630187681
20757,10582582923,10582582932
20758,10582582927,6312676819
20759,10582582930,10582582931
20760,10582582930,6630187680
20761,10582582931,10582582836
20762,10582582932,10582582933
20763,10582582932,10582582927
20764,10582582933,10582582927
20765,10582582949,3740175336
20766,10582582949,10582582955
20767,10582582955,6630187675
20768,10582582956,10582582887
20769,10582582956,10582582961
20770,10582582961,10582582895
20771,10582583013,3740175325
20772,10582583020,8301725119
20773,10582583020,9037857968
20774,10592101929,10739951700
20775,10592101929,10592101930
20776,10592101930,9968289761
20777,10592101930,10592101931
20778,10592101931,10592101934
20779,10592101931,10592101935
20780,10592101932,10592101933
20781,10592101933,10592101950
20782,10592101933,10592101940
20783,10592101934,10592101938
20784,10592101934,6326531653
20785,10592101935,8847974465
20786,10592101935,10739951698
20787,10592101938,10592101932
20788,10592101938,10592101939
20789,10592101939,8847974466
20790,10592101939,8847974465
20791,10592101940,6326531657
20792,10592101940,10592101943
20793,10592101941,8847974463
20794,10592101942,5769580864
20795,10592101942,10592101941
20796,10592101943,6326531661
20797,10592101943,10592101948
20798,10592101943,10592101945
20799,10592101945,6326531658
20800,10592101945,10739951701
20801,10592101945,10592101929
20802,10592101947,5769580863
20803,10592101947,10592101948
20804,10592101948,6326531664
20805,10592101948,10592101949
20806,10592101948,10592101943
20807,10592101949,10592101940
20808,10592101949,10592101950
20809,10592101950,10592101942
20810,10592101950,10592101951
20811,10592101951,8847974467
20812,10592101951,8847974466
20813,10592361202,9951894071
20814,10592361202,10592361203
20815,10592361202,9061406402
20816,10592361203,10592361202
20817,10592377126,9468637384
20818,10592377126,10592377130
20819,10592377130,9468637384
20820,10592377130,9061406412
20821,10592377130,10592377126
20822,10596341810,3969278689
20823,10596341810,1282895893
20824,10596341811,10596341810
20825,10596341811,10596341822
20826,10596341822,412199700
20827,10599521296,1171848046
20828,10599521296,5913132480
20829,10599521296,10599559221
20830,10599521304,1171848143
20831,10599521304,3287324744
20832,10599559208,10599559215
20833,10599559208,10599559220
20834,10599559209,10599559208
20835,10599559209,10599559215
20836,10599559215,3662201590
20837,10599559220,10599559221
20838,10599559220,1171848143
20839,10599559220,404597536
20840,10599559221,10599521296
20841,10599559221,10599559220
20842,10599559221,1171848046
20843,10612067036,9965560127
20844,10612067036,10612067044
20845,10612067044,6628831877
20846,10612067044,10612067036
20847,10651788098,9061541124
20848,10651788098,11026162681
20849,10651999213,12103116438
20850,10651999213,9061406358
20851,10651999213,10651999214
20852,10651999214,10651999215
20853,10651999214,10652030682
20854,10651999215,9061406356
20855,10651999215,10651999217
20856,10651999217,9935869538
20857,10651999217,9663458028
20858,10651999217,9951894069
20859,10652030682,10652030685
20860,10652030682,10652030685
20861,10652030685,6314116766
20862,10727602897,2471043718
20863,10727602898,10727602897
20864,10727602900,2471042533
20865,10727602900,10727602898
20866,10727602901,2471042441
20867,10727602901,10727602900
20868,10727602902,3966736371
20869,10727602902,10727602901
20870,10727602903,10727602902
20871,10727602903,3966736376
20872,10727602904,2471042485
20873,10727602904,10727602903
20874,10727609405,10727602904
20875,10727609405,2471042522
20876,10727609406,2471042532
20877,10727609406,10727609405
20878,10727609407,10727609406
20879,10727609407,11019853685
20880,10727609409,2471042499
20881,10727609409,10727609407
20882,10739951695,8847974464
20883,10739951695,10739951699
20884,10739951696,9959159117
20885,10739951696,10739951698
20886,10739951698,10592101935
20887,10739951698,8847974464
20888,10739951698,10739951699
20889,10739951699,10592101930
20890,10739951699,10739951700
20891,10739951700,6326531652
20892,10739951700,10739951701
20893,10739951701,6326531660
20894,10739951701,10739951702
20895,10739951701,10592101945
20896,10739951702,10592101947
20897,10801939355,5509847926
20898,10801939355,6314454187
20899,10801939355,10801939364
20900,10801939362,9812554203
20901,10801939362,10801939363
20902,10801939363,10801939362
20903,10801939363,10069475792
20904,10801939364,10801939363
20905,10801939364,9812554202
20906,10801939364,9812554203
20907,10897536908,9271241416
20908,10897536908,9271241415
20909,10897536908,8847970073
20910,10960157787,9950583442
20911,10960157787,9976508891
20912,10963651860,10963651866
20913,10963651860,10963651861
20914,10963651861,10067423295
20915,10963651861,12229415750
20916,10963651863,12229415748
20917,10963651863,8346268009
20918,10963651864,9310096057
20919,10963651865,10963651867
20920,10963651865,10963651864
20921,10963651866,10963651864
20922,10963651866,10963651867
20923,10963651867,12229415749
20924,10963651867,10963651861
20925,10963651868,10963651863
20926,10963991841,3049392829
20927,10963991841,10963991842
20928,10963991841,9642377707
20929,10963991842,9897134870
20930,10963991842,10963991843
20931,10963991842,9709623305
20932,10963991843,2504890757
20933,10963991843,10963991844
20934,10963991843,2982505173
20935,10963991844,2191083374
20936,10963991844,2713933563
20937,10963991844,10963991878
20938,10963991862,10963991889
20939,10963991862,10963991863
20940,10963991863,334304164
20941,10963991863,10963991874
20942,10963991873,403120629
20943,10963991874,5905870278
20944,10963991874,5905870265
20945,10963991874,10963991873
20946,10963991878,10963991862
20947,10963991878,10963991889
20948,10963991889,4361621044
20949,10965275974,8627331069
20950,10965275974,10965275975
20951,10965275975,10965275976
20952,10965275975,6625294518
20953,10965275976,9974259086
20954,10965275976,9974259086
20955,10965275983,10048642496
20956,10965275983,9974259080
20957,10965275983,10965275985
20958,10965275984,9974259075
20959,10965275984,10965275995
20960,10965275985,9974259079
20961,10965275985,10965275984
20962,10965275988,6621830739
20963,10965275988,10965275983
20964,10965275994,9974259069
20965,10965275994,10069475757
20966,10965275995,9974259090
20967,10965275995,10965275994
20968,10965597355,7984059864
20969,10965597355,11010633753
20970,10965597357,11161413468
20971,10965597357,11202750159
20972,10977614392,9271269524
20973,10977614393,9537048978
20974,10977614393,9537048977
20975,10977614393,10977614392
20976,10977614394,9537048976
20977,10977614394,9537048960
20978,10977614394,9949418806
20979,10977620806,9537048975
20980,10977620806,9537048962
20981,10977620806,10977614394
20982,10977620811,8847970068
20983,10977620811,10977620806
20984,10977620812,10977620811
20985,10977620812,11005652364
20986,10977620813,9537048960
20987,10977620813,9949418806
20988,10977620814,10977620813
20989,10977620814,9537048956
20990,10979361381,7477947913
20991,10979361381,9938301760
20992,10979361382,7880146541
20993,10979361382,10979361385
20994,10979361382,9969471759
20995,10979361385,10979361382
20996,10979361385,9938353434
20997,10979361385,13084175610
20998,10979372812,7477947928
20999,10979372812,9969492090
21000,10979372812,9939524582
21001,10979372825,10979372826
21002,10979372825,9942617840
21003,10979372825,9969492106
21004,10979372826,9938353432
21005,10979372826,10979372825
21006,10979372826,7880146541
21007,10980362290,11027994762
21008,10980362290,4135719193
21009,10980362291,1172876605
21010,10980362295,6327768515
21011,10980362295,1172876599
21012,10980365615,9974268039
21013,10980365616,11234025729
21014,10980365616,12453633005
21015,10992671788,7985204551
21016,10992671788,9969232381
21017,10995295171,6326466456
21018,10995295171,9969471539
21019,10995295171,9942617981
21020,10997353226,10997353227
21021,10997353226,9938306023
21022,10997353227,7878030759
21023,10997353227,7477947922
21024,11002943283,334380074
21025,11002943283,11002943368
21026,11002943283,2476378197
21027,11002943308,11002943309
21028,11002943308,12855411392
21029,11002943309,7988077990
21030,11002943337,2473485243
21031,11002943337,11002943366
21032,11002943337,8948784462
21033,11002943366,11002943367
21034,11002943366,11002943337
21035,11002943367,334380074
21036,11002943368,11002943366
21037,11002943368,11002943308
21038,11002943391,334380061
21039,11002943391,11980532848
21040,11002943391,11002943493
21041,11002943453,334380065
21042,11002943453,1287972960
21043,11002943453,11002943481
21044,11002943481,2476378197
21045,11002943481,334380072
21046,11002943481,11002943283
21047,11002943493,11002943530
21048,11002943493,11980532822
21049,11002943493,11002943391
21050,11002943513,11002943530
21051,11002943530,11002943493
21052,11002943530,11002943513
21053,11005652337,11005652369
21054,11005652337,11005652359
21055,11005652339,11005652370
21056,11005652339,11005652340
21057,11005652340,9046536750
21058,11005652359,11005652360
21059,11005652359,11005652366
21060,11005652360,9046536751
21061,11005652360,11005652389
21062,11005652362,6325666525
21063,11005652362,11005652363
21064,11005652362,9537048975
21065,11005652363,11005652364
21066,11005652363,10977620811
21067,11005652364,9537048981
21068,11005652364,12574312190
21069,11005652365,11005652367
21070,11005652366,11005652339
21071,11005652366,9886568384
21072,11005652366,11005652367
21073,11005652367,11005652366
21074,11005652367,11005652365
21075,11005652367,11005652368
21076,11005652367,11005652370
21077,11005652368,11005652359
21078,11005652368,11005652369
21079,11005652368,11005652367
21080,11005652369,11005652368
21081,11005652369,11005652368
21082,11005652370,9687103027
21083,11005652370,11005652367
21084,11005652371,9271269526
21085,11005652371,9886568385
21086,11005652389,11005652390
21087,11005652389,11005652362
21088,11005652389,9884709581
21089,11005652390,11005652389
21090,11005652390,9046536751
21091,11005652392,11005652397
21092,11005652392,12574312191
21093,11005652393,11005652396
21094,11005652393,11005652396
21095,11005652393,11005652402
21096,11005652396,12574312191
21097,11005652396,11005652393
21098,11005652396,11005652398
21099,11005652397,9537048981
21100,11005652397,12574312190
21101,11005652398,10977620812
21102,11005652398,11005652399
21103,11005652398,12574312190
21104,11005652399,11005652393
21105,11005652399,11005652398
21106,11005652400,9537048974
21107,11005652400,9684180060
21108,11005652402,10262345840
21109,11005652402,9537048974
21110,11005652402,11005652393
21111,11010633753,8307444102
21112,11010633753,11161413467
21113,11010633753,10965597357
21114,11015490495,11015490498
21115,11015490496,11015490495
21116,11015490496,11802193657
21117,11015490498,11015490499
21118,11015490498,8847974421
21119,11015490499,11015490496
21120,11015490499,1282895860
21121,11019853656,11019853684
21122,11019853656,2471042436
21123,11019853659,2471042546
21124,11019853659,11019853656
21125,11019853660,11019853659
21126,11019853660,3966736375
21127,11019853661,6313586308
21128,11019853661,11019853660
21129,11019853662,10077774748
21130,11019853662,11019853661
21131,11019853684,2471042436
21132,11019853684,11019853685
21133,11019853685,3966742705
21134,11026141122,2471042483
21135,11026141122,2511153203
21136,11026141123,11026162638
21137,11026141123,11026141122
21138,11026141124,2511151352
21139,11026141124,11026141123
21140,11026141125,3966722922
21141,11026141125,11026141126
21142,11026141125,3966716447
21143,11026141126,11026141127
21144,11026141126,3966716405
21145,11026141127,11026162631
21146,11026149996,2471042451
21147,11026149996,3966716406
21148,11026162612,9061541122
21149,11026162612,9061541121
21150,11026162612,11026162650
21151,11026162631,9061541132
21152,11026162631,3966722917
21153,11026162631,11026162612
21154,11026162638,11026141124
21155,11026162639,2511151352
21156,11026162639,11026141123
21157,11026162640,11026162639
21158,11026162640,2471043717
21159,11026162641,8080941740
21160,11026162641,11026162640
21161,11026162642,2471043716
21162,11026162642,11026162641
21163,11026162644,3966716388
21164,11026162644,11026162642
21165,11026162650,10651788098
21166,11026162650,2476377698
21167,11026162664,2191032293
21168,11026162664,2476377711
21169,11026162666,2511151338
21170,11026162666,3966722920
21171,11026162674,9061541121
21172,11026162681,2476377698
21173,11026162681,2511151338
21174,11027994760,11233659436
21175,11027994761,10980362291
21176,11027994762,11027994761
21177,11027994762,11027994760
21178,11027994762,11028244230
21179,11027994782,5269928327
21180,11027994838,406515190
21181,11027994838,5578859353
21182,11027994838,11027994848
21183,11027994844,5578859370
21184,11027994844,5824619936
21185,11027994844,11027994845
21186,11027994845,2469069141
21187,11027994845,2469069144
21188,11027994845,11027994847
21189,11027994847,7994636335
21190,11027994847,11027994782
21191,11027994848,8082952154
21192,11027994848,5578859362
21193,11027994848,11027994844
21194,11028239079,10257626753
21195,11028244230,11027994761
21196,11028244230,10980362295
21197,11028391223,9906988356
21198,11028391223,11028391234
21199,11028391234,9906988358
21200,11028391237,3261904340
21201,11028391268,1170838851
21202,11028391309,1176788098
21203,11028391309,11028391317
21204,11028391317,8767017742
21205,11028391317,1176788098
21206,11028391320,11028391309
21207,11028391320,9908682325
21208,11028391320,1176788168
21209,11032465801,338476001
21210,11032465801,6314396029
21211,11032468812,11032468906
21212,11032468813,11032468812
21213,11032468813,2476848450
21214,11032468814,11032468907
21215,11032468814,11032468909
21216,11032468828,2476848450
21217,11032468828,11032468812
21218,11032468906,6314453720
21219,11032468906,11232758471
21220,11032468907,6314453714
21221,11032468907,11032468909
21222,11032468909,11032468813
21223,11032468909,11032468910
21224,11032468910,6314453715
21225,11035831449,9908902682
21226,11042701303,3987519386
21227,11042701303,11042701306
21228,11042701306,6623149605
21229,11042701324,11042701327
21230,11042701324,11042701325
21231,11042701325,9978855212
21232,11042701326,11042701327
21233,11042701326,4361620972
21234,11042701327,3969510972
21235,11042701329,3230755149
21236,11042701329,11042701330
21237,11042701330,11042701324
21238,11042701331,11042701332
21239,11042701331,403108469
21240,11042701332,6313177796
21241,11048173933,3967070880
21242,11048173933,9653806353
21243,11048173934,11048173933
21244,11048173934,8365992986
21245,11114417366,11114417367
21246,11114417366,7981297364
21247,11114417367,11114417366
21248,11114417367,2504876335
21249,11114417367,7981297371
21250,11118655750,11118655756
21251,11118655750,9982916184
21252,11118655750,10251421374
21253,11118655756,9975307906
21254,11118655756,7788691350
21255,11118655756,11118655750
21256,11123381738,9974268111
21257,11123381738,11123381741
21258,11123381741,11123381738
21259,11124980188,7880947987
21260,11124980188,11124980197
21261,11124980197,11163197251
21262,11125420996,9991875540
21263,11125420996,403349469
21264,11127346214,11127346215
21265,11127346215,11127346216
21266,11127346215,13202416557
21267,11127346216,11127346286
21268,11127346216,11233659428
21269,11127346286,11127346287
21270,11127346286,10271227978
21271,11127346287,11127346288
21272,11127346287,11127346215
21273,11127386620,2477431536
21274,11127386620,12574312141
21275,11127386638,4361619979
21276,11127386638,11127386651
21277,11127386651,11127386664
21278,11127386652,6784860567
21279,11127386652,11127386654
21280,11127386654,6784860567
21281,11127386654,6784860570
21282,11127386654,6784860589
21283,11127386664,10544104153
21284,11127386664,6784860570
21285,11127386684,11127386652
21286,11128446250,412759749
21287,11128446266,5030596378
21288,11128446266,5030596377
21289,11128446266,11128446267
21290,11128446267,5030596358
21291,11128446267,412761266
21292,11128446267,3562807807
21293,11161386136,1943923865
21294,11161386136,11161386142
21295,11161386142,8307508755
21296,11161386142,9999999155
21297,11161386142,11161386136
21298,11161413120,7984059859
21299,11161413120,8307508753
21300,11161413123,9960492260
21301,11161413123,8495992425
21302,11161413124,11202750157
21303,11161413124,8307508753
21304,11161413124,7984059859
21305,11161413467,11010633753
21306,11161413467,11161413468
21307,11161413467,8307444100
21308,11161413468,7984059850
21309,11161413468,11161413467
21310,11161431176,9976508915
21311,11161431176,11378602382
21312,11161431178,8307444104
21313,11161431178,8307444103
21314,11161431178,11161431176
21315,11161431179,7984059867
21316,11161431179,11161431178
21317,11163197251,9942617845
21318,11167387744,11167387747
21319,11167387744,11167387747
21320,11167387747,7981096906
21321,11167387747,11167387744
21322,11170054738,412489572
21323,11170054738,11170054746
21324,11170054746,11170054738
21325,11184290616,9037449556
21326,11184290616,12565740294
21327,11184290893,9048115421
21328,11184290893,9048115421
21329,11195959981,334380319
21330,11202750154,9976508915
21331,11202750154,11378602382
21332,11202750154,11378602383
21333,11202750156,9960492260
21334,11202750156,7984059850
21335,11202750156,11202750159
21336,11202750157,8307508754
21337,11202750157,11161413124
21338,11202750157,11202750156
21339,11202750158,7984059849
21340,11202750158,11202750157
21341,11202750159,11202750154
21342,11232758471,2476848400
21343,11232758471,11032465801
21344,11232758471,338476001
21345,11233659428,7985244019
21346,11233659428,7985244027
21347,11233659436,9977337343
21348,11233659436,6738224290
21349,11233693782,9112231777
21350,11233693782,6546573304
21351,11233693795,7314613903
21352,11233693795,11233693798
21353,11233693797,11233693798
21354,11233693797,7314613903
21355,11233693798,9974267930
21356,11233693798,9974267926
21357,11233693800,6621830733
21358,11233693800,9040056226
21359,11233693800,3969048514
21360,11234025729,11234025730
21361,11234025729,11234025732
21362,11234025729,9974268073
21363,11234025730,11234025729
21364,11234025730,9976522354
21365,11234025730,10980365615
21366,11234025732,334380078
21367,11234025732,2469069050
21368,11234025732,11234025729
21369,11238395344,11238395398
21370,11238395344,11238395345
21371,11238395345,11238395344
21372,11238395345,11238395353
21373,11238395345,11238395438
21374,11238395347,11238395425
21375,11238395347,11238395399
21376,11238395347,11238395352
21377,11238395350,11238395411
21378,11238395350,11238395403
21379,11238395350,11238395408
21380,11238395351,11238395402
21381,11238395351,11238395422
21382,11238395351,11238395407
21383,11238395352,11238395416
21384,11238395352,11238395402
21385,11238395352,11238395347
21386,11238395353,11238395425
21387,11238395353,11238395379
21388,11238395353,11238395345
21389,11238395353,11238395400
21390,11238395378,11238395420
21391,11238395378,11238395400
21392,11238395378,11238395407
21393,11238395379,11238395426
21394,11238395379,11238395353
21395,11238395379,11238395398
21396,11238395385,11238395390
21397,11238395385,11238395415
21398,11238395385,11238395394
21399,11238395390,11238395391
21400,11238395390,11238395431
21401,11238395390,11238395385
21402,11238395391,4964148406
21403,11238395391,6314118102
21404,11238395391,11238395390
21405,11238395394,11238395397
21406,11238395394,11238395385
21407,11238395394,4964148407
21408,11238395397,4964148407
21409,11238395397,4964148412
21410,11238395397,11238395394
21411,11238395398,11238395379
21412,11238395398,4964148412
21413,11238395399,11238395426
21414,11238395399,11238395347
21415,11238395399,11238395417
21416,11238395400,11238395378
21417,11238395400,11238395353
21418,11238395400,11238395402
21419,11238395402,11238395352
21420,11238395402,11238395351
21421,11238395402,11238395423
21422,11238395402,11238395400
21423,11238395403,11238395350
21424,11238395403,11238395427
21425,11238395403,11238395412
21426,11238395404,11238395422
21427,11238395404,11238395411
21428,11238395404,11238395405
21429,11238395405,11238395412
21430,11238395405,11238395423
21431,11238395405,11238395406
21432,11238395405,11238395404
21433,11238395406,11238395413
21434,11238395406,11238395418
21435,11238395406,11238395405
21436,11238395407,11238395421
21437,11238395407,11238395378
21438,11238395407,11238395351
21439,11238395408,11238395410
21440,11238395408,11238395420
21441,11238395408,11238395350
21442,11238395410,11238395408
21443,11238395410,11238395421
21444,11238395410,11238395411
21445,11238395411,11238395404
21446,11238395411,11238395350
21447,11238395411,11238395412
21448,11238395411,11238395410
21449,11238395412,11238395403
21450,11238395412,11238395405
21451,11238395412,11238395413
21452,11238395412,11238395411
21453,11238395413,11238395414
21454,11238395413,11238395406
21455,11238395413,11238395412
21456,11238395414,11238395413
21457,11238395414,11238395415
21458,11238395414,11238395427
21459,11238395415,11238395419
21460,11238395415,11238395414
21461,11238395415,11238395385
21462,11238395416,11238395424
21463,11238395416,11238395352
21464,11238395416,11238395417
21465,11238395417,11238395419
21466,11238395417,11238395416
21467,11238395417,11238395399
21468,11238395418,11238395406
21469,11238395418,11238395424
21470,11238395418,11238395419
21471,11238395419,11238395415
21472,11238395419,11238395417
21473,11238395419,11238395418
21474,11238395420,11238395408
21475,11238395420,11238395428
21476,11238395420,11238395378
21477,11238395421,11238395410
21478,11238395421,11238395407
21479,11238395421,11238395422
21480,11238395422,11238395351
21481,11238395422,11238395404
21482,11238395422,11238395423
21483,11238395422,11238395421
21484,11238395423,11238395405
21485,11238395423,11238395402
21486,11238395423,11238395424
21487,11238395423,11238395422
21488,11238395424,11238395418
21489,11238395424,11238395416
21490,11238395424,11238395423
21491,11238395425,11238395347
21492,11238395425,11238395353
21493,11238395425,11238395426
21494,11238395426,11238395399
21495,11238395426,11238395379
21496,11238395426,11238395425
21497,11238395427,11238395403
21498,11238395427,11238395431
21499,11238395427,11238395414
21500,11238395428,4964148406
21501,11238395428,11238395420
21502,11238395428,11238395431
21503,11238395431,11238395427
21504,11238395431,11238395390
21505,11238395431,11238395428
21506,11238395438,11238395345
21507,11238395554,6314118040
21508,11238395554,6314118110
21509,11238395554,11238395608
21510,11238395608,4964148406
21511,11238395608,6314118101
21512,11238395608,11238395554
21513,11246154380,11246154417
21514,11246154380,11246154404
21515,11246154380,11246154406
21516,11246154391,7985204553
21517,11246154391,11246154417
21518,11246154401,7985204540
21519,11246154401,11246154406
21520,11246154402,11246154415
21521,11246154404,11246154380
21522,11246154404,11246154406
21523,11246154404,11246154415
21524,11246154406,11246154401
21525,11246154406,11246154380
21526,11246154406,11246154404
21527,11246154415,11246154402
21528,11246154415,11246154416
21529,11246154415,11246154404
21530,11246154416,11246154417
21531,11246154416,11246154415
21532,11246154416,11246154441
21533,11246154417,11246154380
21534,11246154417,11246154416
21535,11246154417,11246154391
21536,11246154441,11246154442
21537,11246154441,11246154416
21538,11246154442,11246154441
21539,11246154442,12549113302
21540,11250365510,3967070909
21541,11250365510,9926607369
21542,11250365513,11250365515
21543,11250365513,6738078254
21544,11250365514,11250365515
21545,11250365514,11250365515
21546,11250365514,6738078254
21547,11250365515,11250365513
21548,11250365515,11250365516
21549,11250365515,11250365514
21550,11250365515,11250365514
21551,11250365516,4964161607
21552,11250365516,11250365515
21553,11250441167,404596808
21554,11250441169,9709623311
21555,11250441170,8301538035
21556,11250441170,1371263870
21557,11251604843,11251604845
21558,11251604843,9965350487
21559,11251604844,11251604845
21560,11251604844,9965350487
21561,11251604845,9965560144
21562,11251604845,11251604844
21563,11251604845,9965560150
21564,11252949064,9976220573
21565,11252949064,5270420806
21566,11252949065,6325666525
21567,11255181545,3496250085
21568,11255181546,5901876114
21569,11255181546,11255181545
21570,11255181547,11255181546
21571,11255181547,12438042789
21572,11255181552,9911257843
21573,11255181552,11255181553
21574,11255181553,5901876108
21575,11255181553,9906986112
21576,11255181595,3453392772
21577,11255181595,9926607423
21578,11255181596,3453392773
21579,11255181596,2676836402
21580,11255181598,406095950
21581,11255181598,11255181596
21582,11276079035,9965560147
21583,11276079041,3740175343
21584,11276079041,10582582852
21585,11375718752,2191032411
21586,11375718752,11774618469
21587,11378602377,8307444106
21588,11378602382,11378602377
21589,11378602382,11378602383
21590,11378602383,7984059852
21591,11378602383,11202750154
21592,11675699270,11805305840
21593,11702603812,11702603828
21594,11702603828,7915338849
21595,11702603828,8441839341
21596,11702603859,11702603861
21597,11702603859,5913132441
21598,11702603859,11702603860
21599,11702603860,11702603859
21600,11702603861,1179259788
21601,11702603861,11702603859
21602,11760540398,3257101319
21603,11764063093,3256822966
21604,11774618469,11375718752
21605,11802193646,10201821871
21606,11802193653,1282895980
21607,11802193653,11802193654
21608,11802193654,2162487708
21609,11802193654,13202444895
21610,11802193656,11802193657
21611,11802193656,11015490495
21612,11802193657,8847970060
21613,11802193657,12590126754
21614,11802209674,5269995502
21615,11802209674,12590126773
21616,11802209675,11802209674
21617,11805305838,6326466518
21618,11805305838,11805305839
21619,11805305839,665770255
21620,11805305840,11805305841
21621,11805305840,3974449175
21622,11805305841,9969471626
21623,11911783752,11911783763
21624,11911783753,5372384205
21625,11911783753,11911783757
21626,11911783757,1180316591
21627,11911783757,11911783762
21628,11911783762,8300149226
21629,11911783763,9642377698
21630,11911783763,1176788250
21631,11911783765,1176788250
21632,11911783765,11911783762
21633,11911785781,9642377709
21634,11911785781,11911785782
21635,11911785782,2676836407
21636,11911785782,1180316579
21637,11911785801,412477565
21638,11911785801,1180316579
21639,11911785804,412477566
21640,11911785804,412477567
21641,11911785846,2538057014
21642,11939750104,9522809921
21643,11939750104,10175860567
21644,11939750105,11939750104
21645,11968527796,3578758137
21646,11968527796,10048648122
21647,11968527798,10048648122
21648,11978246603,8340524769
21649,11978246603,10048668319
21650,11978246604,11233693795
21651,11978246604,12565738692
21652,11978246605,9040056226
21653,11978246605,11978246620
21654,11978246620,8065677977
21655,11978246620,11978246605
21656,11978246631,9974267955
21657,11978246631,10096876700
21658,11978246635,9974268103
21659,11978246646,6313054772
21660,11978246646,9974268118
21661,11980455301,12473236860
21662,11980455301,12473236860
21663,11980532822,11002943493
21664,11980532822,11980551282
21665,11980532822,11980532847
21666,11980532847,11980532822
21667,11980532847,11980551282
21668,11980532847,11980532848
21669,11980532848,334380312
21670,11980532848,11002943391
21671,11980532848,11980532847
21672,11980551282,11980532822
21673,11980551282,334380318
21674,11980551282,11980532847
21675,12023266202,12023266207
21676,12023266202,12023266203
21677,12023266203,12023266206
21678,12023266204,12023266205
21679,12023266204,2511164628
21680,12023266205,415993004
21681,12023266206,415985177
21682,12023266206,12023266207
21683,12023266207,2511162017
21684,12023266208,12023266205
21685,12023266208,12023266209
21686,12023266209,12023266204
21687,12039496736,7999924259
21688,12039496737,10201821877
21689,12043067733,9969541519
21690,12043067733,12043067736
21691,12043067736,12043067737
21692,12043067736,12044917965
21693,12043067737,7985204566
21694,12043067737,12043067738
21695,12043067738,2839601323
21696,12043067738,2839601072
21697,12044917965,9969492097
21698,12055627549,6313925090
21699,12055627549,412947217
21700,12055627549,3226271565
21701,12055627549,12055627552
21702,12055627552,412947217
21703,12055627552,12055627549
21704,12055627552,12055627566
21705,12055627561,412947215
21706,12055627561,412947208
21707,12055627561,12055627566
21708,12055627566,412947215
21709,12055627566,12055627561
21710,12055627566,12055627552
21711,12055676121,9976508891
21712,12055676121,9974268102
21713,12055676138,9974268102
21714,12055676138,10960157787
21715,12055676139,12055676138
21716,12059609416,9956432619
21717,12059609417,12059609426
21718,12059609426,2191032359
21719,12059609433,13119031622
21720,12059609433,12059609417
21721,12059609434,2511142658
21722,12059609434,12059609435
21723,12059609435,12059609426
21724,12059609436,12059609440
21725,12059609436,12059609437
21726,12059609437,12059609441
21727,12059609438,12059609434
21728,12059609438,12059609439
21729,12059609439,12059609435
21730,12059609440,12059609441
21731,12059609440,2191032716
21732,12059609441,9956336190
21733,12072047538,3562839149
21734,12072047538,5030596324
21735,12072047538,12072047548
21736,12072047542,1943924638
21737,12072047542,12072047543
21738,12072047543,3485524447
21739,12072047547,12072047548
21740,12072047547,3562839149
21741,12072047548,12072047542
21742,12072047548,12072047552
21743,12072047552,5030596329
21744,12072047552,12072047553
21745,12072047552,5030596324
21746,12072047553,5030596330
21747,12072047553,5030596352
21748,12072047553,12072047559
21749,12072047559,1943924564
21750,12072047559,6312425698
21751,12072047559,1943924554
21752,12088349746,3729145916
21753,12088349746,9950414972
21754,12088349757,6313053536
21755,12103116438,10002389972
21756,12103116438,10651999213
21757,12103116627,10068555367
21758,12103116627,10068555365
21759,12103116627,12103116638
21760,12103116638,3881555328
21761,12103116638,12103116627
21762,12103116650,3502591539
21763,12103116728,12662564675
21764,12103116728,9399469318
21765,12103163219,10544104146
21766,12103163219,12103163222
21767,12103163222,12103163219
21768,12103163222,6784841277
21769,12103163222,6314118133
21770,12103163231,12103163241
21771,12103163231,6314118133
21772,12103163231,12103163240
21773,12103163236,12103163241
21774,12103163240,9310096114
21775,12103163240,12103163231
21776,12103163241,12103163231
21777,12103163241,12103163236
21778,12103163241,12103163243
21779,12103163243,10544104154
21780,12103163243,12103163241
21781,12103163259,3881555496
21782,12103163259,12103116650
21783,12135554701,2468521682
21784,12135554701,12135554705
21785,12135554705,9974268108
21786,12135554712,12137855980
21787,12135554713,12135554717
21788,12135554713,12473236914
21789,12135554717,406465633
21790,12135554717,10069475804
21791,12135554728,10069475752
21792,12135554728,6567782077
21793,12135554728,12135554733
21794,12135554729,12137855989
21795,12135554729,12135554733
21796,12135554733,10069475766
21797,12136130565,2476377723
21798,12136130566,2476377728
21799,12136130566,12136130581
21800,12136130574,2476377737
21801,12136130575,12136130576
21802,12136130575,12136130580
21803,12136130576,12136130579
21804,12136130577,12136130578
21805,12136130577,2476377770
21806,12136130578,12136130574
21807,12136130579,12136130580
21808,12136130579,2191032926
21809,12136130580,12136130565
21810,12136130581,12136130582
21811,12136130581,12136130578
21812,12136130582,12136130577
21813,12136130583,9043486950
21814,12136130583,3740174915
21815,12136158709,10069475795
21816,12136158709,406465633
21817,12137855980,8948697012
21818,12137855980,10069475760
21819,12137855989,12135554701
21820,12137855991,10069475750
21821,12137855991,8948697012
21822,12137856000,12473236965
21823,12137886902,412489572
21824,12137886902,7981297360
21825,12137886902,3969014176
21826,12141249843,2477339374
21827,12141249843,12141249845
21828,12141249843,9987353742
21829,12141249844,12141249845
21830,12141249844,9906861923
21831,12141249845,12141249843
21832,12141249845,12141249844
21833,12141249845,9907063672
21834,12141249849,9977337408
21835,12141249854,9031359829
21836,12141249854,3969278721
21837,12148328525,12148328526
21838,12148328526,5471154574
21839,12148328526,12148328527
21840,12148328527,3967026763
21841,12148328527,12148328529
21842,12148328529,3881555457
21843,12148328529,12148328530
21844,12148328530,9992107844
21845,12148328530,12148328531
21846,12148328531,9992114595
21847,12148328531,12148328532
21848,12148328532,3967044180
21849,12151598256,9891032861
21850,12151598256,12151598274
21851,12151598263,6326298055
21852,12151598263,12151598268
21853,12151598268,9021497733
21854,12151598268,6326297927
21855,12151598274,9952188333
21856,12151598274,10262345849
21857,12153686367,9031359832
21858,12153686367,12153686384
21859,12153686378,412727860
21860,12153686378,12153686379
21861,12153686378,412727857
21862,12153686379,12153686380
21863,12153686379,6326297441
21864,12153686380,12153686381
21865,12153686380,6326297440
21866,12153686381,412728330
21867,12153686381,12153686382
21868,12153686382,1943924992
21869,12153686382,12153686383
21870,12153686383,12153686384
21871,12153686383,9031359832
21872,12153686384,6326297407
21873,12159404962,1170839367
21874,12159404962,3053557552
21875,12159404963,2504889858
21876,12177809557,9918250940
21877,12177809557,6811549416
21878,12177809557,9922650303
21879,12177816698,6313177607
21880,12177816698,12177816706
21881,12177816706,9709623317
21882,12178313873,12178313893
21883,12178313873,12178313882
21884,12178313882,9967102147
21885,12178313883,12178313882
21886,12178313883,12178313893
21887,12178313893,10031973017
21888,12178314433,12178314452
21889,12178314433,12178314442
21890,12178314442,9967102019
21891,12178314443,12178314442
21892,12178314443,12178314452
21893,12178314452,9967102077
21894,12178314567,2471025533
21895,12178314567,12178314578
21896,12178314578,9966105466
21897,12178314579,6313519446
21898,12178314579,12178314588
21899,12178314588,6313586005
21900,12178382301,3520797772
21901,12178382301,12178382312
21902,12178382312,3520797772
21903,12178382312,12178382337
21904,12178382312,12178382315
21905,12178382315,2191032893
21906,12178382326,12178382312
21907,12178382326,12178382337
21908,12178382337,3520797777
21909,12185803773,403349484
21910,12185803773,8925923326
21911,12186318952,12186318953
21912,12186318953,9999999154
21913,12186318953,10965597355
21914,12192144284,8933180682
21915,12192144291,8933180679
21916,12192144291,8933180682
21917,12192144291,8933180681
21918,12216232916,403220285
21919,12216232919,3485522074
21920,12216232919,12216232933
21921,12216232933,3485520887
21922,12216232934,2476377971
21923,12216232934,12216232938
21924,12216232938,9906861920
21925,12227874736,6312425142
21926,12227874740,12227874736
21927,12227874740,334305013
21928,12229415748,10963651865
21929,12229415748,12229415749
21930,12229415749,10963651868
21931,12229415749,12229415750
21932,12229415749,12229415748
21933,12229415750,12229415751
21934,12229415750,12229415749
21935,12229415750,9043486952
21936,12229415751,12229415750
21937,12229415751,10067423295
21938,12231823693,12231850909
21939,12231850909,6068385118
21940,12231850909,9950574300
21941,12231850909,12231823693
21942,12238489693,12238489695
21943,12238489695,12238489696
21944,12238489695,12238489699
21945,12238489695,12238489693
21946,12238489696,12238489695
21947,12238489696,3881555453
21948,12238489697,12238489699
21949,12238489698,12238489696
21950,12238489698,12238489699
21951,12238489699,12238489698
21952,12238489699,12238489697
21953,12238489699,12238489695
21954,12241697753,12485469085
21955,12241697878,6313055281
21956,12241697879,6313055281
21957,12241697879,6313055292
21958,12241697879,12429467299
21959,12254590690,12254590692
21960,12254590690,12254590715
21961,12254590690,12254590723
21962,12254590692,12254590709
21963,12254590692,12254590690
21964,12254590692,12254590741
21965,12254590697,12254590699
21966,12254590697,12254590735
21967,12254590697,12254590734
21968,12254590697,12254590720
21969,12254590699,12254590714
21970,12254590699,12254590697
21971,12254590701,12254590739
21972,12254590701,12254590704
21973,12254590701,12254590706
21974,12254590704,12254590714
21975,12254590704,12254590713
21976,12254590704,12254590701
21977,12254590706,12254590707
21978,12254590706,12254590712
21979,12254590706,12254590701
21980,12254590706,12254590740
21981,12254590707,12254590741
21982,12254590707,12254590706
21983,12254590707,12254590716
21984,12254590709,12254590721
21985,12254590709,12254590692
21986,12254590709,12254590731
21987,12254590712,12254590713
21988,12254590712,12254590706
21989,12254590712,12254590716
21990,12254590713,12254590704
21991,12254590713,12254590712
21992,12254590713,12254590743
21993,12254590714,12254590704
21994,12254590715,12254590716
21995,12254590715,12254590690
21996,12254590716,12254590715
21997,12254590716,12254590712
21998,12254590716,12254590707
21999,12254590720,12254590721
22000,12254590720,12254590697
22001,12254590720,12254590725
22002,12254590721,12254590720
22003,12254590721,12254590735
22004,12254590721,12254590709
22005,12254590722,10012857584
22006,12254590722,12254590723
22007,12254590723,12254590722
22008,12254590723,12254590725
22009,12254590723,12254590690
22010,12254590725,12254590723
22011,12254590725,12254590720
22012,12254590725,12254590730
22013,12254590730,12254590725
22014,12254590731,12254590740
22015,12254590731,12254590709
22016,12254590731,12254590737
22017,12254590734,12254590739
22018,12254590734,12254590697
22019,12254590734,12254590737
22020,12254590735,12254590697
22021,12254590735,12254590721
22022,12254590735,12254590737
22023,12254590737,12254590738
22024,12254590737,12254590734
22025,12254590737,12254590731
22026,12254590737,12254590735
22027,12254590738,12254590739
22028,12254590738,12254590737
22029,12254590738,12254590740
22030,12254590739,12254590701
22031,12254590739,12254590734
22032,12254590739,12254590738
22033,12254590740,12254590731
22034,12254590740,12254590741
22035,12254590740,12254590738
22036,12254590740,12254590706
22037,12254590741,12254590707
22038,12254590741,12254590740
22039,12254590741,12254590692
22040,12254590743,12254590713
22041,12255865962,12662564618
22042,12255865962,12255865961
22043,12255865966,10068555358
22044,12255865966,12255865969
22045,12255865969,2471042468
22046,12269408687,403207346
22047,12269408687,3485522075
22048,12269414453,2476377733
22049,12269414453,2191032251
22050,12397448180,9969471587
22051,12397448180,9969471594
22052,12397448180,9969471593
22053,12397448180,9969471590
22054,12426981322,12426981325
22055,12426981322,12426981325
22056,12426981322,414093211
22057,12426981325,414093226
22058,12426981325,12426981322
22059,12426981325,12426981322
22060,12429467299,12241697879
22061,12429519987,12429519990
22062,12429519987,6313055231
22063,12429519987,6313055241
22064,12429519988,2473537483
22065,12429519988,12429519991
22066,12429519988,12429519992
22067,12429519989,2473537483
22068,12429519989,6313055241
22069,12429519989,12429519990
22070,12429519990,12429519991
22071,12429519990,12429519987
22072,12429519990,12429519989
22073,12429519991,12429519988
22074,12429519991,12429519990
22075,12429519991,12429519992
22076,12429519992,6313055231
22077,12429519992,12429519991
22078,12429519992,12429519988
22079,12429520001,12429520006
22080,12429520002,12429520007
22081,12429520002,2473537426
22082,12429520002,12429520004
22083,12429520002,12429520012
22084,12429520004,12429520006
22085,12429520004,12429520002
22086,12429520004,12429520026
22087,12429520006,12429520008
22088,12429520006,12429520001
22089,12429520006,12429520004
22090,12429520007,12429520009
22091,12429520007,12429520002
22092,12429520007,12429520008
22093,12429520008,12429520010
22094,12429520008,12429520006
22095,12429520008,12429520007
22096,12429520009,12429520011
22097,12429520009,12429520007
22098,12429520009,12429520010
22099,12429520010,12429520008
22100,12429520010,12429520009
22101,12429520010,12429520011
22102,12429520011,12429520009
22103,12429520011,6313055241
22104,12429520011,12429520010
22105,12429520012,12429520002
22106,12429520015,12429520026
22107,12429520020,12429520026
22108,12429520026,12429520020
22109,12429520026,12429520015
22110,12429520026,12429520004
22111,12429520027,12429520028
22112,12429520028,12429520029
22113,12429520028,12429520027
22114,12429520028,12429520034
22115,12429520029,12429520028
22116,12429520031,10251421332
22117,12429520031,12429520034
22118,12429520031,12429520042
22119,12429520031,12429520040
22120,12429520032,12429520034
22121,12429520034,12429520031
22122,12429520034,12429520028
22123,12429520034,12429520038
22124,12429520034,12429520032
22125,12429520038,12429520034
22126,12429520040,12429520031
22127,12429520042,12429520031
22128,12429520044,12429520046
22129,12429520046,10251421332
22130,12429520046,10251421321
22131,12429520046,12429520044
22132,12438042787,12438042788
22133,12438042787,9911257841
22134,12438042787,12438042789
22135,12438042788,9911257847
22136,12438042788,12438042787
22137,12438042788,9982785619
22138,12438042789,9911257847
22139,12438042789,12438042787
22140,12438097700,9709333188
22141,12438105631,12438105632
22142,12438105631,3050127698
22143,12438105631,3496250085
22144,12438105632,6768741930
22145,12438105632,6768741932
22146,12438105632,12438105633
22147,12438105632,12438105631
22148,12438105633,9709333187
22149,12438105633,12438105632
22150,12438729322,12438729333
22151,12438729322,12438729333
22152,12438729333,12438729344
22153,12438729333,9975307911
22154,12438729344,9982916184
22155,12453601996,12453601997
22156,12453601997,12453633003
22157,12453601997,10257626753
22158,12453633002,12453601996
22159,12453633002,12453633003
22160,12453633003,10980365615
22161,12453633005,9974268081
22162,12453633005,12453633006
22163,12453633006,9974268073
22164,12473223085,12473223087
22165,12473223087,9974267955
22166,12473223087,9950574232
22167,12473223087,12473223085
22168,12473223088,10069475758
22169,12473223088,12473223092
22170,12473223092,12473223088
22171,12473236860,12136158709
22172,12473236888,12473236933
22173,12473236905,10069503833
22174,12473236905,12473236914
22175,12473236914,12473236933
22176,12473236917,12545522366
22177,12473236917,12473236964
22178,12473236933,401285557
22179,12473236962,12473236963
22180,12473236962,12453601996
22181,12473236963,9974268059
22182,12473236964,12473236965
22183,12473236964,12473236963
22184,12473236965,12473236962
22185,12473237059,12473237060
22186,12473237059,9992107804
22187,12473237060,12473237059
22188,12473257404,10069475812
22189,12473257404,12473257412
22190,12473257412,12473257404
22191,12477063242,10202423488
22192,12477063242,7994808853
22193,12477063247,13245403180
22194,12482390723,7994808841
22195,12482390723,3826288374
22196,12485440085,8346268012
22197,12485440085,9310096057
22198,12485440093,3740175250
22199,12485440098,12485440099
22200,12485440098,12485440093
22201,12485440099,9043486924
22202,12485469076,12485469079
22203,12485469076,12485469077
22204,12485469076,12485469081
22205,12485469077,12485469076
22206,12485469077,12485469080
22207,12485469077,12485469079
22208,12485469079,8957078288
22209,12485469079,12485469076
22210,12485469079,12485469077
22211,12485469080,12485469081
22212,12485469080,12485469077
22213,12485469080,12485469082
22214,12485469081,9934252122
22215,12485469081,12485469080
22216,12485469081,12485469076
22217,12485469082,12485469080
22218,12485469083,12485469086
22219,12485469083,9934875752
22220,12485469083,12485469085
22221,12485469085,12485469086
22222,12485469085,12241697753
22223,12485469085,12485469083
22224,12485469086,9934252122
22225,12485469086,12485469083
22226,12485469086,12485469085
22227,12485469087,9934875728
22228,12485840711,9934252105
22229,12497698577,12497698578
22230,12497698578,9938402319
22231,12497698578,9969471751
22232,12543276079,9991832625
22233,12543276079,9991832626
22234,12545522332,7981297371
22235,12545522332,12545522364
22236,12545522332,12545522365
22237,12545522362,12473236888
22238,12545522362,12545522365
22239,12545522364,7981297372
22240,12545522364,12545522332
22241,12545522364,2504876335
22242,12545522365,12545522362
22243,12545522365,12545522364
22244,12545522365,12545522332
22245,12545522366,12473236888
22246,12545522366,12545522365
22247,12545522380,9975278215
22248,12545522380,12545522381
22249,12545522381,3969014190
22250,12545522381,9048025260
22251,12549113302,11246154442
22252,12549113304,9969232374
22253,12549113304,9969232384
22254,12558385277,412774901
22255,12558385277,9977337404
22256,12558454609,2476377976
22257,12558454609,12558385277
22258,12558454617,12558454609
22259,12558454617,12558454609
22260,12558454673,12558454674
22261,12558454673,12558454675
22262,12558454674,12558454675
22263,12558454674,412775809
22264,12558454675,12558454674
22265,12558454675,406513848
22266,12558454675,2511551299
22267,12558454676,12558454677
22268,12558454676,12558454767
22269,12558454677,2511551315
22270,12558454677,12558454680
22271,12558454680,12558454681
22272,12558454680,412775809
22273,12558454681,2511551315
22274,12558454681,12558454682
22275,12558454681,12558454680
22276,12558454682,12558454681
22277,12558454695,6327768515
22278,12558454695,12558454727
22279,12558454727,12558454676
22280,12558454748,9906858675
22281,12558454748,12558454695
22282,12558454757,6327906290
22283,12558454757,12558454758
22284,12558454758,2504889856
22285,12558454758,12558454790
22286,12558454763,9061998515
22287,12558454763,12558454757
22288,12558454764,12558454763
22289,12558454765,12558454764
22290,12558454767,5898135937
22291,12558454767,12558454765
22292,12558454789,9062045361
22293,12558454790,12558454789
22294,12558454790,2504889846
22295,12558454795,1170839444
22296,12558454795,12558454790
22297,12558988219,9642377692
22298,12558988220,12558988221
22299,12558988220,3881555368
22300,12558988221,12558988227
22301,12558988221,9991875523
22302,12558988227,12558988234
22303,12558988227,7999924253
22304,12558988234,9991875526
22305,12558988234,9975307843
22306,12565738604,12565738624
22307,12565738604,12565738650
22308,12565738604,414093187
22309,12565738613,12565738647
22310,12565738613,12565738649
22311,12565738613,12565738645
22312,12565738616,12565738620
22313,12565738616,12565738647
22314,12565738616,12565738644
22315,12565738619,12565738620
22316,12565738619,414093196
22317,12565738619,12565738650
22318,12565738620,12565738619
22319,12565738620,12565738616
22320,12565738620,12565738624
22321,12565738624,12565738604
22322,12565738624,12565738649
22323,12565738624,12565738620
22324,12565738637,414093206
22325,12565738637,414093196
22326,12565738637,12565738644
22327,12565738644,12565738637
22328,12565738644,12565738645
22329,12565738644,12565738616
22330,12565738645,12565738644
22331,12565738645,12565738613
22332,12565738645,12565738647
22333,12565738647,12565738613
22334,12565738647,12565738616
22335,12565738647,12565738649
22336,12565738647,12565738645
22337,12565738649,12565738613
22338,12565738649,12565738624
22339,12565738649,12565738647
22340,12565738650,12565738619
22341,12565738650,12565738604
22342,12565738650,12565738653
22343,12565738653,12565738668
22344,12565738653,12565738650
22345,12565738653,12565738663
22346,12565738661,12565738663
22347,12565738661,12565738668
22348,12565738661,12565738668
22349,12565738663,414093196
22350,12565738663,12565738661
22351,12565738663,12565738653
22352,12565738668,12565738661
22353,12565738668,12565738661
22354,12565738668,12565738653
22355,12565738692,11978246604
22356,12565738692,8340524769
22357,12565738692,11978246603
22358,12565739855,9974267922
22359,12565739855,9974267919
22360,12565739855,9040056226
22361,12565739933,8624030759
22362,12565739933,12565739935
22363,12565739935,2477332817
22364,12565739935,9974267921
22365,12565740102,7478945673
22366,12565740102,8090739187
22367,12565740111,12565740102
22368,12565740111,9974259073
22369,12565740112,6625268752
22370,12565740113,3226271717
22371,12565740113,12565740124
22372,12565740124,7478945662
22373,12565740125,10048642497
22374,12565740125,10048642500
22375,12565740125,10048642498
22376,12565740294,11184290616
22377,12573826413,9991832631
22378,12573826413,12573826414
22379,12573826414,12573826413
22380,12573826414,8649285434
22381,12574312138,4361620950
22382,12574312141,12574312142
22383,12574312142,4361619972
22384,12574312142,12574312145
22385,12574312145,4361619972
22386,12574312145,2477431530
22387,12574312145,12574312152
22388,12574312145,12574312142
22389,12574312152,12574312145
22390,12574312190,12574312191
22391,12574312190,11005652398
22392,12574312190,11005652397
22393,12574312191,12992193967
22394,12574312191,11005652392
22395,12574312191,11005652396
22396,12590126744,8847974429
22397,12590126744,12590126749
22398,12590126749,11802193656
22399,12590126750,2162487716
22400,12590126750,12590126754
22401,12590126754,11802193653
22402,12590126773,12590126774
22403,12590126774,8847974429
22404,12590126777,9891032871
22405,12590126777,9952188341
22406,12590126788,1943925041
22407,12590126788,12590126798
22408,12590126798,11805305839
22409,12620877436,6326298341
22410,12620877436,12620877445
22411,12620877445,9884534459
22412,12620890104,2162487706
22413,12623517525,8301538026
22414,12623517525,12623517537
22415,12623517537,403365627
22416,12625815853,6313519921
22417,12625815853,12625815887
22418,12625815887,9967102132
22419,12625815887,12625815853
22420,12660037081,9968289769
22421,12660037081,9967768327
22422,12660037083,12660037081
22423,12660037083,13345634574
22424,12662547896,12662547898
22425,12662547898,12662547899
22426,12662547898,12662547896
22427,12662547898,12662564501
22428,12662547899,12662547898
22429,12662564501,8416735849
22430,12662564501,12662547898
22431,12662564583,12255865969
22432,12662564583,12662564599
22433,12662564599,12662564583
22434,12662564607,2473607925
22435,12662564607,12662564608
22436,12662564608,12662564625
22437,12662564608,12662564607
22438,12662564608,12662564611
22439,12662564610,12662564611
22440,12662564610,12662564613
22441,12662564610,12662564625
22442,12662564611,12662564612
22443,12662564611,12662564610
22444,12662564611,12662564608
22445,12662564612,12662564611
22446,12662564612,3966716382
22447,12662564612,12662564613
22448,12662564613,12662564610
22449,12662564613,12662564612
22450,12662564613,12662564619
22451,12662564613,12662564624
22452,12662564618,12662564624
22453,12662564618,3966716359
22454,12662564619,12662564613
22455,12662564619,3966716359
22456,12662564619,12662564624
22457,12662564624,12662564618
22458,12662564624,12662564613
22459,12662564624,12662564619
22460,12662564625,12662564608
22461,12662564625,12662564610
22462,12662564625,12662564628
22463,12662564628,12662564629
22464,12662564628,12662564625
22465,12662564628,12662564635
22466,12662564629,12662564607
22467,12662564629,12662564628
22468,12662564635,12662564629
22469,12662564635,12662564628
22470,12662564675,6312786718
22471,12662564676,12662564678
22472,12662564676,12662564681
22473,12662564677,8082873428
22474,12662564678,8301725125
22475,12662564681,12662564685
22476,12662564681,12485606656
22477,12662564683,12662564678
22478,12662564683,12662564681
22479,12662564684,12662564683
22480,12662564684,5905841121
22481,12662564685,12662564684
22482,12662564685,12662564677
22483,12662564686,12662564685
22484,12662663931,13245403189
22485,12662663933,11978246646
22486,12662663933,13245403188
22487,12662663934,8204307299
22488,12662663934,12662663933
22489,12662663949,11978246635
22490,12662663949,12662663934
22491,12807888025,9969492110
22492,12807888025,9969492114
22493,12807888026,12807888025
22494,12855404890,5286523606
22495,12855404890,12855404892
22496,12855404892,12855404893
22497,12855404892,6324987065
22498,12855404893,5725800556
22499,12855404893,5725800556
22500,12855404952,9969471734
22501,12855404952,12855404953
22502,12855404953,7878039441
22503,12855404953,12855404954
22504,12855404954,9938353427
22505,12855404955,9969471714
22506,12855404955,12855404952
22507,12855404956,12855404955
22508,12855404956,9938353425
22509,12855411391,12855411392
22510,12855411392,7985204328
22511,12855411392,12855411391
22512,12860353624,12860353626
22513,12860353626,2168469831
22514,12860353626,12860353624
22515,13001229327,1177761300
22516,13001229327,6327768776
22517,13001229327,13001229409
22518,13001229340,8463470197
22519,13001229340,2839601141
22520,13001229340,3480430919
22521,13001229344,5636738652
22522,13001229345,8463470197
22523,13001229409,13001229327
22524,13009316797,10069475757
22525,13009316797,9974259069
22526,13084175519,8153217090
22527,13084175519,9969492089
22528,13084175526,8153217090
22529,13084175526,8153217089
22530,13084175526,13084175519
22531,13084175534,9938301801
22532,13084175534,13084175526
22533,13084175535,13084175534
22534,13084175535,7477947891
22535,13084175537,9884534504
22536,13084175538,9938301812
22537,13084175538,13084175537
22538,13084175539,7878037176
22539,13084175539,13084175538
22540,13084175541,7878037182
22541,13084175541,7878037177
22542,13084175541,13084175539
22543,13084175542,7878037183
22544,13084175542,7878037178
22545,13084175542,13084175541
22546,13084175544,9938353438
22547,13084175544,13084175542
22548,13084175545,7878037179
22549,13084175545,13084175544
22550,13084175547,1943925078
22551,13084175547,13084175545
22552,13084175606,7477947911
22553,13084175607,9938306026
22554,13084175607,13084175606
22555,13084175608,13084175607
22556,13084175608,9938301802
22557,13084175609,9938352899
22558,13084175609,7878037177
22559,13084175609,13084175608
22560,13084175610,7878037178
22561,13084175610,10979361385
22562,13084175610,13084175609
22563,13084175611,9938353437
22564,13084175611,13084175610
22565,13084175612,9938352913
22566,13084175612,13084175611
22567,13084175613,9938301784
22568,13084175613,13084175612
22569,13084175614,9938352915
22570,13084175614,13084175613
22571,13084175615,1943925091
22572,13084175615,13084175614
22573,13118996869,13118996873
22574,13118996870,13118996871
22575,13118996871,13118996869
22576,13118996871,13118996872
22577,13118996872,2468972465
22578,13118996872,10739951695
22579,13118996873,2468972473
22580,13118996873,13118996874
22581,13118996874,13118996875
22582,13118996875,2468972421
22583,13118996875,13118996876
22584,13118996876,9959159137
22585,13119031587,10048872867
22586,13119031587,9965560266
22587,13119031588,13119031587
22588,13119031589,13119031587
22589,13119031589,13119031590
22590,13119031603,13119031604
22591,13119031604,2471042444
22592,13119031604,13119031603
22593,13119031622,9956432619
22594,13119031622,12059609417
22595,13119031623,2511142648
22596,13119031623,13119031622
22597,13142248868,8441839353
22598,13142248870,13142248868
22599,13142248870,13142248868
22600,13142248871,13142248874
22601,13142248871,13142248874
22602,13142248874,7915338823
22603,13142248879,5905841115
22604,13142248879,13142248881
22605,13142248881,7988056398
22606,13142248881,13142248879
22607,13200715711,9969471766
22608,13200715711,9969492096
22609,13202416557,13202416560
22610,13202416557,2473485243
22611,13202416560,13202416557
22612,13202416560,2473485237
22613,13202416560,11127346216
22614,13202416587,5269995809
22615,13202416587,13202416598
22616,13202416598,9974268027
22617,13202416600,9048024335
22618,13202416602,13202416600
22619,13202416602,13202416600
22620,13202444887,2162487719
22621,13202444887,13202444895
22622,13202444895,11802193646
22623,13202444896,5269995503
22624,13202444896,13202450201
22625,13202450201,11802209675
22626,13202450202,11005652390
22627,13202450202,9886568397
22628,13208574083,13208574084
22629,13208574083,1943923741
22630,13208574084,13208574083
22631,13208749550,10068555368
22632,13208749550,10068555365
22633,13208749550,13208749551
22634,13208749551,7999848523
22635,13208749551,13208749550
22636,13230494211,7828101846
22637,13230494211,2511162050
22638,13245403179,13245403180
22639,13245403179,9950574232
22640,13245403179,12055676115
22641,13245403180,13245403179
22642,13245403180,9950574263
22643,13245403180,12055676121
22644,13245403185,6313054776
22645,13245403185,6313054781
22646,13245403186,13245403185
22647,13245403187,9974268117
22648,13245403187,13245403194
22649,13245403188,12662663931
22650,13245403188,13245403187
22651,13245403189,11978246646
22652,13245403189,13245403188
22653,13245403190,9974268113
22654,13245403190,13245403186
22655,13245403192,9974268117
22656,13245403192,13245403194
22657,13245403193,6313054777
22658,13245403193,13245403192
22659,13245403194,13245403190
22660,13245403194,13245403195
22661,13245403195,8204307298
22662,13245403195,8204307298
22663,13267041384,9991832629
22664,13267041384,13267041416
22665,13267041416,13267041384
22666,13267041416,13267041434
22667,13267041423,13267041416
22668,13267041423,6313053523
22669,13267041434,13267041423
22670,13267041434,6313053510
22671,13270507960,13270507961
22672,13270507960,2473434485
22673,13270507961,2473432303
22674,13270507965,2473432137
22675,13270507965,13270507960
22676,13274003709,403207351
22677,13274003709,13274003735
22678,13274003735,3485520887
22679,13274003736,1943924419
22680,13274003736,13274003754
22681,13274003754,3626369872
22682,13274154933,1943923910
22683,13274154933,9999999154
22684,13274154933,9115854878
22685,13275543893,9043417205
22686,13275543893,13275543896
22687,13275543896,9037857968
22688,13275605983,6313055059
22689,13279621287,1943923806
22690,13279621287,1943924305
22691,13279621287,6312425990
22692,13279751061,13279751065
22693,13279751061,13279751080
22694,13279751061,13279751073
22695,13279751065,10554956234
22696,13279751065,13279751073
22697,13279751065,9663342123
22698,13279751065,13279751061
22699,13279751072,9663342123
22700,13279751073,418805147
22701,13279751073,13279751065
22702,13279751073,13279751061
22703,13279751080,9663342114
22704,13279751080,418805076
22705,13279751080,13279751061
22706,13305918219,1179260068
22707,13305918219,6619045810
22708,13307625637,403313330
22709,13307625637,8299978153
22710,13307625640,3046359153
22711,13307625640,8299978187
22712,13307625650,8414754184
22713,13307970312,1171848351
22714,13307970312,493138058
22715,13307970313,13307970312
22716,13307970313,406135445
22717,13308453653,7788691963
22718,13308453653,13308453654
22719,13308453653,9975307884
22720,13308453654,13308453653
22721,13308453654,6649961332
22722,13308453654,9975307906
22723,13333923893,9916569964
22724,13333923893,1171848360
22725,13333923894,13333923893
22726,13333923894,6633198146
22727,13340582087,13340582095
22728,13340582087,13340582104
22729,13340582095,3966711151
22730,13340582095,13340582087
22731,13340582104,13340582087
22732,13345634562,2191032679
22733,13345634562,719127916
22734,13345634564,2470793093
22735,13345634564,13345634565
22736,13345634565,8859359223
22737,13345634565,2168469709
22738,13345634570,13345634571
22739,13345634570,13345634571
22740,13345634571,1282895928
22741,13345634571,2468976096
22742,13345634572,1282895973
22743,13345634572,719127405
22744,13345634573,13345634574
22745,13345634573,12660037081
22746,13345634574,1282895906
22747,13345634574,13345634570
