node_id,longitude,latitude
334304113,126.614024,45.7294837
334304160,126.5912057,45.7640134
334304164,126.5966623,45.7598017
334304432,126.5855366,45.7555272
334304433,126.5894387,45.7569239
334304434,126.590751,45.757342
334304444,126.5997244,45.7658921
334304448,126.6090286,45.7643501
334305011,126.586454,45.7601284
334305013,126.5673802,45.7745084
334324836,126.5754799,45.7794925
334325326,126.5462375,45.8054978
334325330,126.5460018,45.8040684
334358674,126.6304247,45.7581548
334360322,126.5886763,45.7610245
334360329,126.5979289,45.7715785
334360330,126.6014737,45.7734653
334360334,126.6064092,45.7751999
334360338,126.614856,45.7770781
334360339,126.6166855,45.7772245
334360341,126.6195419,45.7775525
334360358,126.635064,45.7850853
334360359,126.6373601,45.785767
334360363,126.64293,45.7880541
334360364,126.644313,45.7887977
334360370,126.6756363,45.7984148
334360391,126.7040298,45.7503551
334360403,126.6713592,45.7246624
334363415,126.7814054,45.7858719
334363416,126.7790488,45.7864922
334363420,126.7635076,45.7856946
334363433,126.730937,45.7905009
334363442,126.6720659,45.7825852
334363443,126.6608333,45.7723933
334369611,126.5478885,45.7989376
334380061,126.737484,45.8337966
334380065,126.7247696,45.8285106
334380072,126.7235527,45.8226886
334380074,126.7229292,45.818504
334380078,126.7067538,45.7973617
334380312,126.7511968,45.8149606
334380318,126.7693217,45.8021234
334380319,126.7742755,45.7995392
334650460,126.646898,45.7881
334650461,126.6485641,45.7886006
334650462,126.6502445,45.7891056
334650463,126.6519503,45.7896182
334650465,126.6555538,45.7907009
334650466,126.6575611,45.7913041
334650533,126.6476006,45.7869718
334650534,126.6486835,45.785192
334650535,126.6490725,45.784579
334650536,126.6494764,45.7846996
334650537,126.6502976,45.7833575
334650553,126.645904,45.7864285
334650576,126.6481866,45.7826997
335579308,126.6142827,45.6751301
338475997,126.7532503,45.7736268
338476001,126.7755649,45.7763507
401256780,126.6998907,45.7682331
401256897,126.700302,45.7662923
401256955,126.7020654,45.7674337
401257628,126.7061874,45.7678283
401257629,126.7048458,45.7676926
401257632,126.6955279,45.7665579
401257634,126.6936827,45.7663155
401257636,126.6866445,45.7654712
401257637,126.6797462,45.7646053
401257640,126.6687465,45.7632815
401257641,126.6664972,45.7630126
401284763,126.6619562,45.7692245
401284764,126.6619385,45.770388
401284787,126.6604358,45.7722095
401285165,126.6615662,45.770344
401285241,126.6644051,45.7724512
401285243,126.6696174,45.7725357
401285245,126.6845181,45.7731863
401285414,126.694621,45.7898391
401285557,126.7232694,45.7699616
402990784,126.6993233,45.7308564
402993318,126.697026,45.7300977
402993698,126.691433,45.728822
402996797,126.6756236,45.7254283
403003332,126.6580743,45.7131287
403004953,126.6672203,45.7099466
403022992,126.6417127,45.7185053
403025835,126.6229816,45.7262408
403033004,126.631488,45.7231795
403108046,126.6285485,45.7241851
403108049,126.6303411,45.7235476
403108246,126.6232538,45.725996
403108436,126.6235164,45.7263974
403108469,126.6289449,45.7241708
403108897,126.6147791,45.7290873
403110622,126.6037994,45.7330694
403112426,126.6097184,45.7311011
403112428,126.6094829,45.7307747
403112763,126.6117383,45.7336149
403113540,126.6116114,45.7336557
403113836,126.6075643,45.7278712
403114153,126.6077768,45.7278523
403115117,126.5873209,45.7393943
403115120,126.598109,45.7352659
403115590,126.587453,45.7395115
403115591,126.5981857,45.7353587
403118301,126.5856035,45.7436358
403119514,126.5914887,45.7563863
403120629,126.5890505,45.7596353
403124269,126.5882561,45.7584711
403199658,126.5880102,45.7583821
403207346,126.5889878,45.7609848
403207351,126.5889506,45.7597824
403208780,126.5914134,45.7639257
403211221,126.5927692,45.7520918
403211225,126.5926523,45.7524151
403211238,126.5904652,45.7554301
403213442,126.5979992,45.7500002
403213446,126.59563,45.7509586
403213449,126.5948377,45.7512955
403214906,126.5811001,45.752254
403214911,126.585332,45.7554664
403220285,126.5855931,45.7595522
403222071,126.589159,45.7568204
403222072,126.5902224,45.7553435
403222076,126.5912452,45.7539632
403222079,126.5925145,45.7522452
403222083,126.5955658,45.7508824
403222084,126.5979355,45.7499363
403222927,126.6046164,45.7468842
403222930,126.6067724,45.7458545
403226219,126.5934254,45.7662244
403226224,126.5980201,45.7714162
403227045,126.5981123,45.7714971
403227047,126.6015972,45.773354
403227051,126.6033746,45.7741859
403227059,126.6041835,45.7744047
403228431,126.6064906,45.7750555
403228445,126.6148844,45.7769519
403228450,126.6195901,45.7773863
403230602,126.6296868,45.783005
403234915,126.6399753,45.7865401
403237683,126.6444487,45.7886667
403237761,126.6350852,45.7849641
403237764,126.6374748,45.7856432
403237766,126.6392885,45.786149
403237773,126.6430612,45.7879653
403241527,126.6014952,45.7700788
403241530,126.5995379,45.7708568
403245438,126.6177209,45.7737149
403245444,126.6222853,45.774657
403247399,126.6040456,45.7691753
403247403,126.6052924,45.7687392
403247407,126.6065779,45.7682896
403247411,126.6078817,45.7678335
403247415,126.6091842,45.7673779
403247425,126.6107101,45.7668481
403247433,126.6123195,45.7662892
403251665,126.6148452,45.7645525
403251671,126.6163444,45.7649336
403251675,126.6137943,45.7627995
403251678,126.6125066,45.7609979
403251682,126.6101438,45.7577888
403255680,126.6223955,45.7464149
403258233,126.6124694,45.7522817
403276223,126.6373199,45.7378878
403276724,126.6415328,45.7371887
403278101,126.6392769,45.7341629
403279006,126.6425455,45.737803
403282173,126.6395931,45.73532
403282179,126.641157,45.7367863
403300835,126.6452466,45.7367389
403300959,126.6529199,45.734204
403302313,126.6487074,45.7417472
403302708,126.6494068,45.7414186
403302711,126.6498111,45.7415069
403302714,126.6499818,45.7416211
403304199,126.6326401,45.7253736
403304724,126.6370722,45.7318343
403306019,126.6349173,45.7292459
403306020,126.6345643,45.7290157
403306021,126.6321123,45.7255772
403306022,126.6311492,45.7242392
403306332,126.6368792,45.731903
403308900,126.6372505,45.7378199
403310827,126.6358853,45.7309256
403313330,126.6351701,45.7291437
403313444,126.6353756,45.7290637
403313612,126.6365521,45.7306883
403314521,126.6316863,45.7240659
403316635,126.6304841,45.7239486
403316636,126.6287919,45.7245414
403328069,126.6119536,45.7342384
403329681,126.612335,45.7343612
403330174,126.6072382,45.7274243
403330684,126.6074486,45.7273518
403345544,126.60638,45.7261706
403345546,126.6049723,45.7241749
403345548,126.6034838,45.7220938
403349464,126.6050786,45.7161291
403349466,126.6058104,45.7129404
403349469,126.6064932,45.7098886
403349477,126.6096123,45.695438
403349484,126.611874,45.6850128
403351241,126.6067642,45.7099139
403351255,126.6037692,45.722009
403354002,126.6057631,45.7213324
403357856,126.6013829,45.7228019
403357859,126.5988404,45.7236589
403357864,126.5973099,45.7244621
403357877,126.5903091,45.7284007
403357880,126.5895338,45.7289896
403357889,126.581481,45.7351327
403359260,126.5832517,45.7408884
403359263,126.5834612,45.7410755
403361489,126.594794,45.7465531
403361492,126.5923716,45.7439794
403361495,126.5909835,45.7425039
403361498,126.5908276,45.7423265
403361521,126.5881234,45.7394631
403361529,126.5876935,45.739104
403364660,126.591527,45.7376445
403365627,126.5913967,45.7381152
403367327,126.6045237,45.7331423
403367329,126.5979095,45.7356981
404578760,126.5302498,45.7000831
404585578,126.6563757,45.7462751
404596712,126.5949172,45.7464976
404596727,126.5945681,45.7406191
404596768,126.5863759,45.7330187
404596794,126.5839347,45.7313092
404596808,126.5791313,45.7281071
404596813,126.5778548,45.7266313
404596827,126.5745228,45.7240347
404596834,126.569564,45.7208529
404596844,126.5575474,45.7129358
404597536,126.6612135,45.7489544
404613154,126.6525026,45.7441301
404621875,126.6606612,45.7426005
404622809,126.6609325,45.7427082
404625285,126.6678972,45.7468425
404628409,126.6582718,45.7411457
404628417,126.6574472,45.7405704
404628426,126.6572895,45.7404318
404628439,126.6551372,45.737447
404628444,126.6535567,45.7351379
404632205,126.6501292,45.7299368
404632214,126.6530385,45.7341624
404632227,126.6552782,45.7373261
404633305,126.6574594,45.740296
404633309,126.6576162,45.7404285
404633313,126.6609147,45.7425341
404633326,126.6678844,45.7467105
404640342,126.6406526,45.7164738
404641802,126.6410518,45.7196644
404642363,126.6405194,45.7188999
404642371,126.6420953,45.7183677
404642377,126.6450492,45.717305
404656641,126.6617512,45.7693238
406091148,126.625719,45.7513537
406091154,126.6249057,45.7518119
406091158,126.622057,45.7534264
406094257,126.6246445,45.7449425
406094302,126.6308397,45.7536615
406094306,126.6288891,45.7530457
406094311,126.6269443,45.7523895
406095950,126.6260363,45.7528991
406109735,126.6315115,45.757698
406109739,126.6338428,45.7567284
406114042,126.6291441,45.7627272
406117812,126.6392937,45.7540274
406120051,126.6443031,45.7508454
406122629,126.6564439,45.7413882
406122637,126.6490461,45.7472369
406122643,126.6434415,45.7516805
406122658,126.6394865,45.7541963
406130907,126.646259,45.7470342
406130931,126.6538828,45.7517101
406130934,126.6549541,45.752698
406130944,126.6591658,45.7563887
406135442,126.6643966,45.7627493
406135445,126.6614615,45.7624982
406135449,126.6624523,45.7638137
406140309,126.7012851,45.7680769
406143584,126.6989465,45.7668926
406149779,126.6937265,45.7661641
406149782,126.6957803,45.7664428
406149790,126.7037791,45.7674182
406149794,126.706221,45.7677115
406151029,126.686556,45.7652575
406151033,126.6866942,45.7652745
406441967,126.6672447,45.7403223
406441990,126.6676078,45.7437979
406444286,126.6611342,45.7372641
406444289,126.6613305,45.7373769
406444292,126.6639575,45.7387934
406444297,126.666292,45.7402865
406445403,126.6811592,45.7353872
406445417,126.680794,45.7340197
406445419,126.6802463,45.7319047
406447361,126.6854805,45.7311557
406447365,126.6823873,45.7315974
406447368,126.6772088,45.7312916
406447372,126.6728094,45.7303841
406447375,126.6669971,45.7292925
406449014,126.6782495,45.7287971
406449019,126.680734,45.7227733
406449021,126.6819108,45.7198934
406451324,126.6947266,45.7254266
406451328,126.6846336,45.7236475
406451330,126.6780983,45.7222167
406451332,126.673075,45.7219639
406451333,126.6702041,45.7214606
406451967,126.6986534,45.726039
406451996,126.7032416,45.7256889
406456491,126.6991089,45.7314585
406456690,126.6996383,45.7313312
406458792,126.7178954,45.7276989
406459681,126.7195611,45.7334947
406465633,126.7300633,45.7428552
406475537,126.686612,45.7346469
406475540,126.6857695,45.7318774
406486067,126.6846483,45.727144
406486071,126.6850067,45.727207
406487679,126.6845013,45.7235719
406491946,126.6855972,45.7300504
406491951,126.6858527,45.7311071
406491954,126.6859851,45.7318553
406494822,126.6823375,45.7270878
406494829,126.681319,45.7294248
406496463,126.6868009,45.7346206
406501678,126.6900399,45.7458234
406501685,126.6906781,45.7484691
406501695,126.6906935,45.7487154
406510114,126.6880434,45.7599499
406510116,126.6873884,45.7625678
406510118,126.686107,45.7675314
406510119,126.6846979,45.7732117
406510126,126.6829674,45.7781013
406510133,126.6797891,45.781207
406513848,126.6724774,45.7848201
406515190,126.6917342,45.7906194
406515193,126.6892411,45.7899364
406515196,126.6816495,45.7875974
406532706,126.6865046,45.7654532
406532709,126.6872348,45.7625482
406532712,126.6878963,45.7599335
412198260,126.5469328,45.8088057
412198486,126.5523981,45.8059103
412198572,126.5524954,45.8058212
412198615,126.5399152,45.8053232
412198649,126.533861,45.8066562
412198653,126.5395262,45.8051528
412198661,126.5463251,45.8087754
412199346,126.5477944,45.7998778
412199347,126.5478951,45.8008958
412199348,126.547696,45.8023853
412199514,126.5472795,45.8006754
412199700,126.5421375,45.7988178
412199918,126.546808,45.8081252
412199931,126.5466358,45.8080027
412200538,126.5451539,45.8180827
412200846,126.5456629,45.813623
412200882,126.5468547,45.8095726
412200886,126.5459624,45.816213
412200889,126.5448757,45.819426
412200893,126.5420669,45.8245786
412200960,126.5594569,45.8063439
412200961,126.555688,45.8061175
412201011,126.5557573,45.8060309
412201557,126.5464414,45.8077753
412201738,126.5398759,45.8078198
412201866,126.547655,45.7989183
412202349,126.567161,45.7743632
412475298,126.58813,45.7503047
412475424,126.5832451,45.7497875
412475426,126.5889525,45.7505045
412475427,126.5874293,45.7526256
412475428,126.586446,45.7539582
412475429,126.5842256,45.7568575
412475432,126.586772,45.7579342
412475502,126.5878806,45.7563479
412475503,126.5889653,45.7549008
412475504,126.589968,45.7535223
412475557,126.5900227,45.7534405
412475843,126.5914203,45.7557785
412475844,126.5877616,45.7544622
412475845,126.5866179,45.7540285
412475846,126.5854593,45.7532817
412475847,126.5859773,45.7513261
412475865,126.5936905,45.7528862
412475866,126.5933088,45.7534154
412475980,126.6092451,45.7649125
412475981,126.6082457,45.763528
412475983,126.6053754,45.7596183
412475984,126.6041978,45.7575497
412475985,126.6035451,45.755883
412475988,126.6017836,45.7538045
412476725,126.601785,45.7582647
412476975,126.602545,45.7606921
412476979,126.6022213,45.7619334
412476993,126.6006207,45.7526354
412477071,126.6020891,45.7619077
412477077,126.6016859,45.7582934
412477079,126.6005265,45.7571857
412477290,126.6063819,45.7609168
412477291,126.6076476,45.76067
412477292,126.6090182,45.7603845
412477330,126.604671,45.7613915
412477361,126.6040886,45.7601117
412477362,126.6068582,45.7590477
412477363,126.6079378,45.7586264
412477365,126.612358,45.7569409
412477366,126.6132498,45.7566081
412477509,126.6064127,45.7581624
412477510,126.6058694,45.7570558
412477512,126.6042603,45.7556679
412477564,126.6029593,45.7578775
412477565,126.6068051,45.7568107
412477566,126.6090031,45.7564118
412477567,126.6103193,45.7557929
412477568,126.6115175,45.7554458
412477569,126.6124033,45.7551787
412477570,126.6133728,45.7549084
412477571,126.6141034,45.7546968
412477649,126.6074641,45.757867
412477650,126.6084609,45.7594972
412477651,126.6097775,45.7615863
412477652,126.6104308,45.7626356
412477653,126.6109358,45.7634315
412477654,126.6088823,45.7644206
412477812,126.6131205,45.7617903
412477813,126.6076206,45.7626675
412478112,126.604063,45.7554977
412478115,126.603346,45.7549658
412479109,126.5809502,45.7473907
412479110,126.5770777,45.7469575
412479111,126.5721071,45.7461687
412479119,126.5721164,45.7438545
412479120,126.5721704,45.7405877
412479544,126.5776837,45.7411098
412479619,126.5784299,45.7413738
412479664,126.5742407,45.7408996
412480640,126.6077975,45.7365612
412480641,126.6089817,45.7359235
412480682,126.6220646,45.7430225
412480686,126.6187712,45.7401561
412480687,126.6180666,45.7395461
412480689,126.6167125,45.7383948
412480690,126.6156195,45.7374369
412480691,126.6144251,45.7364116
412481424,126.6528792,45.7392283
412481429,126.6516318,45.7402232
412483002,126.6535991,45.7385326
412483004,126.6550961,45.7373645
412483434,126.6490953,45.7386005
412483435,126.6454352,45.738781
412483642,126.6595281,45.7319093
412485034,126.6661433,45.7315701
412485035,126.665514,45.7332072
412485036,126.6654204,45.7333924
412485039,126.6632677,45.7356697
412485146,126.6651789,45.7333115
412485148,126.6658734,45.7312704
412485290,126.6792668,45.7342197
412485348,126.6753345,45.7357693
412485568,126.6693725,45.7236022
412485588,126.6692271,45.7235781
412485589,126.6700632,45.7214381
412486148,126.6684749,45.7248944
412486422,126.6678241,45.7264725
412486423,126.6648632,45.7259055
412486507,126.6655041,45.7243223
412486850,126.6722391,45.7239738
412486858,126.6694512,45.7233999
412489565,126.7233057,45.7698126
412489572,126.7362322,45.771394
412489576,126.7535073,45.7735125
412490561,126.7757287,45.7762305
412503538,126.7764035,45.7903853
412564883,126.7539863,45.8150504
412727847,126.5780174,45.8216043
412727853,126.5625188,45.8183381
412727854,126.5631132,45.8137058
412727857,126.5697335,45.8150596
412727860,126.5784369,45.8156129
412728330,126.578559,45.814898
412728335,126.5959466,45.809084
412728531,126.6296145,45.7831333
412728533,126.6329482,45.7773201
412728534,126.6331431,45.7769421
412728535,126.6354666,45.7729407
412728536,126.6370347,45.7701766
412754507,126.5345356,45.8008628
412754527,126.534486,45.8010635
412754529,126.5338635,45.8010698
412754530,126.534014,45.8006863
412754566,126.5336173,45.8067014
412759151,126.5696369,45.7849875
412759152,126.5698271,45.7850873
412759153,126.5722742,45.7863939
412759154,126.5738668,45.7872486
412759162,126.5785297,45.7845626
412759164,126.5793467,45.7840177
412759296,126.5660916,45.7805704
412759298,126.5677947,45.7786516
412759690,126.574632,45.7803507
412759691,126.5747962,45.780427
412759693,126.5769436,45.781566
412759697,126.576709,45.7828637
412759748,126.568191,45.7859275
412759749,126.5689547,45.7863586
412759750,126.5727355,45.788315
412760139,126.5712735,45.7837612
412760141,126.5710009,45.7833675
412760142,126.5711472,45.7832298
412760143,126.5715751,45.7831908
412760144,126.5717583,45.7832891
412760145,126.5718241,45.7835683
412760146,126.5716952,45.7837026
412760337,126.5686645,45.7819536
412760341,126.5691367,45.7821964
412760343,126.5690187,45.7823129
412760394,126.5737834,45.7846048
412760395,126.5742578,45.784623
412760397,126.573821,45.7850307
412760398,126.5736526,45.7847372
412760426,126.5760316,45.7829563
412760427,126.5733476,45.781544
412760428,126.5735164,45.7816327
412760632,126.5710681,45.7836609
412760633,126.5689904,45.7846484
412760636,126.5689008,45.7855718
412760637,126.569246,45.7857563
412760640,126.5704912,45.7854357
412761121,126.5578324,45.7815769
412761266,126.5644885,45.7848204
412761273,126.5749918,45.7906145
412761275,126.5755027,45.7906285
412761278,126.5852005,45.7840643
412761282,126.5874945,45.7801069
412761310,126.5919357,45.7820279
412767432,126.6461917,45.7892475
412767433,126.6478529,45.7897532
412767434,126.6495287,45.7902685
412767435,126.6512259,45.7907752
412767436,126.6529127,45.7912757
412767437,126.6548077,45.7918421
412767715,126.6642203,45.7947485
412767718,126.675686,45.7982897
412768762,126.6816267,45.7979124
412769196,126.6735045,45.8014114
412770466,126.67528,45.7990714
412772641,126.6703904,45.7977447
412772645,126.6660131,45.7967674
412772659,126.6504214,45.7954521
412772661,126.6483635,45.7947419
412772664,126.6424155,45.7928494
412772665,126.6407991,45.7922136
412772667,126.6393278,45.7914142
412772668,126.6378959,45.7904925
412772669,126.6365854,45.7897111
412772671,126.632789,45.7872832
412772857,126.6414432,45.7872501
412774484,126.6642184,45.7948824
412774895,126.6637242,45.7933194
412774901,126.6594127,45.7891328
412774902,126.6570724,45.7883843
412775016,126.6542477,45.7918019
412775020,126.6588049,45.7851737
412775458,126.6626013,45.7844786
412775807,126.6718311,45.7828119
412775809,126.6684157,45.7834622
412780508,126.6483652,45.782757
412780511,126.6445743,45.7887448
412780756,126.6511809,45.7811242
412780759,126.6440823,45.7795147
412947208,126.7715709,45.6759426
412947215,126.7664167,45.688742
412947217,126.7664135,45.692236
412947293,126.7522003,45.6710673
412947295,126.7798106,45.6760086
412947341,126.7785833,45.6760689
412947614,126.7784974,45.6749591
412947640,126.7768234,45.6761554
412947672,126.7767773,45.6757329
412947674,126.7785225,45.675283
412947675,126.7800252,45.675193
412947876,126.7785518,45.6756613
412947877,126.7800424,45.6755588
412948265,126.780566,45.6778977
412948268,126.7811839,45.6778677
412948278,126.7798492,45.6764649
412948282,126.7817848,45.6765004
412948284,126.7805145,45.6764764
412948291,126.7814077,45.675807
412948398,126.7798785,45.6768123
412948417,126.7805145,45.6768122
412948418,126.7810638,45.6768362
412948419,126.7815788,45.6768242
412948421,126.7804505,45.6759278
412948674,126.7816185,45.6777076
414087381,126.7705095,45.7022405
414090506,126.7100518,45.6776352
414091159,126.7158481,45.6737662
414092274,126.7207696,45.6798781
414093187,126.7226675,45.6843327
414093196,126.7299545,45.6860596
414093206,126.7385024,45.6906418
414093209,126.745344,45.6878164
414093211,126.7460993,45.686881
414093226,126.7600954,45.673045
415667682,126.7587222,45.7312873
415985176,126.6415685,45.6779988
415985177,126.6417085,45.6780109
415985183,126.6520253,45.6795295
415992975,126.6422273,45.6757065
415992997,126.6370405,45.6986765
415993004,126.6420375,45.675686
415993551,126.6372881,45.6982788
415993554,126.6372348,45.6987008
415993694,126.6323767,45.6980444
415993696,126.6285675,45.6976756
415993697,126.6371115,45.698256
415993698,126.6286292,45.6974408
415993700,126.6324128,45.697881
415993762,126.6095544,45.6956595
415993763,126.6282234,45.6976369
415993764,126.6194627,45.6967159
415993765,126.6146807,45.696202
415993767,126.6099271,45.6956991
415993780,126.6099874,45.6954785
415993785,126.6147271,45.6959859
415993787,126.6195018,45.6964803
415993788,126.6282756,45.6974123
415993794,126.6260343,45.6971603
415993843,126.6262408,45.6962545
415993850,126.6255256,45.6903709
415993913,126.6291294,45.695153
415993915,126.6280586,45.6999923
415993917,126.6267325,45.7043989
415993920,126.6180237,45.7034867
415994008,126.6180646,45.7032138
415994009,126.6207289,45.7035178
415994010,126.6238672,45.7038529
415994011,126.6267915,45.7041548
415994012,126.6276728,45.6999568
415994014,126.6287573,45.6951199
415994292,126.6113946,45.7027684
415994294,126.6080971,45.7024621
415994309,126.6185134,45.7014002
415994312,126.6163946,45.7109556
417642402,126.570231,45.6750096
417643350,126.580131,45.6886848
417643357,126.5889972,45.7002997
417643359,126.5873749,45.7077547
417643361,126.5874094,45.7140615
417643362,126.5876287,45.7140328
417643365,126.605461,45.7157884
418792978,126.5522147,45.6709986
418795681,126.5366155,45.6972376
418795936,126.5416508,45.7008229
418796248,126.5434571,45.7056289
418803812,126.5307627,45.6991184
418805076,126.5496539,45.7067225
418805147,126.5441732,45.7026085
418808470,126.5547563,45.7105178
493138058,126.6626325,45.7622752
567877248,126.6041082,45.774538
567877257,126.5970994,45.770464
604389297,126.6111542,45.7591393
610579522,126.6053692,45.7725926
610579525,126.6150524,45.7566805
610579529,126.6226662,45.7680781
610579530,126.6203102,45.7675769
610579532,126.6075298,45.7732119
610579533,126.6120114,45.7757549
610579534,126.615131,45.7761152
610579586,126.5856231,45.8183199
665770255,126.6516917,45.7962401
665772905,126.6376341,45.8199174
665776439,126.6072198,45.8227623
665776447,126.6180423,45.8080266
677292302,126.6142813,45.7625975
677292304,126.6160737,45.7629583
677292305,126.6188263,45.7635221
677292309,126.6154535,45.7621029
677292312,126.6214582,45.7650012
677292314,126.619855,45.7637206
677292316,126.6218284,45.7641436
677292317,126.6241475,45.764631
677292318,126.6263728,45.7650915
677292324,126.6241749,45.7702316
677292327,126.614502,45.7658704
677292328,126.6179954,45.7663665
677292331,126.6093905,45.7648489
677292332,126.6107634,45.7641939
677292333,126.6122487,45.7635056
677292337,126.6077396,45.7652509
677292338,126.6080166,45.7656843
677292339,126.6105165,45.7678155
677292342,126.6172462,45.7689448
677292343,126.619604,45.7692825
677292345,126.6219305,45.7697677
677292346,126.6260912,45.770605
677292353,126.6177192,45.7673473
677292356,126.6223237,45.7629405
677292368,126.6324205,45.7685733
677292371,126.627943,45.7672206
677292373,126.6184621,45.7652493
677292374,126.6024304,45.7660288
677292375,126.6039084,45.7653961
677292376,126.6052133,45.7648321
677292379,126.6019143,45.7653553
677292380,126.6032901,45.7646868
677292381,126.6044905,45.7641121
677292382,126.6059947,45.7634235
677292383,126.6013403,45.7646089
677292384,126.6026811,45.7640779
677292388,126.6024642,45.7619729
677292393,126.6022586,45.7564613
677292396,126.6077544,45.7651383
677292398,126.6004863,45.7689457
677292403,126.6050944,45.7667125
677292405,126.6049247,45.7665335
677292406,126.6011602,45.7643154
677292407,126.6012404,45.764445
677292412,126.6032626,45.7664777
677292417,126.6063229,45.7659648
677292419,126.601471,45.7664492
677293254,126.6683052,45.7511529
677293257,126.7029705,45.7550595
677293258,126.7036377,45.7551476
677293263,126.704026,45.7502232
677293264,126.7046495,45.7502855
677293266,126.7046404,45.7504109
677293268,126.6723073,45.7516057
677295344,126.5935102,45.7503158
677295345,126.5946309,45.7498326
677295348,126.5957816,45.7493257
677295349,126.5969128,45.7488507
677295352,126.589426,45.7453562
677295353,126.5915056,45.7478958
677295354,126.5943799,45.7513391
677295355,126.5944535,45.7514144
677295358,126.5936458,45.7470165
677295359,126.5947964,45.7482628
677295367,126.5903098,45.7449608
677295392,126.5879673,45.7421096
677295393,126.5890078,45.743385
677295395,126.5920783,45.7460949
677295401,126.5865947,45.7443833
677295403,126.5932747,45.7449121
677295413,126.5924107,45.7475194
677295414,126.5936536,45.7488034
677295418,126.6004789,45.7526896
677295420,126.5959139,45.7477421
677295423,126.598537,45.7448944
677295429,126.6033939,45.7426088
678569389,126.6195773,45.7615684
717523655,126.7238391,45.6698798
719127405,126.5203539,45.8356819
719127916,126.5202043,45.8067622
785860536,126.584967,45.7430058
818871863,126.5279341,45.699523
906119710,126.6081757,45.7503026
906119722,126.610688,45.7488224
1170838566,126.6298312,45.753373
1170838567,126.6433407,45.7516161
1170838569,126.626873,45.7572481
1170838601,126.6325698,45.7631791
1170838618,126.6487094,45.7420311
1170838627,126.6593593,45.7646083
1170838646,126.6362794,45.7470708
1170838651,126.639457,45.7511352
1170838660,126.6429132,45.7518417
1170838684,126.633413,45.7544812
1170838686,126.6187059,45.7644423
1170838698,126.6294098,45.7492774
1170838767,126.6426673,45.7524064
1170838777,126.6193327,45.7618986
1170838806,126.6609695,45.7625457
1170838818,126.6358065,45.7456953
1170838840,126.642439,45.7567369
1170838851,126.6320296,45.7551615
1170838869,126.6413025,45.7532229
1170838880,126.6410245,45.7502082
1170838884,126.6377855,45.7496935
1170838907,126.6286763,45.7545456
1170838934,126.6380966,45.747676
1170838938,126.6248054,45.7447321
1170838945,126.6192748,45.7620891
1170838991,126.6440856,45.7722722
1170839036,126.6332439,45.7767738
1170839045,126.644646,45.758638
1170839068,126.6170158,45.7628187
1170839120,126.6393634,45.748779
1170839147,126.6423137,45.7522698
1170839166,126.6174506,45.7619031
1170839195,126.6302043,45.755885
1170839199,126.6265504,45.7554403
1170839251,126.6429455,45.7441036
1170839255,126.6448419,45.7718441
1170839258,126.6346885,45.7538083
1170839321,126.6593097,45.7644905
1170839325,126.629003,45.7530894
1170839328,126.6321223,45.7477585
1170839367,126.6454414,45.7718676
1170839374,126.6336169,45.7469215
1170839441,126.6174693,45.7619979
1170839444,126.6490834,45.7702562
1170839492,126.6313698,45.7410615
1170839494,126.6450604,45.7721558
1170839496,126.6302684,45.7539048
1170839513,126.6401482,45.7741067
1170839527,126.6316053,45.7412785
1170839569,126.6251258,45.7450064
1170839573,126.6413794,45.7530518
1170839576,126.6345333,45.7497869
1170839578,126.6431996,45.7519981
1170839656,126.6264369,45.7526743
1170839658,126.618812,45.7640955
1170839700,126.6174098,45.7618216
1170839705,126.6353421,45.775903
1170839707,126.635785,45.7508453
1170839731,126.6189663,45.7635633
1170839744,126.6332853,45.7487512
1170839788,126.635213,45.7460277
1170839796,126.6369949,45.7483133
1170839809,126.6443407,45.7724568
1171848043,126.6483873,45.7654237
1171848046,126.6615703,45.7492481
1171848050,126.6382857,45.734156
1171848056,126.6643071,45.7509351
1171848076,126.6423081,45.7602095
1171848091,126.6573982,45.7471733
1171848095,126.693884,45.7917603
1171848099,126.7001076,45.7674492
1171848108,126.6938866,45.7909642
1171848111,126.6407838,45.7301096
1171848122,126.6942321,45.7910444
1171848123,126.6393564,45.7382284
1171848124,126.6435529,45.7369662
1171848131,126.6389382,45.7371574
1171848143,126.6611642,45.74935
1171848144,126.637357,45.7316653
1171848160,126.6452565,45.7368549
1171848164,126.6564506,45.7460091
1171848169,126.6394295,45.7390815
1171848172,126.6994895,45.7676994
1171848179,126.6435381,45.7368006
1171848181,126.6499984,45.7426134
1171848183,126.6578799,45.7469079
1171848186,126.645588,45.7670406
1171848195,126.6377482,45.7374034
1171848196,126.6550701,45.7615784
1171848199,126.6827489,45.752704
1171848209,126.6905031,45.7484598
1171848212,126.6408624,45.7352554
1171848222,126.6973808,45.7672897
1171848226,126.6838848,45.7481885
1171848231,126.6587634,45.751689
1171848253,126.692556,45.7931599
1171848281,126.639304,45.737061
1171848299,126.6563705,45.7465285
1171848308,126.6614286,45.7623064
1171848309,126.6401734,45.7370431
1171848319,126.6610656,45.7494717
1171848340,126.6375051,45.7379379
1171848343,126.6399279,45.7581665
1171848351,126.6622052,45.7619453
1171848359,126.6409679,45.7370622
1171848360,126.6904998,45.7487003
1171848365,126.664119,45.7484342
1171848367,126.6385074,45.7338538
1171848456,126.6365097,45.7319231
1171848477,126.6500808,45.742081
1171848485,126.6905023,45.7485939
1171848488,126.6942159,45.7897903
1171848515,126.6475537,45.7270611
1171848523,126.6922204,45.793428
1171848524,126.6379075,45.7376333
1171848525,126.6441847,45.7436102
1172876340,126.6880226,45.7962975
1172876393,126.6889075,45.7856337
1172876432,126.6887677,45.7961349
1172876458,126.7019706,45.761659
1172876483,126.6889192,45.795992
1172876486,126.6887264,45.7953835
1172876509,126.6931608,45.7684168
1172876520,126.6882894,45.7879451
1172876548,126.7000264,45.7682889
1172876580,126.6918289,45.7740986
1172876599,126.6861432,45.7951706
1172876605,126.6863304,45.7958659
1172876618,126.7010257,45.7668893
1172876620,126.6878077,45.7966332
1172876655,126.7014454,45.7639041
1172876676,126.7007079,45.7663785
1172876714,126.6871598,45.7962976
1172876775,126.6867877,45.7959085
1172876776,126.7009895,45.7655228
1172876800,126.6905675,45.779074
1172876806,126.7033361,45.7676826
1172876922,126.6861429,45.7962614
1172876930,126.6877193,45.7960474
1172876966,126.6861523,45.7961858
1172876989,126.699604,45.7682347
1174021923,126.6229232,45.7369375
1176788098,126.6243563,45.7449595
1176788103,126.6220596,45.7440776
1176788108,126.617127,45.7474372
1176788109,126.6248857,45.7451453
1176788130,126.620971,45.7473619
1176788134,126.7025947,45.7872975
1176788142,126.6869944,45.778635
1176788168,126.6224858,45.7464908
1176788171,126.6951108,45.7863472
1176788179,126.6954775,45.7863932
1176788182,126.6217174,45.7453795
1176788203,126.6331598,45.7524578
1176788207,126.6306367,45.750317
1176788210,126.6199079,45.7475114
1176788227,126.6192338,45.7501109
1176788235,126.622333,45.7463262
1176788238,126.6284395,45.7515503
1176788242,126.6226828,45.7435422
1176788248,126.6858414,45.7833288
1176788250,126.612661,45.7520199
1176788273,126.6221796,45.7462096
1176788277,126.6162561,45.7459891
1176788278,126.6253061,45.7488783
1176788286,126.633001,45.7523177
1176788308,126.6844283,45.7866773
1176788349,126.6182257,45.748959
1176788351,126.6369212,45.7467196
1176788353,126.6219857,45.7459612
1177761300,126.6723424,45.7688211
1177761301,126.6728366,45.7637774
1177761305,126.5625509,45.7391702
1177761308,126.580683,45.7512655
1177761309,126.6646107,45.769365
1177761313,126.6537585,45.7501206
1177761349,126.5445314,45.7366087
1177761353,126.6720489,45.7722725
1177761370,126.6570544,45.7463925
1177761378,126.6698313,45.76873
1177761402,126.5626892,45.738909
1177761404,126.6582628,45.7437465
1177761409,126.6697768,45.769576
1177761444,126.6716881,45.7725693
1177761459,126.6581711,45.7425299
1177761461,126.5444205,45.7368576
1179259631,126.6802065,45.7022779
1179259684,126.6792525,45.7263985
1179259717,126.6901876,45.7284427
1179259722,126.6793615,45.7261089
1179259788,126.6835273,45.7128916
1179259845,126.6989862,45.730135
1179259868,126.6748083,45.7251433
1179259890,126.6718839,45.7248678
1179259916,126.6845558,45.7221275
1179259920,126.6762045,45.7219954
1179259924,126.6795763,45.7262476
1179259959,126.689443,45.7216072
1179259962,126.6853115,45.7272966
1179259984,126.6910389,45.7284785
1179259988,126.6951609,45.7231552
1179259994,126.6953896,45.7208601
1179259997,126.669801,45.7084654
1179260011,126.6941966,45.7291912
1179260016,126.6720215,45.7245139
1179260035,126.6781679,45.6972207
1179260039,126.6943025,45.7269659
1179260041,126.6882263,45.7278469
1179260068,126.6801859,45.7027845
1179260104,126.6698475,45.7297909
1180316530,126.6053452,45.7442584
1180316535,126.610631,45.7515238
1180316551,126.614221,45.7513759
1180316558,126.6070378,45.7542961
1180316564,126.6104174,45.7532273
1180316570,126.6066297,45.7533953
1180316579,126.6072054,45.7544785
1180316586,126.6139798,45.7510644
1180316591,126.611086,45.7527394
1180316600,126.6123576,45.7524598
1180316604,126.6089081,45.7564631
1180316623,126.6049218,45.7517146
1180316644,126.6147885,45.751025
1180316661,126.6111419,45.7528337
1180316663,126.6089741,45.7538054
1180316674,126.6082043,45.7526713
1180322374,126.6160666,45.7609355
1180322375,126.6106829,45.7531945
1180322385,126.6171013,45.7609643
1282886282,126.5384195,45.840467
1282895860,126.5101721,45.8336606
1282895866,126.5103604,45.8235115
1282895868,126.5200859,45.8299614
1282895877,126.5104198,45.8267703
1282895879,126.5202821,45.8234789
1282895882,126.5200248,45.8236572
1282895883,126.5104177,45.8336602
1282895884,126.5199951,45.8102542
1282895890,126.5245074,45.7986189
1282895892,126.510384,45.8301219
1282895893,126.5250119,45.7986318
1282895906,126.520065,45.8268542
1282895907,126.5018242,45.8237231
1282895916,126.5200267,45.8234791
1282895922,126.5204324,45.8055972
1282895925,126.5104196,45.8268821
1282895928,126.5203526,45.8336418
1282895941,126.5100997,45.8235065
1282895951,126.5201214,45.8336409
1282895953,126.5101236,45.8267717
1282895957,126.5202095,45.8060924
1282895959,126.5104271,45.8338007
1282895960,126.5248996,45.7990579
1282895973,126.5201248,45.8337518
1282895979,126.5104158,45.8357113
1282895980,126.5101634,45.8338021
1282895983,126.5202782,45.8236586
1282895984,126.510116,45.826883
1282895991,126.5103431,45.8236787
1282895992,126.5243804,45.7988063
1282895993,126.5100884,45.8236843
1287972563,126.7223559,45.8244909
1287972566,126.7157768,45.8307151
1287972588,126.7197227,45.829382
1287972785,126.7124557,45.8344586
1287972960,126.7218758,45.828843
1287992095,126.7372378,45.8398333
1287992184,126.7422417,45.8401598
1287992198,126.7413349,45.8368531
1287992241,126.7372727,45.837186
1287992257,126.7409002,45.8398529
1287992300,126.7370947,45.8398386
1287992443,126.7429321,45.8384711
1287992546,126.7438222,45.8367075
1371263799,126.5578537,45.7126994
1371263800,126.5580984,45.7128659
1371263801,126.557782,45.7130949
1371263832,126.5841053,45.7312338
1371263841,126.5362455,45.7338683
1371263844,126.5365695,45.7340425
1371263845,126.5361323,45.7341858
1371263847,126.582551,45.7343736
1371263848,126.5364434,45.7343571
1371263870,126.5947337,45.7405485
1371263873,126.5987228,45.7448093
1371263874,126.6018857,45.7481956
1371263876,126.6050685,45.7516479
1629280290,126.614846,45.7604775
1629280295,126.6140402,45.7606438
1629280301,126.5619517,45.7782784
1629280303,126.6167138,45.7600703
1629280304,126.6249172,45.7685667
1632773341,126.6679979,45.7482399
1632794733,126.6624851,45.7608019
1632794735,126.6322789,45.7625155
1634842661,126.613055,45.7716134
1634844110,126.5980108,45.7681068
1634844112,126.5967718,45.7677184
1704654820,126.6266647,45.6508779
1704654838,126.6368294,45.6519824
1704654916,126.7213382,45.6688719
1719057958,126.6174677,45.7682267
1719057975,126.6188136,45.7712309
1719057986,126.6233435,45.7722191
1719066052,126.6238188,45.7748651
1719076658,126.6269815,45.768985
1719100455,126.6188821,45.7710637
1719100461,126.613246,45.7708554
1719100473,126.6129327,45.7720985
1719100478,126.6159867,45.7732537
1719100488,126.6136878,45.7691017
1719100527,126.6130883,45.771481
1719100529,126.6170663,45.7695538
1719100531,126.6153074,45.7755302
1719100533,126.6183928,45.772217
1719100534,126.6165453,45.7713181
1719100567,126.6156802,45.7743086
1719100569,126.6121674,45.7751357
1719100571,126.6168906,45.7701488
1719100573,126.6158654,45.7737142
1719100584,126.615497,45.7749087
1943923712,126.500162,45.712886
1943923741,126.5211904,45.7160977
1943923748,126.5275575,45.7169116
1943923806,126.5712932,45.7402999
1943923865,126.7540544,45.748244
1943923868,126.7473364,45.7483067
1943923876,126.7539295,45.7485947
1943923910,126.7555845,45.7487928
1943924305,126.5821603,45.7542979
1943924419,126.5838077,45.7571425
1943924445,126.5838725,45.7584427
1943924554,126.5746054,45.7677245
1943924564,126.5736959,45.7679032
1943924609,126.5744066,45.7698464
1943924613,126.5717631,45.771214
1943924622,126.5721202,45.7714577
1943924632,126.5710621,45.7717519
1943924638,126.5659903,45.7736235
1943924676,126.6626518,45.7845967
1943924719,126.6558494,45.7898873
1943924723,126.654738,45.791952
1943924727,126.6542047,45.7928401
1943924757,126.6535468,45.7938263
1943924758,126.6546955,45.7938256
1943924798,126.6510963,45.7942583
1943924877,126.6539009,45.7951395
1943924900,126.6948363,45.8027466
1943924952,126.5015526,45.8125766
1943924960,126.5201919,45.8126177
1943924962,126.5200118,45.8126171
1943924964,126.5277269,45.8126435
1943924966,126.5393002,45.8126643
1943924975,126.5547458,45.8131825
1943924979,126.5698546,45.8140404
1943924992,126.5785788,45.8147823
1943925011,126.6849173,45.8177965
1943925041,126.6379431,45.820272
1943925078,126.6357553,45.8231489
1943925091,126.6354013,45.8243028
1943925095,126.6362347,45.823374
1943925113,126.6787784,45.8250058
1943925142,126.6351572,45.8273998
1943925156,126.6107156,45.828486
1943925203,126.6347311,45.832354
1943925205,126.6353301,45.8325014
1943925252,126.6345463,45.835595
1943925259,126.6334027,45.8365168
2162487691,126.5291409,45.8404046
2162487694,126.5288678,45.840245
2162487700,126.5312808,45.8396254
2162487706,126.5285039,45.839517
2162487708,126.5104051,45.8380682
2162487709,126.5311995,45.8392602
2162487712,126.5306854,45.8403839
2162487713,126.5310922,45.8391041
2162487716,126.5102145,45.8380584
2162487719,126.528597,45.8392333
2168403085,126.6186343,45.7641575
2168403088,126.6135396,45.7696898
2168403092,126.6167064,45.7707726
2168403093,126.5978355,45.7714969
2168403094,126.6059762,45.7715994
2168403095,126.6210927,45.7717217
2168403098,126.616371,45.7719083
2168403099,126.6161925,45.7725125
2168403100,126.6341195,45.7726007
2168403102,126.6181403,45.7727899
2168403104,126.6398427,45.7740278
2168403105,126.6200697,45.7742057
2168403108,126.6200367,45.7755503
2168469645,126.5250624,45.7986791
2168469657,126.5562574,45.8019072
2168469672,126.5466692,45.8111056
2168469689,126.5467119,45.8120659
2168469703,126.5017292,45.8124312
2168469708,126.5200128,45.812475
2168469709,126.5201876,45.8124754
2168469713,126.5279144,45.8124925
2168469714,126.5330579,45.8125195
2168469716,126.5400206,45.8125275
2168469717,126.5467616,45.8125407
2168469719,126.5499994,45.8125313
2168469724,126.50155,45.8127486
2168469725,126.5017288,45.8127444
2168469728,126.5104764,45.8113428
2168469729,126.5200121,45.8127921
2168469730,126.5201924,45.8127925
2168469731,126.5276764,45.8128112
2168469732,126.5278819,45.8128118
2168469741,126.5200123,45.8129457
2168469742,126.5201928,45.8129463
2168469743,126.5531464,45.8129117
2168469745,126.527865,45.8129693
2168469748,126.5455613,45.8129576
2168469750,126.5401869,45.8129883
2168469753,126.5547701,45.813028
2168469755,126.5550494,45.8130319
2168469756,126.5422784,45.8132086
2168469758,126.555028,45.8131878
2168469762,126.5504005,45.8133123
2168469765,126.5547234,45.8133485
2168469767,126.5549919,45.8133556
2168469769,126.5530726,45.8134042
2168469771,126.554714,45.8134875
2168469772,126.5631282,45.8135185
2168469773,126.5549729,45.8135012
2168469780,126.5630838,45.8138818
2168469783,126.5698711,45.8139014
2168469785,126.5630655,45.8140198
2168469795,126.5698326,45.8142255
2168469796,126.5759265,45.8142698
2168469799,126.5698112,45.8144057
2168469814,126.5785254,45.815095
2168469817,126.5784978,45.8152565
2168469831,126.5452799,45.8162361
2168469837,126.585798,45.8182464
2168469838,126.5853375,45.8184305
2168469839,126.5851393,45.8185065
2168469841,126.5539099,45.8201243
2191032207,126.5204297,45.8061169
2191032227,126.6173084,45.7172912
2191032229,126.5893415,45.7291264
2191032230,126.5536532,45.7380968
2191032231,126.6637721,45.7108881
2191032236,126.5690215,45.7401239
2191032238,126.6088293,45.7200766
2191032242,126.5014955,45.8084726
2191032247,126.5571426,45.7382416
2191032251,126.5397823,45.7146299
2191032259,126.5916984,45.7512459
2191032267,126.5474219,45.7316075
2191032276,126.5078943,45.7984216
2191032293,126.5225707,45.6998936
2191032302,126.6640803,45.7111376
2191032304,126.5190721,45.7237665
2191032307,126.5102584,45.8124509
2191032310,126.589377,45.7288893
2191032311,126.6669656,45.7100259
2191032315,126.5196096,45.7224099
2191032317,126.5062381,45.7961749
2191032333,126.5100057,45.8124502
2191032354,126.5649624,45.724372
2191032355,126.5560949,45.7327693
2191032359,126.5194772,45.7362609
2191032366,126.5190776,45.7235459
2191032368,126.5100396,45.8129132
2191032375,126.503581,45.8054032
2191032395,126.5763046,45.7502646
2191032403,126.5015501,45.8124303
2191032410,126.5100063,45.7950137
2191032411,126.5576019,45.7329705
2191032421,126.6120832,45.739439
2191032433,126.6276781,45.6916964
2191032435,126.557531,45.7331828
2191032436,126.527437,45.7171636
2191032438,126.5701624,45.7343386
2191032440,126.5895476,45.748693
2191032441,126.5560347,45.7329827
2191032445,126.5529563,45.7477364
2191032454,126.5702402,45.7275815
2191032455,126.6246843,45.7320864
2191032468,126.5088551,45.7142376
2191032475,126.5196873,45.7373237
2191032479,126.6253814,45.7119528
2191032480,126.6563844,45.7003372
2191032485,126.511581,45.7924131
2191032493,126.5698258,45.7344831
2191032508,126.5199247,45.7236684
2191032512,126.573511,45.7299757
2191032513,126.5701217,45.7344929
2191032522,126.5732405,45.7298003
2191032541,126.5199211,45.7238922
2191032549,126.5687959,45.7396688
2191032551,126.5053592,45.8021705
2191032569,126.6246255,45.7141405
2191032571,126.6179475,45.7361187
2191032579,126.516299,45.7938861
2191032580,126.5698468,45.7343148
2191032585,126.6255223,45.7353772
2191032590,126.5100289,45.8127672
2191032598,126.5016556,45.8085194
2191032601,126.5570672,45.7385207
2191032602,126.5874385,45.746149
2191032603,126.6056122,45.7327029
2191032605,126.5054742,45.8019828
2191032622,126.5121922,45.8043188
2191032627,126.6148725,45.7334555
2191032629,126.6270841,45.7044412
2191032635,126.60224,45.740589
2191032637,126.5699465,45.7337633
2191032668,126.5981352,45.7499431
2191032674,126.5391789,45.7286912
2191032679,126.520128,45.8063465
2191032686,126.5038813,45.710748
2191032693,126.5526197,45.7477018
2191032701,126.6249587,45.7138096
2191032707,126.5102705,45.812914
2191032708,126.5531187,45.7166416
2191032716,126.5123148,45.8041311
2191032727,126.6365529,45.6519554
2191032740,126.5396132,45.7286663
2191032743,126.6167633,45.7350931
2191032755,126.6129811,45.7402113
2191032757,126.5104828,45.8075875
2191032758,126.6242163,45.7287249
2191032760,126.5691313,45.7397118
2191032771,126.5193822,45.7223808
2191032780,126.6566367,45.7004408
2191032787,126.5056582,45.8020411
2191032792,126.6175994,45.7325161
2191032794,126.5393101,45.7284955
2191032795,126.5525812,45.7478546
2191032796,126.5120208,45.8042667
2191032801,126.5686871,45.7400765
2191032812,126.6782277,45.6973717
2191032831,126.611524,45.738104
2191032854,126.6202444,45.7348183
2191032856,126.5017309,45.8125751
2191032866,126.5121382,45.8040766
2191032871,126.5034093,45.805351
2191032893,126.5529149,45.7479041
2191032894,126.5055424,45.8022285
2191032897,126.6147434,45.7417271
2191032901,126.6295303,45.6915272
2191032906,126.5063252,45.7931288
2191032907,126.5980777,45.7498753
2191032910,126.5102667,45.8127678
2191032916,126.5472777,45.7317958
2191032926,126.5299735,45.6880324
2191032942,126.5394627,45.7288569
2191032953,126.6316652,45.7246292
2191032971,126.5652334,45.7245495
2191083249,126.5926811,45.754472
2191083280,126.612631,45.7732959
2191083317,126.6027719,45.7696209
2191083322,126.5914669,45.7540371
2191083324,126.6064305,45.7708401
2191083325,126.6059114,45.7717038
2191083355,126.612491,45.7738516
2191083374,126.5974969,45.7624002
2191083386,126.5996456,45.7657844
2191083395,126.5985913,45.7583674
2191083399,126.6125646,45.7735593
2191083411,126.6016353,45.7683972
2191083432,126.6085431,45.7714144
2191083488,126.5915315,45.7539474
2191083499,126.6078912,45.7681714
2191083504,126.6080428,45.772302
2191083505,126.521883,45.7291997
2191083531,126.59896,45.7647301
2191083567,126.5927408,45.7543751
2306079959,126.6162405,45.7981473
2306079968,126.6124103,45.7985213
2306120256,126.6136272,45.7951887
2306120259,126.6162191,45.7964718
2306120264,126.6187296,45.7979229
2306120266,126.6134507,45.7984197
2306162095,126.6056749,45.8364552
2306162105,126.6048771,45.8371532
2306162110,126.6043514,45.8359596
2306162116,126.6109498,45.828573
2306162120,126.6055292,45.836169
2306162125,126.6038569,45.8365879
2306162126,126.6047858,45.8358779
2306162136,126.6110787,45.8284039
2306166475,126.6108443,45.8283163
2308210998,126.5894825,45.8169041
2308211011,126.5881953,45.8138755
2308211043,126.5935726,45.8143214
2308211044,126.5882865,45.8157
2308211092,126.5917885,45.8155421
2468521642,126.7502524,45.7015527
2468521682,126.7162388,45.6879595
2468521927,126.5817072,45.7350134
2468972393,126.5075462,45.7911434
2468972421,126.4998873,45.7885295
2468972433,126.5150785,45.7959243
2468972445,126.5076238,45.7986831
2468972454,126.5016044,45.8007661
2468972456,126.5014901,45.8009478
2468972465,126.4970421,45.7931005
2468972468,126.5256542,45.7966152
2468972473,126.4985191,45.7907715
2468976091,126.510176,45.8301377
2468976096,126.5200885,45.8301119
2468976101,126.5018315,45.8301954
2468982735,126.5427821,45.7425333
2468982736,126.5594657,45.7207666
2468982737,126.5200899,45.743516
2468982740,126.5280337,45.7444433
2468982741,126.5417459,45.7462363
2468982743,126.5329927,45.7452153
2468982744,126.5440184,45.738058
2468982750,126.5417955,45.7464034
2468982751,126.5199051,45.7433513
2468982753,126.5333928,45.7451214
2468982754,126.5333456,45.7452624
2468982755,126.5330446,45.7450658
2468982758,126.5192494,45.7434042
2468982760,126.5353561,45.7366737
2468984809,126.6961981,45.7363285
2469058880,126.6223879,45.8377047
2469058895,126.6308189,45.8408165
2469060832,126.5983541,45.8340998
2469060838,126.6031459,45.8388354
2469068978,126.7550186,45.796323
2469069003,126.7622708,45.7797349
2469069005,126.7593114,45.7826158
2469069024,126.7114853,45.7916243
2469069050,126.7114448,45.795411
2469069098,126.712306,45.7862417
2469069123,126.6812724,45.7984573
2469069129,126.757425,45.7863494
2469069141,126.7013127,45.792208
2469069144,126.6994863,45.7920475
2469083072,126.6768556,45.7417822
2469083089,126.6769043,45.7477822
2469083090,126.6769328,45.7476725
2469083121,126.6683113,45.751393
2469083126,126.7000768,45.7328116
2469083138,126.6767552,45.748526
2469083141,126.6995497,45.7328934
2469095906,126.5634672,45.7339629
2469095948,126.5635751,45.7337403
2469095956,126.5619988,45.7388237
2469095975,126.5700761,45.7277096
2469943501,126.569293,45.8187655
2469943508,126.5356545,45.8185655
2469943515,126.5622571,45.8206096
2469943520,126.5470708,45.802042
2469943529,126.5276419,45.8182035
2469943537,126.5684424,45.8257734
2469943540,126.5342286,45.8035074
2469943541,126.5606999,45.8026689
2469943543,126.5432774,45.8212981
2469943546,126.5378926,45.8033117
2469943549,126.5616541,45.8259436
2469943558,126.5745865,45.8231113
2469943756,126.5389012,45.812994
2469951307,126.6839168,45.7480807
2469951309,126.6842624,45.746625
2470793078,126.5028943,45.8087571
2470793081,126.5084398,45.808564
2470793085,126.5068254,45.8064361
2470793086,126.5066886,45.8085846
2470793087,126.506238,45.8083378
2470793093,126.5244204,45.8093546
2470793099,126.5062005,45.8088725
2470793100,126.5029051,45.8109409
2470793110,126.5065176,45.8069345
2470793112,126.5017168,45.8109543
2470793120,126.5054535,45.8091365
2470793123,126.5245719,45.8070728
2470793125,126.5016778,45.808762
2470793127,126.5098329,45.8085536
2470793139,126.5241972,45.8066922
2470793144,126.5076418,45.8085652
2471018761,126.4961351,45.7871326
2471025507,126.5291024,45.7406942
2471025508,126.5344345,45.7414105
2471025510,126.5346558,45.7263331
2471025511,126.531631,45.7313534
2471025512,126.5229098,45.7398616
2471025514,126.5376584,45.7418446
2471025516,126.5340752,45.7413552
2471025521,126.527995,45.7445708
2471025525,126.5357683,45.7207828
2471025527,126.5347879,45.7260895
2471025528,126.5350309,45.7180253
2471025533,126.5315371,45.7316894
2471042401,126.5004951,45.6949492
2471042403,126.5063113,45.6965096
2471042404,126.5213089,45.7014129
2471042407,126.5218478,45.7437496
2471042417,126.5494798,45.7196191
2471042419,126.5279029,45.7215278
2471042423,126.5011748,45.7173733
2471042426,126.5061891,45.696705
2471042429,126.5257487,45.7294451
2471042431,126.5199808,45.733848
2471042432,126.5606528,45.7269681
2471042436,126.5165988,45.7092225
2471042441,126.5034539,45.7010788
2471042442,126.5304513,45.7355843
2471042444,126.5246486,45.7334724
2471042449,126.5198439,45.6870474
2471042451,126.5116158,45.6979618
2471042452,126.5202374,45.7200016
2471042459,126.5664222,45.7306087
2471042461,126.5096808,45.7015151
2471042468,126.5199676,45.6869195
2471042476,126.516756,45.6997339
2471042477,126.5078464,45.7182563
2471042480,126.5078331,45.7183419
2471042481,126.5194664,45.7198425
2471042482,126.5166236,45.6999367
2471042483,126.4964207,45.6883704
2471042484,126.5492023,45.7194656
2471042485,126.5146357,45.7030434
2471042487,126.5558078,45.7237701
2471042489,126.525652,45.7297503
2471042491,126.5453933,45.722556
2471042492,126.5034134,45.7106315
2471042499,126.5255986,45.7064275
2471042501,126.540535,45.7173937
2471042505,126.5218817,45.7436182
2471042510,126.5520426,45.726838
2471042512,126.5105551,45.7086038
2471042515,126.5575119,45.7297343
2471042516,126.5214631,45.7011396
2471042518,126.5272052,45.7248459
2471042519,126.5272902,45.7246514
2471042522,126.5132805,45.7046002
2471042525,126.5045563,45.7025652
2471042526,126.5405599,45.7209449
2471042528,126.5456974,45.7227203
2471042532,126.5195884,45.7045581
2471042533,126.504031,45.6997621
2471042537,126.5272695,45.7029603
2471042542,126.5617712,45.7277212
2471042546,126.5060598,45.7072268
2471042550,126.5706845,45.7322068
2471042552,126.5004538,45.7054958
2471043710,126.4984895,45.6980778
2471043711,126.5051688,45.6875786
2471043712,126.5108648,45.6893254
2471043713,126.5006465,45.694732
2471043715,126.5019862,45.6916467
2471043716,126.5090473,45.6922855
2471043717,126.5033245,45.6904856
2471043718,126.4980228,45.6979354
2471043719,126.5001751,45.6946005
2471072940,126.6480372,45.7730791
2471072944,126.6449255,45.7723765
2471075940,126.6985417,45.7271842
2471075953,126.6989599,45.7228957
2471113892,126.7777598,45.6536464
2473432137,126.5456912,45.8170629
2473432303,126.5544313,45.8179623
2473432463,126.5541776,45.8179329
2473434467,126.550199,45.8145921
2473434485,126.5545736,45.8148518
2473434488,126.5521901,45.8134289
2473434489,126.552201,45.8133509
2473434490,126.5547995,45.8148636
2473485230,126.7001088,45.8036474
2473485237,126.6934682,45.8082946
2473485240,126.7054148,45.8109809
2473485243,126.7067661,45.8146633
2473537402,126.7368425,45.6662988
2473537426,126.6739872,45.6864015
2473537462,126.6887904,45.6504973
2473537483,126.6749987,45.6827592
2473539347,126.5306157,45.6988238
2473546508,126.6894346,45.6891936
2473546512,126.6900136,45.6933604
2473546525,126.6869445,45.6867121
2473546531,126.6857069,45.6779786
2473546535,126.6890992,45.6730698
2473546547,126.6902579,45.69353
2473549065,126.6693293,45.699037
2473549075,126.6691813,45.6988419
2473549087,126.6657337,45.692058
2473549099,126.6508472,45.6931462
2473607917,126.5024617,45.6648624
2473607922,126.5015259,45.677348
2473607925,126.5013657,45.6775993
2473607931,126.531961,45.6515752
2476377663,126.5803529,45.6885268
2476377668,126.5025188,45.6918125
2476377676,126.5000457,45.6948037
2476377684,126.528772,45.6983722
2476377687,126.5285136,45.6984728
2476377688,126.5273806,45.6985531
2476377693,126.5271754,45.6989016
2476377698,126.5228831,45.6999784
2476377699,126.5283409,45.7000257
2476377703,126.6519051,45.700366
2476377704,126.5296679,45.7002814
2476377711,126.5221426,45.7011236
2476377714,126.5223229,45.7014003
2476377718,126.5214729,45.7016558
2476377719,126.5221631,45.7016527
2476377722,126.5217961,45.7017486
2476377723,126.5271621,45.7031742
2476377724,126.5278561,45.7032273
2476377726,126.5199415,45.7046698
2476377728,126.5262988,45.7067277
2476377733,126.5456995,45.7142183
2476377736,126.5343773,45.7158244
2476377737,126.5218118,45.7161967
2476377739,126.5210747,45.7163559
2476377740,126.5533053,45.7165009
2476377741,126.5217043,45.7164657
2476377749,126.5207683,45.7170183
2476377750,126.5211917,45.7176484
2476377756,126.5193937,45.7204694
2476377759,126.519984,45.720484
2476377769,126.5194151,45.7212402
2476377770,126.5196618,45.7212191
2476377773,126.5192111,45.7230494
2476377780,126.5198924,45.7269719
2476377781,126.5191546,45.7269777
2476377790,126.5188244,45.7279735
2476377792,126.5203297,45.7280381
2476377794,126.5206926,45.7283497
2476377803,126.5204852,45.729385
2476377804,126.5186549,45.7294652
2476377805,126.5202894,45.7295073
2476377815,126.5198644,45.7302392
2476377816,126.5191699,45.7303756
2476377817,126.5710582,45.7323246
2476377818,126.6049649,45.7324806
2476377822,126.5191339,45.7338688
2476377829,126.5878633,45.7390212
2476377830,126.5883192,45.7393948
2476377831,126.5199009,45.7394314
2476377833,126.5909781,45.7422721
2476377838,126.6608352,45.7488935
2476377858,126.6639997,45.7471369
2476377859,126.672324,45.7514888
2476377862,126.6685003,45.7536513
2476377864,126.6646067,45.753828
2476377865,126.6619761,45.753948
2476377867,126.6615643,45.7539708
2476377868,126.6589623,45.7540856
2476377870,126.6028497,45.7546157
2476377874,126.6033686,45.7559546
2476377877,126.604367,45.7575041
2476377878,126.6619756,45.758527
2476377879,126.605559,45.7595479
2476377880,126.6065393,45.7608888
2476377884,126.6073826,45.7620442
2476377889,126.6077906,45.7626487
2476377895,126.6083859,45.7634618
2476377919,126.6425264,45.7810142
2476377934,126.6567622,45.7828821
2476377958,126.6585975,45.7852904
2476377965,126.6591641,45.7853597
2476377967,126.6589161,45.7854796
2476377970,126.6581258,45.7857854
2476377971,126.6580848,45.786093
2476377973,126.6585217,45.7859419
2476377975,126.6581279,45.7866143
2476377976,126.6614405,45.7868513
2476377979,126.6565917,45.7882243
2476377993,126.6543163,45.7916883
2476378002,126.6567806,45.7924512
2476378004,126.6567036,45.792563
2476378067,126.5118179,45.8042059
2476378072,126.5123504,45.8043645
2476378075,126.5106085,45.8060291
2476378080,126.5106543,45.8076331
2476378095,126.5017236,45.8128884
2476378197,126.7225097,45.8216422
2476817470,126.761766,45.7385277
2476825200,126.6954139,45.7392451
2476825208,126.6790219,45.741457
2476825212,126.7009692,45.7385494
2476825213,126.6827794,45.7409292
2476825233,126.6884473,45.7401432
2476825236,126.6882695,45.7401687
2476848400,126.7730388,45.7807016
2476848450,126.7700591,45.7861768
2477328507,126.7801503,45.7291722
2477328520,126.771561,45.7373945
2477328541,126.7782513,45.7366504
2477328557,126.7775195,45.7304316
2477332816,126.7556986,45.7236306
2477332817,126.7699371,45.720653
2477339355,126.6199767,45.7412114
2477339358,126.6177192,45.7458258
2477339362,126.6176235,45.7445871
2477339366,126.6190862,45.7479904
2477339368,126.6549269,45.7848116
2477339371,126.6507602,45.7907778
2477339374,126.6561744,45.7828074
2477347631,126.6729416,45.744183
2477347635,126.6898819,45.7458447
2477347643,126.6722196,45.7473014
2477347647,126.6961352,45.7420222
2477347652,126.7017909,45.7413582
2477347669,126.6722424,45.7471908
2477347689,126.6749737,45.7254806
2477347693,126.70259,45.7441503
2477431530,126.5365861,45.6699341
2477431536,126.5404934,45.6758726
2477431538,126.5357926,45.6688345
2503867803,126.7204997,45.7273236
2503867845,126.7571679,45.7410392
2503867852,126.7474998,45.748042
2503867869,126.7527807,45.742846
2503930339,126.5345747,45.8337764
2504856976,126.6855719,45.7563494
2504856991,126.7021912,45.7584833
2504876335,126.7139045,45.7733787
2504876356,126.7167631,45.7691527
2504876377,126.7157504,45.7734651
2504882039,126.7049419,45.7196376
2504886137,126.6815821,45.7069286
2504886164,126.6818278,45.7070008
2504889846,126.6469734,45.7675037
2504889850,126.6811523,45.7590875
2504889854,126.6376791,45.7594525
2504889856,126.6502783,45.7725836
2504889858,126.6485985,45.7704718
2504889859,126.6511052,45.7721115
2504889873,126.6461274,45.7667258
2504890750,126.5930069,45.7631128
2504890757,126.5988972,45.7646125
2504890760,126.5939671,45.7637624
2504900697,126.6574607,45.7602126
2504900701,126.6456917,45.7564901
2504900702,126.6489803,45.7527774
2504900704,126.6589039,45.7616479
2504900708,126.653165,45.7564589
2510446074,126.541552,45.6757561
2510446080,126.5447464,45.674493
2510446081,126.5480297,45.6731418
2510458167,126.641718,45.7371351
2510467761,126.723359,45.6694243
2510467773,126.7196058,45.6707104
2511142619,126.5179076,45.7943938
2511142624,126.5119473,45.8040181
2511142627,126.5078154,45.7985494
2511142633,126.5124713,45.8041759
2511142636,126.5060692,45.7962411
2511142638,126.5173476,45.7965445
2511142644,126.5126033,45.7999924
2511142648,126.5185455,45.7946035
2511142653,126.5126722,45.7998728
2511142655,126.5131525,45.8043746
2511142658,126.5141297,45.8004633
2511151334,126.5086961,45.692778
2511151335,126.518674,45.6966626
2511151338,126.5236311,45.6979761
2511151340,126.5116578,45.6985367
2511151343,126.5131957,45.6949662
2511151346,126.5120954,45.698315
2511151347,126.5109,45.6981449
2511151349,126.5027845,45.6903244
2511151352,126.5046172,45.6874177
2511151356,126.5110431,45.6983457
2511151357,126.5113317,45.6978859
2511151359,126.5136459,45.6951038
2511151362,126.5109971,45.6979771
2511151366,126.5082382,45.693428
2511151368,126.5085014,45.6930396
2511151372,126.5118097,45.698029
2511151373,126.5119832,45.6984788
2511153199,126.5017932,45.6915794
2511153203,126.5023892,45.6902097
2511157959,126.5815573,45.744946
2511157970,126.5776523,45.744496
2511160239,126.5988603,45.7154365
2511162017,126.6418716,45.6780026
2511162021,126.6393591,45.6879695
2511162037,126.6395162,45.6879815
2511162039,126.6304873,45.6870042
2511162050,126.6402412,45.6853886
2511162051,126.6121927,45.6850471
2511162053,126.6373834,45.6987156
2511162057,126.6309058,45.6870449
2511164601,126.6361542,45.7055876
2511164613,126.6413874,45.6779873
2511164616,126.6391728,45.6879436
2511164625,126.6396188,45.7154759
2511164628,126.6421037,45.6750114
2511164653,126.6424202,45.675045
2511164660,126.6448486,45.6638116
2511164671,126.6368992,45.6986625
2511164672,126.6408038,45.7164212
2511164674,126.636974,45.6982401
2511165666,126.6510239,45.7099283
2511165670,126.6526814,45.7122906
2511165674,126.6514312,45.7006828
2511551299,126.6682476,45.7852422
2511551315,126.6677782,45.7878096
2513900308,126.6993911,45.7691547
2513900314,126.643546,45.7727728
2513900320,126.7303067,45.7906983
2513900333,126.6509078,45.7781132
2513900342,126.6500275,45.7751819
2513900345,126.6497128,45.7802977
2513900348,126.6482735,45.7762393
2537834493,126.6671667,45.7694694
2537839878,126.7006993,45.7803276
2537839884,126.7010359,45.7791221
2537839895,126.6991089,45.7868546
2537843187,126.7071477,45.762308
2537843196,126.7061021,45.7661868
2537853867,126.7117206,45.7453256
2537853879,126.7032004,45.7441688
2537853895,126.7088808,45.7434613
2537853906,126.7096546,45.7463414
2537881928,126.6589246,45.6505036
2538057002,126.6481842,45.7358061
2538057014,126.6358718,45.738828
2538057021,126.6376867,45.7391594
2538057035,126.6437404,45.738878
2538059758,126.672163,45.7218032
2538059767,126.6844083,45.722101
2538059769,126.6812263,45.7215685
2549776585,126.5876391,45.7852916
2549786099,126.5900595,45.8344901
2549786124,126.5857551,45.8334295
2560359159,126.6313872,45.7630294
2575825333,126.7211233,45.7313934
2575825334,126.7184743,45.7297629
2575836568,126.7592051,45.7350001
2575836668,126.7112066,45.7128075
2575836674,126.7600985,45.7347673
2593864583,126.6145647,45.8348316
2593864620,126.607993,45.8324504
2593864629,126.6077709,45.8323699
2645379456,126.6293469,45.7422534
2645379538,126.628033,45.7433508
2645379589,126.6258802,45.7441237
2676836341,126.5984056,45.7255722
2676836342,126.6017035,45.7293322
2676836354,126.6214756,45.7424913
2676836357,126.6130659,45.7431799
2676836365,126.6197951,45.7455941
2676836366,126.6188268,45.7457022
2676836370,126.6206517,45.7470862
2676836373,126.6202235,45.7477884
2676836374,126.6173687,45.74801
2676836375,126.6281732,45.7482208
2676836376,126.6193997,45.7482631
2676836377,126.6248156,45.7484378
2676836379,126.6232946,45.7492915
2676836380,126.6260023,45.749458
2676836381,126.6225765,45.7496945
2676836382,126.6216898,45.7501922
2676836384,126.6272349,45.7504997
2676836385,126.6209607,45.7506255
2676836386,126.6070076,45.7509264
2676836387,126.6200559,45.7511092
2676836390,126.6096465,45.7519884
2676836392,126.6103057,45.7533509
2676836393,126.6125369,45.753812
2676836394,126.6064025,45.7535099
2676836396,126.6087943,45.753549
2676836399,126.6445389,45.7540007
2676836400,126.6115503,45.7541675
2676836401,126.6108796,45.7543973
2676836402,126.6264648,45.7546601
2676836403,126.6096815,45.754843
2676836405,126.6426844,45.7550548
2676836406,126.6270575,45.7552482
2676836407,126.6082621,45.7553681
2676836409,126.641347,45.7557962
2676836411,126.6437732,45.7559834
2676836413,126.6142143,45.7562291
2676836414,126.6285735,45.7565569
2676836416,126.634057,45.7569262
2676836417,126.6388486,45.7572352
2676836418,126.611347,45.7573286
2676836419,126.643579,45.7577189
2676836420,126.6150202,45.7583291
2676836421,126.6090677,45.7582026
2676836424,126.6140719,45.7585151
2676836425,126.604977,45.7585779
2676836426,126.6047885,45.7586172
2676836427,126.6131414,45.7587037
2676836428,126.6361616,45.7587531
2676836429,126.6120381,45.7589379
2676836430,126.603542,45.7590296
2676836431,126.6444386,45.7589823
2676836432,126.6473124,45.7590019
2676836433,126.6410624,45.7591465
2676836434,126.6096674,45.7592136
2676836437,126.6098104,45.7594655
2676836438,126.6345879,45.7596454
2676836440,126.6459603,45.7597701
2676836441,126.607222,45.7598301
2676836442,126.6102043,45.7601239
2676836443,126.6157841,45.760277
2676836444,126.6388496,45.7604603
2676836445,126.6330077,45.7605164
2676836446,126.6506663,45.7607744
2676836447,126.6170947,45.7608756
2676836448,126.612862,45.7609138
2676836449,126.616099,45.7610401
2676836450,126.6499015,45.7612099
2676836451,126.643456,45.761193
2676836452,126.6143725,45.7613847
2676836453,126.6368334,45.761576
2676836454,126.6400461,45.7614904
2676836459,126.6411937,45.7624784
2676836460,126.6380481,45.7626172
2676836461,126.6348045,45.7626886
2676836463,126.6460336,45.7634125
2676836466,126.6392125,45.763604
2676836467,126.6383127,45.7641152
2676836470,126.6437736,45.7646995
2676836476,126.6138684,45.7657513
2676836479,126.6384881,45.7676196
2676836484,126.6058684,45.7685378
2676836485,126.610049,45.7687428
2676836488,126.6074233,45.7690345
2676836494,126.609549,45.7696298
2676836496,126.6069364,45.7699355
2676836497,126.609059,45.7704991
2676836498,126.6380509,45.7706407
2676836499,126.6132971,45.7706525
2676836500,126.6033084,45.7709063
2676836501,126.6393837,45.7709765
2676836503,126.6366841,45.7732546
2676836504,126.6380102,45.7735978
2676836505,126.637176,45.7751158
2676836507,126.63823,45.776649
2676836543,126.6211182,45.7824553
2689865496,126.6335793,45.766226
2691058638,126.6313698,45.7800979
2691058639,126.6332901,45.7811852
2691058641,126.634731,45.7818632
2691058642,126.6355363,45.7821651
2691058643,126.6370513,45.7828138
2691058645,126.6394244,45.7838563
2691058646,126.6402997,45.7842177
2691058648,126.6412774,45.7846623
2691058649,126.6425235,45.7851591
2691058650,126.6442772,45.7857907
2691070091,126.6361548,45.7787187
2691070093,126.6392436,45.7798481
2713902926,126.6217875,45.7338041
2713902928,126.6244032,45.7359632
2713902930,126.6207248,45.732927
2713902931,126.6191807,45.7316524
2713902976,126.6145436,45.7770569
2713902978,126.6145808,45.7769253
2713933543,126.5940619,45.7589178
2713933547,126.593777,45.7597102
2713933558,126.5949329,45.7618464
2713933563,126.596801,45.7625482
2839601001,126.6880331,45.7763332
2839601020,126.6688481,45.7321363
2839601033,126.6586512,45.7777215
2839601034,126.672509,45.7311084
2839601039,126.702226,45.7199827
2839601045,126.6736764,45.7755605
2839601055,126.6658047,45.7370568
2839601061,126.6622788,45.7371892
2839601062,126.6858569,45.7321134
2839601067,126.660649,45.7615779
2839601072,126.6332325,45.8368349
2839601088,126.6721816,45.731883
2839601089,126.6588274,45.7560451
2839601091,126.6636537,45.7358816
2839601098,126.6701464,45.7804783
2839601103,126.6799669,45.731858
2839601105,126.6584604,45.7596551
2839601108,126.6784722,45.7331104
2839601117,126.6809746,45.7293544
2839601127,126.6541767,45.7559027
2839601132,126.6692458,45.731257
2839601141,126.674806,45.7755885
2839601149,126.6333207,45.83667
2839601161,126.6511799,45.7710414
2839601162,126.673863,45.7278892
2839601168,126.6695626,45.7304982
2839601171,126.6647275,45.75508
2839601172,126.6826677,45.7325823
2839601175,126.6765708,45.7328205
2839601190,126.6680904,45.7376761
2839601191,126.6899956,45.7814131
2839601196,126.6708541,45.7272624
2839601199,126.6897788,45.722866
2839601206,126.6863815,45.7810026
2839601219,126.6590658,45.7553296
2839601220,126.6643214,45.7753919
2839601221,126.6529319,45.7593792
2839601228,126.6734803,45.7610628
2839601231,126.6699044,45.7753574
2839601237,126.6710462,45.7372907
2839601238,126.6622185,45.7615131
2839601241,126.6894093,45.7247648
2839601249,126.682499,45.7296661
2839601262,126.6519323,45.7716365
2839601271,126.6805641,45.7728435
2839601273,126.7086774,45.7258955
2839601274,126.6563465,45.7749169
2839601281,126.6888076,45.7263109
2839601292,126.711129,45.6835679
2839601306,126.6768944,45.7320452
2839601307,126.6671312,45.7378014
2839601310,126.6251175,45.7119266
2839601312,126.6500403,45.7522791
2839601316,126.7045268,45.7795968
2839601320,126.6550001,45.7554297
2839601323,126.6337466,45.8368244
2839601326,126.6569498,45.7571128
2839601330,126.6828711,45.7288118
2839601338,126.6509386,45.7517733
2839601340,126.7027661,45.7224509
2839601344,126.6805093,45.7328814
2839601347,126.6686318,45.7549078
2839601357,126.682171,45.7305635
2839601369,126.6089349,45.7202307
2839601391,126.6551001,45.7581555
2839601395,126.6785681,45.7783921
2839601397,126.6560992,45.7575868
2982505173,126.5981034,45.7647919
2982507575,126.5934464,45.7634404
2982507576,126.5955424,45.7622068
3042566854,126.6981579,45.7495021
3042566855,126.6969219,45.7449116
3045969240,126.6692413,45.761233
3046296578,126.6589021,45.7533095
3046296611,126.6578323,45.7566119
3046296612,126.6517748,45.7513026
3046327616,126.6586945,45.7513508
3046327618,126.6599973,45.7503183
3046333300,126.6559267,45.7535441
3046338304,126.6495401,45.7557572
3046338306,126.65014,45.7537976
3046359147,126.6470294,45.752506
3046359148,126.6480984,45.7517082
3046359149,126.6493412,45.7507013
3046359150,126.6516764,45.7488541
3046359151,126.6529691,45.747796
3046359152,126.6542462,45.7468144
3046359153,126.655358,45.7458989
3046400394,126.6436013,45.7438237
3046408682,126.6519845,45.7471847
3046410160,126.6483277,45.7500579
3046410161,126.6506565,45.7482281
3046410162,126.6532377,45.7462
3046649831,126.6474513,45.7443827
3046649832,126.6461139,45.7454094
3046658943,126.6475184,45.7424702
3046658944,126.648635,45.7433857
3046659049,126.6457922,45.7430705
3046660171,126.6473419,45.7461759
3046660172,126.6486853,45.7451117
3046660173,126.6450231,45.746283
3046660176,126.6528869,45.7383961
3046660177,126.65193,45.7370905
3046660178,126.6515023,45.7364614
3046660181,126.6503564,45.7350733
3046664602,126.6431152,45.7501366
3046667745,126.6513829,45.7559498
3046667746,126.6483221,45.7532869
3046667748,126.6444199,45.7509198
3046667814,126.6473832,45.7538645
3046667816,126.6521219,45.7555412
3046668298,126.6439099,45.7408948
3046668301,126.6491921,45.7395341
3046668317,126.6492894,45.7354351
3046668319,126.6506686,45.7385263
3046670110,126.6506383,45.7375624
3046671133,126.6511578,45.735954
3046671267,126.6537043,45.7364258
3046671268,126.6529518,45.7353378
3046671269,126.6533286,45.7358738
3046671270,126.650289,45.7368675
3046671285,126.6516741,45.7357756
3046671286,126.6509904,45.7348583
3047155546,126.6561326,45.7412873
3047155550,126.6515055,45.7429163
3047155552,126.6534747,45.7413897
3047171637,126.6559694,45.7383122
3047172393,126.663694,45.7305397
3047172672,126.6608019,45.7375332
3047182128,126.6620178,45.7311078
3047182131,126.6611075,45.7313709
3047182132,126.6622846,45.733116
3047192326,126.6556499,45.7344349
3047192327,126.6549949,45.7335115
3047192587,126.6602146,45.7328661
3047192588,126.6536746,45.7351129
3047192589,126.6617204,45.7323256
3047192590,126.6626032,45.7320307
3047195935,126.6573023,45.7338737
3047195936,126.6566754,45.7329134
3047251977,126.6607581,45.7326722
3047258148,126.656458,45.7355915
3047258150,126.6583224,45.7349615
3047258152,126.6610662,45.7340344
3047258153,126.6608617,45.7337378
3047258154,126.6613803,45.7335578
3047283656,126.6588664,45.7309707
3047343157,126.6202457,45.7113714
3047444633,126.5717673,45.6945571
3047741519,126.6201923,45.746506
3047741520,126.6192967,45.7467781
3047741521,126.6183373,45.7470695
3047742500,126.6216934,45.7448795
3047742501,126.6197913,45.7447331
3047742502,126.6187868,45.7446655
3047742503,126.6160482,45.744481
3047744269,126.6203687,45.743445
3047744270,126.6194742,45.7431103
3047744271,126.6183634,45.7426947
3047744272,126.616824,45.7421188
3047778551,126.6190943,45.7499345
3047778552,126.6205211,45.7491665
3047778553,126.6213687,45.7486836
3047778554,126.6221036,45.7482644
3047778556,126.624936,45.746636
3047778557,126.6257425,45.7461481
3047782133,126.6210627,45.7522728
3047782134,126.623747,45.7507432
3047782135,126.6244624,45.7503355
3047785925,126.6309699,45.744691
3047787434,126.6321475,45.7456836
3047787435,126.6337481,45.744768
3048222452,126.6383263,45.753194
3048222453,126.6409352,45.7517256
3048222454,126.6420307,45.7510784
3048222899,126.6378569,45.7563839
3048222900,126.6403714,45.7549558
3048222901,126.6435366,45.7531244
3048322028,126.6529652,45.7627668
3048322338,126.6480918,45.758559
3048325053,126.6402253,45.7649826
3048325054,126.6407924,45.7652218
3048325055,126.6425347,45.7636329
3048325056,126.6447979,45.7623405
3048325058,126.6486488,45.7601416
3048325059,126.6493943,45.7597159
3048325060,126.6438361,45.7664035
3048325061,126.6449742,45.765733
3048325062,126.6472413,45.7644457
3048325064,126.651825,45.7617798
3048326223,126.6495146,45.7683948
3048326224,126.6508923,45.7675906
3048326226,126.6556229,45.7649404
3048326236,126.6475615,45.7677309
3048326239,126.6538732,45.7622578
3048331375,126.6534539,45.7698109
3048331376,126.6573409,45.7677845
3048331503,126.6568191,45.7709419
3048331504,126.6586561,45.7683828
3048997266,126.7192258,45.7914532
3049392829,126.6003372,45.766946
3050102110,126.6448348,45.7738491
3050102111,126.6398879,45.7787319
3050102112,126.6370928,45.7777557
3050102114,126.6348043,45.7762742
3050102116,126.6453244,45.7785599
3050102117,126.6404755,45.7757233
3050102118,126.6393795,45.7744527
3050105866,126.6404744,45.7772565
3050105867,126.6414994,45.776331
3050110522,126.6373777,45.7779
3050110523,126.638688,45.7796068
3050115702,126.6303857,45.7833897
3050115704,126.638328,45.78143
3050115705,126.640843,45.7826242
3050115706,126.6434849,45.7839332
3050115707,126.6455858,45.7842891
3050115708,126.6469994,45.7827896
3050116609,126.6479229,45.7831263
3050119719,126.6455117,45.7870794
3050119720,126.6437446,45.7865759
3050119722,126.6418032,45.7863376
3050119725,126.6396765,45.7858326
3050119726,126.638113,45.7850333
3050121104,126.6411894,45.7869574
3050121105,126.6452163,45.7820518
3050121106,126.6425565,45.7834792
3050121107,126.6442726,45.7816705
3050121109,126.645622,45.7798856
3050127694,126.6266964,45.7720583
3050127695,126.6290279,45.767503
3050127696,126.6272814,45.7708397
3050127698,126.6283541,45.7786657
3050148060,126.6465705,45.7750407
3050148062,126.6462436,45.7748259
3050148063,126.643154,45.7773138
3050148065,126.6424109,45.7780327
3050148066,126.6418901,45.7790653
3050148067,126.6420161,45.7790954
3050148069,126.6435467,45.7775471
3050148070,126.6432626,45.7793398
3050148071,126.6446018,45.7781577
3050148072,126.6412164,45.780544
3050151291,126.6402849,45.7802219
3050151292,126.640901,45.7788761
3050151293,126.6390751,45.7817721
3050151295,126.640447,45.7802767
3050151296,126.6400521,45.7822538
3050151298,126.6414262,45.7806158
3050151299,126.639897,45.7821797
3050151300,126.6385139,45.7834573
3050153432,126.6388495,45.7854054
3050153433,126.6416609,45.783029
3050153434,126.643432,45.7813619
3050154642,126.6455553,45.7897968
3050154644,126.6469027,45.7912382
3050154645,126.647776,45.7898695
3050154646,126.6492876,45.7874721
3050154647,126.651572,45.7837723
3050158688,126.6432998,45.7919653
3050158689,126.6418246,45.7911592
3050158690,126.6403845,45.7904419
3050159797,126.632071,45.7767654
3050168633,126.6440944,45.7911624
3050168635,126.641238,45.7896428
3050168636,126.6397166,45.7888277
3050168637,126.6383248,45.7880732
3050168638,126.6361954,45.786966
3050168639,126.6341932,45.7859259
3050168640,126.6323649,45.7850017
3050168641,126.6301416,45.7838158
3050168643,126.6330141,45.7843571
3050168644,126.6334413,45.7838937
3053544525,126.6469403,45.7710746
3053547406,126.6362509,45.7715579
3053547407,126.627948,45.7695381
3053555210,126.6348687,45.7712166
3053557552,126.6464366,45.7715734
3053558012,126.640665,45.7713054
3053558013,126.6409098,45.7735873
3053559112,126.6406984,45.7711354
3053559113,126.6414508,45.7697
3053559114,126.6402317,45.7693789
3053559115,126.638994,45.7667218
3053560761,126.6428216,45.7700633
3053580339,126.6303557,45.7678715
3053715605,126.6380391,45.7768723
3053753680,126.6441939,45.7763706
3053753681,126.6420479,45.7750772
3053756182,126.6430793,45.7757089
3053756183,126.6440827,45.7752065
3053756184,126.6454603,45.7742939
3053760292,126.6449732,45.7757564
3053760293,126.6471743,45.7771338
3053819092,126.6438732,45.7761704
3053819093,126.6446419,45.7755491
3054644035,126.630027,45.7824158
3054644039,126.6376258,45.7830713
3058314704,126.5972435,45.759209
3107941941,126.6563556,45.7480996
3107941942,126.6575082,45.7488018
3107941943,126.6551105,45.7491256
3107941944,126.6562401,45.7498269
3107941945,126.6575165,45.7506194
3107941946,126.6549661,45.7508747
3107941947,126.6562291,45.7516581
3107941949,126.6684613,45.7533306
3107941951,126.6726011,45.7534798
3107941953,126.6630912,45.7551521
3107941954,126.6648506,45.7563679
3107941955,126.6632105,45.7564381
3107941957,126.6591839,45.7565996
3107941958,126.6543551,45.7575095
3107941959,126.6593722,45.7591705
3107953532,126.6698544,45.7399717
3107953533,126.6684426,45.7401578
3107953535,126.6701044,45.7407149
3107953536,126.6686523,45.7409113
3107953537,126.6686909,45.7410499
3107953539,126.6683887,45.7413482
3107953540,126.6703084,45.741475
3107953541,126.667381,45.7414667
3107953542,126.6688228,45.741524
3107953544,126.6688686,45.7416886
3107953545,126.6722877,45.7419105
3107953546,126.67049,45.7421511
3107953547,126.669051,45.7423436
3107953548,126.6674728,45.7425463
3107953549,126.6706769,45.7428473
3107953552,126.6692469,45.7430474
3107953553,126.6675536,45.7432706
3107953557,126.6626485,45.7436128
3107953558,126.6694746,45.7439372
3107953559,126.6699345,45.7439695
3107953560,126.6710137,45.7440471
3107953561,126.6677229,45.7450301
3107953562,126.6648516,45.7451153
3107953563,126.669765,45.7451937
3107953564,126.6726553,45.7454422
3107953565,126.6655112,45.7455258
3107953567,126.6638863,45.7458377
3107953568,126.6611217,45.7459528
3107953569,126.6664966,45.7461124
3107953572,126.6662606,45.7483219
3107953573,126.6681374,45.7494686
3107953574,126.6664115,45.7495629
3107953575,126.6642288,45.7496684
3107953578,126.6648746,45.7514841
3107953579,126.6711695,45.7515932
3107953582,126.6683827,45.7524298
3107953583,126.6671456,45.7524865
3107953584,126.6663189,45.7525244
3107953585,126.6644901,45.7526083
3107953587,126.6619143,45.7527264
3107953589,126.6645435,45.7532274
3107953591,126.6709416,45.7533641
3107953593,126.6673453,45.753703
3107953594,126.6665527,45.7537391
3107953595,126.668573,45.7542737
3107953597,126.6665899,45.7543909
3107953598,126.6663702,45.7544026
3107953599,126.6657431,45.7544359
3107953600,126.6646748,45.7544927
3107953602,126.6707174,45.754981
3107953603,126.6664032,45.7550061
3107953604,126.6657909,45.7550331
3107953605,126.6733287,45.7550726
3152582615,126.6588454,45.7496165
3214186013,126.6311676,45.7278878
3214186014,126.6292622,45.725205
3226271565,126.7502466,45.7013571
3226271570,126.7537639,45.7485716
3226271578,126.7164714,45.6879922
3226271586,126.7150245,45.7280915
3226271587,126.7466355,45.7728243
3226271594,126.7552365,45.722323
3226271601,126.7502732,45.7588848
3226271605,126.7551882,45.7222057
3226271606,126.7504016,45.7015378
3226271637,126.7503965,45.7013429
3226271640,126.7694881,45.7003483
3226271666,126.7515088,45.7541118
3226271671,126.7216471,45.7271572
3226271680,126.7551052,45.7223451
3226271709,126.7066396,45.7294827
3226271717,126.7550573,45.722231
3226271720,126.757047,45.7410267
3226271721,126.7116929,45.7311917
3226271737,126.7079274,45.6790476
3226271739,126.70992,45.7290179
3226271745,126.7539048,45.7266254
3226271749,126.7467954,45.7726952
3226271750,126.7526137,45.7159763
3226271752,126.7554905,45.7610121
3226271753,126.7523662,45.7227449
3226271755,126.7539088,45.7482219
3226271767,126.746679,45.7726803
3230755147,126.6393099,45.7209473
3230755149,126.6382066,45.7208577
3231940950,126.6310914,45.7228756
3231940951,126.6356764,45.7212988
3231940952,126.6330915,45.7226291
3231940953,126.6328379,45.722275
3231940954,126.6272849,45.7144448
3232021722,126.6324432,45.716756
3232021723,126.6331716,45.7165282
3232026293,126.6359258,45.7216492
3232028506,126.6317565,45.7207646
3232028507,126.6346174,45.719811
3232112961,126.6271643,45.7139889
3232112968,126.626817,45.7141807
3232112976,126.6259994,45.715168
3232112978,126.6254591,45.7143127
3232112981,126.6279639,45.7154028
3232112982,126.6293011,45.7173351
3232112983,126.6321739,45.7163661
3232112984,126.629101,45.7170555
3232112985,126.631964,45.7160621
3232112987,126.6317664,45.715776
3232112988,126.6315382,45.7154456
3232112989,126.6297014,45.716061
3232112990,126.6312803,45.7150722
3232112991,126.6294443,45.7156961
3232112992,126.6314337,45.7170963
3232112993,126.631164,45.7167067
3232112994,126.6309598,45.7164103
3232112995,126.6307602,45.7161206
3232112996,126.6305282,45.7157839
3232112997,126.6302735,45.7154143
3232112999,126.6306266,45.717365
3232113000,126.63035,45.7169813
3232113001,126.6301466,45.7166927
3232113002,126.6299413,45.7164013
3232113003,126.6293419,45.7155508
3232113004,126.6325188,45.7151171
3232113005,126.6327651,45.7154337
3232113008,126.6344187,45.7195317
3232113010,126.6337465,45.7201013
3241082480,126.6868853,45.7462659
3241082481,126.6782282,45.7477542
3241082482,126.6787643,45.7477955
3241082483,126.6799507,45.7478867
3241082486,126.6863294,45.7487189
3241082491,126.6797092,45.7488826
3241082492,126.6779994,45.7486789
3241082494,126.6785619,45.7487473
3241082499,126.6861847,45.749405
3241082501,126.6879897,45.7496289
3241082502,126.689978,45.7498877
3241082508,126.6786387,45.7505525
3241082511,126.6832797,45.7506005
3241082512,126.6857692,45.7509061
3241082514,126.6863445,45.7514734
3241082515,126.687502,45.7516122
3241082516,126.6899185,45.7519122
3241082517,126.6782541,45.7520302
3241082518,126.6859762,45.7529876
3241082519,126.6968891,45.7544657
3241082525,126.6929223,45.7573268
3241082526,126.6960451,45.7577161
3241082528,126.6927404,45.7579961
3241082529,126.6884421,45.7584141
3241082531,126.6911475,45.7587741
3241082533,126.6938197,45.7590736
3241082535,126.6956125,45.7592944
3241082536,126.6843352,45.7594943
3241082537,126.6922308,45.7598639
3241082538,126.692073,45.7604545
3241082539,126.6952014,45.7608389
3256636335,126.6225881,45.7413384
3256822966,126.6304563,45.7402255
3256837495,126.621442,45.7403688
3256837496,126.6202348,45.7393356
3256837497,126.6241711,45.7426777
3256837500,126.6271816,45.7409037
3257101319,126.6291063,45.7458726
3257105052,126.6313233,45.7461551
3257105053,126.6301471,45.7451618
3257105269,126.6245374,45.7385746
3257579067,126.6352404,45.7388048
3257579072,126.6332477,45.7365182
3257579076,126.629938,45.737585
3261535145,126.6283454,45.7595521
3261904340,126.6250752,45.7568495
3261904341,126.6267125,45.7562729
3262001408,126.6307022,45.7581491
3287324742,126.6586287,45.7479208
3287324743,126.6763512,45.7488361
3287324744,126.6599512,45.7487261
3287324748,126.6623786,45.7497642
3287324757,126.6711685,45.7513424
3287330561,126.6296486,45.7525864
3287346782,126.6548953,45.7422888
3287346783,126.6551773,45.7424355
3287346784,126.6529385,45.7437857
3287346785,126.6533526,45.7439758
3287346786,126.6528669,45.7443637
3287346787,126.6517037,45.7452653
3287346788,126.6501918,45.7460016
3287346789,126.6488414,45.7471118
3287346790,126.6491343,45.7472847
3287346792,126.6477711,45.7479508
3287346793,126.6480346,45.7481441
3287346795,126.6467767,45.7491554
3287346798,126.6455418,45.7501516
3305928419,126.6109708,45.7669704
3305928423,126.6498119,45.784135
3305928424,126.6474875,45.784106
3305928425,126.6532265,45.7842837
3305928426,126.6511209,45.784522
3305928427,126.6471456,45.784717
3305928428,126.6527873,45.7850146
3305928429,126.6507777,45.7850879
3305928431,126.6565883,45.7853065
3305928432,126.6544904,45.7855181
3305928433,126.6503962,45.785692
3305928435,126.6369914,45.7861731
3305928436,126.652033,45.7861513
3305928437,126.6460294,45.7864765
3305928438,126.6537807,45.7866814
3305928439,126.6333433,45.786733
3305928442,126.6391658,45.7872944
3305928443,126.65524,45.7875623
3305928444,126.6353579,45.7877779
3305928445,126.6509496,45.7879713
3305928447,126.6406131,45.7880572
3305928448,126.6543615,45.7889812
3305928449,126.6526477,45.7884761
3305928450,126.6421089,45.7888165
3305928451,126.6374647,45.7888797
3305928454,126.6563,45.789562
3305928456,126.6388746,45.7896106
3305928457,126.6494327,45.7903695
3305928458,126.6449417,45.7903521
3305928459,126.6528036,45.7913725
3335930689,126.6211578,45.7657691
3335930690,126.6210367,45.7658655
3335930692,126.6234517,45.7662716
3335931094,126.6234076,45.7663745
3335931095,126.6256815,45.7667263
3335931096,126.6256355,45.7668244
3335931097,126.6278786,45.7673496
3335931098,126.6289637,45.7676442
3335931100,126.632179,45.7686534
3335931101,126.6369367,45.7703312
3401699986,126.5533388,45.7393101
3447772766,126.6304169,45.7419298
3447772767,126.6295873,45.742415
3447772768,126.6317607,45.7442481
3447772769,126.6329308,45.7452356
3447772770,126.6344055,45.7464799
3447793153,126.6326264,45.7437736
3447796104,126.6250614,45.7398796
3447927216,126.6231461,45.7375149
3447927217,126.6223987,45.7398136
3447927218,126.6213942,45.7389295
3450159245,126.6208112,45.7454807
3450159247,126.6208,45.744801
3450159250,126.6212451,45.7437729
3450409416,126.6411846,45.7390142
3450409417,126.6412877,45.7408049
3450414747,126.63315,45.743438
3450414762,126.6353888,45.7391104
3450426648,126.6409919,45.744001
3450426649,126.6396501,45.7447126
3450433211,126.6319401,45.7370316
3450443761,126.6335535,45.7370961
3450443792,126.636432,45.7348194
3451388422,126.6490685,45.7414775
3451389299,126.6496046,45.7423966
3451391118,126.6473867,45.7409362
3451391119,126.6470332,45.740729
3451435491,126.6458018,45.7399464
3451435492,126.6455131,45.7398644
3451436193,126.6439558,45.7388669
3451436194,126.6437191,45.7387335
3451436195,126.6410972,45.7370643
3451467065,126.6432134,45.7342017
3451529964,126.6365486,45.7559528
3451529968,126.6373482,45.7558103
3451529971,126.6373947,45.7553823
3451529973,126.6372125,45.755223
3451529976,126.6365943,45.7551663
3451531628,126.6357296,45.7554265
3451531640,126.6356149,45.7560078
3451550882,126.631854,45.751361
3451550883,126.6317559,45.7512775
3451550886,126.6281301,45.7479818
3451551496,126.6208564,45.7419489
3451552580,126.6270507,45.7470537
3451552581,126.6295304,45.7492099
3451552582,126.630737,45.7502608
3451552583,126.6318625,45.7512196
3451552584,126.6319624,45.7513029
3451552585,126.6331196,45.7522517
3451552586,126.6332754,45.7523917
3451552589,126.6347981,45.753739
3451578153,126.636054,45.7560657
3451578154,126.6351002,45.757901
3453317053,126.6229323,45.751213
3453325710,126.6254288,45.7497848
3453392771,126.6240395,45.7557006
3453392772,126.6263243,45.7544297
3453392773,126.6276146,45.7536641
3453392775,126.6242242,45.7559227
3453392776,126.6278695,45.7538603
3453392780,126.6257014,45.7547839
3453392781,126.6244632,45.7537821
3453392782,126.6232205,45.7527612
3453392783,126.6220326,45.7517201
3453551117,126.6312008,45.7631165
3453612184,126.6302022,45.7598422
3453688642,126.6325836,45.7640463
3453705831,126.6211517,45.7620071
3453705833,126.621388,45.7604928
3453705842,126.6196739,45.7616938
3453705843,126.6195195,45.7603338
3453705844,126.6192896,45.7618528
3455119962,126.6167112,45.7771122
3456728317,126.6004795,45.7743913
3456734355,126.6055741,45.7766713
3456766471,126.6216588,45.7788113
3456768491,126.6162835,45.7786218
3456769495,126.618243,45.7774042
3457037858,126.6785021,45.7521755
3457037859,126.6783822,45.7526175
3457037867,126.675821,45.7574737
3457037870,126.6806873,45.7532359
3457037872,126.6786993,45.7526402
3457037875,126.6756177,45.7582538
3457039979,126.677091,45.757626
3457039980,126.6776312,45.7556028
3457039982,126.6762857,45.7554501
3457039983,126.6799989,45.7559168
3457041836,126.6795869,45.7531002
3457041838,126.6802842,45.7548058
3457041843,126.6770152,45.7527886
3457041845,126.6780899,45.7525678
3457041846,126.6797017,45.7526679
3457041847,126.6803987,45.7532019
3457041848,126.6805182,45.7527642
3457047411,126.6743367,45.7529625
3457047412,126.6741518,45.754175
3457047413,126.6734635,45.7541313
3457047414,126.6736169,45.7528853
3457047418,126.6750016,45.7544307
3472714258,126.6678599,45.7465911
3472714262,126.6722724,45.7470762
3472714265,126.6839367,45.7479585
3472714266,126.6864671,45.7481466
3472714271,126.6981097,45.7493575
3472714273,126.7040228,45.7500829
3472714274,126.7046485,45.7501482
3472714279,126.7134925,45.7517303
3472714284,126.704633,45.7505851
3472714285,126.7040316,45.7505078
3472714290,126.6863683,45.7484941
3472714291,126.6838594,45.7483058
3472714292,126.6799326,45.7480075
3472721993,126.678743,45.7479301
3472721994,126.6782045,45.747894
3472721998,126.6679086,45.7469541
3472739185,126.676343,45.7502131
3472739188,126.6759381,45.7518495
3472739189,126.6696524,45.74957
3472739191,126.6759271,45.7505624
3472739192,126.6714168,45.7502168
3472739893,126.6716747,45.7485023
3472739894,126.6733279,45.7515565
3472739895,126.6735337,45.7503803
3472739896,126.6737666,45.750404
3472739897,126.6740853,45.7486744
3472739898,126.6748496,45.7504849
3472739899,126.6751102,45.7487475
3472739900,126.6715201,45.7495307
3472739901,126.6738896,45.7497311
3472739902,126.6698142,45.7483695
3472741432,126.6783337,45.7516672
3472741438,126.6764783,45.7502309
3472741440,126.6798406,45.75223
3472741441,126.6803324,45.7502342
3472741442,126.6784709,45.751104
3472741443,126.6800703,45.7512999
3472741444,126.6812845,45.752409
3472741445,126.681811,45.7504189
3472741822,126.6801708,45.7509152
3472741823,126.6816237,45.7510916
3472741824,126.6796622,45.7491218
3472741827,126.683505,45.7497113
3474281634,126.678259,45.7387858
3474281637,126.6804443,45.7462611
3474281638,126.6801045,45.7476598
3474335205,126.6708739,45.7435811
3474335206,126.6726884,45.7433256
3474335207,126.670642,45.7427173
3474335208,126.6724422,45.7424562
3474335209,126.6719559,45.7441125
3474335210,126.6718115,45.7434484
3474335211,126.6716344,45.7425716
3474335212,126.6715216,45.7420131
3474349793,126.6720957,45.7412323
3474349794,126.6718778,45.7404623
3474349795,126.6688521,45.7416291
3474349796,126.6702914,45.7414115
3474349797,126.6720738,45.7411548
3474349798,126.6686724,45.7409835
3474349799,126.6701222,45.7407814
3474349800,126.6718961,45.740527
3474401433,126.6674895,45.7426861
3474403829,126.6642781,45.7435052
3474405938,126.6627954,45.7435678
3474409848,126.6642225,45.7401876
3474411544,126.6618566,45.7429915
3474411555,126.6635284,45.7414076
3474469561,126.6581334,45.7407064
3474469564,126.6647273,45.7452083
3474469565,126.6653661,45.7455894
3474469566,126.6663795,45.7462086
3474485187,126.6565536,45.7409673
3474486893,126.6567337,45.7396818
3474486898,126.6567719,45.7411075
3474486899,126.6569371,45.7396254
3474486904,126.6579671,45.7398568
3474486905,126.6584058,45.7398287
3474486911,126.6584133,45.7409976
3480430919,126.6724034,45.7725809
3480438012,126.665749,45.773732
3480438015,126.6678573,45.7725072
3480438016,126.665798,45.7724738
3480521604,126.6641916,45.7737081
3480521605,126.6642604,45.7724489
3480521606,126.6629093,45.7730943
3480521608,126.664229,45.7729715
3480521609,126.6657773,45.7730042
3480521610,126.66314,45.7732814
3480521611,126.6642117,45.7733113
3480521612,126.6657639,45.7733495
3480521614,126.6630736,45.7742914
3480556636,126.6558395,45.7752108
3480566610,126.6641168,45.7754592
3480566615,126.6602845,45.7723547
3480570197,126.6580009,45.7735886
3480618984,126.6619756,45.7689972
3480648626,126.6555451,45.7749544
3480648628,126.6576952,45.7737539
3480648635,126.6536155,45.7699553
3480648648,126.656664,45.7728859
3480684929,126.6535994,45.7731326
3480705236,126.6512007,45.7689982
3480705240,126.655465,45.7666599
3480705241,126.6556046,45.7667486
3480705243,126.6522211,45.7687498
3480716871,126.6538548,45.7727993
3480716873,126.6542673,45.7725752
3480716876,126.6552131,45.7720613
3480716877,126.6525539,45.7717274
3480716879,126.6530073,45.772101
3480716880,126.6548858,45.7710529
3480716881,126.6534079,45.771876
3480716882,126.6542218,45.7725999
3480716883,126.6537627,45.7721915
3480716884,126.6552921,45.7713664
3480728594,126.6555211,45.7743617
3480728596,126.6562278,45.7738415
3480728597,126.6571799,45.7733202
3480728598,126.6550212,45.7738562
3480728601,126.6558904,45.7741451
3480728602,126.655348,45.7736632
3480728603,126.6541669,45.7726297
3480728607,126.6546412,45.7730447
3480728609,126.6559549,45.7722891
3480728612,126.6538028,45.7710084
3480728613,126.6529601,45.7714935
3480728614,126.6527346,45.7713174
3480729686,126.6557489,45.7734264
3480729687,126.6566233,45.773625
3480729688,126.6561315,45.7732004
3480917496,126.6338326,45.7632551
3483074728,126.6315472,45.7577861
3483127916,126.6449619,45.7589101
3483195901,126.6411359,45.7503046
3483195915,126.6427467,45.7516977
3483495921,126.6521965,45.7587284
3483654481,126.6357321,45.7697393
3483654482,126.6371756,45.7672456
3483670171,126.6362079,45.7659569
3485520887,126.5873709,45.7596005
3485522046,126.587382,45.7592176
3485522051,126.5869926,45.7585929
3485522062,126.5857398,45.7594219
3485522063,126.5858247,45.7594892
3485522071,126.5874704,45.7605361
3485522074,126.5885495,45.7607809
3485522075,126.5886776,45.7608216
3485524447,126.5844202,45.7610299
3485524458,126.5846357,45.7589512
3485524469,126.5853818,45.7556054
3485525525,126.5845147,45.7571334
3496199411,126.6311647,45.7709645
3496199413,126.6315604,45.7703849
3496199414,126.6323581,45.7687228
3496199415,126.6306139,45.7716999
3496250085,126.6265358,45.7820616
3496416576,126.6224838,45.7804871
3496510781,126.6337894,45.7840424
3496510782,126.6356191,45.7821919
3496510785,126.6304622,45.783267
3496510786,126.6309992,45.7828717
3496510788,126.632191,45.7833882
3496510789,126.6340123,45.7815732
3496510790,126.6328625,45.7836591
3496532619,126.6353406,45.7846847
3500454854,126.6315287,45.7857755
3500578402,126.5732549,45.7015512
3500579583,126.5718811,45.7018412
3502590685,126.5839866,45.6906543
3502590686,126.5837804,45.6908285
3502590690,126.575575,45.6971572
3502590898,126.5748383,45.6999262
3502590899,126.5751503,45.7005484
3502590900,126.5752679,45.7006927
3502590903,126.5805566,45.7064556
3502590905,126.5873721,45.7137317
3502591529,126.5749746,45.7008215
3502591530,126.5748681,45.7006757
3502591533,126.5743725,45.6993141
3502591539,126.5753082,45.6969868
3502591540,126.5755462,45.696779
3502591543,126.5834744,45.6906469
3502591544,126.5836902,45.6904701
3520797772,126.5666195,45.7502677
3520797773,126.568054,45.7435521
3520797775,126.5676985,45.7437806
3520797776,126.5530092,45.7439049
3520797777,126.5665321,45.7480084
3520797779,126.554578,45.7441153
3520797782,126.5663083,45.7503094
3520797900,126.5856664,45.6616789
3520797924,126.6266559,45.6644645
3520797930,126.6083698,45.6623552
3520802734,126.5734188,45.7296736
3520802735,126.5813518,45.7236339
3520802736,126.5816347,45.7238184
3520802737,126.5814837,45.7239426
3520802738,126.5736815,45.729848
3520802739,126.5811977,45.7237603
3520802740,126.5776598,45.7264029
3520802744,126.5779637,45.726178
3520804186,126.6753821,45.7883391
3520804187,126.6879637,45.7917367
3520804189,126.6867452,45.7934787
3555254359,126.604493,45.7739204
3555254360,126.6069174,45.7742983
3555297270,126.5887115,45.7857263
3555297276,126.5897597,45.7861619
3555297280,126.5899281,45.7862765
3555297281,126.5918013,45.7871535
3555297285,126.5920578,45.7872389
3555297292,126.5943027,45.7883525
3555297296,126.6036147,45.792475
3555297298,126.589862,45.7863735
3555297300,126.5896687,45.7863798
3555297302,126.5895907,45.7862928
3555297315,126.5917371,45.7872544
3555297325,126.5919717,45.7871442
3555299107,126.5918006,45.7873313
3555299108,126.5897893,45.7893573
3555301406,126.5869133,45.7882022
3555301419,126.5918039,45.7914144
3555301425,126.5935909,45.791118
3555301444,126.5852081,45.7899441
3555301445,126.583074,45.7886382
3555301451,126.5863996,45.7906077
3555301456,126.5844925,45.7919141
3562360648,126.5795761,45.7927317
3562360653,126.586986,45.7936085
3562360662,126.5946351,45.7941766
3562360667,126.5816876,45.7915777
3562412710,126.5888963,45.7925145
3562446408,126.5791605,45.792444
3562446410,126.5753999,45.7908208
3562476512,126.5931587,45.7825944
3562476513,126.5953114,45.7835219
3562476514,126.5993055,45.7905696
3562476515,126.6028878,45.7863814
3562476516,126.6007535,45.7888767
3562476517,126.5933833,45.7856131
3562476519,126.5894562,45.7838308
3562476520,126.5902891,45.7827883
3562476521,126.5922013,45.7836359
3562476522,126.5943248,45.784592
3562476523,126.6016085,45.7878772
3562476524,126.6039242,45.7889014
3562476525,126.5982786,45.7877808
3562476526,126.5991563,45.7867712
3562476527,126.6003076,45.7854896
3562476528,126.5907556,45.7821194
3562476529,126.5927729,45.7830141
3562476530,126.5948942,45.7839744
3562476531,126.5997562,45.7861034
3562476532,126.6022371,45.7871422
3562476533,126.6045965,45.7881395
3562702195,126.5898575,45.786184
3562702196,126.5912854,45.7846322
3562801819,126.5662265,45.7801034
3562807805,126.565482,45.7804384
3562807806,126.5654678,45.7805087
3562807807,126.5654858,45.7805785
3562807811,126.5658017,45.780728
3562807814,126.566076,45.7804054
3562807817,126.565814,45.7802815
3562807818,126.5657047,45.7802886
3562807819,126.5656051,45.7803209
3562807822,126.5685379,45.7820711
3562807823,126.5659489,45.7806949
3562836903,126.5617942,45.7786365
3562836907,126.5621656,45.7783717
3562836916,126.555645,45.7801804
3562836935,126.5616031,45.7785362
3562839149,126.5640951,45.7725344
3565011186,126.5703053,45.7762833
3565011187,126.5704856,45.7763929
3565015168,126.5719178,45.7733086
3565030295,126.5830075,45.78304
3565030304,126.5857759,45.7834209
3565035632,126.5839178,45.7850104
3578758113,126.6263869,45.6642865
3578758131,126.6084232,45.6622428
3578758132,126.6446543,45.6637781
3578758133,126.6195749,45.6501292
3578758137,126.6173773,45.6617531
3578758140,126.6170484,45.6617307
3578758155,126.6168411,45.6627047
3578801935,126.6438872,45.6672027
3578801948,126.6347646,45.6656183
3578801956,126.6378263,45.6633172
3578801988,126.6457946,45.6669484
3578801992,126.6388553,45.6659709
3578802004,126.6546073,45.6684611
3578802029,126.6439969,45.6667184
3578802053,126.6440415,45.6672285
3578802072,126.6380289,45.6633024
3578802073,126.6441625,45.6667473
3624773537,126.7233708,45.6660473
3626369872,126.5787213,45.7556329
3654388677,126.6374539,45.6983011
3654388680,126.6403784,45.6990053
3654409288,126.640445,45.6986615
3662201590,126.6618196,45.7515372
3662201591,126.6612841,45.7515638
3715348733,126.6190408,45.7370655
3729145916,126.5334437,45.6542703
3740174915,126.533053,45.6814044
3740174916,126.5330475,45.6818068
3740174924,126.5302331,45.6872696
3740175229,126.5308888,45.6907748
3740175231,126.5297621,45.6911052
3740175235,126.5295151,45.6914224
3740175242,126.5288826,45.6919422
3740175246,126.5289462,45.6926328
3740175250,126.5320417,45.6930378
3740175253,126.5306379,45.6930535
3740175259,126.5315411,45.6933763
3740175261,126.5303619,45.693646
3740175264,126.5295368,45.6940292
3740175272,126.536749,45.6971462
3740175273,126.5294869,45.6976913
3740175274,126.5302112,45.6977502
3740175279,126.5387348,45.6986086
3740175284,126.5315889,45.6997505
3740175289,126.5314266,45.7000998
3740175296,126.5423501,45.7024191
3740175301,126.5404616,45.7026222
3740175315,126.5412121,45.7038061
3740175325,126.5447706,45.704383
3740175329,126.5428028,45.7045022
3740175330,126.5417614,45.7046269
3740175335,126.5386155,45.7065392
3740175336,126.5387828,45.7065879
3740175342,126.5342009,45.7111048
3740175343,126.5270967,45.7112264
3740175344,126.5398744,45.7113763
3740175351,126.613546,45.7353628
3740175352,126.6145903,45.736314
3740175353,126.6157706,45.7373513
3740175354,126.6168756,45.7383026
3740175356,126.6182333,45.7394519
3740175357,126.6189426,45.7400611
3740175358,126.6201391,45.7411251
3826288374,126.6984414,45.758015
3881553171,126.584309,45.7000313
3881553180,126.5892803,45.7003292
3881553181,126.5642987,45.6995548
3881553190,126.5889397,45.7005116
3881553194,126.58924,45.7005534
3881555301,126.590261,45.6781639
3881555303,126.5903428,45.6783991
3881555326,126.5795397,45.6798511
3881555328,126.5797684,45.6799974
3881555336,126.5912646,45.6810137
3881555366,126.5967184,45.6835417
3881555368,126.5925308,45.6839543
3881555370,126.5921225,45.6838638
3881555375,126.5861346,45.6843525
3881555377,126.5922839,45.6845297
3881555390,126.5890047,45.6862932
3881555392,126.5893418,45.6864237
3881555394,126.5919467,45.6866968
3881555395,126.5923291,45.6867367
3881555403,126.5800887,45.6883726
3881555406,126.5798691,45.6885326
3881555419,126.5716545,45.6896416
3881555437,126.5750972,45.6919597
3881555439,126.575303,45.6921134
3881555440,126.580829,45.6928027
3881555441,126.5812109,45.6928773
3881555449,126.5944981,45.6937753
3881555453,126.594476,45.6940108
3881555455,126.5787729,45.6943568
3881555457,126.5790304,45.6945204
3881555464,126.5804885,45.6954815
3881555484,126.5896812,45.6972464
3881555485,126.5898985,45.6972757
3881555489,126.593434,45.6975883
3881555496,126.5700301,45.6991718
3881555509,126.5700739,45.6994237
3881555516,126.5843689,45.6997956
3881555613,126.5834632,45.7038485
3881555615,126.5682738,45.7038136
3881555632,126.5789434,45.704676
3881555646,126.5646637,45.7053827
3881555652,126.564513,45.7054477
3881555653,126.5821279,45.7055648
3881555677,126.5804627,45.7066921
3881555686,126.5876414,45.7079257
3881555695,126.5632161,45.7087416
3881555697,126.5690178,45.7091755
3881555709,126.6327145,45.7260867
3966711151,126.4985819,45.676148
3966716359,126.510882,45.6826194
3966716382,126.5078966,45.6884118
3966716385,126.5161733,45.6905872
3966716388,126.5158308,45.6906367
3966716394,126.5164422,45.6907336
3966716397,126.5164881,45.6908479
3966716400,126.5156723,45.6909157
3966716405,126.5163043,45.6911064
3966716406,126.5156164,45.6910759
3966716410,126.5162238,45.6911352
3966716417,126.5159658,45.6913538
3966716435,126.5142111,45.6933269
3966716436,126.514687,45.6934641
3966716439,126.5139684,45.6937016
3966716442,126.5138181,45.6938214
3966716443,126.5144581,45.6938286
3966716447,126.5144348,45.6940272
3966722917,126.5213341,45.6926908
3966722920,126.5255491,45.6951104
3966722922,126.5195199,45.6955686
3966722929,126.5240813,45.6972445
3966736371,126.5092227,45.701366
3966736375,126.5078224,45.7035651
3966736376,126.5083129,45.7037122
3966736379,126.5055829,45.7070831
3966742700,126.5164629,45.7095558
3966742705,126.5167677,45.709609
3966742713,126.5156603,45.7129504
3966742715,126.5149223,45.7150288
3966742716,126.5146156,45.7149695
3966746735,126.5145231,45.7152156
3966746834,126.5148051,45.7152639
3966746840,126.5134904,45.7190351
3966746841,126.5137372,45.7190709
3966746842,126.5137248,45.7191357
3966746843,126.5124927,45.7226521
3966746846,126.5127609,45.7226896
3966755821,126.4982305,45.7090536
3966755827,126.5094978,45.7118657
3966757427,126.546401,45.7047166
3966757434,126.5440377,45.7067308
3966898656,126.567812,45.696895
3966900766,126.575818,45.6969657
3966900768,126.5792473,45.6992238
3966902358,126.5675698,45.6970615
3966902360,126.567759,45.6972577
3967025551,126.590461,45.6935892
3967025552,126.5907279,45.6936147
3967026763,126.5772095,45.6979407
3967044161,126.5845627,45.6791401
3967044162,126.5906974,45.6795537
3967044170,126.5876001,45.6805094
3967044174,126.5855571,45.6807163
3967044178,126.5888773,45.68197
3967044179,126.5831578,45.6822861
3967044180,126.582634,45.6938651
3967070877,126.5876445,45.7142847
3967070880,126.5881778,45.714658
3967070898,126.5944803,45.7221185
3967070903,126.5950606,45.7228131
3967070905,126.595336,45.7230959
3967070907,126.5987631,45.7235411
3967070909,126.5964587,45.7238038
3967070915,126.5969832,45.7242497
3967080452,126.6028822,45.7248827
3967080454,126.6042845,45.726899
3967080456,126.6051127,45.728157
3967083157,126.6006246,45.7280829
3967083160,126.6074164,45.7315376
3967087977,126.607209,45.7233739
3967087979,126.6115648,45.723899
3967087980,126.6051573,45.7241014
3967087981,126.6083382,45.7249898
3967087983,126.6127074,45.7255487
3967087984,126.6063027,45.725678
3967087985,126.609494,45.7266505
3967087986,126.6138507,45.7271275
3967087989,126.6111452,45.7289933
3967087991,126.6092114,45.7296649
3967087992,126.6118658,45.7299595
3967147659,126.6084368,45.702419
3967147660,126.6080799,45.7026062
3967147661,126.6084066,45.7025314
3967147666,126.5357071,45.7367419
3967147671,126.5671495,45.7457984
3967147672,126.5674679,45.7457911
3967220918,126.5919154,45.7510451
3967220921,126.5922357,45.7516741
3967250721,126.5221081,45.7289368
3967252774,126.593762,45.7669295
3967252775,126.5925969,45.7673985
3967252789,126.6001009,45.7747409
3967259384,126.6202193,45.7380862
3967259387,126.6178012,45.7390691
3967259388,126.6176452,45.7391855
3968868545,126.6631924,45.7277051
3968868548,126.6668302,45.728901
3968868555,126.6650756,45.7304666
3968873159,126.6611132,45.7312906
3968873169,126.6750745,45.755284
3968873176,126.6740915,45.7581956
3968910023,126.6670547,45.7098083
3968910028,126.6540445,45.7142251
3968910037,126.6635339,45.7163415
3968910048,126.6687613,45.7233593
3968910049,126.6690885,45.7235874
3969014161,126.5883598,45.7608752
3969014175,126.723911,45.7698854
3969014176,126.7238754,45.7700458
3969014190,126.7417877,45.780938
3969014194,126.7201505,45.782586
3969014201,126.7317043,45.7840353
3969014213,126.7197074,45.7914512
3969048486,126.7505114,45.7057591
3969048487,126.7503779,45.7057733
3969048514,126.7511686,45.7114465
3969048521,126.7527591,45.7159473
3969071634,126.6198371,45.6501591
3969071636,126.6723876,45.6702424
3969071639,126.6723666,45.670412
3969074062,126.6949693,45.6743216
3969074063,126.695059,45.6744903
3969074079,126.7035223,45.6772493
3969074089,126.7020499,45.6767069
3969074108,126.7055526,45.680459
3969074137,126.7102366,45.6827257
3969144212,126.6168543,45.6618502
3969144220,126.6174965,45.6619217
3969144252,126.6171654,45.6627386
3969145566,126.6156656,45.6630092
3969145577,126.6181192,45.6633152
3969145592,126.621882,45.663656
3969145610,126.6224288,45.6641603
3969145619,126.6167871,45.6644976
3969145620,126.7055444,45.6796015
3969145624,126.7052845,45.68046
3969145627,126.7030921,45.6820994
3969146330,126.6109945,45.6628378
3969146338,126.6164665,45.6644645
3969278687,126.5260843,45.7958658
3969278688,126.5262972,45.7958778
3969278689,126.526017,45.7959763
3969278695,126.5528057,45.7998586
3969278721,126.5873292,45.8067936
3969278744,126.5804873,45.8096273
3969297678,126.5817663,45.8136013
3969297681,126.5811813,45.8156768
3969386662,126.5541753,45.8201346
3969510972,126.6584084,45.7128289
3969530017,126.7160887,45.6736042
3971444848,126.5455162,45.8175946
3974449175,126.6382352,45.8197086
3987519386,126.639237,45.7208456
4135719193,126.6865845,45.8007783
4135874500,126.6914384,45.8095188
4162009211,126.6885239,45.6865192
4163884266,126.6489128,45.7471564
4168490224,126.5455191,45.7346984
4168490225,126.5544503,45.7359076
4168498451,126.5382207,45.7307392
4168498452,126.5390858,45.7307343
4168498453,126.5383904,45.7304718
4168498471,126.5434637,45.7352162
4168513233,126.5574341,45.7362185
4168513234,126.5625223,45.7368779
4168513235,126.5691727,45.7377444
4168513236,126.5997674,45.7516684
4168513237,126.6013785,45.7496354
4168513238,126.6006133,45.7488287
4168513239,126.6028602,45.749518
4168513243,126.6053147,45.751851
4168513244,126.6121115,45.7486115
4288212613,126.5957464,45.7359964
4288212614,126.5955784,45.7357624
4361619908,126.660091,45.7239149
4361619909,126.65628,45.7004682
4361619915,126.6497704,45.7294189
4361619918,126.6659608,45.7315161
4361619920,126.6522252,45.7002604
4361619921,126.6555712,45.7241753
4361619922,126.5853199,45.7428633
4361619927,126.6471992,45.7255277
4361619930,126.6254175,45.7352809
4361619932,126.5477274,45.6728151
4361619949,126.5835143,45.7408063
4361619955,126.5967475,45.7598859
4361619956,126.5931008,45.7631855
4361619964,126.6295978,45.7829804
4361619972,126.5411906,45.6754701
4361619977,126.7056809,45.7293439
4361619979,126.5482302,45.6730608
4361619983,126.6243192,45.7358939
4361619984,126.6022219,45.7563545
4361620890,126.5926994,45.7520248
4361620891,126.5811536,45.7392986
4361620896,126.5973446,45.7592732
4361620901,126.6509692,45.69637
4361620915,126.5879763,45.7459328
4361620918,126.6295193,45.7831068
4361620920,126.5986815,45.7584434
4361620921,126.6006169,45.7572605
4361620922,126.6035054,45.755791
4361620929,126.6683738,45.7236023
4361620930,126.6364844,45.7305975
4361620935,126.547952,45.6727307
4361620939,126.6605512,45.7119726
4361620943,126.5461137,45.6737819
4361620949,126.6400162,45.7294124
4361620950,126.5441975,45.6742894
4361620953,126.7038755,45.7296044
4361620965,126.6608036,45.7122747
4361620971,126.5837078,45.7409964
4361620972,126.6599281,45.7121653
4361620976,126.5406214,45.6760326
4361620978,126.6563,45.7003431
4361620981,126.6622621,45.7263512
4361620985,126.6470748,45.7255432
4361620988,126.5914735,45.7639985
4361621001,126.6337246,45.7315162
4361621003,126.6631905,45.7154817
4361621007,126.6358238,45.7308208
4361621008,126.6033187,45.7558661
4361621012,126.6006629,45.7571109
4361621016,126.6007444,45.7571908
4361621019,126.5899234,45.7485239
4361621027,126.6331404,45.7842572
4361621029,126.6228202,45.7368531
4361621031,126.6520922,45.7000793
4361621038,126.5912763,45.7640995
4361621039,126.6495384,45.7294769
4361621040,126.6467127,45.7254664
4361621041,126.6654041,45.718709
4361621042,126.6474821,45.726961
4361621043,126.6482046,45.7267179
4361621044,126.5950415,45.7619099
4361621045,126.7065997,45.7293593
4361621046,126.6482609,45.7268111
4607653326,126.6864938,45.7450076
4607653327,126.6840327,45.7454274
4607653328,126.6853655,45.7464699
4607653329,126.6849909,45.7452621
4608962423,126.6851381,45.7406081
4608962424,126.692066,45.7455583
4608964003,126.6854465,45.7451773
4608964004,126.6850019,45.7435807
4608964005,126.685153,45.744093
4608964007,126.6836948,45.7442973
4608966193,126.6854069,45.7415794
4608966194,126.686962,45.7413652
4608966197,126.6866858,45.7403908
4613933798,126.6832802,45.7428071
4613933799,126.6856618,45.7425072
4687033843,126.6217618,45.6860702
4687033846,126.6249168,45.6766531
4687033847,126.6252377,45.6766907
4687033850,126.622126,45.6861109
4689045577,126.6854736,45.7784605
4689045579,126.6828768,45.7823613
4689045582,126.6796596,45.7813026
4689050393,126.6804019,45.789676
4689050394,126.6767471,45.786188
4689050395,126.6782113,45.7891164
4689050396,126.6794987,45.7869813
4689050398,126.6870504,45.7875381
4689050399,126.6860911,45.7889555
4929522426,126.5869479,45.7384232
4929522427,126.5907791,45.7366895
4929522433,126.5905747,45.7301946
4929522435,126.5912211,45.7310165
4964148406,126.5837603,45.6557717
4964148407,126.5882277,45.6551856
4964148412,126.592565,45.6605986
4964148413,126.5927069,45.6607489
4964148414,126.5946543,45.6630817
4964161021,126.5775478,45.6710541
4964161031,126.5682728,45.7148677
4964161442,126.5671896,45.7505153
4964161446,126.5691914,45.745979
4964161456,126.5887739,45.7531065
4964161457,126.5866926,45.7559339
4964161458,126.5855883,45.7575156
4964161459,126.5993138,45.7514023
4964161460,126.5952204,45.755239
4964161461,126.597326,45.752322
4964161462,126.5994086,45.7548949
4964161463,126.5962583,45.7537767
4964161464,126.5950276,45.7533609
4964161465,126.5939657,45.7547752
4964161466,126.5962734,45.7516663
4964161470,126.5977357,45.7558269
4964161471,126.6002306,45.7544916
4964161473,126.6016637,45.7538617
4964161474,126.6027289,45.7544934
4964161475,126.6059133,45.7529447
4964161477,126.6042763,45.7433587
4964161478,126.6063652,45.742187
4964161479,126.6044676,45.7509905
4964161481,126.6062071,45.7492083
4964161482,126.6068455,45.7483313
4964161483,126.6049666,45.7487501
4964161484,126.6059918,45.7473931
4964161485,126.6029327,45.7476834
4964161487,126.6073548,45.7496453
4964161488,126.6078672,45.7494641
4964161489,126.6052458,45.7465693
4964161490,126.6071137,45.7473122
4964161491,126.6078348,45.7469905
4964161492,126.6098857,45.7460547
4964161493,126.6056067,45.7414023
4964161494,126.6073845,45.7432932
4964161495,126.6033942,45.747449
4964161496,126.6028118,45.7467921
4964161497,126.6020405,45.7471202
4964161498,126.6036668,45.7464284
4964161499,126.6026601,45.747812
4964161501,126.5999556,45.7445962
4964161502,126.5995885,45.7444075
4964161507,126.6442963,45.7270223
4964161508,126.6394765,45.7286205
4964161509,126.6359036,45.7298225
4964161510,126.6389391,45.7278127
4964161511,126.637517,45.7257853
4964161513,126.6420632,45.722125
4964161514,126.6415475,45.7213455
4964161515,126.6383264,45.7224221
4964161516,126.6388373,45.7232372
4964161517,126.637688,45.7214716
4964161522,126.6438451,45.7215107
4964161523,126.6353118,45.7244526
4964161526,126.637245,45.7258675
4964161527,126.6360973,45.7241818
4964161528,126.6287768,45.7262383
4964161529,126.6300332,45.7263076
4964161530,126.6287451,45.7266814
4964161531,126.6287753,45.7253677
4964161532,126.6276077,45.7253811
4964161533,126.6332853,45.7272144
4964161534,126.6296625,45.7275378
4964161535,126.6290097,45.7266627
4964161536,126.6275204,45.7266787
4964161537,126.6274872,45.7271727
4964161538,126.6276341,45.7249471
4964161539,126.6146023,45.724899
4964161540,126.6167773,45.7241533
4964161541,126.6211209,45.7256858
4964161542,126.6194082,45.7232512
4964161543,126.6178685,45.7210195
4964161544,126.6171667,45.7199322
4964161545,126.6157271,45.7178927
4964161546,126.6188325,45.719351
4964161548,126.6101338,45.7163374
4964161553,126.6108447,45.7195624
4964161554,126.613435,45.7232667
4964161555,126.6168641,45.7281697
4964161556,126.615713,45.7264966
4964161557,126.6178842,45.725761
4964161559,126.6186094,45.7275844
4964161560,126.6178751,45.7280101
4964161561,126.6150223,45.7288368
4964161565,126.6190351,45.727426
4964161566,126.6145057,45.7208607
4964161567,126.6130315,45.7188062
4964161568,126.6156417,45.7225206
4964161570,126.6200373,45.7323595
4964161571,126.6218075,45.7312922
4964161572,126.6249223,45.7342264
4964161573,126.6233636,45.7351051
4964161574,126.6186464,45.7382241
4964161575,126.6179961,45.7376694
4964161576,126.6168838,45.7367208
4964161577,126.6156861,45.7356994
4964161578,126.6145856,45.7347607
4964161579,126.6156719,45.7341479
4964161580,126.6201973,45.7364038
4964161581,126.6191061,45.7354629
4964161582,126.6179059,45.7344279
4964161583,126.6162235,45.7329772
4964161585,126.6218895,45.7338883
4964161586,126.6225627,45.7344441
4964161587,126.624361,45.7334052
4964161588,126.6248721,45.733828
4964161589,126.6235642,45.7327458
4964161590,126.621011,45.7306332
4964161591,126.6201841,45.729949
4964161593,126.622675,45.7320101
4964161594,126.6183964,45.731005
4964161595,126.6205288,45.7297453
4964161596,126.619177,45.7278747
4964161597,126.6176579,45.7283912
4964161600,126.6162991,45.7306983
4964161601,126.6241116,45.7277369
4964161605,126.6140348,45.7330718
4964161606,126.6144129,45.7336209
4964161607,126.6114999,45.7397692
4964161608,126.6103402,45.7387644
4964161609,126.6126958,45.7390921
4964161612,126.6163586,45.7393784
4964161613,126.6158035,45.7389223
4964161614,126.6146897,45.7379633
4964161616,126.6139242,45.7383967
4964161622,126.6125081,45.7425064
5000414155,126.6952662,45.7027189
5001013442,126.545857,45.6737177
5001464670,126.6971308,45.7118713
5001464673,126.6971183,45.7121298
5028748900,126.6142176,45.6983595
5028748901,126.6111112,45.6958246
5028748903,126.6145598,45.6967651
5028748906,126.6186313,45.6994604
5028748908,126.6188559,45.6984341
5028748909,126.6152819,45.6980505
5028748910,126.6155479,45.6968715
5028748918,126.6139328,45.6997505
5028750325,126.6131279,45.6988447
5028750326,126.6136286,45.6966647
5028750328,126.615189,45.6984623
5028750329,126.6133458,45.7023083
5028750330,126.6121131,45.7021647
5028750334,126.6121973,45.7018549
5028750335,126.6092487,45.7014679
5028750337,126.6087418,45.7010452
5028750338,126.6124284,45.7009976
5028750340,126.6115587,45.7008728
5028750343,126.6131183,45.6989162
5028750345,126.611426,45.6986862
5028750349,126.6093057,45.6984888
5028750352,126.6118858,45.696477
5028750353,126.6133595,45.6978361
5028750354,126.6116394,45.6976612
5028750355,126.6095376,45.6974476
5028750356,126.6150496,45.6990802
5028750357,126.6189387,45.6994864
5028750358,126.6147852,45.6995619
5028750361,126.6174112,45.6993309
5028750365,126.6166476,45.7015076
5030353912,126.6188122,45.7000598
5030353914,126.6274547,45.7010516
5030369419,126.6202473,45.7016333
5030369420,126.6230353,45.7019298
5030373101,126.6200903,45.7022981
5030373102,126.6219805,45.7025143
5030373104,126.6240457,45.7032269
5030373105,126.6221445,45.7018351
5030373106,126.6224582,45.7004755
5030373107,126.6242165,45.702554
5030383933,126.6278298,45.6992512
5030383935,126.6246874,45.6978204
5030383936,126.6248189,45.6972805
5030596321,126.5563399,45.7711445
5030596324,126.5658203,45.7675241
5030596329,126.5719879,45.76916
5030596330,126.5723162,45.7689175
5030596352,126.5576157,45.7814988
5030596358,126.5647006,45.7846499
5030596366,126.5669319,45.7812087
5030596367,126.5670709,45.7810841
5030596377,126.5654374,45.7849574
5030596378,126.5652906,45.785193
5030596391,126.5685412,45.7844127
5030596662,126.5556764,45.7672916
5238335711,126.599894,45.7683275
5263098252,126.6491207,45.6487442
5263098253,126.6559571,45.6483464
5263098274,126.6712365,45.6555815
5263098277,126.655686,45.6495405
5263115668,126.60152,45.7537281
5269927689,126.6370016,45.7559847
5269927700,126.64969,45.7665517
5269927714,126.6765971,45.7842529
5269927718,126.6822801,45.7860844
5269927720,126.6869897,45.7876313
5269928324,126.6941841,45.7899392
5269928325,126.6945765,45.7899976
5269928327,126.7016835,45.7906832
5269955214,126.6370605,45.763654
5269955426,126.632624,45.7632658
5269995017,126.6520058,45.6795986
5269995331,126.6143318,45.6752578
5269995345,126.6780772,45.6974008
5269995346,126.6796031,45.7012368
5269995351,126.6800563,45.7024969
5269995352,126.528536,45.8393698
5269995502,126.5102197,45.8381111
5269995503,126.5104038,45.838124
5269995516,126.5565184,45.6694159
5269995534,126.5623254,45.6669355
5269995535,126.5608137,45.6676759
5269995538,126.5601472,45.668134
5269995787,126.7635059,45.7857806
5269995788,126.7674018,45.7860236
5269995789,126.7700357,45.786274
5269995801,126.7574504,45.7864653
5269995808,126.7192297,45.7915911
5269995809,126.7197108,45.7915778
5269995822,126.7114793,45.7917733
5269995824,126.706236,45.7916159
5270420009,126.6423176,45.8128384
5270420115,126.5786836,45.8141742
5270420381,126.5647513,45.8030352
5270420387,126.5544113,45.8000736
5270420395,126.5558189,45.8061177
5270420806,126.5811919,45.8405496
5270670364,126.668758,45.7238929
5270670365,126.6981411,45.7305186
5270670383,126.7341342,45.7253326
5270670390,126.7215357,45.7270579
5270670398,126.7150042,45.7280033
5270670401,126.7341166,45.7252071
5286523606,126.5018092,45.8235667
5311349117,126.5794023,45.7007851
5311349224,126.5794691,45.702654
5311349225,126.581996,45.7010605
5311349228,126.5802355,45.7008736
5311349229,126.5800321,45.7019428
5311349230,126.5818269,45.7007223
5311366417,126.7039559,45.7512012
5311366723,126.7045435,45.751255
5311366724,126.7045058,45.7492924
5311366730,126.7039073,45.7493395
5311366731,126.70417,45.7529024
5311366737,126.7035315,45.7528265
5311366738,126.7031798,45.7541714
5311366744,126.7038475,45.7542299
5311402820,126.6756172,45.7517192
5311403322,126.6759624,45.7517466
5311403327,126.6827765,45.7525949
5311403328,126.6895452,45.7534211
5311403338,126.6859337,45.7530824
5311403339,126.6895137,45.7535481
5311403344,126.7029282,45.7551866
5312968177,126.702129,45.7498464
5312968183,126.7036356,45.7481135
5312968188,126.7034503,45.7474329
5312968189,126.6978076,45.7481873
5312971946,126.6995566,45.7485884
5312971964,126.7027462,45.7484638
5312971967,126.7022723,45.748128
5312971985,126.7032233,45.7487838
5312971986,126.7021324,45.7476142
5312971988,126.699128,45.7480135
5350966641,126.6261678,45.7624572
5350972557,126.615623,45.7505337
5362547426,126.6559988,45.6481112
5362547427,126.6560209,45.6479872
5362547428,126.6567325,45.6480849
5362547432,126.6566215,45.6484381
5362617471,126.6555595,45.6650252
5362617476,126.6642746,45.6630585
5372384205,126.610127,45.7529627
5374253268,126.6443101,45.718106
5374253269,126.644877,45.7189445
5374253270,126.6429608,45.7196134
5422041881,126.6972064,45.7460861
5422041882,126.6998705,45.7457321
5422041883,126.6995539,45.7445634
5422041888,126.7021925,45.7470668
5422041889,126.700207,45.7469429
5422041892,126.6999853,45.7461718
5422041895,126.6994426,45.7468896
5422041896,126.6987722,45.7469823
5422104281,126.6988969,45.7446491
5422104282,126.699221,45.7458184
5422104283,126.6990049,45.7450477
5422104284,126.6970185,45.7453038
5422320762,126.6860361,45.746382
5422320769,126.6850926,45.7467529
5422320770,126.6850247,45.7471161
5422320772,126.6847644,45.7467721
5422320773,126.6859745,45.7467042
5422320777,126.6853295,45.7474088
5422320778,126.6852635,45.747402
5422320783,126.6859355,45.7469084
5422373144,126.6845003,45.752802
5422373145,126.6849882,45.7508126
5422391893,126.6865177,45.7479722
5422391898,126.6889954,45.7483465
5422391899,126.687877,45.7479199
5422391902,126.6868361,45.7476978
5422391903,126.687837,45.7475147
5422391907,126.688984,45.7478635
5422395073,126.6859411,45.7502998
5422395074,126.6863323,45.7503757
5422395076,126.686699,45.7505088
5422395078,126.6876631,45.7510204
5422395080,126.6867401,45.7503429
5422395082,126.6878697,45.7500666
5422577529,126.6911735,45.7426715
5422633966,126.7024643,45.743703
5422633973,126.7030643,45.7436179
5422633974,126.7018387,45.741524
5422633981,126.7024558,45.7414475
5469028880,126.6419141,45.771697
5469028881,126.644068,45.772238
5469028886,126.6441737,45.7719009
5469028887,126.6523486,45.7772613
5469028891,126.6499171,45.7803081
5469028892,126.6532187,45.7781299
5469028893,126.6526678,45.7787912
5469028894,126.6512378,45.7783089
5469028895,126.6543663,45.7795694
5469028896,126.6191299,45.7629771
5471144704,126.6362947,45.7553498
5471144708,126.6519986,45.7685623
5471144720,126.6755766,45.7858083
5471154529,126.6715722,45.79624
5471154530,126.6712673,45.79693
5471154531,126.6712024,45.7970401
5471154533,126.6767454,45.7843012
5471154534,126.6757237,45.7858536
5471154546,126.6713791,45.7969646
5471154547,126.6713131,45.7970743
5471154548,126.6605547,45.7937472
5471154549,126.6606256,45.7936391
5471154551,126.6620676,45.7918225
5471154573,126.5758494,45.7001914
5471154574,126.5760679,45.6974606
5471154578,126.5751724,45.6976491
5471154579,126.5762069,45.6966614
5471154584,126.5762166,45.6972585
5471154590,126.5760001,45.7003733
5471154594,126.5757064,45.7011688
5471154607,126.6525319,45.7006989
5471154610,126.6529627,45.7003415
5471154611,126.6521948,45.7007416
5471154615,126.6499184,45.7083512
5471154617,126.656489,45.7068036
5471154618,126.654528,45.7040664
5471154619,126.6548729,45.7039436
5471154620,126.6581994,45.7027812
5471154721,126.6560178,45.7035569
5471154723,126.6579599,45.7065673
5471154726,126.6607644,45.7066387
5471154730,126.657897,45.7082057
5471154731,126.6575665,45.7083132
5498026982,126.6822028,45.7548637
5498026986,126.6850132,45.7538094
5498049150,126.6843484,45.7562127
5498049155,126.6837879,45.7550393
5507719904,126.6649802,45.757772
5507719907,126.6688538,45.757545
5507719908,126.678769,45.7588037
5507719910,126.6741644,45.7584249
5507719911,126.674219,45.7582088
5507719914,126.6734305,45.7581986
5507719917,126.6688675,45.7576767
5509741515,126.7042706,45.7524958
5509741518,126.7055268,45.7527461
5509741738,126.7048985,45.7517076
5509741739,126.7059455,45.7519389
5509741740,126.7082361,45.7533827
5509741745,126.7084478,45.7520584
5509803422,126.70432,45.7523362
5509847743,126.7199248,45.7364211
5509847747,126.7199497,45.7407284
5509847748,126.7199317,45.7373909
5509847749,126.7179252,45.7374013
5509847752,126.7192754,45.7337772
5509847753,126.7190808,45.7337914
5509847764,126.7179558,45.7420251
5509847767,126.7220252,45.741995
5509847777,126.7208249,45.7522378
5509847778,126.7210672,45.7512277
5509847779,126.7171812,45.7507113
5509847780,126.7177408,45.7486302
5509847783,126.7178938,45.7464589
5509847785,126.7219245,45.7454814
5509847786,126.7165452,45.746468
5509847788,126.7191681,45.7464657
5509847789,126.7192969,45.746373
5509847792,126.7217638,45.7465854
5509847793,126.7206198,45.7464734
5509847794,126.7208044,45.7454887
5509847795,126.7192338,45.7454986
5509847796,126.7178842,45.7461341
5509847797,126.7192307,45.7461293
5509847798,126.7180773,45.7461292
5509847799,126.718065,45.7455062
5509847800,126.7189375,45.7455009
5509847801,126.7189482,45.7420207
5509847802,126.7210639,45.7419982
5509847803,126.7211162,45.7454867
5509847804,126.7189409,45.7443913
5509847805,126.7211032,45.7443913
5509847806,126.7220447,45.7425008
5509847809,126.7246649,45.7424967
5509847810,126.7246353,45.7395388
5509847811,126.7246385,45.7373407
5509847812,126.7179241,45.7373099
5509847813,126.7199314,45.737293
5509847817,126.7259048,45.7373463
5509847820,126.7179419,45.7407359
5509847921,126.7220612,45.7407173
5509847922,126.7239846,45.7406728
5509847923,126.7220629,45.7413254
5509847924,126.7223498,45.7415214
5509847925,126.7220228,45.7417432
5509847926,126.7246526,45.741515
5509847927,126.7246446,45.7403391
5509847933,126.7233433,45.7415186
5509847937,126.7234412,45.7424886
5509847938,126.7179359,45.7395626
5509847939,126.7199567,45.7395561
5509847940,126.7220578,45.7395495
5509847942,126.7199418,45.7384616
5509847943,126.7220547,45.7384574
5509847944,126.7179155,45.736565
5509847948,126.7179129,45.735236
5509847951,126.7199065,45.7353108
5509847952,126.7199261,45.734436
5509847957,126.719852,45.7337797
5509847969,126.7151589,45.7352489
5509847970,126.7151527,45.7346941
5509847971,126.7161819,45.7343425
5509847972,126.7161757,45.7352442
5509847973,126.7172726,45.7343449
5509847974,126.7172787,45.735239
5509847975,126.7167117,45.7352417
5509847976,126.7167179,45.7360016
5509847979,126.7162556,45.7352438
5509847980,126.7167147,45.7356145
5509847981,126.7179129,45.7356145
5509847982,126.7179129,45.7359973
5509939264,126.6982188,45.7497829
5509939268,126.6969293,45.7543313
5510003746,126.7016542,45.7385883
5510003748,126.7037337,45.7409567
5510020348,126.7134532,45.7448894
5510020349,126.7146575,45.7396186
5510020352,126.7153107,45.7456091
5510028763,126.7016189,45.7384625
5510028764,126.7073177,45.7376431
5510038913,126.7124325,45.7368932
5510047515,126.7062575,45.7338358
5578846663,126.7029024,45.7860245
5578846670,126.706057,45.7796515
5578846707,126.7006893,45.7870519
5578846708,126.7023531,45.7805312
5578846709,126.7011362,45.7854063
5578846710,126.702994,45.7856455
5578846711,126.7029745,45.7857262
5578846712,126.7011155,45.7854839
5578859353,126.6919967,45.79069
5578859355,126.6928753,45.7895555
5578859356,126.6927096,45.7896773
5578859357,126.6920033,45.7894387
5578859358,126.6923963,45.790812
5578859360,126.6934948,45.7915628
5578859361,126.6885732,45.7909099
5578859362,126.6909143,45.791698
5578859363,126.6877592,45.792038
5578859364,126.6900466,45.792802
5578859370,126.7010114,45.793352
5578859375,126.7026519,45.7793529
5578859377,126.7047306,45.7786909
5636738652,126.6829853,45.7729908
5691462119,126.6362303,45.7556734
5721703101,126.5969603,45.7429229
5725800556,126.5017411,45.8181215
5725800558,126.5016701,45.8237199
5725800560,126.5016758,45.8269281
5725800561,126.5018188,45.8269242
5725800562,126.5016758,45.8268179
5725800563,126.5018172,45.826817
5755083483,126.6005528,45.7506616
5755083484,126.5993843,45.7493835
5755083485,126.6080316,45.7502208
5755083486,126.6060607,45.7461861
5755083487,126.609205,45.7496154
5755083488,126.607831,45.7480949
5755083489,126.6085342,45.747759
5755083490,126.6093506,45.7473714
5755083492,126.6098403,45.7492417
5755083494,126.6086562,45.7466124
5755083498,126.6064603,45.7437235
5755083499,126.6077046,45.7450707
5755083500,126.6086266,45.7446662
5755083501,126.6106593,45.7475185
5755083502,126.6094963,45.7462277
5755083503,126.6082837,45.7448228
5755083504,126.6061952,45.7438477
5755083505,126.6052365,45.7428272
5755083506,126.6054133,45.7443377
5755083508,126.6032998,45.7453936
5755083509,126.603526,45.7452856
5755083512,126.6061258,45.7451301
5755083513,126.6019955,45.7456033
5755083515,126.6011845,45.7461524
5755083516,126.6003599,45.7465194
5755083517,126.6002016,45.746591
5755083519,126.5965694,45.7482571
5755083520,126.5999246,45.7490373
5755083521,126.5983839,45.7474413
5755083522,126.601104,45.7442152
5755083525,126.6040659,45.7431913
5755083526,126.6072741,45.7488024
5755083527,126.6081317,45.7484332
5755083528,126.6087395,45.7490965
5755083530,126.6120728,45.7498639
5755083535,126.6120902,45.7493487
5755083542,126.6145386,45.750747
5755083543,126.6036771,45.7501407
5755083545,126.6053409,45.7488884
5755083546,126.6052945,45.7504187
5755083547,126.6046341,45.7497055
5755083548,126.6052199,45.7505152
5755083549,126.604509,45.7497625
5755083551,126.6031511,45.7550848
5769580863,126.5019264,45.7973917
5769580864,126.5033976,45.7950378
5769580865,126.5048695,45.795472
5777251913,126.6408383,45.7534802
5777433492,126.6618045,45.7667514
5777433493,126.6623745,45.7584226
5777433499,126.662137,45.7628249
5777433501,126.6616131,45.7615392
5777433502,126.6604815,45.7656088
5777433504,126.6619462,45.764828
5777433505,126.6619607,45.7646364
5777433506,126.6603474,45.7654863
5777433732,126.6889277,45.7627666
5777433733,126.6882138,45.7654441
5808741407,126.6228759,45.7621833
5808741412,126.628285,45.7640879
5808741435,126.6175986,45.7598894
5808741436,126.617023,45.7577663
5808741437,126.6162934,45.7549933
5808741438,126.6144082,45.7552542
5808741439,126.6152788,45.7550403
5808741441,126.6168293,45.7570478
5808741442,126.6155304,45.7576123
5808741445,126.6184172,45.7533697
5808741452,126.622049,45.7602168
5824604280,126.7039985,45.787685
5824604285,126.7036988,45.7889305
5824604286,126.7031721,45.790852
5824604287,126.7021995,45.7887396
5824604288,126.7003248,45.7885039
5824604289,126.6987491,45.7883271
5824604290,126.6951112,45.7878725
5824604291,126.6984415,45.7895449
5824604292,126.6948016,45.7891232
5824604293,126.695465,45.7892001
5824604294,126.6957661,45.7879544
5824604295,126.6963472,45.788027
5824604298,126.6967946,45.7865605
5824604299,126.6978023,45.7882088
5824604300,126.6981941,45.7867384
5824604307,126.7009946,45.7859368
5824604308,126.6993657,45.7857282
5824604313,126.6975656,45.7866585
5824604316,126.6986033,45.7830012
5824604317,126.6975438,45.7828549
5824604318,126.6999739,45.7831905
5824604319,126.6984939,45.7829861
5824604320,126.6992186,45.7801452
5824604321,126.7020837,45.7815652
5824604322,126.7004218,45.7813654
5824604323,126.7016014,45.7835179
5824604324,126.7034514,45.7837567
5824604325,126.7014214,45.7842471
5824604326,126.6997668,45.7840341
5824604333,126.6898396,45.7820513
5824604335,126.6945682,45.7795402
5824604336,126.6958831,45.7745969
5824604350,126.7009309,45.7861753
5824604351,126.7028119,45.7863987
5824604352,126.7018858,45.7855843
5824604353,126.7017053,45.7862681
5824604354,126.7014841,45.7871564
5824604359,126.7001704,45.7891236
5824604362,126.7011308,45.7889391
5824604363,126.7012047,45.7886174
5824604364,126.7010616,45.7892339
5824604365,126.7010065,45.7894688
5824604370,126.7009091,45.7897905
5824604371,126.7008554,45.7899876
5824604372,126.6999818,45.7898808
5824604375,126.6999068,45.7901819
5824604376,126.7007451,45.7902912
5824604377,126.7006615,45.790564
5824604379,126.7009289,45.7899966
5824604380,126.7008498,45.7903043
5824604381,126.7003512,45.790242
5824604382,126.7004317,45.7899358
5824604383,126.7018767,45.7899173
5824604387,126.7019708,45.7895741
5824604388,126.7027153,45.7896719
5824604389,126.7027744,45.7894611
5824604391,126.7035299,45.7895555
5824604394,126.7030417,45.7894945
5824604395,126.7026851,45.7894499
5824604396,126.702762,45.7891467
5824604397,126.702849,45.7888224
5824604398,126.7033268,45.790307
5824604401,126.702518,45.7904862
5824604402,126.7024469,45.7907715
5824604404,126.7028591,45.7902465
5824604405,126.7024895,45.7901987
5824604406,126.7025452,45.7900026
5824604419,126.7050154,45.7838284
5824604422,126.7031199,45.7851245
5824604423,126.7046317,45.7853101
5824604490,126.6950618,45.7776579
5824604491,126.6910472,45.7771734
5824604492,126.6925448,45.7792946
5824604493,126.6930813,45.7774189
5824604494,126.6925406,45.7773536
5824604495,126.6933399,45.7742843
5824604496,126.692923,45.7758853
5824604497,126.6954558,45.7761894
5824604504,126.6820148,45.7794017
5824604506,126.6844573,45.780615
5824619930,126.6977992,45.7941724
5824619931,126.6978787,45.7929321
5824619932,126.6963113,45.7938322
5824619933,126.6966602,45.7928622
5824619934,126.6947267,45.7920936
5824619935,126.695207,45.7914096
5824619936,126.6982603,45.7929427
5824619937,126.698427,45.7921203
5824619940,126.6974889,45.792918
5824619941,126.6976561,45.7921435
5897122597,126.5872099,45.7335555
5898135196,126.6546209,45.7693283
5898135198,126.6571982,45.7704139
5898135199,126.6559374,45.7706463
5898135200,126.6563004,45.7701103
5898135201,126.6570389,45.7690131
5898135202,126.6558343,45.7688297
5898135204,126.6551511,45.7697212
5898135205,126.6543294,45.7694897
5898135207,126.6529789,45.7683221
5898135208,126.6535628,45.7679902
5898135209,126.6549436,45.7691492
5898135210,126.6542416,45.7685693
5898135211,126.6552433,45.7679701
5898135212,126.658245,45.7652579
5898135216,126.6610045,45.7667065
5898135217,126.6616126,45.7665844
5898135219,126.6604818,45.7662201
5898135220,126.6597389,45.7655599
5898135222,126.66006,45.7658462
5898135223,126.6598598,45.7665812
5898135224,126.6609191,45.7659811
5898135225,126.6590377,45.7659502
5898135226,126.6601576,45.7653226
5898135227,126.6595912,45.7663605
5898135228,126.6584348,45.7670168
5898135229,126.657479,45.7656984
5898135237,126.6601158,45.7667915
5898135238,126.6597014,45.7670318
5898135239,126.6591881,45.7665916
5898135240,126.6659658,45.7674559
5898135242,126.6660348,45.7668449
5898135245,126.662243,45.7671398
5898135246,126.6639422,45.7671437
5898135248,126.662374,45.7655011
5898135249,126.6640423,45.7661068
5898135250,126.6639729,45.7668253
5898135252,126.6657037,45.7657029
5898135253,126.6656501,45.7661669
5898135254,126.6647336,45.7667122
5898135255,126.6646255,45.7663465
5898135256,126.6646579,45.7661298
5898135257,126.6642704,45.7667811
5898135259,126.6661777,45.7655804
5898135260,126.6654965,45.7655494
5898135261,126.6662471,45.7649663
5898135264,126.6626936,45.7655135
5898135268,126.6644699,45.7652239
5898135269,126.6638155,45.7652134
5898135273,126.6648644,45.7649364
5898135274,126.6625031,45.7641931
5898135277,126.6663114,45.7643978
5898135278,126.6645227,45.7643326
5898135279,126.6646674,45.7627815
5898135284,126.6654215,45.7653327
5898135885,126.6654481,45.7649291
5898135887,126.6654655,45.7659588
5898135889,126.6599641,45.7704143
5898135890,126.6601877,45.7700938
5898135893,126.6596958,45.7699152
5898135894,126.6588014,45.7700229
5898135902,126.660117,45.7692779
5898135903,126.6597632,45.7697327
5898135909,126.6609033,45.7693108
5898135910,126.6606161,45.7702421
5898135912,126.6616184,45.7697673
5898135913,126.6604219,45.7692056
5898135920,126.6617365,45.7678887
5898135921,126.6700063,45.783002
5898135922,126.6689676,45.7804926
5898135923,126.669222,45.7811207
5898135924,126.6700846,45.7807208
5898135925,126.6694598,45.7817139
5898135926,126.6677892,45.7820497
5898135927,126.6683796,45.7833606
5898135928,126.6674709,45.7812558
5898135929,126.6674847,45.7812886
5898135931,126.6664808,45.7820067
5898135932,126.6676764,45.7817665
5898135933,126.6650852,45.7822908
5898135934,126.6648852,45.7818357
5898135935,126.6656216,45.7836916
5898135937,126.6635478,45.7841251
5898135940,126.6667843,45.7834724
5898135941,126.6682368,45.7833904
5898135942,126.6653348,45.7829282
5898135943,126.6679332,45.7824151
5898135944,126.66777,45.7820032
5898135945,126.6651784,45.7825239
5898135946,126.6665252,45.7827
5898135948,126.6670039,45.7834417
5898135949,126.6667357,45.7826557
5898135950,126.6641261,45.7839934
5898135952,126.6622038,45.7826073
5898135953,126.6636181,45.782739
5898135954,126.6651448,45.7824539
5898135955,126.6653836,45.7830546
5898135956,126.6638746,45.7833682
5898135957,126.6639732,45.7836226
5898135959,126.6620737,45.782824
5898135972,126.6577311,45.7790167
5901876108,126.6249057,45.7750789
5901876114,126.6236708,45.7773866
5901876115,126.6224863,45.7801332
5901931858,126.5966286,45.7676542
5901931859,126.5951903,45.7682501
5901931860,126.5973616,45.7683772
5901931861,126.5958626,45.7690178
5901931862,126.5980205,45.7691134
5901931870,126.5982886,45.7681277
5901931871,126.5989881,45.7667386
5904084575,126.6186285,45.7716442
5904084576,126.6133819,45.7703159
5904084579,126.6147062,45.7692401
5904084580,126.613968,45.7679897
5904084581,126.6174046,45.7684598
5904085388,126.6222008,45.7631977
5905816631,126.6439119,45.7680876
5905816636,126.6458881,45.7708692
5905816639,126.639305,45.7739124
5905816640,126.6392422,45.7742858
5905816643,126.6391205,45.7779252
5905816645,126.6394496,45.7771034
5905816648,126.6393913,45.7774311
5905816649,126.6395145,45.777112
5905816651,126.6397711,45.7759949
5905816652,126.6396692,45.7766536
5905816654,126.639034,45.7762876
5905816655,126.6409343,45.7767959
5905816658,126.6397061,45.7765411
5905816659,126.6188938,45.7599827
5905816671,126.619547,45.7600347
5905816673,126.6203888,45.7583586
5905816676,126.6200504,45.7600817
5905816785,126.6109341,45.745589
5905816808,126.5854514,45.7204635
5905816821,126.5640557,45.6992968
5905841111,126.5683618,45.7146714
5905841113,126.5745914,45.7107498
5905841114,126.5684889,45.7147565
5905841115,126.5646792,45.7171837
5905841117,126.5643497,45.7169673
5905841119,126.5742571,45.7103906
5905841120,126.5679323,45.7146315
5905841121,126.5680986,45.7144888
5905870237,126.6072861,45.7621513
5905870238,126.6023977,45.7593928
5905870242,126.5950675,45.7589243
5905870243,126.5976171,45.7558947
5905870245,126.5959739,45.7586344
5905870246,126.5953246,45.75856
5905870247,126.5981653,45.7560262
5905870248,126.5925007,45.7625905
5905870251,126.5919911,45.7614977
5905870252,126.5943835,45.7613681
5905870253,126.5906633,45.7615749
5905870254,126.5924414,45.7634023
5905870255,126.5919106,45.7628637
5905870257,126.5904502,45.7598577
5905870265,126.592766,45.7586635
5905870266,126.5913686,45.7586822
5905870267,126.5914675,45.7595288
5905870268,126.5908414,45.7595714
5905870270,126.5922791,45.7586124
5905870271,126.59157,45.7586422
5905870277,126.5918812,45.7597947
5905870278,126.593109,45.7582102
5905870279,126.5909852,45.7598422
5905870280,126.5909633,45.7595631
5905870281,126.5891777,45.7612409
5905870282,126.590548,45.7607038
5905870283,126.5902364,45.7625536
5905870284,126.5911509,45.7621803
5905871185,126.5926129,45.7627063
5905871186,126.5945091,45.7615238
5905871187,126.6011315,45.7647111
5905871189,126.601053,45.7646163
5905871190,126.5991252,45.7642629
5905871191,126.5996022,45.7628947
5905871192,126.6015668,45.763248
5905871193,126.6022827,45.7614018
5905871194,126.6000719,45.7609797
5905871195,126.5998864,45.7600527
5905871196,126.6022356,45.7593363
5905871197,126.6020605,45.7589139
5905871200,126.6003372,45.7580384
5905871201,126.5999169,45.7576699
5905871202,126.5991122,45.7588053
5905871203,126.5977478,45.7596598
5905871211,126.5920322,45.7646358
5907622014,126.6084597,45.7653745
5913128278,126.6765444,45.7328881
5913128279,126.6705109,45.7281566
5913128280,126.6678077,45.7275854
5913128283,126.6805234,45.7304587
5913128284,126.6777875,45.7299044
5913132385,126.6747964,45.7333031
5913132386,126.6751435,45.7325095
5913132387,126.6755519,45.7334597
5913132388,126.6758817,45.73267
5913132389,126.6762076,45.7318966
5913132390,126.6681544,45.7267328
5913132393,126.6845747,45.7274943
5913132394,126.6847319,45.7283848
5913132396,126.6820016,45.7278533
5913132399,126.6789278,45.7271714
5913132400,126.6782929,45.734028
5913132401,126.6784787,45.7211098
5913132402,126.6785212,45.7202714
5913132405,126.6842513,45.71962
5913132406,126.6741469,45.720398
5913132407,126.6743116,45.7200418
5913132411,126.6737265,45.7203289
5913132412,126.6759711,45.721971
5913132413,126.6763813,45.7207652
5913132417,126.6734797,45.724853
5913132419,126.6745961,45.721971
5913132420,126.6696809,45.7228071
5913132421,126.6724908,45.7233534
5913132422,126.675499,45.7235739
5913132423,126.6740887,45.7232883
5913132424,126.6726166,45.723002
5913132425,126.6780796,45.7235755
5913132427,126.6783381,45.7222674
5913132430,126.6795118,45.7225152
5913132431,126.6804309,45.7235151
5913132441,126.6844266,45.7195999
5913132448,126.6904306,45.7190681
5913132449,126.6910498,45.721403
5913132464,126.6588695,45.7528896
5913132465,126.6614139,45.7527979
5913132466,126.6582992,45.7529213
5913132469,126.6503757,45.7513581
5913132471,126.6527031,45.7494803
5913132472,126.6539983,45.7484352
5913132473,126.6552495,45.7474257
5913132475,126.6445146,45.7509806
5913132479,126.6641715,45.7490246
5913132480,126.6615108,45.7491133
5913132489,126.6662169,45.7476916
5913132490,126.6640617,45.7477903
5913132491,126.6661631,45.7470726
5913132493,126.6617989,45.7565018
5913132494,126.6616793,45.7552136
5913132495,126.6620683,45.7551972
5913132496,126.6621965,45.7564856
5913132497,126.6608724,45.7565357
5913132498,126.6607123,45.755257
5913132499,126.6596537,45.7606943
5913132501,126.6604835,45.7602934
5913132504,126.6621923,45.7602711
5913132505,126.6558692,45.7588255
5913132506,126.6536765,45.7600885
5913132511,126.6519164,45.7581291
5913132512,126.6568611,45.7582542
5913132513,126.6569967,45.758373
5913132514,126.6578612,45.7578782
5913132516,126.6639278,45.7614462
5913132518,126.6625903,45.7602347
5913132519,126.6638015,45.7601793
5913132521,126.6687895,45.759929
5913132524,126.6558968,45.7549155
5913132525,126.6568865,45.7543586
5913132527,126.6591215,45.7558713
6004182236,126.6885893,45.7584371
6004182238,126.688199,45.7599682
6004182241,126.6875167,45.7625843
6004182245,126.6868413,45.7652942
6004182246,126.6868019,45.765485
6004182250,126.6862683,45.7675425
6004182257,126.6848502,45.7732327
6004182260,126.6839226,45.7757914
6004209429,126.697273,45.7578691
6014117469,126.6285318,45.7603194
6043970554,126.6095961,45.7133644
6068385118,126.7286061,45.7028845
6068385121,126.7289192,45.7025983
6263417366,126.7199531,45.7401093
6263417367,126.7206521,45.7401072
6263418172,126.7229536,45.7381755
6275997498,126.7213835,45.7491148
6276137351,126.6779642,45.7294811
6276137352,126.6806444,45.7300227
6276137353,126.6790781,45.7297053
6276137354,126.6793649,45.7290686
6276137355,126.6792522,45.7293187
6276137356,126.6786492,45.7291898
6276137357,126.6793943,45.7297689
6276137358,126.6792277,45.7301412
6276137359,126.6802814,45.7299473
6276137361,126.6794936,45.729375
6276137396,126.6807682,45.7300297
6276137398,126.6814417,45.730223
6276137407,126.6817412,45.7298371
6276137408,126.6811468,45.7301046
6283123996,126.7199053,45.7352465
6283124054,126.7227088,45.7373458
6283124056,126.7233878,45.7373426
6283124057,126.7233766,45.736195
6283124058,126.7240574,45.7373403
6283124139,126.7246614,45.7401406
6283124141,126.7256716,45.7401332
6283124142,126.7256616,45.7388735
6283124143,126.7256716,45.7395306
6283124145,126.7248703,45.7398656
6283124146,126.7256766,45.7398601
6283124173,126.7265276,45.7395261
6283854243,126.6753103,45.7516982
6283854244,126.675534,45.750536
6283854247,126.6754733,45.7508514
6283854248,126.6753779,45.7513466
6284123649,126.7189412,45.7442996
6284123650,126.718378,45.7442996
6284123659,126.7182221,45.7440484
6284123674,126.7211058,45.7448173
6284123676,126.7195658,45.7454968
6284123677,126.7195698,45.7448677
6284123678,126.7189369,45.7448142
6284123683,126.720521,45.7454905
6284123684,126.7205156,45.7448667
6284124125,126.716987,45.7440873
6284124127,126.7184749,45.7442996
6284124128,126.7182212,45.7441077
6284506251,126.7261659,45.7401356
6284506252,126.7261683,45.7406601
6284506254,126.7246493,45.7406737
6284506565,126.7212905,45.7352435
6285286485,126.7195446,45.742018
6285286489,126.7205021,45.7420136
6285286498,126.7210982,45.7432713
6285286499,126.722045,45.7432521
6312424592,126.5756821,45.7796056
6312425123,126.5705426,45.7763502
6312425141,126.5674658,45.7744443
6312425142,126.570365,45.7762376
6312425698,126.5738266,45.7670717
6312425738,126.5829275,45.7829146
6312425792,126.5814166,45.7837258
6312425793,126.5829656,45.7830813
6312425863,126.5913078,45.7538705
6312425864,126.5874951,45.7525317
6312425865,126.5902899,45.7495426
6312425867,126.589835,45.7495782
6312425873,126.5876745,45.7525912
6312425874,126.5875986,45.7526839
6312425985,126.5798603,45.7559393
6312425988,126.579961,45.7559773
6312425990,126.5804474,45.7553548
6312426001,126.5925068,45.7544045
6312426003,126.5911114,45.7520176
6312426004,126.5923366,45.7524452
6312426009,126.5891455,45.7505794
6312426010,126.5832676,45.7497065
6312426013,126.5889895,45.7504604
6312426024,126.587386,45.7455253
6312426028,126.5861158,45.7445604
6312426030,126.5873569,45.7460515
6312426064,126.5770991,45.7468512
6312426065,126.5809834,45.7472783
6312426072,126.5835857,45.7525684
6312426074,126.5872308,45.7525754
6312426075,126.5857914,45.7520236
6312426231,126.5674925,45.7456705
6312426232,126.5672039,45.7456335
6312426235,126.575547,45.7466713
6312426237,126.572104,45.7464582
6312426258,126.5755026,45.7467721
6312676405,126.5677694,45.7435149
6312676408,126.5679793,45.7438194
6312676462,126.5536112,45.7462506
6312676464,126.5545103,45.7463874
6312676481,126.5652962,45.7467034
6312676482,126.5653238,45.7474146
6312676483,126.565334,45.7477567
6312676518,126.5549568,45.7461679
6312676520,126.5648207,45.7473324
6312676524,126.5632651,45.74725
6312676527,126.5632208,45.7465717
6312676533,126.5622271,45.7466024
6312676536,126.5623214,45.7462777
6312676538,126.5624611,45.7457239
6312676544,126.5574159,45.7449961
6312676548,126.5550202,45.7457976
6312676551,126.5560951,45.745988
6312676556,126.5576297,45.7459441
6312676563,126.56029,45.7463084
6312676710,126.565136,45.7050372
6312676722,126.5682693,45.709509
6312676743,126.5552457,45.714685
6312676759,126.5458869,45.7144696
6312676761,126.5500363,45.7149881
6312676798,126.5403737,45.7173922
6312676799,126.539626,45.7146573
6312676806,126.5405595,45.7175121
6312676807,126.5403966,45.717518
6312676811,126.535061,45.7181468
6312676813,126.5342389,45.7158563
6312676816,126.5341756,45.7156929
6312676819,126.5343052,45.7156589
6312676860,126.5356351,45.7208011
6312677026,126.5346331,45.7260412
6312677215,126.5546292,45.7439385
6312677216,126.5530572,45.7437266
6312677217,126.5428366,45.7423489
6312677218,126.5344962,45.7411686
6312677281,126.5783769,45.7374926
6312677287,126.5781846,45.7376561
6312677288,126.582327,45.7402704
6312677289,126.5825819,45.7401712
6312677290,126.5867804,45.738502
6312677291,126.5842591,45.7369001
6312677292,126.5809626,45.7394273
6312677293,126.5838008,45.7396941
6312677294,126.5820812,45.7385845
6312677295,126.5793068,45.7367942
6312677296,126.5800784,45.7362045
6312677297,126.582886,45.7379621
6312677298,126.5849438,45.7392503
6312677299,126.5841165,45.7387325
6312677300,126.5855092,45.7376953
6312677301,126.5855453,45.7399716
6312677303,126.5795852,45.7385561
6312677304,126.5798094,45.7383938
6312677305,126.5807051,45.7376964
6312677306,126.5814928,45.73709
6312677307,126.5828796,45.7360224
6312677308,126.5807977,45.7356548
6312677309,126.5822066,45.7365405
6312677310,126.5835953,45.7374135
6312677311,126.5848383,45.738195
6312677313,126.588047,45.7378948
6312677314,126.5849012,45.735929
6312677315,126.5856579,45.7364015
6312677317,126.5845731,45.7344728
6312677318,126.5830692,45.735901
6312677319,126.5864519,45.7349589
6312677321,126.5833789,45.7338454
6312677326,126.5880211,45.7282291
6312677327,126.5872716,45.7304701
6312677328,126.5860875,45.7297189
6312677331,126.580348,45.7341582
6312677332,126.5831215,45.7337051
6312677333,126.5819338,45.732948
6312677334,126.5798591,45.7316603
6312677370,126.6034534,45.7219341
6312677371,126.6037326,45.7218491
6312677372,126.6056557,45.7211995
6312786564,126.568431,45.7094411
6312786566,126.5708956,45.7068431
6312786570,126.5720561,45.7079326
6312786584,126.5853325,45.7205692
6312786700,126.5851654,45.7203382
6312786701,126.5850164,45.7204746
6312786716,126.5777178,45.7087006
6312786717,126.5773595,45.7082944
6312786718,126.5803556,45.7065716
6312786812,126.5959656,45.715133
6312786848,126.606121,45.7129792
6312786857,126.605341,45.7149325
6312786858,126.6036059,45.7147551
6312786859,126.6055721,45.7138789
6312786861,126.6040466,45.7148001
6312786931,126.5929545,45.7008817
6312786932,126.5927721,45.7008542
6312786933,126.5942478,45.6939823
6312787116,126.5865224,45.7128025
6312787120,126.5873618,45.7128023
6312787142,126.5870963,45.7138123
6312787149,126.578297,45.7141091
6312787156,126.5876467,45.7077063
6312787160,126.5873487,45.708012
6312787165,126.5784421,45.7142477
6312787191,126.6065867,45.7321309
6312787222,126.6063398,45.7409858
6312787228,126.6006988,45.7345714
6312787232,126.5960747,45.7364178
6312787419,126.5626977,45.6919119
6313051162,126.5652381,45.6942258
6313051163,126.5679712,45.6872235
6313053010,126.5719253,45.6944546
6313053020,126.5682728,45.6920769
6313053055,126.5908022,45.6933724
6313053056,126.590503,45.6933462
6313053194,126.6046974,45.6878664
6313053510,126.6190042,45.675861
6313053518,126.6237533,45.6796548
6313053523,126.6232105,45.6797692
6313053524,126.6236048,45.6800339
6313053534,126.6224032,45.683253
6313053535,126.6227174,45.6832812
6313053536,126.6249738,45.6764746
6313053564,126.6413441,45.6782065
6313053565,126.641835,45.6781712
6313053576,126.6523234,45.6795709
6313053577,126.6523047,45.6796421
6313053581,126.6507092,45.6867006
6313053584,126.65058,45.6931969
6313053723,126.6455063,45.7007115
6313053724,126.6444634,45.7054354
6313053726,126.6387334,45.7097623
6313053750,126.6422041,45.7084784
6313054009,126.6566904,45.7065051
6313054010,126.6563693,45.7066366
6313054050,126.6642499,45.7178619
6313054051,126.6635868,45.7172161
6313054084,126.6666705,45.7215813
6313054185,126.6643297,45.7223203
6313054187,126.6646555,45.7104922
6313054258,126.6716043,45.7019181
6313054259,126.674251,45.7049934
6313054260,126.6773253,45.7022184
6313054261,126.6738391,45.6981844
6313054272,126.671381,45.7061775
6313054274,126.6675926,45.7062174
6313054275,126.6685084,45.7091757
6313054279,126.6675852,45.7047816
6313054280,126.6651884,45.7015062
6313054281,126.6692864,45.7041707
6313054282,126.6676272,45.7006512
6313054284,126.6619063,45.7018431
6313054385,126.6602534,45.702053
6313054386,126.6651884,45.7064494
6313054387,126.6651647,45.7072171
6313054389,126.6616162,45.7078581
6313054392,126.6675926,45.7064549
6313054397,126.679762,45.7031991
6313054405,126.6804314,45.7020187
6313054419,126.6815949,45.7063549
6313054435,126.6854985,45.7037021
6313054461,126.6919706,45.6947119
6313054772,126.7094679,45.6868375
6313054776,126.7041367,45.6876498
6313054777,126.7065905,45.6888089
6313054781,126.6993301,45.6853372
6313054784,126.699417,45.6852621
6313054796,126.6980968,45.6864769
6313054807,126.687474,45.6959946
6313054813,126.6926612,45.6951894
6313054830,126.6930644,45.6906237
6313054874,126.6914266,45.7054786
6313054887,126.6910748,45.7044455
6313054890,126.6860505,45.7053489
6313054891,126.6863613,45.7062808
6313055059,126.6855884,45.6972778
6313055189,126.6872022,45.6958396
6313055192,126.6852077,45.6861022
6313055193,126.6867181,45.6860814
6313055198,126.6851326,45.6859944
6313055199,126.6844251,45.6856411
6313055217,126.682773,45.6870303
6313055231,126.678806,45.6836822
6313055235,126.682747,45.6841069
6313055241,126.6747831,45.6837159
6313055246,126.6905692,45.6835174
6313055247,126.6914401,45.6860643
6313055248,126.6920961,45.6881021
6313055249,126.6892248,45.6885777
6313055263,126.6937913,45.6742593
6313055281,126.6802198,45.6773529
6313055282,126.6894069,45.6726401
6313055292,126.6816117,45.6717407
6313055305,126.6895788,45.6724
6313055607,126.6984422,45.6481529
6313175921,126.6341333,45.6874063
6313175922,126.6336038,45.6898165
6313175923,126.6355938,45.6811418
6313175954,126.6340951,45.6761173
6313175960,126.6346681,45.6763091
6313175962,126.6337019,45.6771714
6313175963,126.6335367,45.6773943
6313175967,126.6323009,45.6808105
6313176096,126.6386945,45.6903583
6313176097,126.6303675,45.6894806
6313176098,126.6299751,45.6894258
6313176170,126.641247,45.6946653
6313176198,126.6484653,45.6985341
6313176199,126.6472838,45.6987671
6313176201,126.6459121,45.6988026
6313176205,126.643763,45.6991019
6313176215,126.6469721,45.7037397
6313176236,126.6480338,45.6943971
6313176237,126.6440997,45.6972089
6313176238,126.6461993,45.6973805
6313176245,126.6465252,45.6957669
6313176246,126.6472722,45.6936779
6313176255,126.6469364,45.6941339
6313176257,126.6470504,45.6894038
6313176312,126.6448711,45.7035668
6313176314,126.6467784,45.7008037
6313176317,126.6462224,45.703678
6313176329,126.6510021,45.6975594
6313176330,126.6506781,45.6975717
6313176331,126.6555841,45.6962382
6313176332,126.6529926,45.6963198
6313176335,126.6538005,45.6983268
6313176337,126.6536414,45.6997372
6313176338,126.6560709,45.6985419
6313176898,126.6737959,45.6980206
6313176949,126.6625808,45.7027897
6313176950,126.658987,45.703972
6313176968,126.6638267,45.7045383
6313176969,126.6601966,45.7057672
6313176980,126.6748931,45.7056481
6313176981,126.6745679,45.7058461
6313176983,126.6746175,45.7059907
6313176984,126.6738845,45.7064382
6313177085,126.6744655,45.7082396
6313177095,126.6858356,45.7063652
6313177099,126.6837387,45.7128628
6313177135,126.6922807,45.7053504
6313177148,126.6816305,45.7070882
6313177160,126.6710322,45.7077754
6313177179,126.6594911,45.7085923
6313177188,126.6619872,45.7084095
6313177190,126.6635478,45.7105666
6313177191,126.6603196,45.7116616
6313177193,126.657197,45.7077854
6313177194,126.6537962,45.7138861
6313177196,126.6459944,45.7146161
6313177197,126.6470933,45.7161513
6313177198,126.6447814,45.7169283
6313177201,126.6437039,45.7154127
6313177219,126.6466662,45.7215114
6313177226,126.6450979,45.7173704
6313177232,126.6404257,45.7199923
6313177233,126.6367774,45.7188202
6313177234,126.6390232,45.7180544
6313177235,126.6409841,45.7173858
6313177236,126.6398058,45.7191358
6313177238,126.6345628,45.715663
6313177240,126.6425963,45.7197374
6313177243,126.6423815,45.7194064
6313177244,126.6426674,45.7191923
6313177250,126.6414363,45.7270561
6313177254,126.6402535,45.7273859
6313177265,126.6447991,45.7221682
6313177266,126.6493791,45.7204735
6313177275,126.6412394,45.7170599
6313177276,126.6407307,45.7167718
6313177277,126.6403652,45.716517
6313177279,126.642421,45.7188519
6313177280,126.6420982,45.7190503
6313177284,126.6469396,45.7256233
6313177385,126.6467093,45.7252872
6313177398,126.6423784,45.732603
6313177430,126.6267953,45.732474
6313177450,126.6283751,45.7316116
6313177452,126.6262957,45.7287005
6313177454,126.6273736,45.7302524
6313177460,126.6270467,45.7303636
6313177461,126.6261586,45.7285115
6313177470,126.6266239,45.7327999
6313177479,126.6200538,45.7270802
6313177480,126.6208539,45.7269582
6313177483,126.6152562,45.7291838
6313177484,126.6120797,45.7302673
6313177585,126.6098552,45.7306467
6313177586,126.6100807,45.7309732
6313177589,126.6136445,45.7293197
6313177594,126.5975522,45.7353079
6313177596,126.6105486,45.7308105
6313177597,126.6102925,45.7312721
6313177598,126.6090475,45.7309184
6313177599,126.6092414,45.7304166
6313177600,126.6096532,45.7303417
6313177601,126.6103555,45.7304726
6313177602,126.6099167,45.7314057
6313177603,126.6092707,45.731246
6313177604,126.6205459,45.7274116
6313177605,126.619464,45.7276133
6313177606,126.6107504,45.7194151
6313177607,126.6172381,45.7171943
6313177608,126.6129324,45.7186591
6313177609,126.624589,45.7146561
6313177632,126.6256076,45.7090119
6313177633,126.6257778,45.7082003
6313177794,126.6081283,45.7180247
6313177795,126.6211271,45.7226618
6313177796,126.6259805,45.7250524
6313177803,126.6264059,45.7196152
6313177806,126.6245675,45.7230845
6313177818,126.6262449,45.7090722
6313263152,126.6279134,45.7153315
6313263153,126.6287309,45.7139512
6313263154,126.6272045,45.7138005
6313263155,126.6293086,45.7130382
6313263156,126.627418,45.7128198
6313263421,126.6387974,45.7143198
6313263422,126.634628,45.7157559
6313263485,126.6152454,45.6937064
6313263486,126.6162744,45.6938158
6313263487,126.612324,45.6933958
6313263489,126.6148253,45.6955541
6313263491,126.6139276,45.6954548
6313263492,126.614353,45.6936116
6313263493,126.6158318,45.6956655
6313263553,126.6266675,45.6924116
6313263554,126.626744,45.6921929
6313263555,126.6264822,45.6923599
6313263556,126.6257211,45.6914804
6313263557,126.6264793,45.6922217
6313263574,126.6252562,45.6914088
6313263605,126.604716,45.694909
6313263837,126.6158744,45.6682972
6313263838,126.6248516,45.6685199
6313263840,126.6219627,45.6684529
6313263841,126.6221201,45.6676133
6313263842,126.6226295,45.6656196
6313263843,126.6161585,45.6670879
6313263902,126.6176998,45.6555845
6313263904,126.6182186,45.6562812
6313263930,126.6318393,45.6609272
6313263931,126.6375008,45.6621778
6313263932,126.6377212,45.6622162
6313263999,126.6547321,45.6679528
6313264002,126.6543144,45.6682241
6313264019,126.6554065,45.6650844
6313264155,126.6719646,45.6727717
6313264166,126.668337,45.6698312
6313264167,126.6683844,45.6696519
6313264170,126.6535804,45.6679557
6313264180,126.6459089,45.6674457
6313515409,126.5786755,45.7846243
6313515435,126.5784615,45.7846896
6313519348,126.5192648,45.7401407
6313519355,126.5220077,45.7436351
6313519356,126.5230339,45.7398785
6313519357,126.5247682,45.7334815
6313519358,126.5258278,45.7297772
6313519359,126.5259186,45.7294717
6313519409,126.5191728,45.7362823
6313519415,126.53031,45.7355201
6313519417,126.5355972,45.7358154
6313519418,126.5359426,45.7358585
6313519446,126.5315005,45.7312936
6313519447,126.5314044,45.7316156
6313519559,126.5274298,45.7246702
6313519560,126.5273444,45.7248588
6313519826,126.5199312,45.7392441
6313519827,126.5229634,45.7396679
6313519828,126.5230937,45.739683
6313519829,126.5291548,45.7405032
6313519830,126.5191717,45.7362498
6313519903,126.5341249,45.7411157
6313519919,126.5289604,45.740478
6313519920,126.5289067,45.7406665
6313519921,126.5278569,45.7444181
6313519928,126.5312123,45.7448473
6313519957,126.5374563,45.7456789
6313520041,126.5626244,45.7368901
6313520042,126.5621411,45.7388398
6313520049,126.5636695,45.7339821
6313520050,126.5637786,45.7337693
6313520054,126.566541,45.7306685
6313520057,126.5709362,45.7324951
6313520058,126.5705815,45.7323707
6313520063,126.5663963,45.7307752
6313520064,126.5662822,45.7307182
6313520067,126.5616648,45.7278024
6313520068,126.5605375,45.7270577
6313520069,126.5556684,45.7238846
6313520218,126.5702206,45.7278147
6313520300,126.5628358,45.735721
6313520304,126.5620936,45.7361038
6313520316,126.5623994,45.7349955
6313520321,126.5628645,45.735636
6313583469,126.5756503,45.7243523
6313583470,126.5785756,45.7221647
6313583474,126.5780035,45.7225961
6313583477,126.5738041,45.7200947
6313583478,126.5716122,45.7217195
6313583479,126.5746631,45.719465
6313583480,126.5746292,45.7206086
6313585086,126.5764633,45.7237575
6313585121,126.5838274,45.7284112
6313585269,126.582523,45.734253
6313585270,126.5815969,45.7349407
6313585336,126.5596002,45.7208493
6313585337,126.5559514,45.7238581
6313585338,126.5558083,45.7239734
6313585339,126.5521402,45.7269059
6313585342,126.5479164,45.7312201
6313585343,126.5475993,45.7316232
6313585344,126.5474471,45.7318124
6313585345,126.5456343,45.734717
6313585348,126.544862,45.7362178
6313585349,126.5446722,45.7366292
6313585350,126.5445783,45.7368817
6313585351,126.5441598,45.7380734
6313585366,126.5509624,45.7389638
6313585367,126.5508155,45.7395633
6313585379,126.5493831,45.7387336
6313585380,126.5481534,45.7430656
6313585630,126.5574552,45.7298087
6313585634,126.5520444,45.7269774
6313585635,126.551945,45.7269168
6313585636,126.5460193,45.7230691
6313585637,126.5455833,45.7228028
6313585638,126.5452938,45.722628
6313585707,126.5493368,45.7197378
6313585708,126.5490764,45.7195732
6313585721,126.5403884,45.720916
6313585722,126.540375,45.721009
6313585730,126.535795,45.7208768
6313585731,126.535655,45.7208877
6313585784,126.5279048,45.7216306
6313585787,126.5202022,45.7200935
6313585788,126.5194307,45.7199422
6313585790,126.5134758,45.7191005
6313585791,126.5011559,45.7174513
6313585818,126.5076847,45.7183193
6313585819,126.5077081,45.7182351
6313585820,126.5087025,45.7142131
6313585821,126.5089396,45.7140195
6313585830,126.5068625,45.7218949
6313585870,126.5001634,45.7210103
6313585872,126.501804,45.7155302
6313585883,126.5026583,45.7175636
6313585884,126.5026349,45.7176479
6313585885,126.5016936,45.7212103
6313585897,126.5280449,45.7216263
6313585898,126.5280421,45.7215272
6313585899,126.527572,45.7171555
6313586005,126.5344963,45.7262759
6313586146,126.5190198,45.7440091
6313586306,126.5042564,45.699827
6313586308,126.5006564,45.7055555
6313586309,126.498428,45.709115
6313924229,126.7476536,45.6632492
6313924262,126.7440067,45.6691415
6313924516,126.7566309,45.6607048
6313924520,126.7531738,45.6522141
6313924579,126.7724297,45.6676795
6313924980,126.7746144,45.6971196
6313924981,126.7801262,45.696776
6313924982,126.7788972,45.6899025
6313924983,126.7734168,45.6932803
6313924984,126.7794037,45.6928833
6313925088,126.7748166,45.6971118
6313925089,126.7755016,45.6997484
6313925090,126.7693744,45.7001224
6313925094,126.7756193,45.6999743
6313925095,126.7765023,45.7019394
6313925096,126.7762508,45.7019508
6313925097,126.7753733,45.6999823
6313925098,126.7752774,45.6997625
6313925099,126.7732162,45.6932999
6313925122,126.7718041,45.7046731
6313925341,126.7126075,45.6846809
6313925625,126.5734658,45.7440108
6313925626,126.5729041,45.7462657
6313925627,126.5780849,45.7426433
6313925632,126.5737354,45.7429285
6313926546,126.5429814,45.7423685
6313926547,126.5429324,45.7425534
6313926548,126.5419044,45.7462563
6314116758,126.5360766,45.6585311
6314116761,126.5358121,45.6581862
6314116763,126.5362135,45.6583805
6314116764,126.5361404,45.6582795
6314116766,126.553393,45.6513363
6314116768,126.5534539,45.6514257
6314118040,126.58249,45.6553114
6314118041,126.5874038,45.6546846
6314118101,126.5835448,45.6551541
6314118102,126.5874633,45.655238
6314118110,126.5673245,45.6699821
6314118133,126.5634174,45.6854313
6314396029,126.7768264,45.7763903
6314396030,126.7768044,45.7765267
6314396036,126.7798632,45.7708551
6314452468,126.7769656,45.7764101
6314453714,126.7743535,45.7865998
6314453715,126.7751518,45.7823952
6314453720,126.7722087,45.7821474
6314453819,126.7418508,45.7495388
6314453820,126.7422673,45.7476451
6314453841,126.7418047,45.7497864
6314454030,126.7601654,45.7687019
6314454038,126.752235,45.7733571
6314454040,126.7549671,45.7704033
6314454041,126.7559246,45.7688022
6314454187,126.7246609,45.7420418
6314703266,126.5367703,45.6973509
6314703270,126.5343659,45.7002303
6324986963,126.4964133,45.8068894
6324986969,126.5015893,45.8083196
6324986970,126.4966356,45.8069587
6324987019,126.4996441,45.8181289
6324987020,126.5100381,45.8180615
6324987022,126.5100492,45.8182607
6324987023,126.5017408,45.818285
6324987065,126.4996277,45.8182836
6325444914,126.5317494,45.8235553
6325444919,126.5359583,45.8185925
6325444922,126.5318984,45.8237806
6325444925,126.5320249,45.823615
6325444929,126.5393138,45.8265208
6325444930,126.5397127,45.826667
6325444931,126.5399342,45.8267506
6325444932,126.5403329,45.8269054
6325445085,126.5103916,45.8300065
6325445086,126.5101667,45.8300036
6325445087,126.5018308,45.8300531
6325445118,126.5202072,45.8180555
6325445119,126.5274008,45.8180307
6325445122,126.5357323,45.8183925
6325445124,126.5433366,45.821196
6325445125,126.536094,45.8184303
6325445126,126.5392114,45.8129952
6325445167,126.5336909,45.8210722
6325445168,126.533901,45.8211509
6325445169,126.5352121,45.8216423
6325445503,126.5383879,45.8277462
6325445509,126.5336268,45.8355902
6325445546,126.5276551,45.8180291
6325445547,126.5273827,45.8236404
6325445548,126.5271536,45.8236404
6325445549,126.5274103,45.8182018
6325445550,126.5276391,45.8129655
6325445551,126.527755,45.8124942
6325445552,126.5279067,45.8126464
6325445558,126.5280994,45.8095639
6325445561,126.5278713,45.806879
6325445562,126.5249765,45.8067347
6325445564,126.5211394,45.8064661
6325445565,126.5212012,45.8062088
6325445568,126.5287802,45.8069354
6325445692,126.5281061,45.8094885
6325445693,126.5282291,45.8094931
6325445694,126.5333811,45.8096412
6325445695,126.5393239,45.8099005
6325445697,126.5393084,45.810009
6325445698,126.533375,45.8097403
6325445699,126.528216,45.809569
6325445734,126.5391978,45.8112051
6325445751,126.5276097,45.8137552
6325445754,126.5254434,45.8145003
6325445755,126.5224998,45.8144739
6325445758,126.5201951,45.8137388
6325445762,126.5252689,45.8163721
6325445767,126.5272484,45.8175042
6325445774,126.5200176,45.8163351
6325445775,126.5202024,45.8163391
6325446086,126.5274954,45.8163513
6325446087,126.5277114,45.8163518
6325446090,126.5225916,45.8163645
6325446097,126.520525,45.8174876
6325446143,126.5096171,45.8035126
6325446402,126.496515,45.8067465
6325666525,126.5560467,45.8358131
6325667327,126.5393476,45.8281868
6325667328,126.538119,45.8291359
6325667329,126.5379188,45.82904
6325667363,126.5345326,45.8144549
6325667364,126.5344491,45.816556
6325667365,126.534396,45.8174899
6325667366,126.5361561,45.8166757
6325667370,126.5324923,45.8165805
6325667373,126.5345067,45.8156925
6325667386,126.5345364,45.8147775
6325667387,126.532727,45.8147933
6325667388,126.5302235,45.8145183
6325667389,126.5277987,45.8144083
6325667390,126.5302083,45.8161786
6325667412,126.5322111,45.814825
6325667414,126.5302222,45.8146558
6325667415,126.5283117,45.81464
6325667416,126.5302994,45.8132123
6325667417,126.5304975,45.8145085
6325667418,126.5304056,45.8132229
6325667419,126.5322246,45.8131703
6325667421,126.5283098,45.8144331
6325667423,126.5281961,45.8167608
6325667424,126.5301503,45.8168916
6325667425,126.5310428,45.8169136
6325667426,126.5309243,45.8162004
6325667427,126.5282284,45.8161689
6325667428,126.5282238,45.8162521
6325667429,126.5301933,45.8163628
6325667430,126.5282561,45.8156606
6325667431,126.5302133,45.8156392
6325667432,126.5282849,45.8151314
6325667433,126.5302178,45.8151423
6325667438,126.5302153,45.8154172
6325667439,126.5313469,45.8154962
6325667440,126.5343875,45.8144538
6325667441,126.5344406,45.8132552
6325667442,126.5346544,45.8144397
6325667443,126.5345999,45.8132499
6325667444,126.5327337,45.8131917
6325667445,126.5367317,45.8131864
6325667448,126.5366786,45.8134191
6325667449,126.5365149,45.8139362
6325667450,126.5365108,45.813193
6325667451,126.536654,45.8138868
6325667452,126.5304704,45.8141298
6325667453,126.5322139,45.8140607
6325667454,126.5304251,45.8134963
6325667455,126.5322059,45.8134475
6325667456,126.5326779,45.8134494
6325667457,126.5344286,45.8135262
6325667458,126.5326672,45.8140532
6325667459,126.5344037,45.8140886
6325667460,126.5346394,45.8141112
6325667461,126.5361571,45.8140632
6325667462,126.5346118,45.8135093
6325667463,126.5365123,45.8134643
6325667472,126.5389483,45.8128272
6325667473,126.5389993,45.8126589
6325667474,126.5390348,45.8125259
6325667477,126.5393081,45.8125321
6325667478,126.5392408,45.8128297
6325667537,126.5456099,45.8146192
6325667568,126.5398643,45.8058529
6325667569,126.5396913,45.8053653
6325667570,126.5396265,45.8078455
6325667614,126.5518547,45.8110074
6326297292,126.5470316,45.8080646
6326297295,126.554898,45.8119283
6326297407,126.5786977,45.8140916
6326297410,126.5817667,45.8135175
6326297439,126.5753405,45.8143614
6326297440,126.5733398,45.814425
6326297441,126.5728845,45.8145562
6326297625,126.5740061,45.8047625
6326297627,126.5653937,45.8032245
6326297656,126.5501109,45.8151562
6326297753,126.5391628,45.8055285
6326297754,126.5537427,45.8018774
6326297779,126.560482,45.8064467
6326297782,126.562361,45.8032524
6326297863,126.561897,45.8206002
6326297927,126.5623176,45.8274115
6326298052,126.5684984,45.8259574
6326298055,126.5616328,45.8261257
6326298066,126.5781194,45.8217016
6326298078,126.5854762,45.8184942
6326298091,126.5620959,45.8221571
6326298092,126.5688466,45.8222103
6326298123,126.5857573,45.8183884
6326298124,126.5859332,45.8183181
6326298125,126.5929365,45.8220905
6326298126,126.5852622,45.8185807
6326298298,126.5981434,45.8100153
6326298331,126.6048072,45.8259576
6326298336,126.6013128,45.8254887
6326298338,126.6106234,45.8286078
6326298339,126.6108563,45.8286958
6326298341,126.6109234,45.8282118
6326298348,126.6253965,45.8341211
6326298349,126.6331525,45.8369845
6326298359,126.6078741,45.8326034
6326298360,126.6076576,45.8325257
6326298363,126.5982358,45.8342438
6326298368,126.5478415,45.7993477
6326298374,126.5567509,45.8007223
6326298392,126.5417586,45.7988868
6326298395,126.5476001,45.7993317
6326466447,126.6114417,45.8269526
6326466449,126.6129041,45.8248744
6326466456,126.6158352,45.8352795
6326466461,126.6082452,45.8377036
6326466463,126.6064713,45.8400467
6326466518,126.6401847,45.8153471
6326466519,126.6411044,45.8137078
6326466520,126.6417276,45.8138778
6326466527,126.6376037,45.8199618
6326466539,126.6312598,45.8182623
6326466540,126.6359614,45.8181703
6326466541,126.6361095,45.8178214
6326466544,126.6385899,45.8146125
6326466550,126.636216,45.8175239
6326466551,126.6363914,45.8177201
6326466552,126.6385465,45.8183063
6326466572,126.6337296,45.8175254
6326466579,126.635471,45.815243
6326466583,126.6359402,45.8141953
6326466584,126.6370913,45.8158196
6326466586,126.6377665,45.8180926
6326466587,126.63935,45.8151432
6326466588,126.6385423,45.8149229
6326466706,126.6114675,45.8070959
6326466711,126.5996502,45.806506
6326466765,126.5947101,45.8213114
6326466770,126.6056534,45.8248332
6326466781,126.6000861,45.823055
6326466788,126.6026009,45.8201939
6326466789,126.6038992,45.820679
6326466795,126.6020231,45.8236859
6326466796,126.6085465,45.8209998
6326466797,126.5993191,45.8189584
6326466840,126.6035742,45.7925358
6326504578,126.6786945,45.8250722
6326504767,126.6774839,45.8262458
6326504922,126.6480615,45.7926226
6326504923,126.6494188,45.7930284
6326504924,126.6464062,45.7920122
6326531650,126.4995343,45.7938703
6326531651,126.4970461,45.7959071
6326531652,126.4984773,45.7935438
6326531653,126.5007896,45.7931558
6326531656,126.5022286,45.793599
6326531657,126.5024094,45.7946996
6326531658,126.4997049,45.7949152
6326531660,126.4975335,45.7951008
6326531661,126.5011473,45.7953373
6326531664,126.5024043,45.7966221
6326531685,126.500236,45.7879718
6326531686,126.5003307,45.7878603
6326531760,126.5339913,45.8011507
6327767420,126.6734695,45.7779361
6327767440,126.6745428,45.7791049
6327767441,126.673198,45.7793243
6327767448,126.6746248,45.7780099
6327767453,126.6808128,45.7788194
6327767481,126.6748082,45.7812075
6327767482,126.6719347,45.78246
6327768515,126.6728629,45.7897669
6327768519,126.6749306,45.7867904
6327768545,126.6712066,45.785473
6327768659,126.6721546,45.771029
6327768759,126.67837,45.7784375
6327768776,126.6830695,45.7715515
6327768779,126.6844483,45.7716051
6327768784,126.6848143,45.7714737
6327768822,126.672532,45.7665914
6327768829,126.6825601,45.7687089
6327902975,126.6726423,45.7654592
6327902983,126.6661241,45.7660548
6327905528,126.6778649,45.779669
6327905529,126.6793151,45.7799428
6327905848,126.6894173,45.7837782
6327906002,126.6808374,45.7617496
6327906003,126.6833318,45.7620642
6327906004,126.6839879,45.7594553
6327906005,126.6874915,45.7615007
6327906007,126.6836619,45.7607896
6327906008,126.6811372,45.7604404
6327906290,126.6519761,45.77404
6328143961,126.7128872,45.7305407
6328237668,126.5468776,45.8293917
6351365968,126.6358667,45.7220925
6351507248,126.6379771,45.7235337
6351507251,126.636758,45.7217928
6373255880,126.6438259,45.7262788
6430386586,126.7233186,45.7432599
6430386587,126.7233238,45.7424897
6430386588,126.7233096,45.7437689
6430386595,126.7173552,45.7500952
6430386596,126.7181507,45.7502007
6430386597,126.7211692,45.7505748
6430386598,126.7198829,45.7504147
6430386605,126.718873,45.750949
6430386639,126.7196134,45.7477921
6524832881,126.7069457,45.7796346
6534526295,126.6000816,45.767707
6534526296,126.6007337,45.7674158
6546573301,126.7190427,45.7520338
6546573303,126.7148885,45.7513472
6546573304,126.7147308,45.7518661
6546573306,126.7195387,45.7523365
6546573307,126.7186343,45.7518397
6546573308,126.7169623,45.751618
6546573321,126.7172796,45.752176
6549287013,126.7183139,45.7563952
6565409374,126.6739118,45.7194744
6565409379,126.6725273,45.7201319
6565409380,126.6725811,45.719898
6565410399,126.6834857,45.7273283
6565410443,126.6845012,45.7171823
6565410460,126.7179302,45.7383664
6565410463,126.7191401,45.7390556
6566249865,126.678584,45.7279955
6566249866,126.6816606,45.7286383
6566249877,126.6692374,45.7241929
6566277825,126.7246548,45.7413134
6566277826,126.7262592,45.741303
6566297186,126.6688092,45.7240393
6566297192,126.6656987,45.7131948
6567782077,126.7213274,45.7327251
6567782078,126.7194206,45.7329877
6619045810,126.6814847,45.7059095
6619140821,126.6950782,45.7185602
6620380050,126.6427792,45.8124253
6620380053,126.6444633,45.8128996
6620503333,126.6756244,45.7002075
6620503343,126.689791,45.7166323
6620503345,126.6943679,45.7157318
6621830733,126.7510111,45.710985
6621830739,126.750516,45.7110914
6622846385,126.6859876,45.6974856
6622846390,126.6830015,45.7000147
6622846391,126.6828343,45.6999284
6622846392,126.6826538,45.6998398
6622973312,126.6849866,45.7021192
6623149601,126.6677543,45.7096334
6623149602,126.6680238,45.7096486
6623149605,126.649775,45.7161173
6625204195,126.67867,45.698884
6625268752,126.7494155,45.7231458
6625268759,126.7517311,45.7142055
6625268784,126.6982435,45.7305983
6625294515,126.7034196,45.7267797
6625294516,126.7041755,45.7295637
6625294518,126.749454,45.7230492
6625302253,126.6984745,45.7181705
6625302257,126.6991113,45.7203812
6625302258,126.699222,45.7203685
6625302265,126.698932,45.7196594
6625302267,126.6990391,45.7196477
6627146835,126.4973505,45.7168581
6627146836,126.499529,45.7127802
6627146837,126.4963453,45.7123258
6627146838,126.5028609,45.7132479
6627146855,126.4972963,45.7107849
6627695211,126.6895973,45.7296084
6627695214,126.6881568,45.7297575
6627695215,126.6899283,45.7286412
6627695217,126.6898724,45.7315517
6627695218,126.6906875,45.7287945
6627695220,126.6907384,45.7314397
6627695232,126.6891469,45.731636
6627695233,126.6887642,45.7296957
6627695234,126.6916408,45.7268288
6627695235,126.6921707,45.7251085
6627695255,126.6786052,45.7190702
6627695262,126.6522613,45.6873433
6627827944,126.6623872,45.7143528
6627827959,126.6626541,45.7269217
6627827961,126.6651972,45.7250917
6627827963,126.6681331,45.7257041
6627827964,126.6639369,45.7286651
6627827966,126.6667048,45.7291634
6627827974,126.6573015,45.728813
6627827977,126.6624828,45.7269736
6628705609,126.506711,45.7218723
6628705610,126.5066502,45.722081
6628705611,126.5068038,45.7221013
6628705612,126.5016274,45.7213994
6628705613,126.5001092,45.7211927
6628831877,126.5192933,45.7422198
6628831882,126.5140305,45.7426561
6630054645,126.6927253,45.7424702
6630054646,126.6918218,45.739671
6630054647,126.6907763,45.7370743
6630054648,126.6898024,45.7342134
6630054649,126.6890766,45.7317591
6630054650,126.6903154,45.7398776
6630054651,126.6969226,45.7390922
6630054652,126.6954746,45.733443
6630054656,126.693264,45.7312494
6630187647,126.5088623,45.7140079
6630187648,126.5153329,45.7128927
6630187649,126.5223463,45.7134903
6630187654,126.5528669,45.7164833
6630187657,126.5530532,45.7163425
6630187659,126.5731353,45.7184655
6630187660,126.5733068,45.7183337
6630187666,126.5597703,45.7207344
6630187667,126.5642878,45.7173338
6630187668,126.5596362,45.7206441
6630187669,126.5641275,45.7172294
6630187670,126.5274131,45.716907
6630187675,126.5419282,45.7075737
6630187677,126.5296115,45.7168608
6630187678,126.5278724,45.7137285
6630187679,126.5231485,45.7134856
6630187680,126.5336138,45.7139282
6630187681,126.5337537,45.7139227
6630187682,126.5396367,45.7140444
6630187683,126.5462955,45.711768
6632518645,126.6672274,45.7290509
6632518646,126.666219,45.731391
6632518647,126.6660344,45.731338
6632518650,126.665804,45.7314506
6632518656,126.6689266,45.731973
6632518658,126.6716868,45.7325757
6632518670,126.6696403,45.7238683
6632526013,126.6646956,45.7301919
6632526016,126.6648648,45.7299587
6632526030,126.6535245,45.7249972
6632526036,126.6400863,45.7295196
6632634201,126.6850068,45.7275794
6632634203,126.6848747,45.7259228
6633198140,126.690379,45.7499334
6633198145,126.6896952,45.7535703
6633198146,126.6897271,45.7534432
6633212025,126.6771017,45.7842485
6633212028,126.6769422,45.7841905
6633212031,126.6707433,45.7968982
6633294254,126.6745356,45.7084187
6633294255,126.6747966,45.7081898
6633294256,126.6748673,45.7083565
6633303998,126.7014653,45.6833669
6633304014,126.7043928,45.6821273
6633304039,126.711597,45.6764349
6633304048,126.7013614,45.6761489
6633304051,126.7109966,45.6766995
6649961332,126.6827896,45.6899246
6672809946,126.6791457,45.6996907
6672809947,126.6814902,45.7009055
6672876413,126.689515,45.7428996
6738078253,126.6070623,45.7369406
6738078254,126.6105393,45.740313
6738078255,126.6127609,45.7424104
6738078256,126.6118146,45.7414932
6738078257,126.6134145,45.7405841
6738078258,126.6080777,45.7429859
6738078261,126.6238066,45.7617884
6738078262,126.6239842,45.7622641
6738104485,126.6213756,45.7579462
6738151713,126.6364719,45.7635164
6738193081,126.6437926,45.7836064
6738193084,126.6468768,45.7847806
6738224287,126.6809169,45.797959
6738224290,126.6769116,45.7964804
6738224292,126.6720786,45.7950604
6738224294,126.6719721,45.7920177
6738224302,126.6716904,45.7949918
6741805203,126.6361359,45.7550812
6741805204,126.6316091,45.765721
6741805210,126.6286264,45.7655947
6768741930,126.6309238,45.779368
6768741931,126.6322126,45.7769366
6768741932,126.6290402,45.7828051
6768796452,126.6187813,45.7713207
6784336335,126.5397034,45.6689031
6784336338,126.5433345,45.6674442
6784396539,126.5384112,45.6692412
6784841277,126.5609667,45.6959665
6784860567,126.5482832,45.6734489
6784860570,126.5496902,45.6753724
6784860589,126.5472927,45.6734528
6790022014,126.6122898,45.7015117
6790022015,126.6135386,45.7014682
6790022016,126.6152585,45.7016783
6790022018,126.6153022,45.7013709
6790022019,126.6184235,45.7016758
6790022020,126.61815,45.7016606
6790022025,126.6093384,45.7011236
6790022034,126.6117471,45.7001214
6790022039,126.6103215,45.6985834
6790022040,126.6095827,45.7005897
6790022041,126.6114321,45.7013989
6790022042,126.6113491,45.7017433
6790022043,126.6112712,45.7020666
6790022044,126.6103467,45.701959
6790022045,126.6104438,45.7016247
6790022046,126.6105431,45.701282
6790022047,126.6106977,45.7007495
6790022048,126.6099192,45.6996719
6790022049,126.6107749,45.6997469
6790022050,126.611672,45.7002769
6790022054,126.6126361,45.6993401
6790022055,126.615139,45.7025171
6790022056,126.6134923,45.7016698
6790108528,126.6132626,45.6982584
6790359113,126.6419372,45.8133397
6790359115,126.6422648,45.8129352
6790359123,126.6497745,45.7924316
6790359124,126.6518692,45.7929749
6790359125,126.6514661,45.7936616
6790359126,126.6490629,45.7936256
6790359127,126.6455303,45.7872746
6790359128,126.6471028,45.7877627
6790602572,126.6180521,45.6971412
6790602573,126.6182011,45.6965764
6811519882,126.6275672,45.7179315
6811549385,126.6282736,45.716592
6811549413,126.62491,45.7160205
6811549414,126.6230164,45.720781
6811549416,126.6234018,45.7165376
7184847169,126.6295406,45.7618497
7184847198,126.629285,45.760678
7184847207,126.628871,45.7602016
7184847216,126.6307536,45.763066
7193046626,126.5836436,45.7477172
7193046627,126.5744723,45.7441275
7193046628,126.5743062,45.7447565
7193046629,126.5744293,45.7448878
7193046632,126.5762791,45.7467514
7193046637,126.57331,45.7446363
7193046638,126.5745015,45.7450491
7193046643,126.5765839,45.7455562
7193046646,126.5744352,45.7452851
7301966917,126.648895,45.7275208
7301966918,126.6480427,45.7277595
7314613903,126.7695197,45.719211
7477931582,126.6227908,45.8121226
7477931583,126.62365,45.8105982
7477947885,126.6123725,45.8273036
7477947887,126.6155966,45.823544
7477947890,126.6235574,45.8124059
7477947891,126.6249188,45.8110502
7477947893,126.6072686,45.8077688
7477947894,126.6199873,45.8080362
7477947898,126.6078879,45.8065691
7477947906,126.6340319,45.8353323
7477947908,126.6032112,45.8152906
7477947909,126.610732,45.8181094
7477947910,126.6156003,45.8199136
7477947911,126.6184456,45.8209667
7477947913,126.6085799,45.8209545
7477947914,126.6140904,45.8229883
7477947915,126.6348671,45.8306794
7477947916,126.6140312,45.8252925
7477947922,126.6190896,45.8297971
7477947923,126.6206359,45.827743
7477947924,126.6220214,45.8259304
7477947925,126.6240417,45.8232607
7477947927,126.6284045,45.8172002
7477947928,126.631938,45.813752
7477947929,126.6352734,45.8112295
7477947930,126.6359393,45.811433
7477947933,126.6292632,45.8175246
7477947938,126.6223761,45.8151319
7477947939,126.6202332,45.8143303
7478477040,126.7598026,45.7127555
7478945662,126.7540421,45.71963
7478945663,126.7541904,45.7196008
7478945673,126.7432989,45.7240393
7478945681,126.7670787,45.7379382
7552224083,126.5407135,45.7001447
7552224084,126.540596,45.7002274
7712735412,126.7522658,45.7141924
7788691326,126.6907063,45.6785197
7788691340,126.6991672,45.6851144
7788691350,126.6772396,45.6921456
7788691369,126.710732,45.6928992
7788691381,126.7003544,45.6983972
7788691894,126.6989541,45.70832
7788691899,126.7007558,45.6898896
7788691947,126.6966781,45.6903037
7788691952,126.6986315,45.6755144
7788691958,126.6938913,45.6898761
7788691959,126.6884971,45.6864406
7788691963,126.6835516,45.6891461
7788691965,126.6982,45.6829404
7794109769,126.6782487,45.703287
7806293193,126.5864778,45.7905465
7828101843,126.6348051,45.6845738
7828101844,126.639835,45.6850848
7828101846,126.6396862,45.6879987
7828101848,126.6271339,45.7041952
7828101849,126.6314537,45.6842343
7828101853,126.6537934,45.679983
7878030746,126.6220126,45.8323047
7878030747,126.6228562,45.8311954
7878030748,126.6257916,45.8273381
7878030749,126.6278107,45.8246609
7878030750,126.632398,45.8186081
7878030752,126.6264969,45.8325413
7878030753,126.6294579,45.8286964
7878030754,126.6314513,45.8260247
7878030755,126.6304185,45.8339903
7878030756,126.6328389,45.8299345
7878030757,126.6280954,45.8304745
7878030758,126.6317344,45.8318313
7878030759,126.6153473,45.8284834
7878030760,126.6169462,45.8263779
7878030761,126.6183261,45.8245692
7878030764,126.6267123,45.8122963
7878030767,126.6212425,45.8102396
7878030768,126.6181227,45.8135656
7878037174,126.6158974,45.8165036
7878037175,126.6175326,45.8171042
7878037176,126.6220592,45.8193582
7878037177,126.6258451,45.8207557
7878037178,126.626726,45.8210901
7878037179,126.629686,45.822184
7878037180,126.6210016,45.8176908
7878037181,126.6227965,45.8183569
7878037182,126.6265669,45.8197523
7878037183,126.6274494,45.8200734
7878037184,126.630442,45.8211945
7878039439,126.6014305,45.8172548
7878039440,126.6053062,45.8212052
7878039441,126.6068114,45.8192503
7878039442,126.6084126,45.817254
7878039444,126.6155767,45.8079758
7878039445,126.6098079,45.8237353
7878039446,126.6111896,45.8219193
7878039447,126.6133604,45.8190785
7878080987,126.6103757,45.8146711
7878080988,126.6046155,45.8129866
7878080989,126.6056435,45.8162151
7878080990,126.6074824,45.8138254
7880044137,126.6294625,45.8095389
7880146541,126.6215113,45.8280803
7880146542,126.6244147,45.829138
7880947987,126.6111589,45.8282987
7880947988,126.6309778,45.840868
7894498546,126.6677408,45.7454693
7894498547,126.6671615,45.7455049
7915338808,126.5964422,45.6650075
7915338809,126.6158724,45.6670561
7915338813,126.5852331,45.6617394
7915338821,126.5878529,45.6725702
7915338823,126.5888914,45.67215
7915338849,126.6155902,45.6682933
7915338854,126.564469,45.6665277
7915338864,126.5298095,45.6878189
7915338866,126.5304529,45.6880411
7915338872,126.5192836,45.7432771
7981096906,126.756589,45.7260926
7981096907,126.751049,45.7272628
7981297357,126.7211085,45.7784664
7981297358,126.7217953,45.7785518
7981297360,126.733092,45.7798974
7981297361,126.7263485,45.7833777
7981297362,126.7042298,45.7807624
7981297364,126.7093896,45.7858822
7981297371,126.7146371,45.7820031
7981297372,126.7167689,45.7735894
7984022037,126.6686794,45.7028832
7984022038,126.6666917,45.7035611
7984022041,126.6568602,45.7067444
7984022047,126.6685917,45.7177048
7984059849,126.7560647,45.7434781
7984059850,126.7644929,45.7445345
7984059852,126.7797005,45.7420262
7984059859,126.7572762,45.7408367
7984059864,126.7713175,45.7504085
7984059867,126.7768257,45.7510933
7985191076,126.6897707,45.7996198
7985204306,126.6957461,45.8060344
7985204328,126.7030804,45.7988309
7985204337,126.6891222,45.7987253
7985204340,126.697471,45.803666
7985204345,126.7006657,45.7998624
7985204402,126.688859,45.7987081
7985204403,126.6896062,45.7996852
7985204405,126.6956262,45.8059313
7985204431,126.6949598,45.8025488
7985204436,126.6964921,45.8055047
7985204443,126.6776133,45.8263314
7985204466,126.6881174,45.7966957
7985204469,126.6879111,45.7966568
7985204495,126.6864953,45.7956208
7985204506,126.6839311,45.7964745
7985204514,126.6937492,45.8021734
7985204515,126.6936318,45.8023649
7985204539,126.6792388,45.8252991
7985204540,126.6791417,45.8253734
7985204551,126.6713116,45.8298597
7985204553,126.671933,45.8300237
7985204556,126.6779058,45.8256955
7985204557,126.6783467,45.8259828
7985204565,126.6336091,45.8369732
7985204566,126.6338706,45.8366902
7985204571,126.6334846,45.8371079
7985244019,126.6982395,45.8046161
7985244027,126.6954871,45.8063376
7985244032,126.6988367,45.8046706
7985405816,126.697712,45.8034732
7985405818,126.6977611,45.8036404
7985405819,126.6976209,45.8037563
7987931565,126.7695609,45.7193058
7988056388,126.5748041,45.710598
7988056390,126.574457,45.7102546
7988056391,126.5782513,45.7144022
7988056392,126.5701576,45.7207537
7988056393,126.5698376,45.7210227
7988056394,126.5654046,45.7244176
7988056395,126.5780977,45.714265
7988056396,126.5730802,45.7181556
7988056397,126.5729054,45.7182893
7988056398,126.5699078,45.7205829
7988056400,126.5651476,45.7242494
7988056401,126.606514,45.7097923
7988056402,126.606786,45.7098167
7988056403,126.6164027,45.7108881
7988056405,126.6251385,45.7118385
7988056406,126.6253996,45.7118615
7988056407,126.6251697,45.7116386
7988056408,126.6254516,45.71167
7988056409,126.6202649,45.71131
7988077990,126.7066622,45.7972861
7991587478,126.6906263,45.7903125
7991587479,126.6899219,45.7913657
7991587480,126.6891418,45.7924828
7992017094,126.678016,45.6972479
7994636328,126.6982438,45.7902829
7994636330,126.6998366,45.7904637
7994636334,126.7015961,45.7910609
7994636335,126.6997526,45.790837
7994636336,126.6974412,45.7904066
7994636341,126.7079579,45.7914638
7994636344,126.7111655,45.7916268
7994808841,126.701382,45.7616195
7994808846,126.7007665,45.7656405
7994808850,126.7005862,45.7655863
7994808851,126.7003922,45.7654442
7994808853,126.7005031,45.766813
7999848514,126.5654394,45.6887737
7999848523,126.5733372,45.6844027
7999848524,126.5731347,45.6845442
7999924251,126.5908077,45.6783197
7999924252,126.5907332,45.6780767
7999924253,126.5915366,45.6809117
7999924259,126.5914535,45.6806657
7999924271,126.6111526,45.6623915
8000002442,126.497304,45.7169415
8000002443,126.4983849,45.7150641
8002887495,126.6990741,45.7228824
8002887496,126.698783,45.7260467
8002887497,126.6986779,45.7271894
8002887499,126.6991856,45.7301572
8002985288,126.6882104,45.7282506
8003058301,126.7019232,45.7141589
8003058303,126.6978915,45.7146841
8003058305,126.6976172,45.7147186
8003058307,126.6971844,45.7121245
8008014123,126.7220425,45.7363674
8008115632,126.6575359,45.7337943
8014835693,126.6528638,45.6794764
8019790414,126.6707743,45.7048945
8022474928,126.6666983,45.7956486
8022474929,126.666766,45.7955382
8035720963,126.6723006,45.6933817
8065677977,126.7806904,45.7168512
8065677979,126.7810626,45.7169059
8065710627,126.6614431,45.7120418
8065710628,126.6612316,45.7117385
8065710634,126.6602102,45.712503
8065710639,126.6688988,45.7249849
8077511804,126.7574769,45.721843
8080904686,126.5103213,45.7379551
8080904706,126.5163704,45.7389574
8080904713,126.5219744,45.7437627
8080904714,126.5126891,45.7229048
8080904715,126.5124286,45.7228655
8080904716,126.4962252,45.7125165
8080941720,126.4996202,45.7130109
8080941721,126.5005269,45.7131407
8080941722,126.5028093,45.713449
8080941724,126.5032185,45.7134925
8080941725,126.5032688,45.7133026
8080941727,126.5087733,45.713993
8080941732,126.4972047,45.710942
8080941736,126.505985,45.6966418
8080941737,126.5061073,45.696446
8080941738,126.508029,45.6933698
8080941739,126.5087789,45.6921912
8080941740,126.5106172,45.689252
8080941745,126.5234413,45.7110852
8081094004,126.5644284,45.7053611
8081094005,126.5645794,45.7052886
8081309204,126.5618079,45.6914534
8081309205,126.592497,45.6838457
8081309206,126.5922367,45.6841596
8081309207,126.591918,45.684399
8081309209,126.5876309,45.7146555
8081309210,126.5885119,45.7143409
8081309211,126.5883597,45.7146242
8082873420,126.5683377,45.7093434
8082873421,126.5681777,45.7094153
8082873428,126.5633561,45.7088733
8082873446,126.5660542,45.7099374
8082952154,126.6928626,45.7923376
8087129930,126.7550126,45.7136636
8087652894,126.6932419,45.731133
8090691322,126.5531863,45.7066786
8090691323,126.5568626,45.7082466
8090739184,126.7348057,45.725229
8090739185,126.7347644,45.7251065
8090739187,126.7481431,45.7278637
8092448501,126.6846184,45.7195787
8096580133,126.6151033,45.8403847
8096580137,126.6039322,45.8368039
8096737789,126.5459261,45.8053255
8096737793,126.5482297,45.804264
8096737795,126.5479487,45.8054099
8096737816,126.5479438,45.8002801
8096747526,126.6017971,45.7483153
8096747527,126.60194,45.7482558
8096747528,126.6017079,45.7482255
8096747529,126.6018528,45.7481592
8096908301,126.6776257,45.7040824
8096908302,126.6778688,45.7042919
8096908310,126.6807571,45.702111
8096908315,126.683097,45.7000691
8096939317,126.7003572,45.6876964
8096939318,126.7012831,45.6835289
8096939319,126.7014095,45.6832705
8096939321,126.7090581,45.6815082
8096939322,126.7092585,45.6781626
8115058826,126.7516005,45.7125862
8150865748,126.6971361,45.7298847
8150892719,126.6667563,45.7093999
8152782133,126.6082561,45.8257826
8153217078,126.6191741,45.8121449
8153217079,126.6218101,45.8131424
8153217080,126.6229372,45.8135259
8153217081,126.6255392,45.8145237
8153217083,126.620001,45.8110742
8153217085,126.6305183,45.814971
8153217086,126.6203414,45.8090779
8153217087,126.622894,45.8090601
8153217088,126.6320689,45.8102862
8153217089,126.6280862,45.8101495
8153217090,126.6290764,45.8120611
8204307298,126.706122,45.6861873
8204307299,126.7083535,45.6876067
8221939124,126.6354388,45.7169119
8221939129,126.6389763,45.714272
8221939130,126.639092,45.714241
8221939131,126.6392034,45.7142112
8221939133,126.6434261,45.7125059
8221939134,126.6464735,45.7114698
8221939135,126.6451434,45.7149121
8222036925,126.641672,45.6781764
8222036926,126.6415238,45.6781805
8222036930,126.6548841,45.6679704
8222036931,126.6547705,45.6684824
8222036934,126.6611221,45.6691553
8222036939,126.6365174,45.6657402
8222036940,126.6382892,45.6659192
8222128526,126.63808,45.6659796
8222128527,126.6390604,45.6661244
8222128530,126.6141124,45.6752022
8222128531,126.614187,45.675121
8222128532,126.6252964,45.676509
8227683330,126.6810751,45.7264351
8227683331,126.6971777,45.7297969
8233067046,126.5192643,45.7393478
8233067047,126.5192612,45.7391684
8233067049,126.5878608,45.7458395
8233150457,126.7120805,45.7282771
8233185911,126.626418,45.7082678
8234025205,126.7036034,45.7552667
8234025207,126.6981988,45.7496309
8234025208,126.7424016,45.7496038
8234025209,126.7423053,45.7493919
8234025210,126.7427288,45.7492539
8234025211,126.7428633,45.7494487
8248305293,126.6318023,45.7108659
8248305294,126.6383024,45.7098294
8266000908,126.7533156,45.7173524
8272988825,126.5793149,45.6994724
8285837989,126.6265274,45.7737016
8296314352,126.5415738,45.7027023
8296314355,126.5432209,45.7024846
8296314358,126.5450147,45.7038323
8296314360,126.541124,45.7033927
8296314361,126.5402886,45.7027908
8299350123,126.6012306,45.7316879
8299350125,126.6027994,45.7333091
8299350126,126.6021403,45.7335655
8299565617,126.5854461,45.7403655
8299978139,126.6384728,45.7212151
8299978142,126.6317128,45.7235074
8299978150,126.633817,45.7270412
8299978151,126.6351216,45.7288351
8299978153,126.6333431,45.7263772
8299978161,126.6290297,45.7203186
8299978162,126.6288194,45.7211344
8299978170,126.6318717,45.7245831
8299978172,126.6503401,45.7422478
8299978177,126.6524241,45.7437193
8299978178,126.6529166,45.743882
8299978186,126.6533343,45.7444209
8299978187,126.6529029,45.7442955
8299978195,126.5901811,45.7282976
8299978199,126.5892009,45.7290131
8300138892,126.5989531,45.7347738
8300138893,126.5958429,45.7313015
8300138894,126.5920781,45.7273892
8300138895,126.6030592,45.7366633
8300138898,126.5989173,45.7352786
8300138904,126.5992356,45.7371849
8300138905,126.6099338,45.7493111
8300138912,126.6104116,45.749764
8300138913,126.6108197,45.7502646
8300149218,126.61254,45.7523705
8300149222,126.6140482,45.754446
8300149223,126.6143096,45.7550738
8300149226,126.6121593,45.752148
8300149237,126.6222708,45.7462837
8301538026,126.5924345,45.7384153
8301538030,126.5927498,45.7382855
8301538033,126.5919221,45.7379238
8301538034,126.5919979,45.7374399
8301538035,126.5923017,45.7377912
8301725119,126.5578541,45.712859
8301725125,126.5622258,45.7155527
8301725126,126.5711816,45.721692
8301725131,126.5661012,45.7185381
8301725139,126.5871343,45.7080962
8301725144,126.5840762,45.7101913
8301725145,126.5836845,45.710316
8301725148,126.5816681,45.711754
8301725149,126.580997,45.7124376
8301725150,126.5806367,45.7119958
8301725152,126.5835151,45.7101394
8301725153,126.5837414,45.7098464
8301725158,126.5871186,45.7078291
8307444100,126.7633728,45.747354
8307444102,126.7716647,45.7490765
8307444103,126.7718378,45.7483995
8307444104,126.7774982,45.7491041
8307444106,126.7784182,45.7462939
8307508722,126.752054,45.729975
8307508744,126.7764561,45.7374817
8307508753,126.759966,45.7410076
8307508754,126.7611244,45.7441114
8307508755,126.7628844,45.7486154
8309859627,126.6957262,45.674527
8340524769,126.7651066,45.7173742
8346268009,126.5305366,45.6865198
8346268012,126.5371633,45.6915766
8346268013,126.532848,45.6941717
8346279084,126.5865048,45.7369303
8346279097,126.585652,45.7375855
8347400839,126.5943282,45.6937595
8365983582,126.6194401,45.7620569
8365983583,126.619901,45.7620753
8365983587,126.6199238,45.7619077
8365983645,126.6208086,45.7586131
8365983653,126.622978,45.7614341
8365983667,126.6244423,45.7640205
8365992979,126.5876256,45.7144865
8365992980,126.5878021,45.7146575
8365992986,126.5874348,45.7177267
8365992987,126.586876,45.7174102
8365992988,126.587075,45.7171003
8365992998,126.5872213,45.714914
8365992999,126.5876368,45.7173164
8376927499,126.5140616,45.7425438
8413557920,126.5634612,45.7088048
8413557921,126.563333,45.7086648
8413557946,126.5681945,45.7037397
8414529235,126.6680879,45.7210411
8414686194,126.6498989,45.7300077
8414754184,126.668785,45.7630658
8414754190,126.6621626,45.764291
8414754208,126.6625994,45.7624966
8414763021,126.6613686,45.7502309
8414763022,126.6614735,45.7502277
8414763034,126.6626637,45.761497
8415455838,126.7010693,45.7670062
8415455845,126.699701,45.7682097
8416308274,126.631252,45.7703689
8416308275,126.6322802,45.7685173
8416321445,126.7239234,45.6697227
8416321447,126.7416639,45.6649685
8416735849,126.5324287,45.6816305
8416735851,126.5328304,45.6813463
8417702087,126.6504738,45.7778051
8417955271,126.636166,45.656366
8417955279,126.6361321,45.6561354
8417955280,126.6358537,45.6561051
8417955281,126.6358518,45.6563197
8417955282,126.6348517,45.6559961
8417955289,126.6344665,45.656173
8417955290,126.6288312,45.6555762
8417955296,126.6289466,45.6553538
8418365402,126.6261096,45.716955
8418365405,126.6253701,45.7162817
8418664604,126.6185247,45.6563287
8418799402,126.6211579,45.7776927
8418804537,126.6631899,45.7837801
8418804561,126.6806341,45.7021542
8424227030,126.583837,45.7413353
8424227038,126.5787918,45.7414082
8424227048,126.5710124,45.7345269
8425207726,126.615357,45.7502469
8425207728,126.6122839,45.7523741
8434066643,126.6693642,45.7309518
8434066644,126.6667175,45.7304632
8434066647,126.6667327,45.7299381
8434066648,126.6668207,45.7301923
8434066649,126.6671691,45.7292562
8441839341,126.6019387,45.6713991
8441839350,126.5971939,45.6611551
8441839353,126.5876229,45.6690511
8463470197,126.6724136,45.7710372
8484482647,126.7317434,45.7294202
8495992425,126.7668381,45.7386043
8624030759,126.7579719,45.7231317
8627215726,126.6785697,45.7987047
8627215728,126.6792786,45.8025288
8627292288,126.5278197,45.7445493
8627331066,126.7556094,45.7236512
8627331069,126.753462,45.718165
8646486446,126.6504486,45.6866022
8646486458,126.6114566,45.6908119
8646486460,126.6142209,45.6928857
8646486461,126.6124854,45.6927028
8646486463,126.6118968,45.69523
8646486469,126.6112189,45.6918198
8646486470,126.6106774,45.6939596
8646486471,126.6121547,45.6941228
8646486472,126.6141833,45.694347
8646486473,126.6110078,45.6925471
8646486474,126.6106294,45.6925072
8649285434,126.6240235,45.6798869
8649285435,126.6236739,45.6798459
8666869712,126.6695325,45.7577175
8666869713,126.6716876,45.7589422
8666869716,126.6721734,45.7584363
8666890017,126.6728665,45.7584985
8666890019,126.6714669,45.7598851
8666890024,126.6696628,45.7589413
8666890025,126.6704471,45.7589416
8666890026,126.6705725,45.7599241
8666890027,126.6697707,45.7599781
8666890028,126.6701187,45.7589415
8666890029,126.6700775,45.7577847
8666890030,126.6700943,45.7582543
8666890031,126.6712914,45.7603551
8666890033,126.6713615,45.7611478
8666890034,126.6725214,45.7573018
8666890035,126.6722493,45.7569687
8666890038,126.6722575,45.7550351
8666890041,126.6723851,45.7559777
8686180108,126.6264099,45.7368216
8686385492,126.636417,45.7315427
8686405323,126.621237,45.7357999
8686405325,126.6246679,45.738506
8686405327,126.6237202,45.7379986
8686405332,126.6233897,45.7374189
8686418521,126.628907,45.7355641
8720798362,126.6604837,45.7236739
8767017739,126.6245479,45.7448614
8767017742,126.623678,45.7450155
8767017746,126.6241235,45.7447513
8847970060,126.5018563,45.8375253
8847970068,126.5555915,45.8327939
8847970069,126.557964,45.834961
8847970073,126.5438408,45.8215003
8847970074,126.5515144,45.8233101
8847970084,126.5688082,45.8225407
8847970085,126.5858768,45.818281
8847974417,126.5015578,45.812886
8847974421,126.501675,45.830196
8847974422,126.501674,45.8300537
8847974429,126.5017095,45.837516
8847974435,126.5201011,45.8356854
8847974437,126.5103517,45.8182596
8847974438,126.5200206,45.8182202
8847974439,126.5103456,45.8180605
8847974440,126.5200204,45.8180547
8847974441,126.5202077,45.8182198
8847974462,126.5040589,45.7939538
8847974463,126.5055519,45.7943862
8847974464,126.4993953,45.7920916
8847974465,126.5012024,45.7926244
8847974466,126.502567,45.7930435
8847974467,126.5042882,45.7935841
8847974468,126.4962889,45.7943523
8847974469,126.4977259,45.7947744
8847974470,126.5026488,45.7962393
8847974471,126.5041123,45.7966903
8847974472,126.496735,45.8068147
8847974473,126.5338364,45.8069629
8847974474,126.5335697,45.8069831
8847974475,126.539612,45.810021
8847974476,126.5396252,45.8099115
8847974477,126.5436574,45.8214359
8847974478,126.5434781,45.8213676
8858670821,126.5873267,45.700113
8858670822,126.5847129,45.6982021
8858670844,126.5590037,45.6938437
8858670845,126.5711875,45.6893321
8858670846,126.5772554,45.6869856
8858673605,126.7155285,45.6867673
8859358420,126.5923311,45.8224119
8859358431,126.593641,45.8230132
8859358432,126.5909143,45.8265827
8859358459,126.6333584,45.8235396
8859358473,126.5397815,45.8051151
8859358475,126.5550785,45.8120493
8859358495,126.5478008,45.8016009
8859358513,126.5768141,45.8207706
8859359223,126.5200093,45.8092542
8859359228,126.5017472,45.808371
8859366153,126.591931,45.8252488
8859366155,126.5994708,45.8279932
8859366156,126.5970301,45.8270999
8859366157,126.5988047,45.8247566
8859366168,126.6547473,45.8249123
8879695855,126.772807,45.7065793
8879695856,126.776938,45.7043113
8879837087,126.5244095,45.8094221
8879837088,126.5242948,45.8124856
8892286893,126.6929925,45.704985
8892286898,126.6788033,45.6988256
8892286901,126.6621215,45.7003085
8892286902,126.6600893,45.7003641
8892286905,126.6523452,45.7197599
8892286908,126.6537422,45.7226311
8892348536,126.7080506,45.7403715
8892348537,126.7023744,45.7411504
8907249729,126.6133638,45.6927953
8907249730,126.6131555,45.6925105
8907249733,126.6113409,45.6913725
8907249734,126.6125452,45.692446
8907249735,126.6124385,45.6914964
8907249736,126.6125694,45.6909265
8907249737,126.6129382,45.6909644
8907249740,126.6139356,45.6910671
8907249744,126.6187871,45.6940829
8907258060,126.612728,45.6957675
8907258061,126.6128168,45.6953318
8907258062,126.610324,45.6939205
8907258063,126.6110057,45.6907655
8925923326,126.6062514,45.6883086
8925923340,126.5483878,45.7098358
8925923341,126.5514788,45.712984
8925923343,126.5539686,45.7103662
8929796967,126.6977898,45.7153152
8929851456,126.7190521,45.7317099
8929851458,126.7169199,45.7319255
8929851459,126.7163508,45.7300585
8929851460,126.7156911,45.7280057
8929851461,126.7149268,45.73194
8929851462,126.7144028,45.7303297
8929851463,126.7138196,45.7284436
8929857468,126.6838246,45.7171138
8933180677,126.5741783,45.7464341
8933180679,126.5733646,45.744903
8933180680,126.5751326,45.7457891
8933180681,126.5742002,45.7456695
8933180682,126.5734485,45.7455844
8933180686,126.5729649,45.7460216
8933180687,126.5742474,45.7461137
8933180689,126.5743252,45.745896
8948592141,126.6148597,45.7293162
8948666208,126.7057358,45.7809478
8948697012,126.7299189,45.7341942
8948697014,126.7271013,45.7264593
8948717319,126.7269701,45.7261722
8948717320,126.7283031,45.7262849
8948717325,126.7282286,45.7259929
8948717328,126.6809651,45.7266625
8948784462,126.7308472,45.7906656
8953003088,126.7373608,45.6786023
8953003094,126.7582397,45.6601953
8957078157,126.6171836,45.707353
8957078158,126.6171443,45.707509
8957078221,126.6129643,45.7029342
8957078246,126.6071709,45.7079777
8957078272,126.6076105,45.7060038
8957078288,126.6156358,45.7032488
8957078311,126.6075787,45.7061631
8975083348,126.7076905,45.7331424
8975083349,126.7073103,45.7318186
8982543637,126.606316,45.7513043
9003557114,126.7194577,45.7384576
9018689582,126.706466,45.7195668
9021497733,126.5617771,45.8274626
9025678061,126.7063817,45.7193414
9025678062,126.6987308,45.7180322
9025678065,126.7106652,45.7313387
9026173158,126.5461999,45.8095346
9031359827,126.599847,45.8064992
9031359828,126.5999699,45.8064065
9031359829,126.5997681,45.8064174
9031359832,126.5645943,45.8031282
9033717314,126.6939439,45.6902064
9033717316,126.6949239,45.6902838
9033795336,126.6856358,45.6974472
9034063979,126.6486041,45.7283713
9034063983,126.6375146,45.7320486
9034063984,126.6368337,45.7322468
9034064002,126.632827,45.7265539
9034120455,126.6839835,45.7196513
9034120456,126.6846628,45.7240612
9034120457,126.6845326,45.7240666
9034299881,126.7493239,45.730642
9037449550,126.7178602,45.7275848
9037449556,126.7205613,45.727197
9037725736,126.7211606,45.7272274
9037857968,126.5474438,45.7050658
9039291481,126.5098184,45.812582
9039291482,126.5104463,45.8125841
9039291483,126.5104299,45.8127681
9039291484,126.5104168,45.8129145
9039291485,126.5098562,45.8129127
9039291488,126.5098395,45.8127666
9039291489,126.5102619,45.8125838
9039291490,126.5100154,45.8125827
9039291491,126.5104582,45.8124514
9039291492,126.5098032,45.8124497
9039339016,126.7025909,45.7424851
9039358226,126.7038374,45.7535597
9039358244,126.7019222,45.7408498
9039358257,126.7035718,45.7539412
9039358268,126.7011729,45.7625642
9039358273,126.7018578,45.7620755
9039504166,126.6250165,45.7433966
9039504168,126.6240185,45.7439345
9039504169,126.6269854,45.7372876
9040056226,126.7657583,45.7099035
9042257393,126.7112127,45.7330595
9042323870,126.6614306,45.6686958
9042323878,126.6680129,45.6722511
9042323879,126.6686231,45.6698647
9042335521,126.7218803,45.720358
9042365267,126.6442158,45.7507943
9042373932,126.6300488,45.7629291
9042373935,126.6305345,45.7629023
9042373944,126.6291375,45.7588603
9042648550,126.6356944,45.8116575
9042648555,126.6419812,45.813434
9043417205,126.5441025,45.7032202
9043417215,126.5425202,45.7045045
9043469739,126.7207498,45.7827322
9043486924,126.5313775,45.6921331
9043486950,126.5363761,45.6779245
9043486952,126.5347056,45.6790497
9043486974,126.5288718,45.7008627
9043486997,126.5197557,45.7228947
9044495125,126.6209663,45.7577594
9046536750,126.5421322,45.8356512
9046536751,126.5498338,45.8385257
9048024333,126.7384718,45.7878795
9048024335,126.7384804,45.7879711
9048024336,126.7375355,45.7843854
9048024337,126.7381038,45.7864784
9048025260,126.7465409,45.7728114
9048092396,126.7417292,45.7810015
9048092407,126.7189504,45.7738476
9048092408,126.7199718,45.7695508
9048092410,126.7138824,45.7915917
9048092412,126.7157213,45.7866736
9048092416,126.7163555,45.7915333
9048096220,126.7176359,45.7869101
9048115417,126.7696785,45.7890635
9048115421,126.7514651,45.7898141
9055067026,126.6156047,45.7801969
9055088305,126.7127171,45.6846066
9061221520,126.7238837,45.6696189
9061221523,126.7242772,45.6697635
9061261516,126.5282549,45.7008286
9061406355,126.5568467,45.6692837
9061406356,126.5451092,45.6547837
9061406357,126.5450408,45.6547008
9061406358,126.5417245,45.6506372
9061406375,126.5454882,45.6697933
9061406376,126.5498404,45.6673825
9061406395,126.5403778,45.6686338
9061406399,126.5444806,45.6739663
9061406402,126.5618864,45.6689396
9061406403,126.5570413,45.6752946
9061406406,126.5496523,45.6773806
9061406412,126.5562494,45.675525
9061482109,126.6510214,45.6980244
9061541121,126.5254535,45.6941138
9061541122,126.5280171,45.6912117
9061541124,126.5248066,45.6971036
9061541126,126.5296913,45.6970105
9061541128,126.5265589,45.69765
9061541132,126.5238316,45.6890563
9061541134,126.5287337,45.6970034
9061541137,126.5342121,45.7006973
9061541138,126.5369078,45.6972632
9061568836,126.5706984,45.6711911
9061568837,126.5703507,45.6701992
9061568846,126.5591942,45.6685195
9061568855,126.5652111,45.6886047
9061998515,126.6540645,45.7758164
9061998516,126.6543649,45.7760663
9062045361,126.6510048,45.7690991
9062045364,126.6536631,45.7698724
9062045366,126.6580082,45.774003
9062083486,126.658298,45.7738404
9063925969,126.6681774,45.6992312
9066287225,126.6574144,45.7523652
9066287226,126.6539867,45.7532414
9066287227,126.6528786,45.7522701
9066287230,126.6505196,45.7551972
9066287231,126.651255,45.7547786
9066287232,126.6522579,45.7542218
9066287233,126.6531052,45.7537327
9075898640,126.5849247,45.7423415
9075898664,126.5927761,45.752175
9083387006,126.5104888,45.7959935
9083438778,126.5135729,45.7983956
9083438784,126.5124785,45.7980019
9083438790,126.5123855,45.7980273
9083438795,126.5125597,45.7981087
9083438798,126.5124392,45.7981457
9083451224,126.5096824,45.7975897
9083451237,126.5095565,45.797564
9083451262,126.5140034,45.7956343
9083451264,126.5093294,45.7976084
9083451283,126.5088583,45.797308
9083451285,126.5096767,45.7975041
9083451287,126.5098844,45.7971789
9083451308,126.5092709,45.7968532
9083451311,126.5101825,45.7964951
9083451322,126.509655,45.7963383
9083454217,126.5099042,45.7958154
9083454227,126.510695,45.795701
9083454229,126.5098077,45.795445
9083454253,126.5136355,45.796122
9083454254,126.5102412,45.796385
9083454255,126.5119612,45.7966213
9083454256,126.5099488,45.7970838
9083454262,126.5116054,45.797301
9112231777,126.7166795,45.768979
9112231779,126.7208614,45.7524923
9112231794,126.7223872,45.7524293
9112308399,126.5435378,45.8212601
9112308400,126.5437143,45.8213195
9112308401,126.5439169,45.8213669
9112308402,126.5516279,45.8231643
9115854827,126.745336,45.7532763
9115854828,126.7456334,45.7521439
9115854829,126.7509696,45.7565393
9115854830,126.7497691,45.7614128
9115854831,126.7479695,45.7678412
9115854832,126.7519122,45.7683169
9115854833,126.7535306,45.7618791
9115854834,126.7492076,45.7636338
9115854835,126.7529788,45.764074
9115854836,126.7475831,45.769523
9115854846,126.7479094,45.7586024
9115854847,126.7491305,45.7537483
9115854878,126.7652134,45.7651732
9115854879,126.7658375,45.765815
9115854880,126.7627003,45.7661608
9115854881,126.7634035,45.7669214
9115854882,126.7584784,45.7685559
9115854883,126.7570839,45.7739612
9115854884,126.7609675,45.7691458
9115854886,126.7639139,45.7674845
9115854893,126.7722429,45.7684053
9115854894,126.7704396,45.7680351
9115854895,126.7748083,45.7687091
9115854896,126.7754819,45.7687803
9115854899,126.7712778,45.7734465
9115854900,126.7566389,45.7704128
9115854901,126.7590711,45.7715002
9115854902,126.7550097,45.7720264
9115854903,126.7578792,45.7729799
9121455086,126.6433249,45.711022
9121474548,126.6858194,45.7052149
9121474549,126.6856838,45.7048096
9121474550,126.6605949,45.7063772
9121474551,126.6642718,45.705163
9128991332,126.6348426,45.7886267
9128991333,126.6356103,45.7879091
9192874183,126.6227368,45.7371734
9192916101,126.681241,45.7268581
9192916102,126.6813903,45.726499
9271241407,126.5491343,45.8196572
9271241409,126.5529138,45.8214931
9271241410,126.5430026,45.8229338
9271241411,126.5499764,45.8253599
9271241412,126.5485566,45.8272098
9271241414,126.5445016,45.8253814
9271241415,126.5455745,45.8238637
9271241416,126.5468219,45.8221355
9271269518,126.5499029,45.8173612
9271269519,126.553118,45.8215943
9271269520,126.5518331,45.8232058
9271269521,126.5517342,45.823362
9271269522,126.5487688,45.8272938
9271269524,126.5442395,45.8332144
9271269526,126.5423058,45.8357162
9271269527,126.5386311,45.8405095
9295115309,126.5911801,45.734602
9295166421,126.5928524,45.7327299
9310096057,126.5329304,45.6883425
9310096113,126.5731461,45.6843013
9310096114,126.5729383,45.6844439
9310096115,126.5677675,45.6870752
9310105217,126.5615283,45.6916027
9346318105,126.5935119,45.7288899
9369367718,126.7664652,45.7888544
9399469318,126.5714822,45.7121931
9399469319,126.5718944,45.7125351
9399469320,126.5759659,45.7159126
9399469321,126.5761911,45.7160819
9399469322,126.5716116,45.7121103
9399469323,126.572012,45.7124554
9399469324,126.5760881,45.7158165
9399469325,126.5762843,45.7159954
9399613172,126.6009891,45.7746344
9399613173,126.6002079,45.7746421
9399613174,126.6344044,45.7883234
9399613175,126.6351162,45.7876505
9399613176,126.6409003,45.7922537
9399613177,126.6419112,45.7912058
9399613178,126.6427472,45.7904232
9399613181,126.6444494,45.7888629
9455204180,126.6239822,45.7006493
9468637384,126.5525082,45.6713563
9468637396,126.5566111,45.6695914
9522780686,126.5828461,45.782976
9522780692,126.5830625,45.7829078
9522780698,126.5579988,45.7812104
9522780699,126.5486765,45.7771224
9522809921,126.5554745,45.7801065
9522809927,126.5565203,45.7805723
9537048949,126.5501847,45.8254383
9537048953,126.5565971,45.824528
9537048954,126.5565046,45.8246601
9537048956,126.551522,45.831156
9537048959,126.5454698,45.8315911
9537048960,126.5515012,45.8336679
9537048962,126.5535001,45.833712
9537048968,126.5496217,45.8304261
9537048969,126.5526646,45.8263622
9537048970,126.5544368,45.8240913
9537048972,126.5512766,45.8282283
9537048974,126.5555241,45.8297819
9537048975,126.5537583,45.8349232
9537048976,126.5505824,45.834878
9537048977,126.548144,45.8325161
9537048978,126.547003,45.8340266
9537048981,126.5582616,45.8348332
9561633879,126.7196081,45.7443913
9561633886,126.7204384,45.7443913
9584963937,126.7039854,45.7470945
9584963938,126.7131984,45.7461716
9584963939,126.7136019,45.7462158
9584963958,126.7119027,45.7460452
9618655862,126.5934681,45.718065
9642296857,126.5335134,45.7363577
9642296859,126.5931671,45.7527003
9642296860,126.5900187,45.7429352
9642296862,126.5925759,45.7453693
9642296863,126.5914286,45.7444054
9642296864,126.5970363,45.7355046
9642296866,126.5940335,45.7321556
9642296868,126.5802611,45.7343262
9642296869,126.5771664,45.7367193
9642342414,126.7066398,45.7708316
9642377680,126.6220252,45.7289303
9642377682,126.6243464,45.7296879
9642377692,126.6164941,45.7160468
9642377693,126.6158092,45.7135737
9642377694,126.62423,45.7144364
9642377695,126.6190213,45.7139028
9642377698,126.6128784,45.7517102
9642377699,126.611592,45.7500018
9642377703,126.6066063,45.7662448
9642377707,126.5992668,45.7682014
9642377708,126.6089814,45.7550966
9642377709,126.6080323,45.7538903
9642377710,126.6074588,45.7530322
9649000326,126.6546826,45.7703395
9649161639,126.6598722,45.7118561
9649161644,126.5450057,45.686822
9649161647,126.5788058,45.7309323
9652036456,126.6620747,45.7690002
9652912006,126.5015201,45.8099471
9652912007,126.5017049,45.8099476
9653799373,126.6452456,45.7861704
9653799374,126.6447947,45.7868655
9653799375,126.6442725,45.7877731
9653799376,126.6432721,45.7875197
9653799377,126.6449448,45.787956
9653799378,126.6465031,45.7887419
9653799380,126.6481725,45.7892338
9653799381,126.6498611,45.7897313
9653799382,126.6515641,45.790233
9653799383,126.6532426,45.7907276
9653799384,126.6591734,45.7890504
9653799385,126.6839974,45.7883244
9653799386,126.6849171,45.7869501
9653806335,126.6428558,45.7209083
9653806338,126.6405644,45.7226417
9653806339,126.6400065,45.7218606
9653806347,126.6570707,45.7435469
9653806350,126.6548326,45.7449377
9653806351,126.631268,45.7567739
9653806352,126.6328465,45.7558563
9653806353,126.5908388,45.7194065
9653806360,126.556452,45.7187963
9653806363,126.5537086,45.7214678
9653806371,126.557007,45.7209841
9653806372,126.5550531,45.7198327
9655758647,126.5920346,45.7114534
9655758648,126.5876717,45.7110067
9655779501,126.5895296,45.7179189
9657776325,126.5899577,45.74113
9657776328,126.5934707,45.7395361
9657776329,126.5948385,45.740918
9657776330,126.5937023,45.7414034
9657776331,126.6096334,45.7489986
9657776332,126.6104893,45.7486225
9657776333,126.6117112,45.7480726
9657776334,126.604516,45.7435594
9657776335,126.6021485,45.7446881
9657776345,126.5963416,45.7490965
9657776346,126.5953346,45.7480098
9657776347,126.59874,45.7495748
9657776348,126.597264,45.7479472
9657776353,126.6144064,45.7397035
9657776354,126.6132389,45.7387846
9657776356,126.6135314,45.7339365
9657776357,126.6122995,45.7322101
9657776359,126.6112659,45.7326739
9657776360,126.6311852,45.7259101
9657776361,126.6299042,45.7241431
9657776362,126.6331027,45.7306391
9657776363,126.6351644,45.729956
9657776364,126.6322024,45.7293638
9657776365,126.6302458,45.7300419
9657776366,126.6471609,45.7254746
9657776367,126.6499533,45.724527
9657776378,126.7813925,45.7183938
9657776406,126.4966321,45.7386005
9657776413,126.5979691,45.7621853
9657776414,126.599176,45.7641184
9658346968,126.7789545,45.7866055
9659767572,126.5813763,45.7350635
9659767573,126.5782624,45.7374194
9659767574,126.5780684,45.7375787
9663342114,126.5525067,45.7017836
9663342120,126.5411487,45.6947835
9663342121,126.5376605,45.6952506
9663342122,126.5403374,45.6962678
9663342123,126.5443537,45.6976709
9663432598,126.6825263,45.656795
9663457998,126.5565724,45.6689402
9663458002,126.5565983,45.6636287
9663458010,126.5590276,45.6600333
9663458028,126.5510659,45.6592555
9663458029,126.5535829,45.6578
9663458034,126.5551147,45.6538297
9669222568,126.611565,45.7416279
9671686481,126.5408,45.6641361
9671686493,126.6647038,45.7176218
9671686496,126.6673347,45.7157368
9671686501,126.6475055,45.7360414
9671686503,126.6430555,45.7320623
9671686504,126.6431702,45.7319463
9671686506,126.6476762,45.7359831
9671686507,126.6492351,45.7354518
9671686509,126.6468336,45.7347563
9671686510,126.6466914,45.7348096
9671686511,126.6457694,45.7351204
9671686513,126.6471562,45.7327988
9671686514,126.6458252,45.7336851
9671686515,126.6479452,45.7325079
9671714918,126.6515396,45.7334778
9671714919,126.6502789,45.7317086
9671714920,126.6502497,45.7339147
9671714921,126.6490413,45.732122
9671714922,126.6498006,45.7332427
9671714923,126.6510768,45.7328227
9671714924,126.6476153,45.7323933
9671714927,126.6479664,45.7313652
9671714929,126.6486778,45.7322475
9671714932,126.6477673,45.7293509
9671714934,126.6482084,45.7288991
9671714937,126.6497932,45.7318729
9671714938,126.6475027,45.7307187
9671714939,126.6484623,45.7304146
9671714940,126.647213,45.7303273
9671714941,126.6482048,45.7300294
9671714949,126.6872598,45.7423489
9671714952,126.6860885,45.7382093
9671714954,126.6861996,45.7376778
9671714955,126.6849545,45.7399539
9671714956,126.6864884,45.7397273
9671714957,126.6878117,45.738611
9671714958,126.6862457,45.738813
9671714960,126.6846948,45.739119
9671714962,126.6831571,45.7392717
9671714963,126.6823443,45.7393685
9671714974,126.6814623,45.7411083
9671714977,126.6796361,45.7434064
9671714981,126.6764896,45.7404768
9671714982,126.6786455,45.7401821
9671714983,126.678718,45.7357234
9671714984,126.67955,45.7386058
9671714988,126.6889896,45.7419698
9671714989,126.6908893,45.7417339
9671714990,126.6924011,45.7415384
9671714993,126.7001353,45.7415724
9671714996,126.6673326,45.7410525
9671714998,126.6683395,45.7385528
9671714999,126.7027734,45.7585518
9671715001,126.7045129,45.7619728
9671715002,126.7050004,45.7600683
9671715004,126.7050945,45.758825
9671715010,126.7058052,45.7555296
9671715011,126.7024908,45.7596707
9671715012,126.7048251,45.7599261
9671715016,126.7062143,45.7589518
9671715017,126.7070171,45.7556724
9671715019,126.7037863,45.7639804
9671715022,126.7051488,45.7654165
9671715023,126.7049959,45.7660314
9671715026,126.7066006,45.764364
9671715027,126.7054579,45.7642196
9671715028,126.6894998,45.783441
9671715029,126.6915801,45.7836869
9671715031,126.6955789,45.7845621
9671715035,126.6926277,45.7823849
9671715053,126.6712009,45.7816418
9671715054,126.6757667,45.7796438
9671715055,126.6768836,45.7794378
9671715056,126.675541,45.7789421
9671715057,126.6762232,45.7809766
9671715058,126.6736527,45.7817109
9671715059,126.6729118,45.7808932
9671715060,126.6718387,45.7797097
9671715061,126.6740909,45.7803772
9671715062,126.6746064,45.780974
9671715063,126.6760221,45.7803895
9671715064,126.6771305,45.78019
9671715065,126.6756146,45.780546
9671715066,126.6750617,45.7799523
9671715068,126.6727363,45.7849026
9671715069,126.6738024,45.7833598
9671715076,126.6486858,45.794248
9671715077,126.6507399,45.794854
9671715082,126.646252,45.7931368
9671715085,126.6467861,45.7852747
9671715086,126.6483396,45.7857471
9671715087,126.6500497,45.7862459
9671715088,126.6517508,45.7866337
9671715089,126.6464199,45.7858472
9671715090,126.6480036,45.7862972
9671715091,126.6497044,45.7868123
9671715097,126.6558249,45.7866424
9671715098,126.6573158,45.7870532
9671715101,126.6515803,45.7813718
9671715102,126.6457665,45.776238
9671715103,126.6469577,45.775304
9671715104,126.6447806,45.7839825
9671715105,126.6461885,45.7824477
9671715112,126.6139782,45.778889
9671715118,126.5851488,45.7586309
9671715125,126.5521091,45.7174599
9671715126,126.555433,45.7195513
9671715127,126.5547601,45.7200498
9671715129,126.5543772,45.718887
9671715130,126.5547376,45.7186272
9671715131,126.5528595,45.717487
9671715132,126.5525489,45.7177367
9671715135,126.5550363,45.7193017
9671715136,126.5544002,45.7198
9671715137,126.5544252,45.7180365
9671715138,126.554795,45.7177105
9671715139,126.5543482,45.7183908
9671715140,126.5546228,45.7181657
9671715141,126.5539402,45.7181431
9671715142,126.5542329,45.7179109
9671715143,126.5534075,45.7182769
9671715144,126.5537544,45.7180302
9671715145,126.5547107,45.7195568
9671715146,126.554064,45.7191195
9671715147,126.555366,45.7190568
9671715150,126.562312,45.7258331
9671715158,126.5577775,45.7223248
9671715159,126.5618556,45.7254855
9671715160,126.5640785,45.7237933
9671715161,126.5634092,45.725341
9671715162,126.5626438,45.7248855
9671715168,126.5586369,45.7216457
9671715169,126.562175,45.7225469
9671715170,126.5612987,45.7231743
9671715173,126.561146,45.7230696
9671715174,126.5620077,45.7224374
9671715175,126.5592909,45.722364
9671715176,126.5587256,45.7228151
9671715182,126.5613369,45.7251178
9671715183,126.5385488,45.7417705
9671715184,126.5378275,45.7391902
9671715186,126.5383663,45.7371518
9671715187,126.5350527,45.7390969
9671715189,126.5378505,45.7392727
9671715190,126.5384013,45.7412429
9671715193,126.5418783,45.737717
9671715194,126.5381464,45.737593
9671715196,126.5417798,45.7380738
9671715197,126.5435148,45.7383288
9671715198,126.5434776,45.7399939
9671715201,126.5411676,45.7399572
9671715202,126.5412893,45.7395827
9671715204,126.5382541,45.7407164
9671715205,126.5385564,45.7406862
9671715208,126.5405557,45.7406006
9671715209,126.5409407,45.7406553
9671715215,126.5410323,45.7403733
9671715216,126.540647,45.7409556
9671715222,126.5390018,45.7411759
9671715226,126.5380638,45.7400357
9671715227,126.5391266,45.7399105
9671715228,126.5366008,45.7392131
9671715229,126.5365283,45.7395579
9671715231,126.5371707,45.7401523
9671715241,126.5370034,45.740478
9671715242,126.5378922,45.7387732
9671715244,126.5395524,45.7383842
9671715247,126.5390381,45.7376762
9671715248,126.5381595,45.7391549
9671715251,126.5413316,45.7394527
9671715252,126.5407935,45.7393827
9671715255,126.5415962,45.7386386
9671715256,126.5380369,45.7378413
9671715257,126.5374666,45.7377747
9671715263,126.5379141,45.7386322
9671715270,126.5375933,45.7386028
9671715271,126.5415388,45.7388154
9671715274,126.5432333,45.7394219
9671715465,126.6380028,45.7130057
9671715466,126.6361565,45.7133254
9671715467,126.635762,45.712641
9671768203,126.5431711,45.7399577
9671782224,126.5546021,45.7155236
9671782225,126.5563257,45.7165843
9671782233,126.5575788,45.7148674
9671782238,126.5567491,45.7138775
9671782239,126.5555563,45.7161123
9671782251,126.5543903,45.7156875
9671789188,126.6337288,45.7144794
9672191476,126.5571351,45.7190064
9672191481,126.5606588,45.7167494
9674345083,126.6042381,45.7244235
9674345086,126.6025886,45.722378
9674345087,126.6035861,45.7246443
9674345089,126.6028086,45.7226595
9674345090,126.6016938,45.7252851
9674345091,126.6002726,45.7231744
9674345092,126.6010108,45.729571
9674483697,126.5615845,45.7450589
9674483703,126.5612368,45.7450092
9674846349,126.5668373,45.7253549
9674846350,126.5672062,45.7250775
9674846355,126.567106,45.7244906
9674846356,126.5675599,45.7241681
9682305823,126.5743815,45.7456944
9684180050,126.5394157,45.8263752
9684180051,126.5398213,45.8265261
9684180052,126.5400467,45.8266069
9684180053,126.5404346,45.8267672
9684180054,126.5427653,45.8276434
9684180055,126.547032,45.8291942
9684180056,126.5472353,45.8292744
9684180057,126.5497589,45.8302134
9684180058,126.5516889,45.8309492
9684180060,126.5558944,45.8326373
9685490139,126.7178725,45.7477546
9685490178,126.7246675,45.7432663
9685599269,126.6958939,45.7411515
9685819245,126.7170312,45.74337
9685819246,126.7189443,45.7433244
9686043517,126.721865,45.7458913
9687103025,126.5384823,45.8403839
9687103027,126.5386909,45.8404268
9687410300,126.7220512,45.7373503
9687410304,126.7213408,45.7373878
9687410305,126.7213408,45.7372829
9687410306,126.7207506,45.7373891
9687410307,126.7207498,45.7372873
9687410308,126.7193111,45.7373937
9687410309,126.7193111,45.7372987
9687410310,126.7186802,45.7373972
9687410311,126.7186793,45.7373046
9687410312,126.7178683,45.7455097
9687410316,126.7265635,45.7457324
9687420133,126.717916,45.7366254
9687420135,126.7180986,45.7373087
9689029493,126.7246653,45.742605
9689029494,126.7249279,45.7425997
9689936050,126.7153233,45.750048
9689936051,126.7164247,45.7474875
9691294958,126.7251162,45.7426018
9691294966,126.7231754,45.7460173
9691294967,126.7237166,45.7459239
9704737490,126.5834137,45.7355738
9704737491,126.5820923,45.7347214
9704737492,126.5820923,45.7347248
9709248907,126.638849,45.7660559
9709248908,126.6443247,45.7606994
9709248909,126.6456717,45.7618416
9709248910,126.6402275,45.749519
9709248911,126.6415409,45.7487892
9709248914,126.6209067,45.7756722
9709248915,126.6214369,45.774496
9709299537,126.6397931,45.7582426
9709299538,126.6409529,45.7592053
9709299539,126.6421733,45.7602868
9709299540,126.6433427,45.7612574
9709299541,126.6446593,45.7624196
9709299542,126.645905,45.7634857
9709299543,126.6471166,45.7645198
9709299544,126.648256,45.7654951
9709299545,126.6495708,45.7666185
9709299546,126.650774,45.7676586
9709299547,126.6518749,45.7686284
9709299548,126.6531066,45.7696816
9709299550,126.6485943,45.7549294
9709299551,126.6495847,45.7543767
9709299552,126.650341,45.7539745
9709299553,126.645665,45.7517057
9709299555,126.6461704,45.7530586
9709299556,126.6162069,45.7648992
9709299557,126.6172037,45.7645453
9709299558,126.6186573,45.7640366
9709299559,126.6188304,45.7639772
9709299560,126.6196416,45.7636917
9709299561,126.6213315,45.7631077
9709299571,126.6542507,45.7707672
9709299572,126.6546788,45.7711587
9709299573,126.6550588,45.7714933
9709299574,126.6555092,45.7719004
9709299575,126.6557844,45.7717462
9709299576,126.6544381,45.7706656
9709299577,126.6549289,45.7635759
9709299578,126.6563674,45.7661295
9709333180,126.6383155,45.7675704
9709333184,126.6315536,45.7795349
9709333187,126.6312694,45.7800393
9709333188,126.6328351,45.7772875
9709333190,126.6353276,45.7729004
9709333191,126.6360525,45.7715125
9709333192,126.6367704,45.7702833
9709333193,126.6368609,45.7701365
9709359244,126.6073307,45.7680263
9709623220,126.6447817,45.7724518
9709623222,126.6450113,45.7722886
9709623242,126.6100391,45.7578365
9709623243,126.6114321,45.7598487
9709623244,126.6122968,45.7610339
9709623245,126.6129036,45.7618537
9709623248,126.6160294,45.7650142
9709623249,126.6110038,45.7591809
9709623251,126.6182985,45.7653396
9709623257,126.6019927,45.7729977
9709623305,126.593051,45.7647444
9709623311,126.5884212,45.7339109
9709623315,126.5904185,45.7302588
9709623317,126.6122614,45.7165636
9709623326,126.615027,45.7393469
9709623328,126.617454,45.7390219
9709623336,126.6416841,45.7542016
9709623337,126.6427961,45.7535483
9709623338,126.64381,45.754415
9709623339,126.6325679,45.7722097
9709623340,126.6332878,45.7708266
9709623341,126.6294172,45.7699052
9709623343,126.6284951,45.7685357
9717295232,126.5875749,45.7306586
9717295233,126.5889548,45.7315309
9717380264,126.6025269,45.7060536
9717380265,126.6033844,45.7021306
9717380266,126.6030393,45.7037122
9717380267,126.6077368,45.7041172
9717380268,126.6028036,45.7048785
9717380269,126.6074778,45.70535
9717380270,126.6047046,45.7038851
9717380272,126.6050933,45.7023126
9717380273,126.6059999,45.7039953
9717380274,126.6064024,45.7024407
9717380305,126.625198,45.7482232
9750674992,126.6886074,45.7159207
9752671649,126.6517755,45.8240461
9781139534,126.7054026,45.7757029
9781139535,126.7055315,45.7750544
9807725371,126.7095235,45.7458534
9808277558,126.5584023,45.7059982
9812554198,126.7153819,45.7485928
9812554201,126.7170072,45.7449975
9812554202,126.7263953,45.7406581
9812554203,126.7263678,45.7420388
9812554206,126.7273651,45.7405373
9812554207,126.7211199,45.7525232
9812554212,126.717458,45.7520592
9812554213,126.7191309,45.7520439
9812588955,126.7056697,45.7497277
9812588973,126.7055969,45.7512388
9812588992,126.704258,45.7481503
9812588998,126.7037556,45.752089
9812588999,126.7018959,45.7502385
9812589000,126.7023326,45.7498675
9812589005,126.7073079,45.7509113
9819541025,126.497213,45.7107198
9819541026,126.4971279,45.7108824
9819541027,126.4962482,45.7123078
9819541028,126.4961325,45.7125035
9845571374,126.5889314,45.7859959
9845571385,126.5886011,45.7858418
9845571407,126.5890439,45.7858537
9845578108,126.5793763,45.7841541
9849363359,126.6181302,45.7633753
9870235171,126.68587,45.7053782
9870235175,126.6843857,45.7065951
9878571728,126.6426475,45.7051858
9878571729,126.6429962,45.7034126
9878571730,126.6433268,45.701554
9878571731,126.6452829,45.7017158
9878571732,126.6436345,45.6998241
9878571733,126.645704,45.6998229
9878571735,126.6425948,45.7056571
9878571742,126.6467205,45.7056167
9878592131,126.6470579,45.6998422
9878592132,126.6457252,45.6997278
9878598625,126.6431112,45.7027661
9878598626,126.6450167,45.7029123
9878598627,126.6449632,45.7031527
9878598629,126.6440805,45.7028458
9878598630,126.6443343,45.7016367
9878616981,126.6443694,45.7058664
9884534459,126.6112642,45.8274521
9884534462,126.6118763,45.8276923
9884534496,126.6140376,45.8098781
9884534504,126.6203071,45.8187156
9884709581,126.549443,45.8363719
9886469419,126.635699,45.8232825
9886568384,126.5449532,45.836702
9886568385,126.5457368,45.8356732
9886568386,126.5482485,45.8379273
9886568397,126.5591543,45.8394677
9891032861,126.5614373,45.8261016
9891032862,126.5614699,45.8259262
9891032863,126.56211,45.8206051
9891032864,126.5628703,45.8140142
9891032865,126.5628922,45.8138628
9891032866,126.5629242,45.813689
9891032867,126.5629482,45.8135094
9891032871,126.5623728,45.8183305
9891188582,126.6274915,45.712526
9891188583,126.6253544,45.7137958
9891188590,126.6274048,45.7128695
9891188591,126.625984,45.7133571
9891188592,126.6272634,45.7134863
9891188593,126.6281199,45.7138817
9891188594,126.6283284,45.7129325
9891188595,126.6281497,45.7136838
9891188597,126.6287452,45.7129773
9892624996,126.6302763,45.7139346
9892624997,126.6350247,45.7203832
9892624999,126.6357171,45.7201504
9892625000,126.6338719,45.7175247
9892625002,126.633451,45.7169258
9892625003,126.6327448,45.7171797
9892625004,126.6331661,45.7177717
9892625005,126.63531,45.7195711
9892625006,126.636924,45.7190293
9892625007,126.6347002,45.7187034
9892625008,126.6363119,45.7181566
9892625009,126.6354732,45.716961
9892625010,126.6305785,45.7191192
9892625011,126.628817,45.7197451
9892625012,126.6313106,45.7201417
9892625015,126.6301438,45.71969
9892625016,126.6306022,45.7203834
9892782617,126.6299114,45.7193499
9892782618,126.6319066,45.7209742
9892782620,126.629961,45.7215757
9892782621,126.631057,45.721282
9892782622,126.6304408,45.7204435
9892782633,126.6264044,45.7207512
9892782683,126.6321737,45.7147686
9892818219,126.6288904,45.7167614
9892818229,126.6282002,45.7189433
9892818230,126.6299804,45.7182839
9892818245,126.6330177,45.7215527
9892818246,126.6353172,45.7207941
9892818247,126.63481,45.7209633
9892818248,126.6354911,45.7210385
9892818249,126.635939,45.7208884
9892818252,126.6355106,45.7202198
9892846132,126.62742,45.7146354
9892846134,126.6283783,45.7146004
9892846135,126.6260551,45.7141152
9892846138,126.6276343,45.7149377
9892846139,126.6264986,45.7146262
9892846140,126.6268478,45.7143342
9892846141,126.6267532,45.7147709
9892846142,126.627108,45.714462
9892846179,126.6184303,45.7653633
9892846181,126.6178564,45.7673543
9892846182,126.6149529,45.7770858
9892846183,126.6149901,45.7769611
9892846185,126.6160748,45.7733188
9892846186,126.6161617,45.7730386
9892846187,126.6163126,45.7725333
9892846188,126.6164959,45.7719199
9892846189,126.6166714,45.7713321
9892846190,126.6168354,45.770783
9892846191,126.6173784,45.7689643
9892846195,126.6183307,45.7652305
9892846196,126.5994638,45.7707835
9892846197,126.6053794,45.7161572
9894965063,126.5867809,45.7954495
9897134858,126.6490193,45.7704226
9897134864,126.5886956,45.7606635
9897134870,126.5996779,45.7658295
9897147248,126.5844253,45.7572983
9897672617,126.6127396,45.7373968
9897672618,126.6135154,45.7369557
9897672621,126.6370109,45.7753873
9898978879,126.6289585,45.7348091
9899024377,126.6577485,45.7351554
9899024378,126.6569577,45.7339907
9899024383,126.659441,45.7345835
9899024384,126.6586688,45.7334095
9899024389,126.6591979,45.7342138
9899024391,126.6433282,45.7201648
9899024392,126.6452602,45.719499
9899024404,126.6515057,45.7151034
9899024405,126.6512681,45.7147481
9899024406,126.6501868,45.7131581
9899024407,126.6520434,45.7144875
9899024408,126.6509508,45.7128924
9899024426,126.6654801,45.7103115
9899024427,126.665217,45.7099259
9899024428,126.663872,45.70809
9899024429,126.664427,45.7101959
9899024430,126.6631254,45.7083667
9899024435,126.6759484,45.705045
9899024436,126.6754235,45.7045178
9899027664,126.68844,45.6951248
9899027666,126.6921907,45.6971774
9899027669,126.6875581,45.6959189
9899027670,126.6883061,45.6963247
9899027673,126.6877792,45.696854
9899027678,126.6869554,45.6966092
9901033983,126.624815,45.7331158
9901576581,126.584286,45.7418666
9902040830,126.6555703,45.7649701
9902194791,126.6356828,45.7605826
9903654240,126.6570948,45.7645671
9903654241,126.6591017,45.7634277
9903914433,126.6137502,45.7795785
9903914446,126.6119417,45.7784139
9905347053,126.6312756,45.733698
9905347134,126.6081845,45.754093
9905394312,126.6421866,45.7448879
9905394676,126.6582347,45.7517151
9905543682,126.6404097,45.7774224
9905543715,126.6309193,45.7808775
9905543716,126.6325073,45.7817614
9905543720,126.6501116,45.7861546
9906314950,126.6520154,45.7861804
9906314966,126.6330707,45.7768468
9906824112,126.6587494,45.650431
9906858672,126.6744349,45.7880891
9906858675,126.6733006,45.7892171
9906858677,126.6750968,45.7867901
9906858678,126.67158,45.7919387
9906858696,126.6716673,45.7963434
9906858700,126.6638129,45.784471
9906861920,126.6558369,45.7894243
9906861923,126.6568355,45.7827562
9906861929,126.6485479,45.7737445
9906861930,126.6513932,45.7765962
9906861931,126.6519218,45.7770587
9906861932,126.6522292,45.7773407
9906861933,126.6530848,45.7781832
9906861934,126.6542031,45.7796239
9906861938,126.649925,45.7752438
9906861939,126.673149,45.7892117
9906861941,126.6801285,45.7853799
9906881559,126.6480775,45.7533148
9906881560,126.6494933,45.7525979
9906881564,126.6319409,45.7591422
9906881566,126.6235701,45.7473886
9906881574,126.6137273,45.753829
9906881582,126.598623,45.7697981
9906881583,126.6333481,45.7585839
9906881584,126.644906,45.7569495
9906881585,126.6039543,45.7673017
9906881586,126.6027935,45.7678501
9906986112,126.6258097,45.7735223
9906986113,126.6272193,45.7756856
9906988317,126.6653162,45.7613905
9906988318,126.6652157,45.7601147
9906988319,126.6511394,45.753242
9906988320,126.6519955,45.7527627
9906988321,126.6495711,45.749081
9906988322,126.6506329,45.7497285
9906988323,126.6516368,45.7503406
9906988324,126.6525232,45.7508812
9906988333,126.6436084,45.7896315
9906988335,126.6426549,45.7903789
9906988336,126.6435005,45.7895741
9906988339,126.6944572,45.7634625
9906988340,126.6960237,45.7827832
9906988341,126.6979836,45.774855
9906988344,126.6983429,45.7748958
9906988345,126.697593,45.7778067
9906988346,126.6973823,45.7786274
9906988347,126.697076,45.7798813
9906988349,126.6991247,45.7718401
9906988350,126.6967101,45.7798068
9906988351,126.6577942,45.7468543
9906988352,126.6508679,45.7517082
9906988353,126.6455578,45.754885
9906988354,126.6310279,45.7630979
9906988355,126.631228,45.7630036
9906988356,126.631384,45.762924
9906988358,126.6338446,45.7615448
9906988359,126.635611,45.7605236
9906988360,126.6371781,45.7596215
9906988363,126.6397181,45.758177
9906988364,126.6398526,45.7581033
9906988365,126.6423705,45.7566779
9906988366,126.6437115,45.7559308
9906988369,126.6538133,45.7501548
9906988370,126.6456134,45.754933
9906988373,126.6338926,45.7616023
9906988378,126.6494128,45.7525324
9906988379,126.6524524,45.7508379
9906988380,126.6550357,45.7490792
9906988381,126.6562881,45.7480585
9906988382,126.6574837,45.7472211
9906988385,126.6490629,45.7528501
9906988386,126.6376023,45.7593864
9906988388,126.6591742,45.7564869
9906988391,126.6551833,45.758228
9906988392,126.6561906,45.7576669
9906988393,126.6570425,45.7571907
9906988394,126.6456825,45.7670759
9906988395,126.6594244,45.7592437
9906988396,126.6649869,45.7578597
9906988398,126.6688763,45.7577632
9906988399,126.6461911,45.7667836
9906988400,126.6483231,45.7655561
9906988401,126.6484506,45.7654832
9906988403,126.6539334,45.7623257
9906988404,126.6551502,45.7616558
9906988405,126.6545087,45.7620182
9906988407,126.6575495,45.7602943
9906988408,126.6585505,45.7597385
9906988411,126.6635879,45.7582179
9906988412,126.6655274,45.7577448
9906988415,126.6349715,45.7851817
9907063648,126.6446029,45.7889142
9907063658,126.6362274,45.7844567
9907063659,126.6356777,45.784227
9907063667,126.6691607,45.7919183
9907063669,126.672025,45.7919007
9907063672,126.6552934,45.7810133
9907063673,126.6554486,45.7809586
9907063675,126.6412648,45.7673545
9907063676,126.6420474,45.771429
9907646556,126.5504312,45.6820191
9907928854,126.6365586,45.7634314
9907928855,126.6643734,45.7512939
9907928856,126.6643837,45.7514099
9907928858,126.6376576,45.7161675
9907928859,126.5989833,45.7262029
9907928860,126.6190514,45.7337698
9907928864,126.6175266,45.739084
9907928865,126.6177062,45.7389848
9907928868,126.6201413,45.7380186
9907928873,126.622659,45.7370925
9907928875,126.6244347,45.7386318
9907928876,126.6244929,45.738598
9907928877,126.6245848,45.7385497
9907928886,126.6208202,45.7330058
9907928889,126.6191461,45.7338552
9907928892,126.6034542,45.7426912
9907928894,126.5948813,45.7466458
9907928896,126.5899798,45.7486079
9907928897,126.5915655,45.747968
9907928898,126.5924873,45.7475983
9907928899,126.593732,45.7471031
9907928900,126.5950024,45.7465872
9907928901,126.5956934,45.7462738
9907928902,126.5985885,45.7449469
9907928903,126.598773,45.7448618
9907928904,126.5996688,45.7444488
9907928905,126.6056593,45.741458
9907928907,126.6104193,45.7388329
9907928908,126.6109996,45.7385069
9907928909,126.6115953,45.7381629
9907928910,126.6121463,45.7378655
9907928911,126.6128131,45.7374596
9907928912,126.6135855,45.7370136
9907928913,126.6145092,45.7364836
9907928914,126.6146709,45.7363894
9907928915,126.6157686,45.7357696
9907928916,126.6168419,45.7351612
9907941517,126.617997,45.7345065
9907941521,126.6244965,45.731259
9907941524,126.6227406,45.7320644
9907941551,126.5897108,45.7482535
9907941553,126.6215566,45.7786429
9907941556,126.6277836,45.7671826
9907941557,126.6285,45.7655662
9907941559,126.6281509,45.7641128
9907941592,126.6220563,45.7777861
9907941593,126.6230632,45.7759942
9907941594,126.6216841,45.7784411
9907941595,126.6236239,45.7749263
9907941596,126.6259452,45.7705785
9907941597,126.6268306,45.7689545
9907941598,126.6277146,45.7673108
9907941599,126.6217767,45.7786182
9907941647,126.6204673,45.75823
9907941648,126.6222161,45.7601779
9907941669,126.615508,45.750602
9907941671,126.6182918,45.7534287
9907941672,126.618748,45.7549458
9907941673,126.6195583,45.7572335
9907941674,126.6207284,45.7587259
9907941675,126.6188969,45.7549464
9907941684,126.6175796,45.7598201
9907941686,126.6195773,45.759944
9907941688,126.6219559,45.7601114
9907941689,126.6221191,45.7600736
9907941690,126.6200894,45.7599816
9907941691,126.618919,45.7598966
9907941692,126.6170758,45.760812
9907941693,126.618751,45.7599787
9907941695,126.6259953,45.7625653
9907941714,126.6244703,45.7624926
9907941721,126.6232084,45.7622075
9907941731,126.6251587,45.7623297
9907941732,126.6239259,45.7621079
9907941734,126.6619806,45.7586231
9907941735,126.662387,45.7585202
9907941736,126.5899295,45.7491301
9907968632,126.6318259,45.7630875
9907968634,126.629169,45.7607256
9907968638,126.631484,45.7629737
9907968647,126.6294965,45.7625494
9907968655,126.6284166,45.7599018
9907968657,126.6301118,45.761664
9907968658,126.6294905,45.7609513
9907968678,126.6296655,45.7585985
9907968683,126.6292521,45.7603087
9907968687,126.6292932,45.7587823
9907968691,126.6334817,45.7568576
9907968698,126.633675,45.7570774
9907968703,126.6360776,45.7557414
9907968707,126.6408564,45.7652476
9907968708,126.6265417,45.7526155
9907968710,126.6287636,45.7545095
9907968711,126.6302998,45.7558471
9907968712,126.6313352,45.7567348
9907968714,126.6346607,45.7596069
9907984218,126.6406678,45.7647058
9907984219,126.6277084,45.7536061
9907984220,126.6279517,45.7538124
9907984221,126.6334514,45.758557
9907984222,126.6357057,45.7604641
9907984223,126.6357773,45.7605264
9907984224,126.6369513,45.7615315
9907984225,126.6381037,45.7625914
9907984226,126.6392987,45.763555
9907984229,126.6596237,45.7726791
9907984235,126.6597867,45.7721285
9907984236,126.6710954,45.7827713
9907984241,126.671434,45.7822106
9908676986,126.6408531,45.7203479
9908676989,126.6299145,45.7238425
9908676992,126.631349,45.7232241
9908682318,126.6252592,45.7457338
9908682325,126.6247729,45.7457437
9908682366,126.6250511,45.7158525
9908682392,126.6252627,45.7150624
9908682396,126.625421,45.7157241
9908682410,126.630876,45.7228687
9908682416,126.6302398,45.7230574
9908682451,126.6227915,45.7295395
9908902670,126.6803713,45.7033302
9908902682,126.7000339,45.7303354
9908902698,126.6978268,45.730653
9908902701,126.6992192,45.730455
9908902704,126.6990084,45.7304924
9908926670,126.6901128,45.7886659
9908926671,126.674488,45.7802034
9908926672,126.6750267,45.7808005
9910232388,126.6594859,45.7318497
9910232389,126.6474659,45.7359769
9910232390,126.647636,45.7359208
9910232391,126.6491971,45.7353878
9910232392,126.6528564,45.734116
9910232393,126.6529773,45.7340787
9910232402,126.6604358,45.7655682
9910232403,126.6089581,45.749876
9910232412,126.607427,45.7621051
9910232415,126.6019051,45.7540536
9910240817,126.6051005,45.751996
9910240837,126.6152456,45.7503136
9910240849,126.610425,45.7528391
9910240855,126.6151403,45.761175
9910240856,126.6039607,45.763541
9910240857,126.6054677,45.7629107
9910240858,126.6175913,45.7598629
9910240868,126.6067234,45.7641827
9910240871,126.6158674,45.7626995
9910240885,126.6158712,45.7650524
9910240886,126.617542,45.773678
9910240887,126.617712,45.773276
9910240888,126.6179264,45.7727581
9910240891,126.6220862,45.7629984
9910240892,126.6221486,45.7629028
9910240893,126.618175,45.7721821
9910240894,126.6184276,45.7716119
9910240895,126.6186826,45.771035
9910240896,126.6194689,45.7692543
9910240897,126.6201815,45.7675618
9910240898,126.6209127,45.7658406
9910240899,126.620941,45.7657217
9910240900,126.6212409,45.7649608
9910240901,126.6215898,45.764096
9910240904,126.6210606,45.7717965
9910240905,126.6391653,45.774315
9910240916,126.626048,45.770688
9910240917,126.6272416,45.7709208
9910240918,126.6344119,45.7727577
9910240919,126.6352854,45.7729807
9910240920,126.6354231,45.7730159
9910240921,126.6366477,45.7733286
9910240922,126.6379736,45.7736671
9910240923,126.6305696,45.7717862
9910240927,126.639297,45.7742588
9910240928,126.6387607,45.7737929
9910240930,126.6195906,45.7693442
9910240932,126.6172282,45.7690056
9910240935,126.6173607,45.7690235
9910240936,126.6194398,45.7693202
9910240937,126.6219086,45.7698187
9910240938,126.6241526,45.77029
9910240939,126.6259029,45.7706575
9910240950,126.6089582,45.767457
9910240951,126.6104954,45.7678573
9910240952,126.664564,45.7300568
9910960998,126.5765929,45.7490485
9910961001,126.5968038,45.7504018
9910961013,126.6016376,45.753654
9910982522,126.6050815,45.7519596
9910982523,126.6051983,45.7517567
9910982555,126.6054519,45.7454351
9910982559,126.6052403,45.7460663
9910982560,126.5931238,45.7386824
9910982561,126.5950689,45.7378328
9910982563,126.6075963,45.7402889
9910982573,126.6043931,45.735441
9910982576,126.6011169,45.7317408
9910982579,126.5994747,45.7297385
9910982582,126.5955261,45.7250631
9910982588,126.5957719,45.7252715
9910982631,126.6024967,45.7500239
9910982633,126.5739038,45.7097044
9911031869,126.6175313,45.7302909
9911031870,126.6185501,45.7296594
9911031877,126.6198547,45.7301435
9911031882,126.6132116,45.7318831
9911031883,126.6105662,45.7316663
9911031884,126.6125769,45.7309771
9911031887,126.6184003,45.7332076
9911031893,126.6045869,45.7194869
9911031894,126.6057702,45.7211607
9911031895,126.6058448,45.7212935
9911031896,126.6084451,45.7249537
9911031897,126.6096173,45.7266082
9911031898,126.6107117,45.7281909
9911031901,126.6043757,45.7193828
9911031902,126.6045537,45.7196262
9911159509,126.6264561,45.7821871
9911159510,126.6267495,45.782281
9911159512,126.6279259,45.7839539
9911159513,126.6276267,45.7838664
9911159516,126.6297414,45.784476
9911257841,126.6272799,45.7758449
9911257842,126.6248535,45.7751773
9911257843,126.6237713,45.7749637
9911257845,126.6236938,45.7773244
9911257846,126.6310024,45.7792387
9911257847,126.6284088,45.7785568
9911455409,126.6732925,45.7038658
9911455413,126.6581485,45.7066284
9911455414,126.663708,45.7109122
9911485717,126.6564239,45.7004572
9911485718,126.6579987,45.7028526
9911485719,126.6606531,45.7066382
9911485720,126.6615397,45.7078845
9911485721,126.6619281,45.7084306
9911485722,126.6634671,45.710594
9911485723,126.6600708,45.7058097
9911485724,126.6604922,45.7064111
9911485725,126.6588212,45.7040265
9916435833,126.6795606,45.7645822
9916435842,126.681021,45.735406
9916435843,126.6796069,45.7643941
9916435845,126.6803247,45.7616878
9916435846,126.680979,45.7590684
9916435848,126.6826179,45.7409487
9916435849,126.6826061,45.7525733
9916435850,126.682579,45.7526824
9916435851,126.6830942,45.7505777
9916435852,126.6833091,45.7496698
9916435854,126.6836437,45.7482914
9916435855,126.6837261,45.7480672
9916435856,126.6836886,45.7481735
9916435857,126.6837573,45.747948
9916435858,126.6812097,45.7353803
9916435860,126.6798046,45.7644035
9916435861,126.6805095,45.7617101
9916435867,126.6722344,45.7580198
9916435870,126.6655514,45.757832
9916435880,126.6878614,45.7600617
9916435882,126.7013577,45.7617296
9916435884,126.6787452,45.7589159
9916435885,126.68094,45.7592301
9916435886,126.6811173,45.7592548
9916435887,126.6813971,45.7592862
9916435888,126.683963,45.7595716
9916435889,126.6880064,45.7600805
9916435890,126.6881659,45.7600975
9916435891,126.6951318,45.7609442
9916435896,126.7071108,45.7624515
9916435897,126.7019417,45.7617862
9916435898,126.7042829,45.7620906
9916435900,126.6734955,45.7610064
9916435907,126.694475,45.7634144
9916435909,126.6803397,45.7616303
9916435910,126.6805238,45.7616518
9916435911,126.6808516,45.7616935
9916435913,126.6872437,45.7625032
9916435914,126.6874017,45.7625231
9916435915,126.687528,45.7625397
9916435916,126.6765162,45.735971
9916442217,126.6761025,45.7390912
9916442220,126.6769811,45.7474333
9916442221,126.6769523,45.7475594
9916442222,126.6773709,45.7434982
9916442223,126.6763322,45.7359549
9916442225,126.6759455,45.7391112
9916442227,126.6774993,45.7445331
9916442229,126.6768156,45.7474246
9916442230,126.6767842,45.7475457
9916442234,126.6755875,45.751822
9916442235,126.6767212,45.7477645
9916442236,126.6767493,45.7476603
9916442240,126.6767619,45.7482875
9916442241,126.6766035,45.7482776
9916442246,126.6748918,45.7548888
9916442247,126.6748119,45.7551189
9916442248,126.6742881,45.7579733
9916442252,126.6741782,45.7577909
9916442256,126.6727455,45.7635496
9916442257,126.6733922,45.7610663
9916442258,126.6740444,45.7583965
9916442260,126.6729145,45.763571
9916442262,126.6793954,45.7501341
9916442284,126.6833323,45.7620182
9916442287,126.6825957,45.7647702
9916563940,126.7074755,45.7556339
9916563941,126.707463,45.7557281
9916563944,126.6721888,45.7474328
9916563948,126.6840574,45.7466267
9916563949,126.6804247,45.7463416
9916563950,126.684068,45.746569
9916563951,126.6842765,45.7465488
9916563955,126.6969029,45.7448549
9916563957,126.7025759,45.7441012
9916563958,126.6853545,45.7463968
9916563959,126.6868661,45.7461944
9916563960,126.6898704,45.7457864
9916563961,126.6900248,45.7457661
9916563964,126.6920482,45.7454948
9916563995,126.6865025,45.7349585
9916564000,126.6870197,45.7345918
9916564003,126.6891136,45.7419558
9916564005,126.6901852,45.7457446
9916564006,126.6902028,45.7458065
9916564008,126.6857193,45.7321345
9916564009,126.6860504,45.7332817
9916564010,126.68644,45.7346692
9916564012,126.6876943,45.738629
9916564013,126.6881361,45.7401877
9916564014,126.6884171,45.7411647
9916564016,126.6897645,45.7458011
9916569917,126.6897804,45.7458567
9916569921,126.6861592,45.7320447
9916569924,126.6861382,45.7319751
9916569926,126.6908054,45.7484804
9916569927,126.690809,45.7486148
9916569946,126.6864092,45.7652418
9916569947,126.6870778,45.7624832
9916569948,126.6870675,45.7625271
9916569949,126.6873316,45.7614812
9916569950,126.6877373,45.7599129
9916569951,126.6877034,45.7600444
9916569959,126.6893429,45.7535263
9916569960,126.6893747,45.7534008
9916569961,126.6897373,45.7518895
9916569962,126.6902246,45.7499158
9916569963,126.6903385,45.7486862
9916569964,126.6903339,45.7488065
9916569973,126.6898199,45.7534544
9916569974,126.6897872,45.7535815
9916569978,126.6908058,45.748725
9916569979,126.6907948,45.7488537
9916569980,126.6767765,45.7841273
9916569997,126.6843762,45.7731774
9916570000,126.6863623,45.7654315
9916570001,126.6847374,45.7717746
9916570015,126.6773129,45.7843309
9916570016,126.6797912,45.7813483
9916570017,126.6799166,45.7812517
9916570018,126.6821275,45.779468
9916570019,126.683148,45.7781255
9916570029,126.6652242,45.7332123
9916570032,126.6763438,45.735881
9916570039,126.6654806,45.7332845
9916570040,126.6710583,45.7346404
9916570041,126.6740521,45.7353842
9916570042,126.6753652,45.735702
9916570044,126.6796349,45.7355246
9916570045,126.6811437,45.735312
9916570046,126.6833542,45.7350006
9916570047,126.6864126,45.73457
9916570048,126.6865839,45.7345496
9916570049,126.6867746,45.7345225
9916570050,126.6869911,45.7344893
9916570051,126.6897799,45.7341373
9916570052,126.6938749,45.7335764
9916570053,126.6995334,45.7328385
9916570058,126.6653826,45.7334538
9916570070,126.6658581,45.7335522
9916570071,126.6710438,45.7348031
9916570074,126.6763189,45.7360477
9916570075,126.6765011,45.7360534
9916570076,126.6787441,45.7358096
9916570077,126.6810459,45.7354929
9916570078,126.6812341,45.7354669
9916570080,126.6763583,45.7357889
9916570084,126.6863386,45.7343289
9916570085,126.6710544,45.7345501
9916570086,126.6740876,45.7352965
9916570087,126.6754037,45.7356177
9916570089,126.6796095,45.7354288
9916570090,126.6811239,45.7352158
9916570091,126.6833311,45.7349102
9916570092,126.6752965,45.7358524
9916570093,126.6765457,45.735801
9916570099,126.6903374,45.748448
9916570100,126.6903389,45.7485811
9916570101,126.6611945,45.7372143
9916570102,126.6613869,45.73733
9916570121,126.7002854,45.735818
9916570122,126.6639965,45.7387542
9916570123,126.6688346,45.7400473
9916570125,126.6759512,45.7390698
9916570126,126.6761032,45.7390492
9916570127,126.6795412,45.7385689
9916570128,126.6818428,45.7382409
9916570129,126.6820089,45.738217
9916570130,126.6873509,45.7374751
9916570131,126.6874885,45.7374577
9916570132,126.6876459,45.7374378
9916570133,126.6878248,45.7374152
9916570134,126.6907631,45.7370368
9916570135,126.6946792,45.736539
9916570146,126.6818563,45.7382849
9916570147,126.6820216,45.7382618
9916570148,126.6873643,45.7375242
9916570149,126.6875021,45.737506
9916570150,126.6876597,45.7374853
9916570151,126.6878383,45.7374617
9916585798,126.6768308,45.7416939
9916585800,126.6953933,45.7391677
9916585805,126.6790029,45.7413927
9916585806,126.6826022,45.7408937
9916585807,126.6827633,45.7408714
9916585809,126.6851205,45.7405445
9916585810,126.6866697,45.7403298
9916585811,126.6881195,45.7401288
9916585812,126.6882524,45.7401103
9916585813,126.6884303,45.7400857
9916585814,126.6885648,45.740067
9916585815,126.6918006,45.7396184
9916585816,126.688581,45.7401241
9916612619,126.6843361,45.73789
9916612620,126.6843498,45.7379364
9916612621,126.6844883,45.7384065
9916612622,126.6860323,45.7434352
9916612623,126.6858933,45.7433681
9916612626,126.6875453,45.7431463
9916612627,126.67653,45.7358918
9916612628,126.6906914,45.7486063
9917569305,126.6324602,45.7217474
9917574528,126.6286632,45.7197985
9917574536,126.6250521,45.7143813
9917574537,126.6250856,45.7145861
9917574539,126.6255679,45.7144968
9917574544,126.6352717,45.7170307
9917608634,126.6315054,45.7227332
9917608635,126.6312137,45.7222853
9917608637,126.6322687,45.7214799
9917608639,126.6315551,45.7217271
9917608640,126.6311132,45.719866
9917608641,126.630423,45.7201124
9917608642,126.6326363,45.7204714
9917608643,126.6322141,45.7198681
9917608645,126.6341623,45.7191715
9917608646,126.6345905,45.7190261
9917608648,126.6295776,45.7177213
9917608650,126.6316659,45.7174258
9917608651,126.6322759,45.7168124
9917608653,126.6315919,45.7173209
9917608656,126.6322384,45.7170945
9917608659,126.6318281,45.7172381
9917608676,126.6277422,45.716098
9917608679,126.6265624,45.7183085
9917608697,126.6284519,45.7161489
9917608698,126.6284932,45.7162066
9917615660,126.6350522,45.7163607
9917615674,126.6348518,45.7164323
9918250939,126.6264817,45.7181969
9918250940,126.6258054,45.7184308
9918250955,126.6271181,45.7173461
9918250961,126.6265856,45.7195086
9920387112,126.6217861,45.7254545
9920387114,126.6203516,45.726977
9920387115,126.6197693,45.7261558
9920387116,126.6207868,45.725211
9920400217,126.6223981,45.7246669
9920400218,126.6171094,45.7240394
9920400221,126.6185651,45.7258552
9920841848,126.6378325,45.7216868
9920841892,126.6360419,45.730007
9920841898,126.6353844,45.7302445
9921269511,126.6317381,45.7321683
9921269516,126.629108,45.7296497
9921269517,126.6465094,45.739916
9921269518,126.6420097,45.7370379
9921269522,126.6461074,45.7396733
9921269523,126.6436719,45.7380757
9921269524,126.6448567,45.7388269
9921269525,126.6454706,45.7392187
9921269527,126.6488174,45.7422026
9921269539,126.6370854,45.748442
9921269540,126.6382206,45.7477832
9921269542,126.6409713,45.7461888
9921269543,126.642527,45.7448053
9921269544,126.6437335,45.7439071
9921269545,126.6457828,45.7432031
9921269546,126.6475332,45.7426121
9921269554,126.6440557,45.7436586
9921269572,126.6406931,45.7301428
9921269584,126.6434223,45.7368058
9921269585,126.6434391,45.7369712
9921269586,126.6435414,45.7379948
9921269587,126.6436051,45.7386609
9921269588,126.6436265,45.7388847
9921269592,126.6375207,45.7312821
9921269614,126.6602618,45.7239773
9921269646,126.6364739,45.7316336
9921269647,126.6407331,45.730202
9921269648,126.6408272,45.7301689
9921269674,126.6331144,45.7365673
9921269683,126.6361074,45.7318334
9921269689,126.6350969,45.7388854
9921269694,126.6613781,45.7221549
9921269695,126.6604841,45.72089
9921269696,126.6534732,45.7249113
9921269716,126.6521639,45.7231399
9922077522,126.6937366,45.733595
9922077533,126.6980094,45.7498392
9922077534,126.6937547,45.7336767
9922077535,126.6945276,45.7365452
9922077536,126.6945367,45.7365783
9922077537,126.695225,45.7391867
9922077538,126.6952458,45.7392658
9922077539,126.6959796,45.742044
9922077542,126.6967698,45.7448721
9922077543,126.6967858,45.7449293
9922077545,126.6979673,45.74934
9922077546,126.6980064,45.7494835
9922077547,126.6980282,45.7496098
9922077548,126.6980236,45.7497583
9922077549,126.6938969,45.7336574
9922077550,126.6930815,45.731152
9922077553,126.6931144,45.7312676
9922077555,126.6885168,45.7567618
9922077557,126.6887121,45.7567881
9922077558,126.6888714,45.7568095
9922077559,126.6889719,45.7568231
9922077571,126.6709907,45.7372979
9922077572,126.6709345,45.7373052
9922077573,126.6716507,45.7396601
9922077574,126.6716664,45.7397156
9922077575,126.6710811,45.7347409
9922077576,126.6709603,45.7347088
9922077577,126.670926,45.7347771
9922077585,126.6663326,45.7314162
9922077586,126.6662653,45.7315903
9922079317,126.666418,45.7303265
9922079320,126.6663296,45.7300878
9922079323,126.6665534,45.7299845
9922079329,126.6629588,45.7355045
9922079330,126.6623238,45.7362262
9922079338,126.6644375,45.7342905
9922079349,126.6609084,45.7430692
9922079361,126.6807745,45.7339423
9922079362,126.6718486,45.7326147
9922079363,126.6748298,45.7332268
9922079364,126.6755839,45.733383
9922079365,126.6762763,45.7335265
9922079366,126.6783082,45.7339474
9922079367,126.6718327,45.7327128
9922079368,126.6762443,45.7336033
9922079369,126.6807835,45.7339779
9922079370,126.6829907,45.7336872
9922079385,126.6776542,45.7445305
9922079386,126.6798787,45.7442176
9922079387,126.6833908,45.7437237
9922079388,126.68352,45.7437055
9922079389,126.6889252,45.7429549
9922079390,126.689065,45.7429355
9922079391,126.689267,45.7429074
9922079392,126.6893798,45.7428918
9922079393,126.6676123,45.7438649
9922079396,126.6699291,45.7440331
9922079397,126.672926,45.7442528
9922079398,126.6774925,45.7446056
9922079399,126.6776521,45.7446068
9922079400,126.6799002,45.7442918
9922079401,126.6834136,45.7438035
9922079402,126.6835422,45.7437857
9922079403,126.6889456,45.7430261
9922079404,126.6890852,45.7430065
9922079405,126.6892866,45.7429783
9922079406,126.6893994,45.7429625
9922079407,126.6685931,45.7471016
9922079414,126.6680741,45.7482453
9922650303,126.6257997,45.7198237
9924663515,126.6168177,45.7314234
9924733717,126.6181092,45.730768
9925217375,126.6158569,45.730063
9925217377,126.6174113,45.7303306
9925217378,126.6179893,45.7308401
9925240723,126.6236691,45.7315114
9925240724,126.6244893,45.7321921
9925240726,126.6219104,45.732534
9925240727,126.622754,45.7332287
9925270271,126.6391096,45.7231433
9925270272,126.6380811,45.7216049
9925270273,126.6385723,45.7223399
9926607345,126.6131686,45.7431574
9926607369,126.5983131,45.7254453
9926607370,126.5990658,45.726175
9926607371,126.6007224,45.72805
9926607372,126.6018091,45.7292958
9926607373,126.6071373,45.7369019
9926607374,126.6116703,45.7415711
9926607375,126.6125849,45.7424773
9926607379,126.6174337,45.7479873
9926607381,126.6179327,45.7486445
9926607382,126.6252537,45.7567866
9926607406,126.6180347,45.7485867
9926607415,126.6183609,45.7488815
9926607416,126.6192075,45.7498735
9926607417,126.6194559,45.7501771
9926607418,126.6201841,45.7510372
9926607419,126.6211836,45.7522039
9926607420,126.6221782,45.7533571
9926607422,126.6241651,45.7556313
9926607423,126.6243808,45.7558344
9926607424,126.6230616,45.7545687
9926607425,126.6231673,45.7545094
9926607430,126.5954009,45.7230722
9926607431,126.5951337,45.7227846
9926607464,126.5778303,45.7086279
9926607468,126.5774862,45.7082204
9926607472,126.5869487,45.7172868
9926607473,126.5874919,45.7176108
9926607477,126.5931518,45.7209912
9926607500,126.5682359,45.7145763
9926607506,126.5806575,45.706559
9926607508,126.5838378,45.7012594
9926607509,126.5841538,45.6997673
9926607510,126.5832989,45.703824
9926607517,126.5820546,45.7054805
9926607525,126.5840899,45.7000065
9928853329,126.6553339,45.7313151
9928853330,126.6575485,45.7325263
9928853339,126.6530626,45.7289513
9928853342,126.6513418,45.7266907
9928853343,126.6525531,45.7283958
9928853344,126.6513838,45.7267499
9928853345,126.6589422,45.7310783
9928853347,126.6602891,45.7315737
9928853665,126.657801,45.7295377
9928853822,126.6621491,45.7308772
9928853823,126.6611694,45.7294853
9928949522,126.6552097,45.7372606
9928949530,126.6508528,45.7314861
9928949531,126.6521139,45.7332833
9928949532,126.6527293,45.7341602
9928949533,126.6527908,45.7342478
9928949534,126.6534421,45.7351759
9928949535,126.6541881,45.7362479
9928949536,126.6519718,45.7324695
9928949537,126.653082,45.7340462
9928949538,126.6531432,45.734133
9928949539,126.6538017,45.7350683
9928949540,126.6548646,45.7365788
9928949543,126.6517272,45.7323135
9928949544,126.6519974,45.7326975
9928949545,126.6518871,45.7327377
9928949546,126.6516627,45.7326113
9928949547,126.651622,45.7323657
9928949548,126.6548901,45.7368225
9928949549,126.6546643,45.7369176
9928949550,126.6546338,45.7366782
9928949551,126.6600481,45.7370165
9928949552,126.66062,45.7365056
9929155547,126.6668172,45.7293182
9929395467,126.6455983,45.7408181
9929422975,126.6516976,45.7402649
9929422976,126.6529478,45.7392717
9929422979,126.6534866,45.7384845
9930957211,126.6251174,45.7159494
9931470200,126.6286752,45.7290475
9931470201,126.6269655,45.7296475
9931470202,126.6282297,45.728426
9931470203,126.6302867,45.7328347
9931470205,126.6273698,45.7287239
9931470206,126.6278113,45.7293454
9931470207,126.6282388,45.7299518
9931470208,126.6295267,45.7317914
9931470209,126.6264149,45.7323693
9931482301,126.6256327,45.7271429
9931482303,126.626159,45.7260983
9931482312,126.6265131,45.7253338
9931482320,126.6246283,45.7274063
9931482329,126.6244681,45.7285193
9931482343,126.627817,45.7308541
9931482344,126.6286591,45.7305527
9931482347,126.6287034,45.7317977
9931482353,126.6292769,45.7288411
9931482364,126.6258048,45.7343219
9931482377,126.6275478,45.7329922
9931482378,126.6266571,45.732743
9931482380,126.6269619,45.7340899
9931482381,126.6260489,45.7338636
9931482382,126.62736,45.7341948
9931482385,126.625993,45.7317934
9931482396,126.6266465,45.7303261
9931482401,126.6253079,45.7354895
9931482409,126.6234487,45.7264206
9931482410,126.6240533,45.7277703
9931482411,126.6241798,45.7287458
9931482412,126.6243035,45.7297114
9931482413,126.6244618,45.7309802
9931482415,126.6246056,45.7321261
9931482416,126.6247334,45.7331683
9931482417,126.6247922,45.7337619
9931482418,126.6248573,45.734263
9931482419,126.6252191,45.7353916
9931482420,126.6245353,45.7309379
9931569458,126.6233173,45.7259771
9931569459,126.6174534,45.7172489
9931569461,126.6221931,45.7241828
9931569463,126.6173885,45.7171491
9931569475,126.619649,45.6963583
9931569478,126.615949,45.713588
9931569479,126.6165104,45.7108997
9931569480,126.6164963,45.7109666
9931569481,126.6166065,45.716013
9931569485,126.6181279,45.7034977
9931569486,126.6181886,45.7032279
9931569487,126.618581,45.7014069
9931569488,126.6188657,45.7000659
9931569489,126.6196271,45.6964906
9931569490,126.6195744,45.6967276
9931569502,126.6172297,45.717315
9931569508,126.605404,45.7214357
9931569509,126.6056958,45.7212501
9931569510,126.605804,45.7212129
9931569511,126.6088811,45.7201521
9931569512,126.6107922,45.719486
9931569513,126.6129801,45.7187299
9931569516,126.6054892,45.7156683
9931589938,126.6035193,45.7217032
9931589939,126.6031217,45.7212806
9931589945,126.603741,45.7211
9931589946,126.604825,45.7198237
9931589947,126.6054791,45.7196546
9931589958,126.6053995,45.7160662
9931589962,126.5990714,45.7153731
9931589963,126.5880134,45.7143203
9931589964,126.5918337,45.7145628
9931590046,126.5991322,45.715463
9933481470,126.6050996,45.7160335
9934252103,126.610364,45.7072057
9934252104,126.6107495,45.7055459
9934252105,126.6119012,45.70847
9934252107,126.6082333,45.7052783
9934252114,126.6082243,45.7060763
9934252115,126.6081938,45.7062191
9934252117,126.6120849,45.7075373
9934252118,126.6119843,45.7074276
9934252121,126.6125686,45.7046789
9934252122,126.615258,45.7049565
9934252123,126.6123482,45.7057158
9934875728,126.6146111,45.7048898
9934875730,126.6166314,45.7074483
9934875738,126.615134,45.7077778
9934875740,126.6153043,45.708019
9934875741,126.6131192,45.7076528
9934875752,126.6149625,45.7062921
9934875888,126.6109903,45.7045092
9934875900,126.6148178,45.7079661
9934875911,126.6085468,45.7070318
9934875912,126.6091132,45.7043074
9934875913,126.6088967,45.7053488
9935177944,126.6115105,45.7104295
9935177945,126.6106753,45.7144104
9935869538,126.5496923,45.660509
9937483272,126.6305578,45.7172762
9937483273,126.6313722,45.7170089
9937483274,126.629743,45.7175528
9937483275,126.632205,45.7167305
9937483278,126.6345315,45.7156186
9937483279,126.6346456,45.7161362
9938301749,126.6042121,45.8262917
9938301750,126.6083246,45.8209162
9938301752,126.6148272,45.8123598
9938301753,126.6021965,45.8289812
9938301754,126.6043003,45.8261763
9938301756,126.6045332,45.8258675
9938301757,126.6044468,45.825981
9938301758,126.6054109,45.8247645
9938301759,126.607494,45.8220176
9938301760,126.6089744,45.8200515
9938301761,126.6104741,45.8180209
9938301762,126.6125482,45.8152998
9938301765,126.6422966,45.8384718
9938301768,126.6418158,45.8382856
9938301771,126.6404627,45.8396991
9938301772,126.6405899,45.8395843
9938301773,126.6407446,45.8394189
9938301774,126.6408589,45.8392884
9938301779,126.6407149,45.8398017
9938301780,126.6408326,45.8396655
9938301781,126.6409911,45.8395066
9938301782,126.641128,45.8393732
9938301783,126.6255354,45.8336071
9938301784,126.6332378,45.823495
9938301785,126.6263767,45.8325014
9938301786,126.6293289,45.8286425
9938301787,126.6313323,45.8259764
9938301788,126.6203476,45.8219063
9938301791,126.6246262,45.815951
9938301801,126.6268926,45.8122586
9938301802,126.6205015,45.8217207
9938301807,126.6264767,45.8134777
9938301809,126.615267,45.8284527
9938301810,126.6202584,45.8218738
9938301812,126.6226648,45.8183075
9938301813,126.6244821,45.8158984
9938301814,126.6245692,45.8157912
9938306023,126.6168655,45.8263432
9938306024,126.618241,45.8245377
9938306025,126.6203592,45.8216673
9938306026,126.6219321,45.8193096
9938306029,126.6263637,45.8134306
9938352863,126.616126,45.8106529
9938352897,126.6351686,45.8271557
9938352899,126.6241709,45.8230789
9938352904,126.6132064,45.8192503
9938352905,126.6155039,45.8201011
9938352906,126.6182718,45.8211278
9938352913,126.6279338,45.8244917
9938352914,126.631459,45.8257897
9938352915,126.6315942,45.8258471
9938353425,126.6030537,45.8154936
9938353426,126.6082649,45.8174255
9938353427,126.6103287,45.8182203
9938353428,126.610578,45.8183054
9938353429,126.6219207,45.8322737
9938353430,126.625658,45.827349
9938353431,126.6322609,45.818567
9938353432,126.6227783,45.8311675
9938353433,126.6243391,45.8291093
9938353434,126.6256948,45.827304
9938353435,126.6277073,45.8246223
9938353436,126.6278361,45.8244542
9938353437,126.6296065,45.8221501
9938353438,126.630363,45.8211658
9938372587,126.6126935,45.811629
9938372593,126.6283152,45.817326
9938372594,126.6291751,45.8176478
9938372596,126.6127974,45.811506
9938372598,126.6203865,45.8142214
9938372599,126.6224277,45.814996
9938372601,126.624712,45.8158433
9938372613,126.6374964,45.8201176
9938372615,126.6321542,45.8186985
9938372616,126.6322915,45.8187409
9938398270,126.6044925,45.8263786
9938398271,126.6045754,45.8262572
9938398272,126.6047209,45.8260709
9938398274,126.615103,45.8124558
9938398275,126.6151964,45.8123261
9938402317,126.6132407,45.8190356
9938402319,126.61798,45.8135115
9938402329,126.6211584,45.8101336
9938402330,126.6198749,45.8110278
9939524582,126.6346272,45.8127729
9939735577,126.5984995,45.8343283
9939735578,126.5986114,45.8341882
9942617831,126.617396,45.8311685
9942617834,126.6188737,45.8317171
9942617840,126.6192705,45.8312925
9942617845,126.6178082,45.8307557
9942617905,126.6236793,45.8104787
9942617918,126.6250933,45.8109505
9942617968,126.6081228,45.8378682
9942617969,126.6114386,45.8390657
9942617970,126.6126321,45.8394717
9942617979,126.6082406,45.8377098
9942617980,126.6115146,45.8389626
9942617981,126.612678,45.8394155
9942617990,126.6052093,45.8370672
9942618036,126.5952323,45.8386098
9942618044,126.6136747,45.8296036
9942618045,126.6130496,45.8295251
9942618046,126.6171533,45.8306757
9942618047,126.622601,45.8326974
9942618048,126.6231737,45.8327451
9942618049,126.5845621,45.8187738
9942618054,126.5845217,45.8181791
9943816610,126.6251803,45.8340386
9943816612,126.6253118,45.8339024
9943816613,126.6254307,45.8337435
9943816614,126.6254572,45.833956
9943816615,126.6255733,45.8337988
9943816616,126.6256811,45.833653
9944581730,126.7077282,45.7544934
9945445632,126.5532065,45.8289532
9946682292,126.6170054,45.8099772
9946682293,126.6183969,45.8080243
9947715241,126.5836271,45.8192951
9947715242,126.5841358,45.8198641
9947715260,126.5803397,45.8241851
9947715272,126.5844664,45.8223012
9949418803,126.5499767,45.8332114
9949418805,126.5518639,45.8312839
9949418806,126.550313,45.8333264
9950414969,126.5535919,45.6513747
9950414970,126.5535283,45.6512855
9950414972,126.5318141,45.6516604
9950414974,126.5359392,45.6583483
9950414975,126.5360198,45.6584497
9950414976,126.5649402,45.6943901
9950439542,126.5617156,45.8239637
9950439543,126.5618624,45.8239744
9950574232,126.7137683,45.7093481
9950574252,126.7006029,45.6986115
9950574253,126.7040703,45.7014994
9950574254,126.7091165,45.6983351
9950574261,126.7060426,45.7052821
9950574263,126.7056703,45.702816
9950574264,126.7014561,45.701692
9950574265,126.6981262,45.6999962
9950574266,126.6998981,45.6980424
9950574274,126.7047391,45.6922426
9950574276,126.6962531,45.7015843
9950574285,126.7018982,45.7048105
9950574286,126.7025325,45.7063606
9950574287,126.6954355,45.7025244
9950574288,126.7272183,45.7120038
9950574300,126.7285091,45.7074072
9950574304,126.7316489,45.6995739
9950574306,126.7311006,45.6955148
9950574309,126.7319589,45.6950277
9950574310,126.7331948,45.6975508
9950574316,126.7311051,45.6955839
9950583429,126.7196055,45.6904679
9950583430,126.7310544,45.7002569
9950583436,126.7290055,45.6953091
9950583442,126.7294302,45.698642
9950583457,126.7313495,45.6979322
9950583467,126.7399532,45.6900671
9950583473,126.7410084,45.6859055
9950583477,126.7430055,45.6863683
9950583483,126.7017153,45.712564
9950583487,126.7078386,45.7137092
9950583488,126.704034,45.7141626
9950583494,126.7048315,45.712328
9950583495,126.7045278,45.7138039
9950583498,126.7029347,45.7089455
9950583500,126.7035482,45.7108797
9950583504,126.7062898,45.7116888
9950583506,126.7022339,45.7118766
9950583511,126.7021636,45.7086715
9950583525,126.78183,45.7185908
9950583532,126.7372213,45.7354898
9950583533,126.751684,45.7418471
9950583545,126.7437733,45.7369491
9950583546,126.7450844,45.7375098
9950583558,126.7302499,45.7429208
9951050985,126.594966,45.8385134
9951050986,126.5955099,45.8382357
9951050987,126.5953392,45.8380383
9951050988,126.6131292,45.8192238
9951784432,126.5711041,45.7722692
9951784443,126.5789007,45.7824129
9951784444,126.5796515,45.7816078
9951784445,126.5797127,45.78154
9951894059,126.5884381,45.6702001
9951894064,126.6014214,45.6707976
9951894065,126.5481348,45.6648848
9951894066,126.5497632,45.6679941
9951894069,126.5541405,45.6658948
9951894071,126.5603299,45.6732383
9951894072,126.5472566,45.6690843
9951894073,126.5475647,45.6676676
9951894074,126.5497177,45.6678939
9951894083,126.5501543,45.667827
9951894084,126.5497424,45.6672391
9951894085,126.550481,45.6645398
9951894087,126.5514249,45.6666457
9951894088,126.5529169,45.6666465
9951894090,126.5534547,45.665166
9951894091,126.5508185,45.6645798
9951894095,126.5519844,45.6639212
9951894104,126.5421972,45.6658257
9951894105,126.5438735,45.6651687
9951894109,126.5469217,45.664786
9951894110,126.672393,45.6833169
9951894111,126.6760896,45.6732824
9951894113,126.6652596,45.6720359
9951896620,126.6603331,45.6705224
9951896621,126.6678923,45.6724281
9951896623,126.6665753,45.6732895
9951896627,126.6659683,45.6754463
9951896628,126.6719267,45.6729714
9951896629,126.669119,45.6723968
9951896630,126.6691389,45.672596
9951896631,126.6691158,45.6748232
9951896632,126.6715264,45.6750331
9951896633,126.6673692,45.6746731
9951896637,126.6643991,45.6754171
9951896638,126.6662495,45.6735187
9951896641,126.6663799,45.6720607
9951896642,126.6660402,45.6736659
9951896646,126.6681224,45.6718065
9951896647,126.6720599,45.6722699
9951896648,126.669031,45.6723853
9951896649,126.6691677,45.6719295
9951896650,126.6721475,45.6718086
9951896651,126.6682209,45.6714068
9951896652,126.6720922,45.6720997
9951896653,126.6760648,45.672402
9951896654,126.6950141,45.6792886
9951896656,126.7273686,45.7792254
9951896659,126.7169082,45.7887772
9951896663,126.7159485,45.7890458
9951896665,126.7154675,45.7907
9951896670,126.7168023,45.7891525
9951896672,126.7189638,45.789398
9951896673,126.7174305,45.7876212
9951896674,126.7191159,45.7878276
9951896683,126.7222072,45.7914011
9951896685,126.722794,45.7890363
9951896686,126.7235166,45.7913711
9951896691,126.722147,45.787382
9951896692,126.7245624,45.7882349
9951896693,126.7254129,45.7883402
9951896701,126.7273441,45.7912754
9951896711,126.7307076,45.7891134
9951896712,126.7291841,45.7889934
9951896713,126.7304218,45.7902144
9951896725,126.728129,45.7911798
9951896734,126.72577,45.7913271
9951896735,126.7257138,45.7904183
9951896746,126.7253565,45.7887353
9951896748,126.7243362,45.7891464
9951896749,126.7244619,45.7886401
9951896752,126.7206922,45.7865306
9951896763,126.721974,45.7828634
9951896770,126.7210966,45.7914186
9951896779,126.7205487,45.7883031
9951896780,126.7212419,45.7905439
9951896781,126.722409,45.7906729
9951896812,126.7151825,45.7892026
9951896813,126.7592026,45.7859476
9951896814,126.759188,45.7856123
9951896816,126.7593382,45.7844302
9951896821,126.7571144,45.7851124
9951896825,126.7603997,45.7850778
9951896826,126.7593904,45.7850853
9951896833,126.7570213,45.7838543
9951896835,126.7551546,45.7840166
9951896836,126.7570952,45.7848169
9951896838,126.7593587,45.7846882
9951896839,126.7571489,45.7856462
9951896842,126.7571531,45.7873228
9951896843,126.7592006,45.7876682
9951896844,126.7554991,45.7918407
9951896848,126.7575475,45.7927025
9951896849,126.7595649,45.7941677
9951896850,126.7570338,45.7931844
9951896851,126.7551864,45.7927018
9951896854,126.7551752,45.793001
9951896858,126.7513831,45.79323
9951896861,126.7533071,45.7922206
9951896863,126.7553696,45.7921662
9951896866,126.7525132,45.7936142
9951896867,126.7535313,45.7933863
9951896869,126.7551628,45.7933018
9951896871,126.7563426,45.7935621
9951896872,126.7551284,45.7940373
9951896873,126.753662,45.7941091
9951896874,126.7535019,45.7930908
9951896876,126.7526533,45.7942329
9951896880,126.7510001,45.7944282
9951896881,126.7532137,45.79379
9951896882,126.7551485,45.7936081
9951896883,126.7551424,45.7937378
9951896884,126.7569123,45.7940961
9951896885,126.7535978,45.7937539
9951896886,126.7510326,45.7949158
9951896888,126.7551102,45.7947514
9951896890,126.7578069,45.7950605
9952188324,126.5688954,45.8176296
9952188333,126.5612808,45.825896
9952188335,126.5614967,45.8239349
9952188337,126.5618221,45.8259591
9952188338,126.5622576,45.8221645
9952188339,126.5627175,45.8183486
9952188341,126.5618181,45.8139456
9952188352,126.5639403,45.8140698
9952188353,126.563152,45.8145646
9952188354,126.5539475,45.8134486
9952188363,126.554663,45.8139833
9952188371,126.5554928,45.8135422
9952188372,126.5548976,45.8140929
9952188373,126.555067,45.8125752
9952188381,126.5555749,45.8130543
9952188382,126.5539683,45.8129816
9952188389,126.5548427,45.8124038
9952188487,126.5520377,45.8147035
9956335918,126.547542,45.799907
9956336142,126.5256816,45.7965613
9956336159,126.5193594,45.8059553
9956336166,126.520617,45.8056607
9956336172,126.5200333,45.8067648
9956336178,126.5194022,45.806221
9956336183,126.5110529,45.803735
9956336189,126.5122959,45.803465
9956336190,126.5128327,45.8036208
9956336196,126.5130569,45.804614
9956336202,126.5120952,45.8047879
9956336203,126.5110619,45.803968
9956336209,126.5114604,45.804726
9956336345,126.5244363,45.7986878
9956336346,126.5172837,45.7966546
9956336357,126.5337257,45.807451
9956336359,126.5331881,45.8125202
9956336360,126.5333359,45.8110831
9956336361,126.5330475,45.8067498
9956336365,126.5336669,45.8062797
9956336366,126.5339124,45.8062158
9956336372,126.534645,45.8065266
9956336373,126.5343759,45.8068593
9956336380,126.5335532,45.8074291
9956336388,126.5328266,45.8070277
9956336389,126.5406982,45.8052255
9956336395,126.5400978,45.8059557
9956336400,126.5380405,45.8032495
9956336401,126.5390311,45.8052702
9956336405,126.5392841,45.8048799
9956336407,126.5394611,45.8047718
9956336412,126.5404977,45.8050089
9956432404,126.52016,45.8074892
9956432406,126.5245294,45.8077123
9956432407,126.5334386,45.8089667
9956432410,126.5283715,45.8082039
9956432411,126.5286756,45.8066897
9956432416,126.5289952,45.8044507
9956432417,126.5145735,45.8048082
9956432420,126.5167422,45.801144
9956432455,126.5482469,45.801557
9956432592,126.5400241,45.7986874
9956432619,126.517861,45.7944764
9956432623,126.4998468,45.7886018
9956432624,126.507505,45.7912104
9956432625,126.5115202,45.7925135
9956432626,126.5162377,45.7939885
9956432627,126.5185057,45.7946769
9959142816,126.4984583,45.7908624
9959159117,126.4998977,45.7912748
9959159118,126.5016951,45.7918158
9959159119,126.5030522,45.79226
9959159120,126.5047872,45.7927881
9959159121,126.506259,45.7932364
9959159128,126.5100794,45.7948803
9959159137,126.500272,45.7878338
9959159152,126.5075931,45.7987533
9959159159,126.5076909,45.791189
9959159160,126.501597,45.800982
9959159161,126.5017108,45.8007992
9959159164,126.5034426,45.7979558
9959159165,126.5034979,45.7978676
9959159166,126.5064492,45.7931669
9959159167,126.506382,45.7932738
9959159168,126.5076504,45.7912536
9959159169,126.5033498,45.7979274
9959159170,126.5034056,45.7978396
9959212981,126.5028601,45.7986973
9960479312,126.5351144,45.6786699
9960492260,126.7656012,45.7418532
9960492265,126.7498303,45.758829
9960492266,126.7510787,45.7540484
9960517478,126.6555191,45.6831145
9960532006,126.6927346,45.7041828
9960532012,126.6944814,45.6917545
9960577517,126.6918265,45.6946122
9960577520,126.7562816,45.7117686
9960588929,126.561351,45.6963642
9965350487,126.5102748,45.7381158
9965350489,126.5128096,45.738314
9965350492,126.5127697,45.7384619
9965351218,126.5054247,45.7267273
9965538381,126.5120032,45.7328432
9965538382,126.5191349,45.7337795
9965538384,126.5141908,45.7332093
9965560049,126.5111788,45.7352421
9965560054,126.509039,45.7349665
9965560059,126.5090535,45.7349239
9965560065,126.513483,45.7355074
9965560066,126.5151643,45.7357307
9965560127,126.5155742,45.7415889
9965560129,126.5148527,45.7398511
9965560130,126.5140832,45.7426653
9965560131,126.5149084,45.739858
9965560132,126.5117044,45.7423094
9965560136,126.5142146,45.7331319
9965560138,126.5155756,45.7280813
9965560139,126.5154899,45.7280674
9965560141,126.5140979,45.733198
9965560144,126.5123866,45.7395256
9965560145,126.5119472,45.7410736
9965560146,126.5116027,45.7422924
9965560147,126.509547,45.7407334
9965560149,126.5104121,45.7379714
9965560150,126.5096216,45.7407429
9965560153,126.5118334,45.7328889
9965560154,126.5117165,45.7328732
9965560178,126.5065827,45.7224482
9965560179,126.5066919,45.7224629
9965560264,126.5157468,45.7334163
9965560266,126.5151029,45.73572
9965560267,126.5156829,45.7334066
9965563549,126.4963987,45.7390043
9965563555,126.5116357,45.7421867
9965563556,126.5117326,45.7422042
9965563557,126.5141147,45.7425505
9965563558,126.4963398,45.7390984
9965563607,126.5126567,45.7384482
9965569332,126.5126968,45.7382971
9965569370,126.5141216,45.7331201
9965569450,126.5055345,45.7267409
9965569467,126.5120413,45.7410887
9965569468,126.514387,45.7414275
9965569469,126.5144352,45.7414343
9966105458,126.5335328,45.7362937
9966105459,126.5353779,45.7365835
9966105462,126.519977,45.7337731
9966105463,126.524666,45.7334071
9966105464,126.5247837,45.7334112
9966105465,126.5303382,45.7354246
9966105466,126.5304666,45.7354869
9967097544,126.5357218,45.7366707
9967097545,126.5533546,45.7392433
9967097546,126.5440389,45.7379881
9967097547,126.5441743,45.7380009
9967097600,126.5422125,45.7422673
9967097602,126.5322918,45.7408903
9967097603,126.5322242,45.741114
9967100276,126.539733,45.7144029
9967100277,126.5396017,45.7144198
9967100278,126.5420325,45.7075993
9967100279,126.5399914,45.71138
9967100283,126.5703953,45.7276829
9967100292,126.5459308,45.7142306
9967100294,126.5465275,45.7118076
9967100298,126.5343446,45.7111082
9967100304,126.5465649,45.7117039
9967100305,126.5342422,45.7110345
9967100306,126.534391,45.7110358
9967100307,126.5399267,45.7112861
9967100308,126.5400405,45.7112899
9967102019,126.5439356,45.7365264
9967102029,126.5355221,45.7334715
9967102071,126.5358635,45.7349945
9967102072,126.5353193,45.7337383
9967102073,126.5365028,45.7333161
9967102074,126.5368397,45.7334378
9967102076,126.5372107,45.7343874
9967102077,126.5372414,45.7347977
9967102078,126.536224,45.7349652
9967102079,126.5339718,45.7417276
9967102080,126.5335459,45.7412862
9967102081,126.53348,45.7410418
9967102084,126.5342341,45.7407577
9967102085,126.534599,45.7407941
9967102086,126.5349996,45.741246
9967102087,126.534989,45.7414852
9967102088,126.5343428,45.7417482
9967102089,126.5399211,45.7282897
9967102090,126.5400519,45.7289087
9967102091,126.5398819,45.7290794
9967102092,126.5392701,45.729147
9967102093,126.5389686,45.7289951
9967102094,126.5387858,45.7284768
9967102095,126.5388631,45.7282496
9967102096,126.539572,45.728182
9967102097,126.5448828,45.7229843
9967102098,126.544893,45.7224221
9967102099,126.5448809,45.7222979
9967102100,126.5457543,45.7222699
9967102101,126.5460827,45.7224058
9967102102,126.5460573,45.7229537
9967102103,126.5452042,45.7231241
9967102104,126.5497715,45.7200224
9967102105,126.5489634,45.720044
9967102106,126.5486727,45.7198945
9967102107,126.5486401,45.7193427
9967102108,126.5487102,45.7192156
9967102109,126.5495234,45.7192042
9967102110,126.5498253,45.7193314
9967102111,126.5498695,45.7198773
9967102112,126.5292284,45.7402293
9967102113,126.5295161,45.7405488
9967102114,126.5294224,45.7407372
9967102115,126.5290355,45.7409198
9967102116,126.5288319,45.7409474
9967102117,126.5285665,45.7406222
9967102118,126.5285603,45.740421
9967102119,126.5290315,45.7401815
9967102120,126.522818,45.7401884
9967102123,126.5224782,45.7398034
9967102124,126.52245,45.7395942
9967102127,126.5230559,45.7393266
9967102128,126.5231787,45.7393459
9967102131,126.5236192,45.7397562
9967102132,126.5235369,45.7399459
9967102135,126.5229323,45.7402051
9967102136,126.5426903,45.7428749
9967102137,126.5422629,45.7424636
9967102138,126.5429351,45.7419865
9967102139,126.5430779,45.7420167
9967102140,126.5435023,45.7424387
9967102141,126.5433733,45.7426126
9967102142,126.5428502,45.7428494
9967102143,126.5442826,45.7372073
9967102144,126.5439385,45.7367913
9967102145,126.5447209,45.7361941
9967102146,126.5452061,45.7366897
9967102147,126.5451128,45.7369545
9967102148,126.5444573,45.7372157
9967102149,126.5469457,45.7323081
9967102150,126.5468801,45.7317303
9967102151,126.5467676,45.7315056
9967102152,126.5477095,45.7312758
9967102153,126.5480228,45.7316803
9967102154,126.5480726,45.7319004
9967102155,126.5472309,45.7321285
9967102191,126.5678568,45.7458291
9967102193,126.5673073,45.7464275
9967102194,126.5676719,45.7450371
9967102197,126.5679622,45.7457293
9967102199,126.5697448,45.7348875
9967102204,126.5691514,45.7344282
9967102205,126.5691309,45.734254
9967102210,126.5702881,45.7338409
9967102214,126.5707998,45.7343604
9967102215,126.5706657,45.7345137
9967102219,126.5700461,45.7348921
9967102220,126.5632665,45.7344535
9967102221,126.5629681,45.7338978
9967102222,126.5628885,45.7336518
9967102223,126.563749,45.7334173
9967102224,126.5639474,45.7334072
9967102225,126.5642977,45.7338258
9967102226,126.5643314,45.734036
9967102227,126.5634998,45.734316
9967102230,126.5405475,45.7210418
9967768280,126.5202062,45.8176725
9967768284,126.5208333,45.8180553
9967768285,126.5207639,45.8182184
9967768289,126.5202087,45.8185709
9967768290,126.527682,45.8177196
9967768293,126.5281536,45.8180496
9967768294,126.5282258,45.818225
9967768297,126.5276198,45.8185333
9967768298,126.5273934,45.8186009
9967768301,126.5268329,45.8182033
9967768302,126.5267477,45.8180332
9967768306,126.5274214,45.8176404
9967768307,126.5103783,45.8230447
9967768311,126.5109877,45.8235141
9967768312,126.5109907,45.8236876
9967768316,126.5103529,45.8240763
9967768317,126.5100932,45.8241052
9967768321,126.5094448,45.8236874
9967768322,126.5094286,45.823517
9967768326,126.5101089,45.8230798
9967768327,126.5316218,45.8237196
9967768328,126.5271647,45.8234575
9967768329,126.5273846,45.8234631
9968282174,126.5166269,45.8182326
9968282175,126.5180599,45.8182267
9968282176,126.5164603,45.8180773
9968282177,126.5177061,45.8180684
9968282189,126.5033767,45.8054042
9968282201,126.5100391,45.807366
9968282202,126.5102412,45.807427
9968282203,126.5105022,45.8075082
9968282204,126.5106615,45.8075609
9968282205,126.5200017,45.8091757
9968282206,126.5334838,45.8096457
9968282207,126.5035486,45.8054556
9968282208,126.5100102,45.8074415
9968282209,126.5102136,45.807502
9968282213,126.5334736,45.8097448
9968289761,126.4995631,45.7937814
9968289769,126.5295481,45.8268277
9968289770,126.520065,45.826739
9968309968,126.6112902,45.8392818
9968309969,126.6123913,45.8397697
9969220908,126.5470867,45.8294653
9969232354,126.6715911,45.8301764
9969232365,126.6664928,45.8331483
9969232374,126.666289,45.8329336
9969232378,126.6527646,45.8274767
9969232380,126.6582669,45.8295337
9969232381,126.6597149,45.8264412
9969232384,126.6576698,45.8311168
9969232392,126.6561205,45.8393536
9969471521,126.6145305,45.8348812
9969471523,126.6224926,45.837819
9969471524,126.6307745,45.8408868
9969471536,126.6226112,45.837778
9969471539,126.6223976,45.837776
9969471540,126.6395337,45.8151858
9969471541,126.6401492,45.814109
9969471542,126.6398602,45.8146137
9969471553,126.637995,45.8154289
9969471554,126.6390407,45.8157193
9969471557,126.6386253,45.8124532
9969471558,126.6380535,45.8133847
9969471559,126.6384001,45.8123907
9969471560,126.63784,45.8133219
9969471561,126.6397374,45.8134474
9969471570,126.6356335,45.8130852
9969471571,126.6348851,45.8131044
9969471581,126.6395198,45.8138024
9969471582,126.6320718,45.8170916
9969471587,126.6318054,45.8173649
9969471590,126.6353301,45.818431
9969471592,126.6357908,45.8185201
9969471593,126.6340977,45.8176318
9969471594,126.6335942,45.8184678
9969471597,126.6351024,45.8189042
9969471599,126.6306508,45.8169945
9969471600,126.6317712,45.817398
9969471601,126.6308365,45.8170613
9969471602,126.6320913,45.8170712
9969471603,126.6310853,45.816547
9969471604,126.6319068,45.8169751
9969471605,126.639886,45.8171329
9969471606,126.6417119,45.8176369
9969471607,126.6427213,45.8158801
9969471608,126.6409771,45.8188604
9969471609,126.6407299,45.8156024
9969471614,126.6439405,45.8165218
9969471615,126.6421682,45.8168427
9969471625,126.6416713,45.8177045
9969471626,126.6391978,45.8183484
9969471634,126.6417376,45.8208718
9969471635,126.6424073,45.8158062
9969471636,126.6428984,45.8148885
9969471641,126.6416355,45.814556
9969471642,126.6413429,45.8144816
9969471674,126.5182925,45.7442369
9969471678,126.5192301,45.7443578
9969471693,126.6079882,45.8066012
9969471702,126.599446,45.8189519
9969471711,126.5930245,45.8221312
9969471712,126.5947993,45.8213477
9969471713,126.5993851,45.8189966
9969471714,126.6015065,45.8172833
9969471715,126.6031442,45.8155248
9969471716,126.603301,45.8153215
9969471717,126.6047013,45.813014
9969471718,126.607026,45.8084879
9969471719,126.6073522,45.8077732
9969471720,126.5924034,45.8224485
9969471725,126.5993818,45.8189074
9969471726,126.607533,45.8219662
9969471728,126.6053448,45.8211571
9969471729,126.615385,45.8079705
9969471731,126.605222,45.8211726
9969471732,126.605269,45.8211269
9969471733,126.6067462,45.8192236
9969471734,126.6081828,45.8174004
9969471735,126.6083392,45.8172208
9969471736,126.6103057,45.8146532
9969471737,126.6126163,45.8115694
9969471738,126.6045741,45.8130553
9969471739,126.6125061,45.8153493
9969471740,126.6046599,45.8130844
9969471741,126.6074375,45.8138869
9969471742,126.610264,45.8147099
9969471743,126.6103379,45.8147278
9969471745,126.607542,45.8138452
9969471746,126.6057206,45.8162451
9969471747,126.6075019,45.8139067
9969471748,126.6140793,45.8098232
9969471749,126.616172,45.8105966
9969471750,126.6175866,45.8170391
9969471751,126.615954,45.8164446
9969471752,126.6348619,45.8307532
9969471754,126.6111501,45.8219741
9969471755,126.6140667,45.8230481
9969471756,126.6155475,45.8235995
9969471757,126.618203,45.8245827
9969471758,126.6182869,45.8246173
9969471759,126.6219843,45.8259805
9969471762,126.6257555,45.8273857
9969471763,126.629286,45.8286925
9969471764,126.6294191,45.8287471
9969471765,126.6328043,45.8299908
9969471766,126.6081802,45.8257572
9969471767,126.6097363,45.8237097
9969471768,126.611073,45.8219445
9969471769,126.6111158,45.8218946
9969471771,126.6180929,45.8133745
9969492057,126.6225573,45.8079956
9969492058,126.6064894,45.8077465
9969492060,126.6069407,45.8084759
9969492062,126.6069652,45.8084259
9969492063,126.6070502,45.8084379
9969492064,126.6127088,45.8114393
9969492065,126.6149258,45.8122347
9969492066,126.6182248,45.8134252
9969492070,126.6063963,45.8078821
9969492072,126.6179767,45.8081621
9969492073,126.6183134,45.808179
9969492077,126.6358461,45.8115184
9969492082,126.6072073,45.8079016
9969492083,126.6072872,45.8079035
9969492084,126.6152885,45.8080955
9969492085,126.615476,45.8081
9969492086,126.619997,45.8081549
9969492087,126.6225859,45.8081381
9969492088,126.6293905,45.8096212
9969492089,126.6319842,45.8104024
9969492090,126.6351512,45.8113196
9969492094,126.594646,45.8213413
9969492095,126.6053842,45.8248018
9969492096,126.60562,45.8248796
9969492097,126.6339982,45.8354035
9969492098,126.6303792,45.8340522
9969492099,126.6263457,45.8325575
9969492100,126.6264585,45.8325961
9969492101,126.6082148,45.8258341
9969492103,126.5947233,45.8213791
9969492104,126.6114096,45.827023
9969492105,126.6123181,45.827361
9969492106,126.6190392,45.8298542
9969492108,126.622735,45.8312154
9969492109,126.6228186,45.8312446
9969492110,126.6317138,45.8318645
9969492111,126.6280651,45.8305138
9969492112,126.6304563,45.8340799
9969492113,126.6329517,45.8299757
9969492114,126.6304965,45.834017
9969492115,126.6329103,45.8300301
9969492116,126.6419633,45.8381269
9969541517,126.6420521,45.8383776
9969541518,126.6421915,45.8382149
9969541519,126.6345716,45.8355447
9969541520,126.6423367,45.8384234
9969541521,126.641854,45.8382347
9969921732,126.7069478,45.6942319
9969921741,126.7052783,45.6900075
9974259069,126.7389354,45.7120074
9974259071,126.73919,45.7119863
9974259072,126.7405206,45.7163428
9974259073,126.7492906,45.7230724
9974259075,126.7444369,45.7116146
9974259076,126.7402088,45.7162479
9974259077,126.7516974,45.7141142
9974259078,126.7459116,45.7151996
9974259079,126.7460609,45.7151716
9974259080,126.7480558,45.7147974
9974259081,126.745961,45.7153146
9974259082,126.7461101,45.7152859
9974259086,126.7475433,45.7189985
9974259087,126.747701,45.7189772
9974259090,126.740468,45.7162058
9974259103,126.7445587,45.7116034
9974259104,126.7605767,45.7149967
9974259105,126.7589611,45.7111285
9974259106,126.7591058,45.7111004
9974259107,126.7607615,45.7149511
9974259108,126.7603326,45.7139635
9974259109,126.7670389,45.7127119
9974259111,126.7601663,45.7140006
9974259114,126.7596454,45.7127898
9974259116,126.7592768,45.7118843
9974267917,126.7665234,45.7113176
9974267918,126.7594375,45.7118718
9974267919,126.7629223,45.7115977
9974267920,126.7636015,45.713353
9974267921,126.769452,45.7193286
9974267922,126.7663731,45.7113315
9974267923,126.7669062,45.7127416
9974267926,126.7656462,45.7158957
9974267927,126.7697828,45.7151397
9974267928,126.7655629,45.7157987
9974267929,126.7697322,45.7150388
9974267930,126.7679188,45.7153709
9974267931,126.7680261,45.715349
9974267946,126.7349057,45.7252155
9974267948,126.7348669,45.7250908
9974267952,126.7215902,45.7047648
9974267954,126.7229325,45.7091324
9974267955,126.7223244,45.7092543
9974268026,126.7133125,45.8043381
9974268027,126.7198874,45.7946172
9974268039,126.7137111,45.8047579
9974268059,126.7197573,45.7865879
9974268073,126.7193424,45.794613
9974268081,126.7180454,45.8001198
9974268102,126.7173081,45.6918837
9974268103,126.7172575,45.6916816
9974268107,126.7215294,45.7045741
9974268108,126.7210508,45.7047682
9974268111,126.7126406,45.684548
9974268113,126.7064718,45.688756
9974268115,126.7051826,45.6899483
9974268117,126.7082795,45.6875557
9974268118,126.7125268,45.6846243
9974348180,126.7607141,45.7493589
9974348181,126.7478052,45.748236
9974348194,126.7608012,45.7491313
9974348205,126.7070424,45.7507199
9974348206,126.7103082,45.75114
9974348207,126.7088993,45.7510852
9974348208,126.7088275,45.7506673
9974348209,126.7103004,45.7509436
9974349737,126.7003034,45.7358907
9974349742,126.7032388,45.7456116
9974349743,126.7034176,45.7456116
9974349744,126.7065442,45.7505062
9974349745,126.7045417,45.7485628
9974349756,126.7078351,45.7506565
9974349762,126.7095173,45.7511927
9974349765,126.7094048,45.7511741
9974349792,126.7133724,45.7517146
9974349793,126.7074703,45.7376206
9974349794,126.7098587,45.7463143
9974349795,126.7090646,45.7434322
9974349799,126.7097223,45.7458296
9974349802,126.703947,45.746956
9974349807,126.7136275,45.746144
9974349808,126.7096294,45.7462475
9974349809,126.7098269,45.7462193
9974349810,126.7118829,45.745967
9974349811,126.7132133,45.7460969
9975278214,126.7217727,45.7786168
9975278215,126.7330618,45.7799682
9975278216,126.7262382,45.7833647
9975307717,126.7272621,45.7792105
9975307718,126.7272392,45.7792797
9975307719,126.7273493,45.7792914
9975307720,126.7207715,45.7826545
9975307734,126.7262536,45.7832958
9975307735,126.7263653,45.7833057
9975307736,126.7317208,45.7839729
9975307741,126.7745922,45.6970345
9975307744,126.7748008,45.6970235
9975307745,126.780103,45.6966854
9975307760,126.7731557,45.6931566
9975307763,126.7733608,45.6931368
9975307764,126.7793893,45.6927835
9975307766,126.7799731,45.6967872
9975307767,126.7787886,45.6899093
9975307768,126.7792707,45.6927932
9975307769,126.7792856,45.6928939
9975307770,126.7799504,45.6966986
9975307777,126.7019118,45.6828847
9975307786,126.6949035,45.6792742
9975307788,126.6857097,45.6779963
9975307789,126.6857347,45.677903
9975307790,126.6906077,45.6784141
9975307791,126.6949896,45.6792152
9975307805,126.7025249,45.6824827
9975307806,126.6950904,45.6792283
9975307807,126.6905706,45.6784936
9975307809,126.6936394,45.6742306
9975307810,126.6904841,45.6784048
9975307813,126.6984936,45.6754748
9975307815,126.7106373,45.6929242
9975307825,126.6990709,45.6851959
9975307827,126.7063882,45.6888289
9975307828,126.7065038,45.6888904
9975307831,126.6807498,45.7016355
9975307843,126.5974177,45.6803847
9975307844,126.5973567,45.6806254
9975307845,126.587868,45.6691152
9975307851,126.5861123,45.6644294
9975307852,126.5864643,45.664374
9975307866,126.5911504,45.6805772
9975307875,126.6887093,45.6926602
9975307884,126.6861686,45.6912081
9975307894,126.6857123,45.6844608
9975307906,126.6812124,45.6885493
9975307911,126.6812608,45.6885055
9975307912,126.6887861,45.6925962
9975307913,126.6878784,45.6847084
9976220407,126.6013599,45.8408189
9976220408,126.6015398,45.8408837
9976220559,126.5760963,45.8310719
9976220561,126.5745139,45.8308247
9976220569,126.5700224,45.8308
9976220573,126.5728423,45.8329133
9976220576,126.5739889,45.8318624
9976220577,126.5734979,45.8325842
9976220579,126.5869073,45.8376689
9976220594,126.5751789,45.8323093
9976220600,126.5698583,45.8315311
9976220603,126.5705787,45.832543
9976220614,126.5679671,45.8329357
9976220615,126.5826909,45.8276086
9976220628,126.574786,45.8302019
9976220631,126.5855473,45.8376199
9976220647,126.7203594,45.7272233
9976220656,126.7220971,45.7292755
9976220657,126.720825,45.7294467
9976220665,126.7257443,45.7154661
9976508891,126.7214579,45.7043706
9976508915,126.7725499,45.7455342
9976522346,126.712512,45.7862678
9976522350,126.7115785,45.7916222
9976522352,126.7115793,45.7917721
9976522354,126.7187029,45.8021193
9976522355,126.714682,45.7916963
9976522356,126.7148755,45.7948102
9976522357,126.6978312,45.7902886
9976522365,126.7111764,45.7917717
9976522371,126.6373071,45.752316
9976522374,126.6560757,45.7685107
9976522375,126.658075,45.7691924
9976522376,126.6616462,45.7693419
9976522377,126.6374083,45.7522597
9976522378,126.656181,45.7684509
9976522379,126.6581294,45.7691166
9976522380,126.6616519,45.7692534
9976522382,126.6384263,45.7531378
9976522383,126.6393914,45.7539702
9976522384,126.6395819,45.754141
9976522385,126.640469,45.7548997
9976522386,126.6414452,45.7557417
9976522387,126.6424677,45.7566238
9976522388,126.6425356,45.7566823
9976522389,126.6436737,45.757664
9976522390,126.6460539,45.7597169
9976522391,126.6473839,45.760864
9976522392,126.6486268,45.7619358
9976522393,126.6498262,45.7629703
9976522394,126.6509523,45.7639415
9976522395,126.6510178,45.763998
9976522396,126.6522739,45.7650813
9976522397,126.6535,45.7661387
9976522398,126.6545817,45.7670716
9976522399,126.6546554,45.7671352
9976522400,126.6547526,45.767219
9976522401,126.6548104,45.7672689
9976522402,126.6472892,45.760918
9976522403,126.6485305,45.7619906
9976522404,126.6497295,45.7630267
9976522405,126.650854,45.7639984
9976522406,126.6509193,45.7640549
9976522407,126.6521733,45.7651385
9976522408,126.6533973,45.7661962
9976522409,126.6544756,45.7671279
9976522410,126.654553,45.7671949
9976522411,126.6546483,45.7672772
9976522412,126.6547094,45.76733
9977337337,126.673415,45.8013984
9977337338,126.6787144,45.7937323
9977337339,126.6751677,45.7990549
9977337340,126.6755578,45.7983956
9977337341,126.6756193,45.7982689
9977337342,126.676826,45.7964561
9977337343,126.6786616,45.7937965
9977337344,126.6787811,45.7937507
9977337354,126.6603963,45.7936984
9977337357,126.6619519,45.7917175
9977337358,126.6604648,45.7935894
9977337359,126.6714068,45.7966143
9977337369,126.6710588,45.7948197
9977337370,126.6713489,45.7967454
9977337380,126.6709391,45.7947832
9977337381,126.6720772,45.7951379
9977337382,126.6720791,45.7950943
9977337384,126.6808052,45.7979899
9977337389,126.6767799,45.7965229
9977337390,126.6768643,45.7965489
9977337391,126.6651936,45.7934029
9977337393,126.665993,45.7909033
9977337398,126.6656902,45.7884654
9977337399,126.6716452,45.7918136
9977337401,126.6692634,45.7920257
9977337402,126.6692736,45.7919136
9977337404,126.6618377,45.7916138
9977337405,126.6638708,45.7904891
9977337408,126.6635436,45.7858318
9977341020,126.6571723,45.7918755
9977341022,126.6552685,45.7913241
9978855117,126.6692666,45.7187613
9978855136,126.6565892,45.7003335
9978855137,126.6564518,45.7003443
9978855143,126.6549397,45.6935854
9978855148,126.6591206,45.68395
9978855149,126.6591705,45.6839876
9978855152,126.6562749,45.6892389
9978855154,126.655053,45.6935988
9978855155,126.6555199,45.6962403
9978855156,126.6559917,45.6985344
9978855157,126.65624,45.6889991
9978855158,126.6590683,45.6840455
9978855160,126.659118,45.684084
9978855165,126.6643489,45.6893003
9978855166,126.6643592,45.689505
9978855171,126.6561324,45.689191
9978855172,126.6504196,45.6867825
9978855173,126.6507043,45.6869002
9978855174,126.6564798,45.6890718
9978855175,126.6521109,45.6875375
9978855185,126.6505758,45.6930454
9978855186,126.6508446,45.6930616
9978855187,126.6549555,45.693529
9978855194,126.6550652,45.6935386
9978855196,126.6691315,45.6990703
9978855200,126.665498,45.692093
9978855201,126.6655144,45.6921533
9978855202,126.6689766,45.6988803
9978855203,126.6657529,45.6921217
9978855212,126.6539654,45.7142522
9978855224,126.6508869,45.7099747
9978855225,126.6525804,45.7123257
9978855226,126.6537205,45.7139121
9978855227,126.6517942,45.7001926
9979127553,126.6542524,45.7223202
9979127568,126.6452689,45.7098549
9979127569,126.6453244,45.7098444
9979127583,126.6543648,45.7222828
9979127590,126.6481667,45.7138607
9979127591,126.6492706,45.7154195
9979127592,126.6495315,45.7157879
9979127594,126.6463702,45.7115049
9979127596,126.6480684,45.7138948
9979127597,126.6491473,45.7154609
9979127598,126.6494118,45.7158294
9979127599,126.6496613,45.7161542
9979127600,126.6522446,45.7197793
9979128181,126.6572208,45.7078289
9979301494,126.6405631,45.7163457
9979301495,126.652639,45.7122248
9979301496,126.6407152,45.7162938
9979301497,126.6450692,45.714808
9979301500,126.648007,45.7138055
9979301501,126.6481041,45.7137723
9979301502,126.6525336,45.7122608
9979308758,126.6508405,45.7099096
9979308761,126.6509785,45.7098635
9982785533,126.6378304,45.7687733
9982785594,126.6368694,45.7670803
9982785595,126.633232,45.7660306
9982785596,126.6328171,45.7659261
9982785597,126.6286091,45.7655052
9982785609,126.6385205,45.7675567
9982785610,126.6383491,45.7675069
9982785611,126.633542,45.7661201
9982785612,126.6334974,45.7662048
9982785613,126.6336216,45.7661431
9982785614,126.6307173,45.7718231
9982785615,126.6320295,45.7772849
9982785619,126.6294492,45.7777808
9982785620,126.6291628,45.7782876
9982785621,126.6307548,45.771739
9982785625,126.6324538,45.7638272
9982785626,126.6325624,45.7632567
9982785628,126.6405595,45.7647693
9982785632,126.6528086,45.7692697
9982785635,126.6542019,45.7700557
9982785636,126.6537765,45.7698073
9982916184,126.6778807,45.6870104
9982916185,126.6464144,45.71139
9985953042,126.5882203,45.7298169
9985953043,126.5883618,45.7298746
9985953044,126.5839034,45.7314075
9985953047,126.5853175,45.7323348
9985953048,126.5850471,45.7321587
9985953049,126.585409,45.7322554
9985953056,126.5853369,45.7319022
9985953057,126.5856626,45.732111
9985953058,126.5848699,45.7317001
9985953061,126.5781729,45.7264437
9987353681,126.6349176,45.7762314
9987353699,126.6374249,45.7778267
9987353700,126.6388372,45.7783135
9987353701,126.6399183,45.7786556
9987353702,126.6420326,45.7790509
9987353703,126.6433125,45.7792957
9987353704,126.6441514,45.7794616
9987353706,126.6371487,45.7776935
9987353707,126.6425899,45.780964
9987353711,126.6482543,45.7825952
9987353712,126.6403166,45.7801569
9987353713,126.6412614,45.7804878
9987353714,126.6443817,45.7815443
9987353715,126.6392769,45.7797904
9987353717,126.6581639,45.7857255
9987353718,126.6585603,45.7858737
9987353719,126.6615103,45.7867768
9987353720,126.6484326,45.7826506
9987353721,126.6503564,45.7832692
9987353722,126.6516325,45.7836751
9987353723,126.6532909,45.7841801
9987353724,126.6549954,45.7847152
9987353727,126.6481884,45.7802761
9987353729,126.6568831,45.7830887
9987353734,126.6494461,45.7807116
9987353735,126.6496257,45.7807672
9987353736,126.652859,45.7817674
9987353737,126.6545185,45.7822808
9987353738,126.6495082,45.7806143
9987353739,126.6496882,45.7806686
9987353740,126.6529269,45.7816605
9987353741,126.6545872,45.7821706
9987353742,126.6566357,45.7827211
9987744722,126.6334359,45.7764439
9987744727,126.633786,45.7765503
9988467581,126.6480543,45.77327
9988467585,126.6478839,45.773039
9991832625,126.6128477,45.6822318
9991832626,126.6153548,45.6823994
9991832627,126.6314743,45.6841371
9991832629,126.6224278,45.6831663
9991832630,126.6227457,45.6831985
9991832631,126.6311491,45.6840994
9991832632,126.6398575,45.684994
9991832633,126.6348217,45.6844906
9991832634,126.6410577,45.6817448
9991832635,126.6405626,45.6817029
9991832636,126.6407262,45.6817157
9991832637,126.6408803,45.6817271
9991832638,126.6410774,45.6816524
9991832639,126.6237088,45.6797631
9991832640,126.6240531,45.6798034
9991832646,126.6405823,45.6816054
9991832647,126.6407469,45.6816215
9991832648,126.6408975,45.6816342
9991832649,126.619532,45.6963713
9991832650,126.6319998,45.6804476
9991832656,126.633083,45.6771252
9991832688,126.6311304,45.6841985
9991832689,126.6318749,45.6809975
9991832691,126.6329269,45.6773311
9991869091,126.6323178,45.6807129
9991875523,126.5967449,45.6834147
9991875524,126.5980035,45.6768782
9991875525,126.5957989,45.6871132
9991875526,126.5979644,45.6770583
9991875527,126.5981764,45.677024
9991875529,126.5929073,45.7010004
9991875532,126.5919525,45.7145758
9991875539,126.5922456,45.7082494
9991875540,126.5922414,45.7084047
9991875542,126.5959469,45.6871286
9991875543,126.5919153,45.7114433
9991875544,126.5921579,45.7082399
9991875545,126.5921562,45.7083958
9991875547,126.5927819,45.7009844
9992056970,126.5809501,45.6927004
9992056985,126.578544,45.7047182
9992056986,126.5786703,45.7048537
9992056987,126.5928085,45.7049069
9992056999,126.580688,45.7039753
9992057001,126.588104,45.7043787
9992057002,126.5884005,45.7044142
9992057003,126.592735,45.7048987
9992057004,126.5788412,45.70456
9992057005,126.579345,45.7043242
9992107718,126.5881311,45.7042801
9992107719,126.5928228,45.7048263
9992107721,126.5805958,45.7038744
9992107722,126.5833215,45.7037164
9992107723,126.5834867,45.7037378
9992107724,126.5884218,45.7043163
9992107725,126.5927493,45.7048178
9992107726,126.5793976,45.7044517
9992107731,126.5793254,45.7050745
9992107732,126.57847,45.7041445
9992107738,126.5894678,45.6863193
9992107739,126.5796724,45.6797805
9992107740,126.5799024,45.6799294
9992107741,126.5832239,45.6822413
9992107742,126.5859548,45.6841047
9992107743,126.5862281,45.6842786
9992107744,126.5891367,45.6861904
9992107745,126.5919851,45.6865858
9992107746,126.5923476,45.6866271
9992107747,126.5958297,45.6869933
9992107748,126.5959766,45.6870123
9992107754,126.5903409,45.6941524
9992107760,126.5898955,45.6935132
9992107761,126.5899705,45.6932835
9992107767,126.5906175,45.6928637
9992107768,126.5909251,45.6928731
9992107775,126.59141,45.6934316
9992107776,126.5914454,45.6936988
9992107781,126.5906427,45.6940191
9992107786,126.5961244,45.6939366
9992107790,126.5980724,45.6908933
9992107791,126.5947711,45.692518
9992107792,126.5968121,45.6927038
9992107796,126.5778031,45.6993342
9992107802,126.5716058,45.6944298
9992107803,126.5681944,45.69214
9992107804,126.5657331,45.6890431
9992107807,126.5717101,45.6943541
9992107809,126.5658732,45.6889575
9992107812,126.5717309,45.6895812
9992107813,126.5717899,45.6896295
9992107815,126.5649985,45.6944484
9992107816,126.5653077,45.69428
9992107817,126.5683274,45.6921283
9992107818,126.5682394,45.6921935
9992107819,126.5717191,45.6896882
9992107826,126.5678548,45.6870261
9992107827,126.5680668,45.6871589
9992107828,126.5752258,45.691877
9992107836,126.5934508,45.6975389
9992107841,126.5754315,45.6920211
9992107842,126.5789025,45.6942537
9992107843,126.5791691,45.6944252
9992107844,126.580598,45.695399
9992107845,126.5848843,45.6966743
9992107846,126.5899113,45.6972226
9992107847,126.5896901,45.697197
9992107848,126.5850443,45.6966939
9992107849,126.584853,45.696798
9992107850,126.5850114,45.696819
9992114595,126.5810878,45.6929755
9992114605,126.5858651,45.6841644
9992114607,126.5911879,45.6807661
9992114609,126.5679715,45.6971051
9992146417,126.584419,45.7099426
9992146422,126.5840264,45.7096478
9992146423,126.5939812,45.7085858
9992146425,126.5939943,45.7084385
9992146430,126.5873501,45.7085177
9992146435,126.5869155,45.7082914
9999999154,126.7623697,45.7495592
9999999155,126.7625975,45.7493648
10002385025,126.6651748,45.7068905
10002385031,126.5787219,45.6735268
10002385042,126.5592637,45.659893
10002385043,126.5593791,45.6598402
10002389964,126.5309285,45.6500728
10002389972,126.544304,45.6495067
10007163019,126.5781233,45.6972554
10007163020,126.5845708,45.6979964
10007163021,126.5825284,45.6939446
10007624002,126.6235254,45.7375268
10007639299,126.639988,45.7465815
10011965370,126.6288201,45.7419276
10011965372,126.6277758,45.7379828
10011965373,126.62759,45.7380836
10012204328,126.6369606,45.7313361
10012204329,126.6370372,45.7314347
10012282848,126.6356155,45.6810642
10012282850,126.6321456,45.6810325
10012282855,126.6319885,45.6805011
10012282857,126.6337487,45.6809409
10012282858,126.6337656,45.6808675
10012282859,126.6307186,45.6805423
10012282860,126.6306948,45.6806243
10012857582,126.6364849,45.6523761
10012857583,126.6367585,45.652398
10012857584,126.636922,45.6513794
10012857585,126.6366575,45.6513549
10012857586,126.6372277,45.648064
10012857587,126.6375073,45.6480786
10021784558,126.6173351,45.6819213
10026051751,126.6296915,45.6907912
10026051753,126.6210601,45.6913667
10026051756,126.6211573,45.6909234
10026051757,126.6273573,45.6945344
10026051758,126.6288456,45.6946905
10026051759,126.6273938,45.6943134
10026051760,126.6288985,45.6944649
10026051761,126.6271928,45.6952243
10026051768,126.6271685,45.6935666
10026051769,126.6236435,45.6921635
10026051770,126.6238629,45.6911823
10026051771,126.624011,45.6905094
10026051773,126.6225871,45.6916644
10026051775,126.6225409,45.6910558
10026051776,126.6226687,45.6903882
10026051777,126.6254412,45.6906641
10026051778,126.6237885,45.6915149
10026051779,126.6249806,45.6916252
10026051781,126.6260501,45.6918021
10026051782,126.6250839,45.6913224
10026051784,126.6237272,45.6917894
10026051785,126.6237044,45.6918912
10026051786,126.6249126,45.6920052
10026051787,126.6238157,45.6913934
10026051788,126.622506,45.6912585
10026051789,126.6224939,45.6913292
10026051790,126.6215051,45.6912081
10026051791,126.6253732,45.6909378
10026051792,126.6239482,45.6907944
10026051793,126.623938,45.6908408
10026051794,126.6226102,45.6906941
10026051795,126.6226217,45.6906341
10026051796,126.6216123,45.6905308
10026051798,126.6216633,45.6902206
10026051799,126.6254145,45.6907713
10026051803,126.6268083,45.6908755
10026051804,126.6279541,45.6909745
10026051808,126.6290276,45.6915074
10026051809,126.6266306,45.6915808
10026051810,126.6278897,45.6912652
10026051811,126.6267389,45.6911511
10026051814,126.6253208,45.6911485
10026051816,126.62906,45.6914135
10026057321,126.6219697,45.6921395
10026057322,126.620696,45.6931674
10026057324,126.6241386,45.6923966
10031968574,126.7242319,45.7579087
10031968575,126.7240314,45.758654
10031968578,126.7253691,45.7592982
10031968581,126.7256607,45.7581114
10031968582,126.7208791,45.7574668
10031968584,126.7223114,45.7584293
10031968585,126.7244406,45.7570581
10031973017,126.5537231,45.7378087
10031973027,126.6136243,45.7628695
10048642496,126.7465851,45.7114436
10048642497,126.7447278,45.7218439
10048642498,126.7448183,45.7236962
10048642500,126.7406292,45.7213516
10048642502,126.7396556,45.7208052
10048642503,126.7390517,45.7212139
10048642507,126.7413255,45.7192306
10048642508,126.7397591,45.720716
10048642510,126.7382321,45.7197039
10048642511,126.7385735,45.7228632
10048648118,126.6273506,45.6621809
10048648119,126.6268718,45.664341
10048648120,126.6270399,45.6621423
10048648121,126.6265715,45.6643052
10048648122,126.6226081,45.6616555
10048648123,126.6326822,45.6588178
10048648124,126.6314073,45.6620425
10048668318,126.7574313,45.7217416
10048668319,126.7563805,45.719169
10048872849,126.5119807,45.7329086
10048872851,126.5124755,45.7395343
10048872852,126.5160527,45.7400299
10048872865,126.5110685,45.7352241
10048872867,126.5135531,45.7355546
10048872868,126.5134721,45.7355443
10048872871,126.5110819,45.7351888
10048872872,126.5111869,45.7352005
10048872874,126.5135659,45.7355182
10067423295,126.5403617,45.6833385
10067423296,126.5328639,45.6882952
10068555343,126.5160352,45.685115
10068555358,126.516149,45.6850355
10068555363,126.5775163,45.6868623
10068555365,126.5785466,45.6825744
10068555367,126.5836974,45.6826605
10068555368,126.5770065,45.6818076
10068555369,126.5713042,45.6892911
10068555372,126.5742559,45.6881342
10068555373,126.5708073,45.6858316
10069475745,126.7248564,45.7156009
10069475746,126.7277048,45.7260637
10069475747,126.7272636,45.726128
10069475748,126.7278163,45.7263532
10069475750,126.7288352,45.729815
10069475752,126.7302949,45.7349216
10069475757,126.7242555,45.7131799
10069475758,126.7248288,45.7154948
10069475760,126.7268067,45.7227475
10069475766,126.7273243,45.7264244
10069475771,126.7259362,45.7214762
10069475772,126.7254251,45.719807
10069475775,126.7241443,45.7156951
10069475791,126.7317893,45.7385482
10069475792,126.7302036,45.7416982
10069475793,126.7300747,45.7422091
10069475795,126.729147,45.7454501
10069475797,126.7277883,45.7531109
10069475798,126.7277369,45.7533169
10069475803,126.7259811,45.7581433
10069475804,126.7256956,45.759336
10069475812,126.7272309,45.7532585
10069475813,126.7272915,45.7530422
10069503828,126.7282416,45.7514148
10069503831,126.7264858,45.7584926
10069503833,126.7210938,45.7785294
10074938870,126.7201333,45.7826668
10077774748,126.5026365,45.7020017
10077774749,126.5028419,45.7020574
10096876700,126.7233879,45.7132463
10153349078,126.5678068,45.6822252
10153349106,126.5883765,45.6720294
10159596349,126.7013089,45.778267
10159596351,126.7021184,45.7753225
10173682672,126.7368139,45.666202
10173682682,126.7565957,45.6606421
10173796744,126.6670826,45.7516831
10175833196,126.5608019,45.7774608
10175833197,126.56052,45.777949
10175833207,126.5600266,45.7777227
10175860521,126.5607051,45.777535
10175860524,126.5607809,45.7776775
10175860549,126.5579066,45.7812804
10175860567,126.5486388,45.7771957
10180385043,126.6718165,45.8300758
10185783283,126.5220642,45.7142794
10188983289,126.5202712,45.6870823
10188983290,126.5201414,45.6872033
10189213265,126.5188399,45.6967137
10189213266,126.5169061,45.6997787
10189213267,126.5167714,45.6999835
10189213268,126.5148005,45.7030984
10201821871,126.5296721,45.8386336
10201821876,126.5330597,45.8346975
10201821877,126.5343585,45.8336086
10201821880,126.5425041,45.8225165
10201821882,126.5431764,45.8226236
10201821883,126.5422507,45.8235874
10201821884,126.5421188,45.8234591
10202423418,126.7009552,45.7656107
10202423438,126.7036191,45.7676509
10202423477,126.693664,45.7663905
10202423488,126.699893,45.766589
10202423493,126.6984678,45.7725286
10202423497,126.6996053,45.7686064
10202423498,126.6997879,45.7686578
10202423504,126.6992264,45.7715518
10208151012,126.6195896,45.650049
10208151013,126.619859,45.6500829
10208151014,126.6266762,45.6507817
10208151016,126.6365726,45.6518586
10208169117,126.6368475,45.6518898
10251421321,126.6619742,45.6808023
10251421332,126.6675421,45.6855927
10251421348,126.6721076,45.6898533
10251421374,126.6725108,45.6900168
10251421386,126.673964,45.6864492
10251421389,126.6740758,45.6864263
10251421395,126.6711563,45.6912869
10251421402,126.6658291,45.6921102
10257626753,126.7065874,45.8079423
10262345835,126.5520259,45.8310711
10262345836,126.5535533,45.8290747
10262345837,126.5569437,45.8246271
10262345839,126.5546189,45.8271191
10262345840,126.5549582,45.8272478
10262345842,126.5651743,45.8317759
10262345849,126.5568539,45.8247631
10271226901,126.7181396,45.8000199
10271227959,126.712976,45.8055013
10271227978,126.7125908,45.8052117
10280842821,126.6287613,45.7428362
10298178523,126.6304119,45.7628796
10314256969,126.5065603,45.7220686
10543771386,126.5463387,45.711665
10543771399,126.5515431,45.7128801
10543771400,126.5553374,45.7146153
10544104146,126.5552961,45.6788431
10544104153,126.5638114,45.6810697
10544104154,126.5637918,45.6812284
10544243182,126.5865978,45.6921592
10544243189,126.590902,45.6915437
10548076543,126.5689681,45.7862903
10554956233,126.5588958,45.6938802
10554956234,126.5612417,45.6964197
10554956235,126.5639334,45.6993663
10554956236,126.5641657,45.6996302
10554956241,126.5680832,45.7037875
10554956242,126.5681552,45.7038652
10558523753,126.6304536,45.7628423
10558670782,126.6420963,45.8383269
10567830040,126.5329462,45.6942529
10582582645,126.5278016,45.703352
10582582654,126.5386873,45.7066512
10582582656,126.5385349,45.7066163
10582582667,126.5418872,45.7076547
10582582668,126.541984,45.7076865
10582582703,126.5340082,45.7114844
10582582830,126.5341525,45.7156373
10582582836,126.5334663,45.7139227
10582582850,126.5336199,45.7111146
10582582851,126.533757,45.7116607
10582582852,126.5336062,45.7110378
10582582868,126.5383815,45.7065688
10582582869,126.5384917,45.7065026
10582582870,126.538001,45.7069185
10582582878,126.5378411,45.7064361
10582582880,126.5379471,45.7063649
10582582886,126.5391102,45.7061475
10582582887,126.5388354,45.7066876
10582582895,126.5348855,45.7105534
10582582902,126.5351321,45.7110651
10582582903,126.534311,45.7109147
10582582904,126.5343521,45.7105726
10582582905,126.534567,45.7107834
10582582908,126.5351985,45.7111456
10582582923,126.533917,45.7139258
10582582927,126.5342824,45.7156025
10582582930,126.5337597,45.7146164
10582582931,126.5335621,45.7144755
10582582932,126.5339336,45.7140321
10582582933,126.5338195,45.7142715
10582582949,126.539392,45.7061747
10582582955,126.5393076,45.7067462
10582582956,126.539358,45.7068431
10582582961,126.5385251,45.7069738
10582583013,126.5461378,45.7045311
10582583020,126.5457193,45.7041336
10592101929,126.4994277,45.7938374
10592101930,126.4994738,45.7937539
10592101931,126.5008161,45.7930844
10592101932,126.5023021,45.7935444
10592101933,126.5025006,45.7946815
10592101934,126.5008958,45.7931129
10592101935,126.5011245,45.7926013
10592101938,126.5022073,45.7935154
10592101939,126.5024833,45.7930178
10592101940,126.5025272,45.7947678
10592101941,126.5049082,45.7954105
10592101942,126.5034373,45.7949726
10592101943,126.5011594,45.7954084
10592101945,126.4996136,45.7949688
10592101947,126.501842,45.797366
10592101948,126.5023227,45.7965962
10592101949,126.5033035,45.7950086
10592101950,126.5033493,45.7949453
10592101951,126.504205,45.793558
10592361202,126.5587288,45.6714168
10592361203,126.5570362,45.6694981
10592377126,126.5555566,45.6701306
10592377130,126.5547059,45.6738071
10596341810,126.5262293,45.795996
10596341811,126.5346387,45.7982024
10596341822,126.5351427,45.7978665
10599521296,126.6614679,45.7491382
10599521304,126.6611323,45.7495487
10599559208,126.6615465,45.7495063
10599559209,126.661946,45.7497889
10599559215,126.6616058,45.7499655
10599559220,126.661335,45.7492344
10599559221,126.6614557,45.7491538
10612067036,126.5184194,45.7420899
10612067044,126.5190329,45.7421814
10651788098,126.5257744,45.6951294
10651999213,126.5418512,45.6505822
10651999214,126.5451597,45.6546528
10651999215,126.5452246,45.6547371
10651999217,126.5498167,45.6604571
10652030682,126.548803,45.6531823
10652030685,126.5489304,45.6531308
10727602897,126.4979459,45.6980604
10727602898,126.4984155,45.6981981
10727602900,126.5039438,45.6999023
10727602901,126.5041681,45.6999647
10727602902,126.5091408,45.7014967
10727602903,126.5095974,45.7016496
10727602904,126.5145541,45.7031755
10727609405,126.5147238,45.7032256
10727609406,126.5194981,45.7046929
10727609407,126.5197207,45.7047611
10727609409,126.5255377,45.7065503
10739951695,126.4985344,45.793464
10739951696,126.499977,45.7912987
10739951698,126.4994705,45.7921137
10739951699,126.4986244,45.7934918
10739951700,126.4985748,45.7935739
10739951701,126.4976029,45.7951226
10739951702,126.4971144,45.7959278
10801939355,126.7246616,45.741967
10801939362,126.7281238,45.7420337
10801939363,126.7281243,45.7419647
10801939364,126.7263694,45.7419665
10897536908,126.5467532,45.8222497
10960157787,126.7199108,45.6991149
10963651860,126.5402855,45.6835109
10963651861,126.5402055,45.683421
10963651863,126.5321243,45.683395
10963651864,126.5360832,45.6862725
10963651865,126.5360281,45.686224
10963651866,126.5361676,45.6862166
10963651867,126.536112,45.6861678
10963651868,126.5322175,45.6832579
10963991841,126.6002468,45.7670066
10963991842,126.5995361,45.7658354
10963991843,126.5987787,45.7646479
10963991844,126.597381,45.7624363
10963991862,126.5966787,45.7599934
10963991863,126.5965911,45.7599113
10963991873,126.5906974,45.7574143
10963991874,126.5930479,45.7582909
10963991878,126.5970397,45.7605443
10963991889,126.5962979,45.7605888
10965275974,126.7534915,45.7182394
10965275975,126.7477325,45.7190528
10965275976,126.747577,45.7190751
10965275983,126.7466158,45.7115376
10965275984,126.7444765,45.7117041
10965275985,126.7445981,45.7116939
10965275988,126.7505885,45.7112316
10965275994,126.7389641,45.7121063
10965275995,126.7392198,45.7120934
10965597355,126.7711552,45.7503893
10965597357,126.772381,45.7455153
10977614392,126.545423,45.8316527
10977614393,126.5481086,45.8325649
10977614394,126.551461,45.8337261
10977620806,126.5535145,45.8337865
10977620811,126.555673,45.8328498
10977620812,126.555981,45.832693
10977620813,126.5503597,45.8332623
10977620814,126.5500235,45.833152
10979361381,126.608355,45.8208736
10979361382,126.6228402,45.8262985
10979361385,126.6228808,45.8262489
10979361404,126.6260375,45.8208299
10979372812,126.6336628,45.8124948
10979372825,126.619854,45.8301533
10979372826,126.6199026,45.8301036
10980362290,126.6847912,45.796179
10980362291,126.6854684,45.7960668
10980362295,126.6858067,45.795083
10980365615,126.7150339,45.803454
10980365616,126.7141668,45.8032988
10992671788,126.6710912,45.8299639
10995295171,126.6157927,45.8353393
10997353226,126.6153092,45.8283955
10997353227,126.6153973,45.8284294
11002943283,126.7227733,45.8185229
11002943308,126.70664,45.7974045
11002943309,126.7065304,45.7973341
11002943337,126.7171699,45.8145292
11002943366,126.722693,45.8176178
11002943367,126.7229035,45.8183495
11002943368,126.7227394,45.8183555
11002943391,126.7375955,45.8337445
11002943453,126.7246601,45.828524
11002943481,126.7233605,45.8224958
11002943493,126.7657314,45.8333407
11002943513,126.781566,45.8351636
11002943530,126.7657065,45.833615
11005652337,126.5496227,45.8386121
11005652339,126.5422027,45.835838
11005652340,126.5420398,45.8357759
11005652359,126.5495418,45.8385803
11005652360,126.549753,45.8384944
11005652362,126.5559742,45.8357697
11005652363,126.55791,45.8349065
11005652364,126.5582163,45.8347782
11005652365,126.5425871,45.8397803
11005652366,126.5448603,45.8368204
11005652367,126.5436818,45.8383669
11005652368,126.5471431,45.8396358
11005652369,126.5472262,45.8396702
11005652370,126.5410246,45.8374079
11005652371,126.5428764,45.8349699
11005652389,126.5523217,45.8373576
11005652390,126.5523851,45.8374052
11005652392,126.562222,45.8330909
11005652393,126.5600797,45.830684
11005652396,126.5601261,45.8307348
11005652397,126.5597919,45.8341582
11005652398,126.5577492,45.8318577
11005652399,126.5576935,45.8317977
11005652400,126.553983,45.8317821
11005652402,126.5568962,45.827964
11010633753,126.7714834,45.7490528
11015490495,126.5017259,45.8337963
11015490496,126.5018644,45.8338011
11015490498,126.5017248,45.8336779
11015490499,126.501863,45.8336829
11019853656,126.5161136,45.70942
11019853659,126.5060993,45.7071662
11019853660,126.5056229,45.707022
11019853661,126.5006932,45.7054965
11019853662,126.5004909,45.7054364
11019853684,126.5164943,45.7094793
11019853685,126.5167794,45.7095261
11026141122,126.4966912,45.6884546
11026141123,126.4984997,45.6855612
11026141124,126.4985287,45.68552
11026141125,126.5193646,45.6955213
11026141126,126.5211654,45.6926365
11026141127,126.5212037,45.6925725
11026149996,126.5115178,45.6979355
11026162612,126.5255148,45.6940444
11026162631,126.5213773,45.692628
11026162638,126.4982296,45.6854774
11026162639,126.5045975,45.6874528
11026162640,126.5051452,45.6876157
11026162641,126.5105898,45.6892959
11026162642,126.5108378,45.6893694
11026162644,126.5156688,45.6908757
11026162650,126.5257834,45.6949213
11026162664,126.5218265,45.7010425
11026162666,126.5226553,45.6997544
11026162674,126.5256905,45.6947515
11026162681,126.5229743,45.6998255
11027994760,126.6846063,45.7959077
11027994761,126.6851369,45.7961075
11027994762,126.6849896,45.7961174
11027994782,126.7015928,45.7906726
11027994838,126.6918063,45.7906398
11027994844,126.7009196,45.7933383
11027994845,126.7012051,45.7921956
11027994847,126.7014906,45.7910481
11027994848,126.6909716,45.7917182
11028239079,126.712828,45.8055353
11028244230,126.6850515,45.7960636
11028391223,126.6310737,45.7626687
11028391234,126.6317609,45.7627093
11028391237,126.6257068,45.7575395
11028391268,126.6305975,45.7539501
11028391309,126.624568,45.7451471
11028391317,126.6241428,45.7450821
11028391320,126.6246929,45.7452579
11032465801,126.7766704,45.7765077
11032468812,126.7720468,45.7822334
11032468813,126.7721554,45.7822419
11032468814,126.7751328,45.7824828
11032468828,126.7699868,45.7861677
11032468906,126.7721031,45.7821373
11032468907,126.774457,45.7860531
11032468909,126.7749328,45.7824666
11032468910,126.7749544,45.7823785
11035831449,126.7057257,45.729458
11042701303,126.6554646,45.7140385
11042701306,126.6523467,45.7152258
11042701324,126.6522271,45.7149958
11042701325,126.6534089,45.7144435
11042701326,126.6544729,45.714074
11042701327,126.6557526,45.7137594
11042701329,126.6380858,45.7208996
11042701330,126.6395116,45.7205348
11042701331,126.625014,45.7255284
11042701332,126.6255888,45.7251884
11048173933,126.5901624,45.719045
11048173934,126.5908199,45.7195497
11114417366,126.7104917,45.7815527
11114417367,126.7105076,45.7814907
11118655750,126.6762457,45.6884703
11118655756,126.6794463,45.690148
11123381738,126.7125203,45.6844559
11123381741,126.715326,45.6815442
11124980188,126.6116776,45.8278708
11124980197,126.6119807,45.8286022
11125420996,126.5923181,45.7084127
11127346214,126.7067981,45.8099517
11127346215,126.7064954,45.8097554
11127346216,126.706383,45.8096948
11127346286,126.7065045,45.8096173
11127346287,126.7065952,45.809691
11127346288,126.7068738,45.8098765
11127386620,126.5363194,45.6775585
11127386638,126.5489798,45.6727382
11127386651,126.5486142,45.6734989
11127386652,126.5484537,45.6736583
11127386654,126.5482019,45.6734831
11127386664,126.5486375,45.6735272
11127386684,126.5484829,45.673694
11128446250,126.573836,45.787279
11128446266,126.5654016,45.7850149
11128446267,126.5646365,45.7847014
11161386136,126.754568,45.7468665
11161386142,126.7627485,45.7489703
11161413120,126.7573354,45.7406952
11161413123,126.7656557,45.7417175
11161413124,126.7600201,45.7411511
11161413467,126.7672498,45.7484984
11161413468,126.7699497,45.7452098
11161431176,126.7782881,45.7462782
11161431178,126.7774021,45.7490958
11161431179,126.7767278,45.7510813
11163197251,126.6177533,45.8307362
11167387744,126.7591176,45.7340707
11167387747,126.7591186,45.7339495
11170054738,126.728962,45.7705168
11170054746,126.7385998,45.7625045
11184290616,126.719492,45.7221927
11184290893,126.7515764,45.7897842
11195959981,126.7790808,45.7989433
11202750154,126.772576,45.7454305
11202750156,126.7645237,45.74446
11202750157,126.7610934,45.7440282
11202750158,126.7560973,45.743407
11202750159,126.7724083,45.7454128
11232758471,126.773065,45.7805234
11233659428,126.698733,45.8048582
11233659436,126.6787401,45.7938105
11233693782,126.7162373,45.7689254
11233693795,126.7694155,45.719231
11233693797,126.7680663,45.715453
11233693798,126.7679601,45.7154711
11233693800,126.7516376,45.7109353
11234025729,126.7169197,45.8008539
11234025730,126.7173455,45.8013045
11234025732,126.7115233,45.7954519
11238395344,126.5860046,45.66147
11238395345,126.5859789,45.6609654
11238395347,126.5859951,45.6592492
11238395350,126.5841819,45.6569589
11238395351,126.5841169,45.6585558
11238395352,126.5859077,45.6585672
11238395353,126.5859797,45.6604085
11238395378,126.5819927,45.6584873
11238395379,126.587292,45.660309
11238395385,126.5869099,45.6560354
11238395390,126.5847267,45.6559587
11238395391,126.5846409,45.6556448
11238395394,126.5883043,45.6559615
11238395397,126.5893028,45.6558466
11238395398,126.5874614,45.661259
11238395399,126.5871071,45.6591319
11238395400,126.584762,45.6601501
11238395402,126.5850356,45.6585617
11238395403,126.5850277,45.6569422
11238395404,126.5841502,45.6577371
11238395405,126.5850316,45.6577545
11238395406,126.5859107,45.6577688
11238395407,126.5832428,45.6585922
11238395408,126.5832875,45.6570072
11238395410,126.5832779,45.6573479
11238395411,126.5841665,45.6573368
11238395412,126.5850296,45.657334
11238395413,126.5859123,45.6573226
11238395414,126.5859127,45.6572231
11238395415,126.5869564,45.6571947
11238395416,126.5859088,45.6582887
11238395417,126.5870097,45.6582656
11238395418,126.5859101,45.6579421
11238395419,126.5869916,45.657902
11238395420,126.5824371,45.6570577
11238395421,126.5832553,45.6581463
11238395422,126.5841329,45.6581637
11238395423,126.5850337,45.6581722
11238395424,126.5859092,45.6581666
11238395425,126.5859878,45.6598004
11238395426,126.587201,45.6597298
11238395427,126.5850597,45.6569416
11238395428,126.5825458,45.6562687
11238395431,126.5848206,45.6562357
11238395438,126.5819012,45.6612722
11238395554,126.5759694,45.6611942
11238395608,126.5837016,45.6555909
11246154380,126.6789126,45.8304698
11246154391,126.676779,45.8271834
11246154401,126.6833704,45.8289069
11246154402,126.6755759,45.8356652
11246154404,126.6811027,45.8338387
11246154406,126.6801335,45.8298726
11246154415,126.678307,45.8347398
11246154416,126.6766702,45.8309408
11246154417,126.6787107,45.8303457
11246154441,126.6703468,45.8375799
11246154442,126.6674976,45.8387819
11250365510,126.5960375,45.7237342
11250365513,126.6110291,45.7400357
11250365514,126.6100472,45.7399092
11250365515,126.6105233,45.7396301
11250365516,126.6110095,45.7393443
11250441167,126.5833819,45.7310815
11250441169,126.5859559,45.7324373
11250441170,126.5890419,45.734394
11251604843,126.5103633,45.7381288
11251604844,126.5099772,45.7391851
11251604845,126.5100664,45.7391998
11252949064,126.572245,45.8366003
11252949065,126.5692443,45.8397093
11255181545,126.6225376,45.7802076
11255181546,126.6237487,45.7774078
11255181547,126.6237714,45.7773447
11255181552,126.6247732,45.7751615
11255181553,126.6248283,45.7750637
11255181595,126.6264014,45.7546962
11255181596,126.6263933,45.7543888
11255181598,126.6261149,45.752855
11276079035,126.5076562,45.7404581
11276079041,126.5270777,45.7111213
11375718752,126.5599322,45.7291748
11378602377,126.7784487,45.7461925
11378602382,126.7783224,45.7461762
11378602383,126.7795798,45.7420252
11675699270,126.6520998,45.7959676
11702603812,126.614086,45.6751106
11702603828,126.615458,45.6687278
11702603859,126.6839822,45.7136269
11702603860,126.6843412,45.7135932
11702603861,126.6837775,45.713657
11760540398,126.6275541,45.7445201
11764063093,126.6313589,45.7397062
11774618469,126.5624946,45.7314341
11802193646,126.5288559,45.8389451
11802193653,126.5102129,45.8379281
11802193654,126.5104109,45.8379413
11802193656,126.5017175,45.8373926
11802193657,126.5018636,45.8374043
11802209674,126.5102305,45.8382536
11802209675,126.5104194,45.8382627
11805305838,126.6386682,45.8180864
11805305839,126.6390086,45.8178719
11805305840,126.6392616,45.8177988
11805305841,126.6392739,45.818214
11911783752,126.6123051,45.7520615
11911783753,126.6089709,45.7534772
11911783757,126.6102121,45.7530036
11911783762,126.6121304,45.7521645
11911783763,126.6123245,45.7520496
11911783765,126.6120014,45.7523351
11911785781,126.6072979,45.7541792
11911785782,126.6074601,45.7543776
11911785801,126.6086103,45.7562457
11911785804,126.6089242,45.7562176
11911785846,126.6373527,45.7380125
11939750104,126.5554388,45.7801637
11939750105,126.5555614,45.7802202
11968527796,126.6175946,45.6607259
11968527798,126.6224563,45.6623311
11978246603,126.7618927,45.7179918
11978246604,126.7660732,45.7199256
11978246605,126.7718257,45.7094479
11978246620,126.7724642,45.7185815
11978246631,126.7240924,45.7154848
11978246635,126.7141048,45.6921385
11978246646,126.7094081,45.6867931
11980455301,126.7281994,45.7493531
11980532822,126.766261,45.827545
11980532847,126.7582947,45.8243405
11980532848,126.7465529,45.8205329
11980551282,126.7682402,45.821632
12023266202,126.6422767,45.6761407
12023266203,126.6420793,45.6763638
12023266204,126.6417729,45.6762253
12023266205,126.6419664,45.6760474
12023266206,126.6420316,45.676576
12023266207,126.6420834,45.6770291
12023266208,126.641756,45.6771179
12023266209,126.6416495,45.6767968
12039496736,126.5913924,45.6805109
12039496737,126.5319454,45.8368261
12039496738,126.5315462,45.8377797
12043067733,126.6349718,45.8345037
12043067736,126.6340436,45.8359028
12043067737,126.6336263,45.8365997
12043067738,126.6334376,45.8367124
12044917965,126.6337836,45.8358131
12055627549,126.7668726,45.6953784
12055627552,126.771622,45.6921119
12055627561,126.7672036,45.6855441
12055627566,126.7694494,45.6873116
12055676115,126.7084885,45.7090326
12055676121,126.7209968,45.7045846
12055676138,126.7177866,45.691817
12055676139,126.7177415,45.6916106
12059609416,126.5142184,45.8003385
12059609417,126.5177533,45.794812
12059609426,126.5139742,45.8011338
12059609433,126.5184484,45.7946591
12059609434,126.5131452,45.8020748
12059609435,126.5137842,45.8014393
12059609436,126.5140462,45.8013921
12059609437,126.5137787,45.8021687
12059609438,126.5124947,45.8031396
12059609439,126.5129845,45.8027259
12059609440,126.5131569,45.8028038
12059609441,126.5130928,45.8032216
12072047538,126.5641567,45.7724831
12072047542,126.5660585,45.7735725
12072047543,126.5672427,45.7743036
12072047547,126.5659269,45.7735836
12072047548,126.5659986,45.7735351
12072047552,126.5719087,45.7691334
12072047553,126.572234,45.7688908
12072047559,126.5736926,45.7678364
12088349746,126.5332829,45.6542995
12088349757,126.6144014,45.675142
12103116438,126.5428453,45.6501463
12103116627,126.5803099,45.6826848
12103116638,126.5811683,45.6809495
12103116650,126.5743727,45.6992452
12103116728,126.5683731,45.7142359
12103163219,126.5619905,45.6808386
12103163222,126.5619888,45.6852838
12103163231,126.5675808,45.6840549
12103163236,126.5672251,45.6823733
12103163240,126.568026,45.6869316
12103163241,126.5675532,45.6839858
12103163243,126.5703441,45.6833442
12103163259,126.570009,45.6990965
12135554701,126.7229977,45.7107175
12135554705,126.7211475,45.7050991
12135554712,126.7229165,45.709859
12135554713,126.7220023,45.7759927
12135554717,126.7243386,45.7659939
12135554728,126.7298077,45.7350034
12135554729,126.7297057,45.7341084
12135554733,126.7282036,45.7296717
12136130565,126.5267897,45.703926
12136130566,126.5276348,45.7037267
12136130574,126.5226463,45.7144313
12136130575,126.5239973,45.7101238
12136130576,126.5244829,45.7095089
12136130577,126.524715,45.7095198
12136130578,126.5245869,45.710223
12136130579,126.5251025,45.7081579
12136130580,126.5253334,45.7072426
12136130581,126.5259568,45.7072393
12136130582,126.5253935,45.7080512
12136130583,126.5375802,45.6772589
12136158709,126.728236,45.7492166
12137855980,126.7240196,45.7136875
12137855989,126.7238935,45.7137014
12137855991,126.7286465,45.7292489
12137856000,126.7248585,45.7643584
12137886902,126.7361919,45.7715562
12141249843,126.656272,45.782652
12141249844,126.6564887,45.7823067
12141249845,126.6564094,45.7824331
12141249849,126.6646422,45.7863257
12141249854,126.5992957,45.8064752
12148328525,126.5770091,45.6980859
12148328526,126.5769477,45.6980451
12148328527,126.577145,45.6978964
12148328529,126.5804297,45.6954428
12148328530,126.580539,45.695358
12148328531,126.5824656,45.6939024
12148328532,126.5825686,45.6938197
12151598256,126.5616018,45.8274827
12151598263,126.5618105,45.8261247
12151598268,126.5619076,45.8274503
12151598274,126.5612923,45.8260639
12153686367,126.5649294,45.803202
12153686378,126.5783502,45.8156072
12153686379,126.5784161,45.8152381
12153686380,126.5784411,45.8150768
12153686381,126.578479,45.8148814
12153686382,126.5784992,45.8147637
12153686383,126.5785827,45.8141729
12153686384,126.5785943,45.8140882
12159404962,126.6477694,45.7709277
12159404963,126.6477096,45.7708463
12177809557,126.6250005,45.7187195
12177816698,126.6164729,45.7174546
12177816706,126.6162132,45.7170095
12178313873,126.5485649,45.7371217
12178313882,126.5484682,45.7374033
12178313883,126.5490571,45.7374821
12178313893,126.549156,45.7372004
12178314433,126.5412569,45.7363487
12178314442,126.5413755,45.7360688
12178314443,126.5408299,45.7359135
12178314452,126.5406136,45.7361767
12178314567,126.5322175,45.7320486
12178314578,126.5313626,45.7322542
12178314579,126.5307922,45.7309522
12178314588,126.5317491,45.7307932
12178382301,126.5664601,45.7495432
12178382312,126.5660904,45.750041
12178382315,126.5657235,45.7500446
12178382326,126.565292,45.7497083
12178382337,126.5661863,45.7494692
12185803773,126.6109271,45.6893775
12186318952,126.7712527,45.7506593
12186318953,126.7710884,45.7506391
12192144284,126.5733376,45.7459437
12192144291,126.5736361,45.7449486
12216232916,126.585717,45.7596287
12216232919,126.5875751,45.7605805
12216232933,126.5887862,45.7601122
12216232934,126.6538608,45.792842
12216232938,126.6556393,45.7896314
12227874736,126.570308,45.7762025
12227874740,126.5702552,45.7762528
12229415748,126.5333979,45.684318
12229415749,126.5335256,45.6842353
12229415750,126.5379852,45.681399
12229415751,126.5381021,45.6813239
12231823693,126.7385975,45.7093747
12231850909,126.7283502,45.7033058
12238489693,126.6045046,45.6984337
12238489695,126.6056956,45.696351
12238489696,126.6059486,45.6952741
12238489697,126.6060909,45.6986108
12238489698,126.606828,45.6953681
12238489699,126.6065851,45.6964414
12241697753,126.6172796,45.705371
12241697878,126.6758193,45.6768701
12241697879,126.6810919,45.6732885
12254590690,126.6392153,45.6495
12254590692,126.6405134,45.650205
12254590697,126.6458081,45.6526462
12254590699,126.647612,45.6532163
12254590701,126.6468703,45.650355
12254590704,126.6483723,45.6490463
12254590706,126.643142,45.64944
12254590707,126.6416829,45.64902
12254590709,126.6419449,45.6510495
12254590712,126.6436302,45.6486263
12254590713,126.6476749,45.6489488
12254590714,126.6487917,45.6490877
12254590715,126.6395369,45.6482212
12254590716,126.642043,45.6484692
12254590720,126.6424285,45.6520387
12254590721,126.6428003,45.6515155
12254590722,126.6371691,45.649986
12254590723,126.6384061,45.6503154
12254590725,126.6399886,45.6508216
12254590730,126.6395273,45.6519016
12254590731,126.6424953,45.6503803
12254590734,126.646338,45.6512942
12254590735,126.6436648,45.6518477
12254590737,126.6441537,45.6508694
12254590738,126.6443681,45.6504337
12254590739,126.6465186,45.6509756
12254590740,126.6427675,45.6500124
12254590741,126.6412521,45.6495296
12254590743,126.6472134,45.6485745
12255865961,126.5088664,45.6814277
12255865962,126.5174585,45.6858293
12255865966,126.5080027,45.6808377
12255865969,126.517585,45.6857254
12269408687,126.5889549,45.7600135
12269414453,126.5456608,45.714458
12397448180,126.633897,45.817965
12426981322,126.7516884,45.6787017
12426981325,126.7536188,45.6767375
12429467299,126.6780089,45.6720864
12429519987,126.6769472,45.6839296
12429519988,126.6771967,45.6830371
12429519989,126.6748638,45.6833579
12429519990,126.6770378,45.6836056
12429519991,126.6770838,45.6834408
12429519992,126.6788229,45.6836147
12429520001,126.6759588,45.6870811
12429520002,126.6739414,45.6863098
12429520004,126.6744875,45.6863751
12429520006,126.6757561,45.686344
12429520007,126.6740646,45.6859433
12429520008,126.675787,45.6860267
12429520009,126.674188,45.6855862
12429520010,126.675826,45.6856262
12429520011,126.6743406,45.6851443
12429520012,126.6711205,45.685896
12429520015,126.6742261,45.6872215
12429520020,126.675834,45.6871079
12429520026,126.6748243,45.6870923
12429520027,126.6644429,45.6860332
12429520028,126.6650006,45.686333
12429520029,126.6664997,45.6871377
12429520031,126.6673206,45.6856475
12429520032,126.6674542,45.6866908
12429520034,126.6661733,45.6859815
12429520038,126.6654577,45.685563
12429520040,126.6685327,45.6862389
12429520042,126.6669897,45.6854502
12429520044,126.6641567,45.6853177
12429520046,126.665402,45.6835428
12438042787,126.6277984,45.7774182
12438042788,126.6289146,45.777669
12438042789,126.6269097,45.778165
12438097700,126.6316246,45.7794099
12438105631,126.6274126,45.7804647
12438105632,126.629896,45.7812435
12438105633,126.6304941,45.7814155
12438729322,126.6779103,45.6869484
12438729333,126.6779762,45.686961
12438729344,126.6779479,45.6870296
12453601996,126.7181265,45.8002452
12453601997,126.7180748,45.800296
12453633002,126.7184454,45.8000986
12453633003,126.7179906,45.8005344
12453633005,126.717784,45.8002365
12453633006,126.7182706,45.7997104
12473223085,126.7230546,45.7120998
12473223087,126.7222504,45.7092697
12473223088,126.7229538,45.7092265
12473223092,126.7239005,45.7120429
12473236860,126.7282144,45.7492975
12473236888,126.722043,45.774226
12473236905,126.7202079,45.782348
12473236914,126.7221374,45.7742205
12473236917,126.7237633,45.7705662
12473236933,126.7229336,45.7711414
12473236962,126.7221438,45.7762326
12473236963,126.7221135,45.7768284
12473236964,126.7225181,45.7752218
12473236965,126.7222447,45.7758025
12473237059,126.5672028,45.6909066
12473237060,126.5639662,45.6921664
12473257404,126.7262931,45.7569065
12473257412,126.7209917,45.7560578
12477063242,126.6999753,45.7667024
12477063247,126.708163,45.7089337
12482390723,126.6979597,45.7611741
12485440085,126.5370306,45.6914755
12485440093,126.5315711,45.6922969
12485440098,126.5312327,45.6916333
12485440099,126.5312265,45.6918083
12485469076,126.6155209,45.7037682
12485469077,126.6164135,45.7038668
12485469079,126.6155639,45.7035738
12485469080,126.6163003,45.7043979
12485469081,126.6154028,45.7043019
12485469082,126.617499,45.7044985
12485469083,126.6151323,45.7055246
12485469085,126.6162022,45.7052699
12485469086,126.6152131,45.7051593
12485469087,126.6148727,45.70352
12485606656,126.5655132,45.7129202
12485840711,126.6159872,45.7089192
12497698577,126.6157666,45.8164519
12497698578,126.6158114,45.816394
12543276079,126.6128621,45.6821521
12545522332,126.71511,45.7800492
12545522362,126.7209678,45.7740936
12545522364,126.7167577,45.7736328
12545522365,126.7209529,45.7741518
12545522366,126.7220306,45.7742763
12545522380,126.7416306,45.7809883
12545522381,126.7416934,45.7809242
12549113302,126.6647913,45.8343266
12549113304,126.6645731,45.8341165
12558385277,126.6594392,45.7891847
12558454609,126.6615178,45.7868781
12558454617,126.661585,45.7868016
12558454673,126.6685258,45.7834378
12558454674,126.6684634,45.7834516
12558454675,126.66852,45.7834656
12558454676,126.6676727,45.7878209
12558454677,126.6676876,45.7877689
12558454680,126.6679383,45.7862586
12558454681,126.6680598,45.7862696
12558454682,126.6711933,45.7864373
12558454695,126.67312,45.7892869
12558454727,126.667762,45.7878654
12558454748,126.6732579,45.7892937
12558454757,126.6519283,45.7740639
12558454758,126.6502361,45.7726052
12558454763,126.6540084,45.7758488
12558454764,126.6543077,45.7760982
12558454765,126.6576972,45.7790368
12558454767,126.6634979,45.7841366
12558454789,126.6492111,45.7701536
12558454790,126.6491173,45.7701006
12558454795,126.6489655,45.7703086
12558988219,126.6169278,45.7167158
12558988220,126.5965518,45.68355
12558988221,126.5965827,45.6834334
12558988227,126.5971967,45.6806004
12558988234,126.5972488,45.6803598
12565738604,126.7249059,45.6844553
12565738613,126.7270027,45.6882509
12565738616,126.7283689,45.6866933
12565738619,126.7277539,45.6853872
12565738620,126.7274976,45.6858072
12565738624,126.7251298,45.6848976
12565738637,126.7312209,45.6865752
12565738644,126.7309852,45.6871112
12565738645,126.7290804,45.68865
12565738647,126.7275539,45.6876813
12565738649,126.726065,45.6868309
12565738650,126.7254166,45.6845425
12565738653,126.7261066,45.6841917
12565738661,126.7291267,45.6845889
12565738663,126.7292608,45.6853309
12565738668,126.7264363,45.6837855
12565738692,126.7651285,45.7174318
12565739855,126.7661976,45.711345
12565739933,126.7648896,45.7216994
12565739935,126.7699159,45.7205952
12565740102,126.7466303,45.7235588
12565740111,126.749327,45.7231589
12565740112,126.7494883,45.7231359
12565740113,126.7538347,45.722411
12565740124,126.7548399,45.7216741
12565740125,126.743919,45.7228481
12565740294,126.7167164,45.7213984
12573826413,126.6299283,45.6839685
12573826414,126.6306538,45.6806196
12574312138,126.5414389,45.6753797
12574312141,126.5367556,45.6772359
12574312142,126.5389389,45.6763322
12574312145,126.5411069,45.6753682
12574312152,126.5397654,45.6704621
12574312190,126.5597432,45.8341066
12574312191,126.5621765,45.8330369
12590126744,126.4974591,45.8372613
12590126749,126.4987173,45.8372075
12590126750,126.5062566,45.837806
12590126754,126.507399,45.8377572
12590126773,126.5018751,45.8377235
12590126774,126.5017,45.8377121
12590126777,126.5621577,45.8183218
12590126788,126.6381154,45.8199396
12590126798,126.6378209,45.8196755
12620877436,126.6101142,45.8279136
12620877445,126.6111745,45.8277158
12620890104,126.5285041,45.8395568
12623517525,126.5924662,45.7384497
12623517537,126.5914549,45.738094
12625815853,126.5244434,45.7439623
12625815887,126.524894,45.7401265
12660037081,126.5292711,45.8267409
12660037083,126.5291901,45.8268494
12662547896,126.5261085,45.6862583
12662547898,126.5267156,45.6841246
12662547899,126.5273087,45.6829469
12662564501,126.5306387,45.6847772
12662564583,126.515713,45.6845846
12662564599,126.5200257,45.6846086
12662564607,126.506222,45.6801611
12662564608,126.5053541,45.6838135
12662564610,126.5070411,45.6844539
12662564611,126.506949,45.6860907
12662564612,126.5084399,45.6863029
12662564613,126.5090678,45.6849835
12662564618,126.5158321,45.6852058
12662564619,126.5098126,45.6838181
12662564624,126.5148338,45.6861766
12662564625,126.5056988,45.6839126
12662564628,126.5070057,45.6821643
12662564629,126.508087,45.6811439
12662564635,126.509669,45.681978
12662564675,126.5689491,45.7140993
12662564676,126.5620653,45.7154479
12662564677,126.5659645,45.7099313
12662564678,126.5621754,45.7155198
12662564681,126.5655721,45.7129634
12662564683,126.5656815,45.7130407
12662564684,126.5657451,45.7128914
12662564685,126.5656602,45.7128223
12662564686,126.5655966,45.7127674
12662663931,126.7073367,45.6853579
12662663933,126.7093371,45.6868433
12662663934,126.7093974,45.6868906
12662663949,126.7140143,45.6921547
12807888025,126.6317733,45.8318853
12807888026,126.6317943,45.8318509
12855404890,126.5016742,45.8235677
12855404892,126.5016318,45.818285
12855404893,126.5016283,45.8181219
12855404952,126.60679,45.819168
12855404953,126.6068555,45.819195
12855404954,126.6090133,45.8199939
12855404955,126.6015615,45.8172281
12855404956,126.6014899,45.8172016
12855411391,126.708612,45.8008246
12855411392,126.7057418,45.7977711
12860353624,126.5428791,45.8164735
12860353626,126.5451306,45.8167243
12992193967,126.5651246,45.8317146
13001229327,126.6812276,45.7692613
13001229340,126.675028,45.7726223
13001229344,126.6812223,45.7728836
13001229345,126.6743555,45.7711104
13001229409,126.681145,45.7703775
13009316797,126.7242363,45.7130918
13084175519,126.6310793,45.8114715
13084175526,126.6290442,45.811999
13084175534,126.6268444,45.8122008
13084175535,126.6266814,45.812256
13084175537,126.6209603,45.8177519
13084175538,126.6226235,45.8183637
13084175539,126.622757,45.8184111
13084175541,126.6265235,45.8198122
13084175542,126.6274053,45.820135
13084175544,126.6303237,45.8212187
13084175545,126.6304025,45.8212477
13084175547,126.6357283,45.823213
13084175606,126.6202752,45.8187569
13084175607,126.6219008,45.8193566
13084175608,126.6220292,45.819404
13084175609,126.6258129,45.8208003
13084175610,126.6266883,45.8211407
13084175611,126.6295609,45.8222111
13084175612,126.6296419,45.822244
13084175613,126.6331969,45.8235478
13084175614,126.6333171,45.8235935
13084175615,126.6353911,45.824369
13118996869,126.4983658,45.790831
13118996870,126.4969583,45.7930746
13118996871,126.4970071,45.7929927
13118996872,126.4970975,45.7930206
13118996873,126.498422,45.7907409
13118996874,126.4997668,45.788568
13118996875,126.4998116,45.7885031
13118996876,126.5001655,45.7879447
13119031587,126.5150894,45.735759
13119031588,126.5143285,45.7383758
13119031589,126.5151522,45.7357674
13119031590,126.5143888,45.7383869
13119031603,126.5208303,45.7356648
13119031604,126.5239409,45.7360737
13119031622,126.5179204,45.7944949
13119031623,126.5179655,45.7944128
13142248868,126.5876822,45.6693638
13142248870,126.5876948,45.66943
13142248871,126.5879506,45.6693206
13142248874,126.5879759,45.6693835
13142248879,126.5664472,45.7160443
13142248881,126.5672948,45.7188841
13200715711,126.6081408,45.8258069
13202416557,126.6994755,45.8137141
13202416560,126.6994175,45.8136751
13202416587,126.7205707,45.7915587
13202416598,126.7197523,45.7922929
13202416600,126.7466926,45.7894643
13202416602,126.7467787,45.7894938
13202444887,126.51343,45.8382758
13202444895,126.5155875,45.8382715
13202444896,126.5161336,45.8384939
13202450201,126.5144139,45.83853
13202450202,126.5535781,45.8368719
13208574083,126.5201069,45.715915
13208574084,126.520429,45.7151217
13208749550,126.5783539,45.6825339
13208749551,126.5762989,45.6823066
13230494211,126.6402241,45.6854688
13245403179,126.7124809,45.7083624
13245403180,126.7123255,45.7082338
13245403185,126.7040472,45.6877179
13245403186,126.7040944,45.6877403
13245403187,126.7061617,45.6862138
13245403188,126.70738,45.6853899
13245403189,126.7074406,45.6853485
13245403190,126.704184,45.6876722
13245403192,126.7082193,45.6875956
13245403193,126.7082943,45.6876471
13245403194,126.7061058,45.6862551
13245403195,126.7060662,45.6862284
13267041384,126.6190531,45.6827933
13267041416,126.6195651,45.6787166
13267041423,126.6197541,45.6787559
13267041434,126.6196978,45.678611
13270507960,126.5541915,45.8178241
13270507961,126.554444,45.8178576
13270507965,126.5458894,45.8164417
13274003709,126.5888885,45.7596791
13274003735,126.5875903,45.7592866
13274003736,126.5825308,45.7569929
13274003754,126.5823761,45.7572113
13274154933,126.758342,45.7557569
13275543893,126.5438942,45.7028821
13275543896,126.5445346,45.7028795
13275605983,126.6792227,45.6936176
13279621287,126.5772416,45.7518595
13279751061,126.5495964,45.7021658
13279751065,126.5475328,45.7004038
13279751072,126.5434657,45.6944481
13279751073,126.5463634,45.7011736
13279751080,126.5519805,45.7028913
13305918219,126.6803455,45.7026166
13307625637,126.6329156,45.7260253
13307625640,126.6561325,45.7463808
13307625650,126.6657575,45.7627553
13307970312,126.6621794,45.7622779
13307970313,126.6621632,45.7624871
13308453653,126.6831567,45.6895495
13308453654,126.6831161,45.689591
13333923893,126.6904945,45.7488238
13333923894,126.6906832,45.7488424
13340582087,126.4974962,45.6764978
13340582095,126.497913,45.6763635
13340582104,126.496669,45.6767559
13345634562,126.5203376,45.8063713
13345634564,126.5201628,45.8091822
13345634565,126.5201629,45.8092601
13345634570,126.5203409,45.8299606
13345634571,126.5203435,45.8301102
13345634572,126.5203538,45.8337498
13345634573,126.5203016,45.826739
13345634574,126.5203025,45.826854
